season,date,team,opponent,competition,venue,home_team,away_team,raw_result,source,appeared,match_status,canonical_match_id,opponent_key,competition_key
2009-10,2009-08-29,Real Madrid,Deportivo La Coruna,La Liga,H,Real Madrid,Deportivo La Coruna,3-2,https://en.wikipedia.org/wiki/2009%E2%80%9310_Real_Madrid_CF_season,1,appeared_exact,2009-08-29_Real_Madrid_Deportivo_La_Coruna_389,deportivo la coruna,la liga
2009-10,2009-09-12,Real Madrid,Espanyol,La Liga,A,Espanyol,Real Madrid,0-3,https://en.wikipedia.org/wiki/2009%E2%80%9310_Real_Madrid_CF_season,1,appeared_exact,2009-09-12_Real_Madrid_Espanyol_392,espanyol,la liga
2009-10,2009-09-15,Real Madrid,Zurich,Champions League,A,Zurich,Real Madrid,2-5,https://en.wikipedia.org/wiki/2009%E2%80%9310_Real_Madrid_CF_season,1,appeared_exact,2009-09-15_Real_Madrid_FC_Zurich_393,zurich,champions league
2009-10,2009-09-20,Real Madrid,Xerez,La Liga,H,Real Madrid,Xerez,5-0,https://en.wikipedia.org/wiki/2009%E2%80%9310_Real_Madrid_CF_season,1,appeared_exact,2009-09-20_Real_Madrid_Xerez_394,xerez,la liga
2009-10,2009-09-23,Real Madrid,Villarreal,La Liga,A,Villarreal,Real Madrid,0-2,https://en.wikipedia.org/wiki/2009%E2%80%9310_Real_Madrid_CF_season,1,appeared_exact,2009-09-23_Real_Madrid_Villarreal_395,villarreal,la liga
2009-10,2009-09-26,Real Madrid,Tenerife,La Liga,H,Real Madrid,Tenerife,3-0,https://en.wikipedia.org/wiki/2009%E2%80%9310_Real_Madrid_CF_season,1,appeared_exact,2009-09-26_Real_Madrid_Tenerife_396,tenerife,la liga
2009-10,2009-09-30,Real Madrid,Marseille,Champions League,H,Real Madrid,Marseille,3-0,https://en.wikipedia.org/wiki/2009%E2%80%9310_Real_Madrid_CF_season,1,appeared_exact,2009-09-30_Real_Madrid_Marseille_397,marseille,champions league
2009-10,2009-10-04,Real Madrid,Sevilla,La Liga,A,Sevilla,Real Madrid,2-1,https://en.wikipedia.org/wiki/2009%E2%80%9310_Real_Madrid_CF_season,0,did_not_appear,,sevilla,la liga
2009-10,2009-10-17,Real Madrid,Valladolid,La Liga,H,Real Madrid,Valladolid,4-2,https://en.wikipedia.org/wiki/2009%E2%80%9310_Real_Madrid_CF_season,0,did_not_appear,,valladolid,la liga
2009-10,2009-10-21,Real Madrid,Milan,Champions League,H,Real Madrid,Milan,2-3,https://en.wikipedia.org/wiki/2009%E2%80%9310_Real_Madrid_CF_season,0,did_not_appear,,milan,champions league
2009-10,2009-10-24,Real Madrid,Sporting Gijon,La Liga,A,Sporting Gijon,Real Madrid,0-0,https://en.wikipedia.org/wiki/2009%E2%80%9310_Real_Madrid_CF_season,0,did_not_appear,,sporting gijon,la liga
2009-10,2009-10-27,Real Madrid,Alcorcon,Copa del Rey,A,Alcorcon,Real Madrid,4-0,https://en.wikipedia.org/wiki/2009%E2%80%9310_Real_Madrid_CF_season,0,did_not_appear,,alcorcon,copa del rey
2009-10,2009-10-31,Real Madrid,Getafe,La Liga,H,Real Madrid,Getafe,2-0,https://en.wikipedia.org/wiki/2009%E2%80%9310_Real_Madrid_CF_season,0,did_not_appear,,getafe,la liga
2009-10,2009-11-03,Real Madrid,Milan,Champions League,A,Milan,Real Madrid,1-1,https://en.wikipedia.org/wiki/2009%E2%80%9310_Real_Madrid_CF_season,0,did_not_appear,,milan,champions league
2009-10,2009-11-07,Real Madrid,Atletico Madrid,La Liga,A,Atletico Madrid,Real Madrid,2-3,https://en.wikipedia.org/wiki/2009%E2%80%9310_Real_Madrid_CF_season,0,did_not_appear,,atletico madrid,la liga
2009-10,2009-11-10,Real Madrid,Alcorcon,Copa del Rey,H,Real Madrid,Alcorcon,1-0,https://en.wikipedia.org/wiki/2009%E2%80%9310_Real_Madrid_CF_season,0,did_not_appear,,alcorcon,copa del rey
2009-10,2009-11-21,Real Madrid,Racing Santander,La Liga,H,Real Madrid,Racing Santander,1-0,https://en.wikipedia.org/wiki/2009%E2%80%9310_Real_Madrid_CF_season,0,did_not_appear,,racing santander,la liga
2009-10,2009-11-25,Real Madrid,Zurich,Champions League,H,Real Madrid,Zurich,1-0,https://en.wikipedia.org/wiki/2009%E2%80%9310_Real_Madrid_CF_season,1,appeared_exact,2009-11-25_Real_Madrid_FC_Zurich_399,zurich,champions league
2009-10,2009-11-29,Real Madrid,Barcelona,La Liga,A,Barcelona,Real Madrid,1-0,https://en.wikipedia.org/wiki/2009%E2%80%9310_Real_Madrid_CF_season,1,appeared_exact,2009-11-29_Real_Madrid_Barcelona_400,barcelona,la liga
2009-10,2009-12-05,Real Madrid,Almeria,La Liga,H,Real Madrid,Almeria,4-2,https://en.wikipedia.org/wiki/2009%E2%80%9310_Real_Madrid_CF_season,1,appeared_exact,2009-12-05_Real_Madrid_Almeria_401,almeria,la liga
2009-10,2009-12-08,Real Madrid,Marseille,Champions League,A,Marseille,Real Madrid,1-3,https://en.wikipedia.org/wiki/2009%E2%80%9310_Real_Madrid_CF_season,1,appeared_exact,2009-12-08_Real_Madrid_Marseille_402,marseille,champions league
2009-10,2009-12-20,Real Madrid,Zaragoza,La Liga,H,Real Madrid,Zaragoza,6-0,https://en.wikipedia.org/wiki/2009%E2%80%9310_Real_Madrid_CF_season,1,appeared_date_reconciled,2009-12-19_Real_Madrid_Real_Zaragoza_403,real zaragoza,la liga
2009-10,2010-01-03,Real Madrid,Osasuna,La Liga,A,Osasuna,Real Madrid,0-0,https://en.wikipedia.org/wiki/2009%E2%80%9310_Real_Madrid_CF_season,1,appeared_exact,2010-01-03_Real_Madrid_Osasuna_404,osasuna,la liga
2009-10,2010-01-10,Real Madrid,Mallorca,La Liga,H,Real Madrid,Mallorca,2-0,https://en.wikipedia.org/wiki/2009%E2%80%9310_Real_Madrid_CF_season,1,appeared_exact,2010-01-10_Real_Madrid_Mallorca_405,mallorca,la liga
2009-10,2010-01-17,Real Madrid,Athletic Bilbao,La Liga,A,Athletic Bilbao,Real Madrid,1-0,https://en.wikipedia.org/wiki/2009%E2%80%9310_Real_Madrid_CF_season,1,appeared_date_reconciled,2010-01-16_Real_Madrid_Athletic_Club_406,athletic bilbao,la liga
2009-10,2010-01-24,Real Madrid,Malaga,La Liga,H,Real Madrid,Malaga,2-0,https://en.wikipedia.org/wiki/2009%E2%80%9310_Real_Madrid_CF_season,1,appeared_exact,2010-01-24_Real_Madrid_Malaga_407,malaga,la liga
2009-10,2010-02-13,Real Madrid,Xerez,La Liga,A,Xerez,Real Madrid,0-3,https://en.wikipedia.org/wiki/2009%E2%80%9310_Real_Madrid_CF_season,1,appeared_exact,2010-02-13_Real_Madrid_Xerez_408,xerez,la liga
2009-10,2010-02-16,Real Madrid,Lyon,Champions League,A,Lyon,Real Madrid,1-0,https://en.wikipedia.org/wiki/2009%E2%80%9310_Real_Madrid_CF_season,1,appeared_exact,2010-02-16_Real_Madrid_Lyon_409,lyon,champions league
2009-10,2010-02-21,Real Madrid,Villarreal,La Liga,H,Real Madrid,Villarreal,6-2,https://en.wikipedia.org/wiki/2009%E2%80%9310_Real_Madrid_CF_season,1,appeared_exact,2010-02-21_Real_Madrid_Villarreal_410,villarreal,la liga
2009-10,2010-02-27,Real Madrid,Tenerife,La Liga,A,Tenerife,Real Madrid,1-5,https://en.wikipedia.org/wiki/2009%E2%80%9310_Real_Madrid_CF_season,1,appeared_exact,2010-02-27_Real_Madrid_Tenerife_411,tenerife,la liga
2009-10,2010-03-06,Real Madrid,Sevilla,La Liga,H,Real Madrid,Sevilla,3-2,https://en.wikipedia.org/wiki/2009%E2%80%9310_Real_Madrid_CF_season,1,appeared_exact,2010-03-06_Real_Madrid_Sevilla_413,sevilla,la liga
2009-10,2010-03-10,Real Madrid,Lyon,Champions League,H,Real Madrid,Lyon,1-1,https://en.wikipedia.org/wiki/2009%E2%80%9310_Real_Madrid_CF_season,1,appeared_exact,2010-03-10_Real_Madrid_Lyon_414,lyon,champions league
2009-10,2010-03-14,Real Madrid,Valladolid,La Liga,A,Valladolid,Real Madrid,1-4,https://en.wikipedia.org/wiki/2009%E2%80%9310_Real_Madrid_CF_season,1,appeared_exact,2010-03-14_Real_Madrid_Real_Valladolid_415,valladolid,la liga
2009-10,2010-03-20,Real Madrid,Sporting Gijon,La Liga,H,Real Madrid,Sporting Gijon,3-1,https://en.wikipedia.org/wiki/2009%E2%80%9310_Real_Madrid_CF_season,1,appeared_exact,2010-03-20_Real_Madrid_Sporting_Gijon_416,sporting gijon,la liga
2009-10,2010-03-25,Real Madrid,Getafe,La Liga,A,Getafe,Real Madrid,2-4,https://en.wikipedia.org/wiki/2009%E2%80%9310_Real_Madrid_CF_season,1,appeared_exact,2010-03-25_Real_Madrid_Getafe_417,getafe,la liga
2009-10,2010-03-28,Real Madrid,Atletico Madrid,La Liga,H,Real Madrid,Atletico Madrid,3-2,https://en.wikipedia.org/wiki/2009%E2%80%9310_Real_Madrid_CF_season,1,appeared_exact,2010-03-28_Real_Madrid_Atletico_Madrid_418,atletico madrid,la liga
2009-10,2010-04-04,Real Madrid,Racing Santander,La Liga,A,Racing Santander,Real Madrid,0-2,https://en.wikipedia.org/wiki/2009%E2%80%9310_Real_Madrid_CF_season,1,appeared_exact,2010-04-04_Real_Madrid_Racing_Santander_419,racing santander,la liga
2009-10,2010-04-10,Real Madrid,Barcelona,La Liga,H,Real Madrid,Barcelona,0-2,https://en.wikipedia.org/wiki/2009%E2%80%9310_Real_Madrid_CF_season,1,appeared_exact,2010-04-10_Real_Madrid_Barcelona_420,barcelona,la liga
2009-10,2010-04-15,Real Madrid,Almeria,La Liga,A,Almeria,Real Madrid,1-2,https://en.wikipedia.org/wiki/2009%E2%80%9310_Real_Madrid_CF_season,1,appeared_exact,2010-04-15_Real_Madrid_Almeria_421,almeria,la liga
2009-10,2010-04-18,Real Madrid,Valencia,La Liga,H,Real Madrid,Valencia,2-0,https://en.wikipedia.org/wiki/2009%E2%80%9310_Real_Madrid_CF_season,1,appeared_exact,2010-04-18_Real_Madrid_Valencia_422,valencia,la liga
2009-10,2010-04-24,Real Madrid,Zaragoza,La Liga,A,Zaragoza,Real Madrid,1-2,https://en.wikipedia.org/wiki/2009%E2%80%9310_Real_Madrid_CF_season,1,appeared_exact,2010-04-24_Real_Madrid_Real_Zaragoza_423,real zaragoza,la liga
2009-10,2010-05-02,Real Madrid,Osasuna,La Liga,H,Real Madrid,Osasuna,3-2,https://en.wikipedia.org/wiki/2009%E2%80%9310_Real_Madrid_CF_season,1,appeared_exact,2010-05-02_Real_Madrid_Osasuna_424,osasuna,la liga
2009-10,2010-05-05,Real Madrid,Mallorca,La Liga,A,Mallorca,Real Madrid,1-4,https://en.wikipedia.org/wiki/2009%E2%80%9310_Real_Madrid_CF_season,1,appeared_exact,2010-05-05_Real_Madrid_Mallorca_425,mallorca,la liga
2009-10,2010-05-08,Real Madrid,Athletic Bilbao,La Liga,H,Real Madrid,Athletic Bilbao,5-1,https://en.wikipedia.org/wiki/2009%E2%80%9310_Real_Madrid_CF_season,1,appeared_exact,2010-05-08_Real_Madrid_Athletic_Club_426,athletic bilbao,la liga
2009-10,2010-05-16,Real Madrid,Malaga,La Liga,A,Malaga,Real Madrid,1-1,https://en.wikipedia.org/wiki/2009%E2%80%9310_Real_Madrid_CF_season,1,appeared_exact,2010-05-16_Real_Madrid_Malaga_427,malaga,la liga
2010-11,2010-08-29,Real Madrid,Mallorca,La Liga,A,Mallorca,Real Madrid,0-0,https://en.wikipedia.org/wiki/2010%E2%80%9311_Real_Madrid_CF_season,1,appeared_exact,2010-08-29_Real_Madrid_Mallorca_435,mallorca,la liga
2010-11,2010-09-11,Real Madrid,Osasuna,La Liga,H,Real Madrid,Osasuna,1-0,https://en.wikipedia.org/wiki/2010%E2%80%9311_Real_Madrid_CF_season,1,appeared_exact,2010-09-11_Real_Madrid_Osasuna_436,osasuna,la liga
2010-11,2010-09-15,Real Madrid,Ajax,Champions League,H,Real Madrid,Ajax,2-0,https://en.wikipedia.org/wiki/2010%E2%80%9311_Real_Madrid_CF_season,1,appeared_exact,2010-09-15_Real_Madrid_Ajax_437,ajax,champions league
2010-11,2010-09-18,Real Madrid,Real Sociedad,La Liga,A,Real Sociedad,Real Madrid,1-2,https://en.wikipedia.org/wiki/2010%E2%80%9311_Real_Madrid_CF_season,1,appeared_exact,2010-09-18_Real_Madrid_Real_Sociedad_438,real sociedad,la liga
2010-11,2010-09-21,Real Madrid,Espanyol,La Liga,H,Real Madrid,Espanyol,3-0,https://en.wikipedia.org/wiki/2010%E2%80%9311_Real_Madrid_CF_season,1,appeared_exact,2010-09-21_Real_Madrid_Espanyol_439,espanyol,la liga
2010-11,2010-09-25,Real Madrid,Levante,La Liga,A,Levante,Real Madrid,0-0,https://en.wikipedia.org/wiki/2010%E2%80%9311_Real_Madrid_CF_season,1,appeared_exact,2010-09-25_Real_Madrid_Levante_440,levante,la liga
2010-11,2010-09-28,Real Madrid,Auxerre,Champions League,A,Auxerre,Real Madrid,0-1,https://en.wikipedia.org/wiki/2010%E2%80%9311_Real_Madrid_CF_season,1,appeared_exact,2010-09-28_Real_Madrid_Auxerre_441,auxerre,champions league
2010-11,2010-10-03,Real Madrid,Deportivo La Coruna,La Liga,H,Real Madrid,Deportivo La Coruna,6-1,https://en.wikipedia.org/wiki/2010%E2%80%9311_Real_Madrid_CF_season,1,appeared_exact,2010-10-03_Real_Madrid_Deportivo_La_Coruna_442,deportivo la coruna,la liga
2010-11,2010-10-16,Real Madrid,Malaga,La Liga,A,Malaga,Real Madrid,1-4,https://en.wikipedia.org/wiki/2010%E2%80%9311_Real_Madrid_CF_season,1,appeared_exact,2010-10-16_Real_Madrid_Malaga_445,malaga,la liga
2010-11,2010-10-19,Real Madrid,Milan,Champions League,H,Real Madrid,Milan,2-0,https://en.wikipedia.org/wiki/2010%E2%80%9311_Real_Madrid_CF_season,1,appeared_exact,2010-10-19_Real_Madrid_AC_Milan_446,milan,champions league
2010-11,2010-10-23,Real Madrid,Racing Santander,La Liga,H,Real Madrid,Racing Santander,6-1,https://en.wikipedia.org/wiki/2010%E2%80%9311_Real_Madrid_CF_season,1,appeared_exact,2010-10-23_Real_Madrid_Racing_Santander_447,racing santander,la liga
2010-11,2010-10-26,Real Madrid,Murcia,Copa del Rey,A,Murcia,Real Madrid,0-0,https://en.wikipedia.org/wiki/2010%E2%80%9311_Real_Madrid_CF_season,1,appeared_exact,2010-10-26_Real_Madrid_Real_Murcia_448,murcia,copa del rey
2010-11,2010-10-30,Real Madrid,Hercules,La Liga,A,Hercules,Real Madrid,1-3,https://en.wikipedia.org/wiki/2010%E2%80%9311_Real_Madrid_CF_season,1,appeared_exact,2010-10-30_Real_Madrid_Hércules_449,hercules,la liga
2010-11,2010-11-03,Real Madrid,Milan,Champions League,A,Milan,Real Madrid,2-2,https://en.wikipedia.org/wiki/2010%E2%80%9311_Real_Madrid_CF_season,1,appeared_exact,2010-11-03_Real_Madrid_AC_Milan_450,milan,champions league
2010-11,2010-11-07,Real Madrid,Atletico Madrid,La Liga,H,Real Madrid,Atletico Madrid,2-0,https://en.wikipedia.org/wiki/2010%E2%80%9311_Real_Madrid_CF_season,1,appeared_exact,2010-11-07_Real_Madrid_Atletico_Madrid_451,atletico madrid,la liga
2010-11,2010-11-10,Real Madrid,Murcia,Copa del Rey,H,Real Madrid,Murcia,5-1,https://en.wikipedia.org/wiki/2010%E2%80%9311_Real_Madrid_CF_season,1,appeared_exact,2010-11-10_Real_Madrid_Real_Murcia_452,murcia,copa del rey
2010-11,2010-11-14,Real Madrid,Sporting Gijon,La Liga,A,Sporting Gijon,Real Madrid,0-1,https://en.wikipedia.org/wiki/2010%E2%80%9311_Real_Madrid_CF_season,1,appeared_exact,2010-11-14_Real_Madrid_Sporting_Gijon_453,sporting gijon,la liga
2010-11,2010-11-20,Real Madrid,Athletic Bilbao,La Liga,H,Real Madrid,Athletic Bilbao,5-1,https://en.wikipedia.org/wiki/2010%E2%80%9311_Real_Madrid_CF_season,1,appeared_exact,2010-11-20_Real_Madrid_Athletic_Club_455,athletic bilbao,la liga
2010-11,2010-11-23,Real Madrid,Ajax,Champions League,A,Ajax,Real Madrid,0-4,https://en.wikipedia.org/wiki/2010%E2%80%9311_Real_Madrid_CF_season,1,appeared_exact,2010-11-23_Real_Madrid_Ajax_456,ajax,champions league
2010-11,2010-11-29,Real Madrid,Barcelona,La Liga,A,Barcelona,Real Madrid,5-0,https://en.wikipedia.org/wiki/2010%E2%80%9311_Real_Madrid_CF_season,1,appeared_exact,2010-11-29_Real_Madrid_Barcelona_457,barcelona,la liga
2010-11,2010-12-04,Real Madrid,Valencia,La Liga,H,Real Madrid,Valencia,2-0,https://en.wikipedia.org/wiki/2010%E2%80%9311_Real_Madrid_CF_season,1,appeared_exact,2010-12-04_Real_Madrid_Valencia_458,valencia,la liga
2010-11,2010-12-08,Real Madrid,Auxerre,Champions League,H,Real Madrid,Auxerre,4-0,https://en.wikipedia.org/wiki/2010%E2%80%9311_Real_Madrid_CF_season,1,appeared_exact,2010-12-08_Real_Madrid_Auxerre_459,auxerre,champions league
2010-11,2010-12-12,Real Madrid,Zaragoza,La Liga,A,Zaragoza,Real Madrid,1-3,https://en.wikipedia.org/wiki/2010%E2%80%9311_Real_Madrid_CF_season,1,appeared_exact,2010-12-12_Real_Madrid_Real_Zaragoza_460,real zaragoza,la liga
2010-11,2010-12-19,Real Madrid,Sevilla,La Liga,H,Real Madrid,Sevilla,1-0,https://en.wikipedia.org/wiki/2010%E2%80%9311_Real_Madrid_CF_season,1,appeared_exact,2010-12-19_Real_Madrid_Sevilla_461,sevilla,la liga
2010-11,2010-12-22,Real Madrid,Levante,Copa del Rey,H,Real Madrid,Levante,8-0,https://en.wikipedia.org/wiki/2010%E2%80%9311_Real_Madrid_CF_season,1,appeared_exact,2010-12-22_Real_Madrid_Levante_462,levante,copa del rey
2010-11,2011-01-03,Real Madrid,Getafe,La Liga,A,Getafe,Real Madrid,2-3,https://en.wikipedia.org/wiki/2010%E2%80%9311_Real_Madrid_CF_season,1,appeared_exact,2011-01-03_Real_Madrid_Getafe_463,getafe,la liga
2010-11,2011-01-06,Real Madrid,Levante,Copa del Rey,A,Levante,Real Madrid,2-0,https://en.wikipedia.org/wiki/2010%E2%80%9311_Real_Madrid_CF_season,0,did_not_appear,,levante,copa del rey
2010-11,2011-01-09,Real Madrid,Villarreal,La Liga,H,Real Madrid,Villarreal,4-2,https://en.wikipedia.org/wiki/2010%E2%80%9311_Real_Madrid_CF_season,1,appeared_exact,2011-01-09_Real_Madrid_Villarreal_464,villarreal,la liga
2010-11,2011-01-13,Real Madrid,Atletico Madrid,Copa del Rey,H,Real Madrid,Atletico Madrid,3-1,https://en.wikipedia.org/wiki/2010%E2%80%9311_Real_Madrid_CF_season,1,appeared_exact,2011-01-13_Real_Madrid_Atletico_Madrid_465,atletico madrid,copa del rey
2010-11,2011-01-16,Real Madrid,Almeria,La Liga,A,Almeria,Real Madrid,1-1,https://en.wikipedia.org/wiki/2010%E2%80%9311_Real_Madrid_CF_season,1,appeared_exact,2011-01-16_Real_Madrid_Almeria_466,almeria,la liga
2010-11,2011-01-20,Real Madrid,Atletico Madrid,Copa del Rey,A,Atletico Madrid,Real Madrid,0-1,https://en.wikipedia.org/wiki/2010%E2%80%9311_Real_Madrid_CF_season,1,appeared_exact,2011-01-20_Real_Madrid_Atletico_Madrid_467,atletico madrid,copa del rey
2010-11,2011-01-23,Real Madrid,Mallorca,La Liga,H,Real Madrid,Mallorca,1-0,https://en.wikipedia.org/wiki/2010%E2%80%9311_Real_Madrid_CF_season,1,appeared_exact,2011-01-23_Real_Madrid_Mallorca_468,mallorca,la liga
2010-11,2011-01-26,Real Madrid,Sevilla,Copa del Rey,A,Sevilla,Real Madrid,0-1,https://en.wikipedia.org/wiki/2010%E2%80%9311_Real_Madrid_CF_season,1,appeared_exact,2011-01-26_Real_Madrid_Sevilla_469,sevilla,copa del rey
2010-11,2011-01-30,Real Madrid,Osasuna,La Liga,A,Osasuna,Real Madrid,1-0,https://en.wikipedia.org/wiki/2010%E2%80%9311_Real_Madrid_CF_season,1,appeared_exact,2011-01-30_Real_Madrid_Osasuna_470,osasuna,la liga
2010-11,2011-02-02,Real Madrid,Sevilla,Copa del Rey,H,Real Madrid,Sevilla,2-0,https://en.wikipedia.org/wiki/2010%E2%80%9311_Real_Madrid_CF_season,1,appeared_exact,2011-02-02_Real_Madrid_Sevilla_471,sevilla,copa del rey
2010-11,2011-02-06,Real Madrid,Real Sociedad,La Liga,H,Real Madrid,Real Sociedad,4-1,https://en.wikipedia.org/wiki/2010%E2%80%9311_Real_Madrid_CF_season,1,appeared_exact,2011-02-06_Real_Madrid_Real_Sociedad_472,real sociedad,la liga
2010-11,2011-02-13,Real Madrid,Espanyol,La Liga,A,Espanyol,Real Madrid,0-1,https://en.wikipedia.org/wiki/2010%E2%80%9311_Real_Madrid_CF_season,1,appeared_exact,2011-02-13_Real_Madrid_Espanyol_474,espanyol,la liga
2010-11,2011-02-19,Real Madrid,Levante,La Liga,H,Real Madrid,Levante,2-0,https://en.wikipedia.org/wiki/2010%E2%80%9311_Real_Madrid_CF_season,1,appeared_exact,2011-02-19_Real_Madrid_Levante_475,levante,la liga
2010-11,2011-02-22,Real Madrid,Lyon,Champions League,A,Lyon,Real Madrid,1-1,https://en.wikipedia.org/wiki/2010%E2%80%9311_Real_Madrid_CF_season,1,appeared_exact,2011-02-22_Real_Madrid_Lyon_476,lyon,champions league
2010-11,2011-02-26,Real Madrid,Deportivo La Coruna,La Liga,A,Deportivo La Coruna,Real Madrid,0-0,https://en.wikipedia.org/wiki/2010%E2%80%9311_Real_Madrid_CF_season,1,appeared_exact,2011-02-26_Real_Madrid_Deportivo_La_Coruna_477,deportivo la coruna,la liga
2010-11,2011-03-03,Real Madrid,Malaga,La Liga,H,Real Madrid,Malaga,7-0,https://en.wikipedia.org/wiki/2010%E2%80%9311_Real_Madrid_CF_season,1,appeared_exact,2011-03-03_Real_Madrid_Malaga_478,malaga,la liga
2010-11,2011-03-06,Real Madrid,Racing Santander,La Liga,A,Racing Santander,Real Madrid,1-3,https://en.wikipedia.org/wiki/2010%E2%80%9311_Real_Madrid_CF_season,0,did_not_appear,,racing santander,la liga
2010-11,2011-03-12,Real Madrid,Hercules,La Liga,H,Real Madrid,Hercules,2-0,https://en.wikipedia.org/wiki/2010%E2%80%9311_Real_Madrid_CF_season,0,did_not_appear,,hercules,la liga
2010-11,2011-03-16,Real Madrid,Lyon,Champions League,H,Real Madrid,Lyon,3-0,https://en.wikipedia.org/wiki/2010%E2%80%9311_Real_Madrid_CF_season,1,appeared_exact,2011-03-16_Real_Madrid_Lyon_479,lyon,champions league
2010-11,2011-03-19,Real Madrid,Atletico Madrid,La Liga,A,Atletico Madrid,Real Madrid,1-2,https://en.wikipedia.org/wiki/2010%E2%80%9311_Real_Madrid_CF_season,1,appeared_exact,2011-03-19_Real_Madrid_Atletico_Madrid_480,atletico madrid,la liga
2010-11,2011-04-02,Real Madrid,Sporting Gijon,La Liga,H,Real Madrid,Sporting Gijon,0-1,https://en.wikipedia.org/wiki/2010%E2%80%9311_Real_Madrid_CF_season,0,did_not_appear,,sporting gijon,la liga
2010-11,2011-04-05,Real Madrid,Tottenham Hotspur,Champions League,H,Real Madrid,Tottenham Hotspur,4-0,https://en.wikipedia.org/wiki/2010%E2%80%9311_Real_Madrid_CF_season,1,appeared_exact,2011-04-05_Real_Madrid_Tottenham_Hotspur_481,tottenham hotspur,champions league
2010-11,2011-04-09,Real Madrid,Athletic Bilbao,La Liga,A,Athletic Bilbao,Real Madrid,0-3,https://en.wikipedia.org/wiki/2010%E2%80%9311_Real_Madrid_CF_season,1,appeared_exact,2011-04-09_Real_Madrid_Athletic_Club_482,athletic bilbao,la liga
2010-11,2011-04-13,Real Madrid,Tottenham Hotspur,Champions League,A,Tottenham Hotspur,Real Madrid,0-1,https://en.wikipedia.org/wiki/2010%E2%80%9311_Real_Madrid_CF_season,1,appeared_exact,2011-04-13_Real_Madrid_Tottenham_Hotspur_483,tottenham hotspur,champions league
2010-11,2011-04-16,Real Madrid,Barcelona,La Liga,H,Real Madrid,Barcelona,1-1,https://en.wikipedia.org/wiki/2010%E2%80%9311_Real_Madrid_CF_season,1,appeared_exact,2011-04-16_Real_Madrid_Barcelona_484,barcelona,la liga
2010-11,2011-04-20,Real Madrid,Barcelona,Copa del Rey,A,Barcelona,Real Madrid,0-1,https://en.wikipedia.org/wiki/2010%E2%80%9311_Real_Madrid_CF_season,1,appeared_exact,2011-04-20_Real_Madrid_Barcelona_485,barcelona,copa del rey
2010-11,2011-04-23,Real Madrid,Valencia,La Liga,A,Valencia,Real Madrid,3-6,https://en.wikipedia.org/wiki/2010%E2%80%9311_Real_Madrid_CF_season,1,appeared_exact,2011-04-23_Real_Madrid_Valencia_486,valencia,la liga
2010-11,2011-04-27,Real Madrid,Barcelona,Champions League,H,Real Madrid,Barcelona,0-2,https://en.wikipedia.org/wiki/2010%E2%80%9311_Real_Madrid_CF_season,1,appeared_exact,2011-04-27_Real_Madrid_Barcelona_487,barcelona,champions league
2010-11,2011-04-30,Real Madrid,Zaragoza,La Liga,H,Real Madrid,Zaragoza,2-3,https://en.wikipedia.org/wiki/2010%E2%80%9311_Real_Madrid_CF_season,0,did_not_appear,,real zaragoza,la liga
2010-11,2011-05-03,Real Madrid,Barcelona,Champions League,A,Barcelona,Real Madrid,1-1,https://en.wikipedia.org/wiki/2010%E2%80%9311_Real_Madrid_CF_season,1,appeared_exact,2011-05-03_Real_Madrid_Barcelona_488,barcelona,champions league
2010-11,2011-05-07,Real Madrid,Sevilla,La Liga,A,Sevilla,Real Madrid,2-6,https://en.wikipedia.org/wiki/2010%E2%80%9311_Real_Madrid_CF_season,1,appeared_exact,2011-05-07_Real_Madrid_Sevilla_489,sevilla,la liga
2010-11,2011-05-10,Real Madrid,Getafe,La Liga,H,Real Madrid,Getafe,4-0,https://en.wikipedia.org/wiki/2010%E2%80%9311_Real_Madrid_CF_season,1,appeared_exact,2011-05-10_Real_Madrid_Getafe_490,getafe,la liga
2010-11,2011-05-15,Real Madrid,Villarreal,La Liga,A,Villarreal,Real Madrid,1-3,https://en.wikipedia.org/wiki/2010%E2%80%9311_Real_Madrid_CF_season,1,appeared_exact,2011-05-15_Real_Madrid_Villarreal_491,villarreal,la liga
2010-11,2011-05-21,Real Madrid,Almeria,La Liga,H,Real Madrid,Almeria,8-1,https://en.wikipedia.org/wiki/2010%E2%80%9311_Real_Madrid_CF_season,1,appeared_exact,2011-05-21_Real_Madrid_Almeria_492,almeria,la liga
2011-12,2011-08-14,Real Madrid,Barcelona,Supercopa de España,H,Real Madrid,Barcelona,2-2,https://en.wikipedia.org/wiki/2011%E2%80%9312_Real_Madrid_CF_season,1,appeared_exact,2011-08-14_Real_Madrid_Barcelona_495,barcelona,supercopa de espana
2011-12,2011-08-17,Real Madrid,Barcelona,Supercopa de España,A,Barcelona,Real Madrid,3-2,https://en.wikipedia.org/wiki/2011%E2%80%9312_Real_Madrid_CF_season,1,appeared_exact,2011-08-17_Real_Madrid_Barcelona_496,barcelona,supercopa de espana
2011-12,2011-08-28,Real Madrid,Zaragoza,La Liga,A,Zaragoza,Real Madrid,0-6,https://en.wikipedia.org/wiki/2011%E2%80%9312_Real_Madrid_CF_season,1,appeared_exact,2011-08-28_Real_Madrid_Real_Zaragoza_497,real zaragoza,la liga
2011-12,2011-09-10,Real Madrid,Getafe,La Liga,H,Real Madrid,Getafe,4-2,https://en.wikipedia.org/wiki/2011%E2%80%9312_Real_Madrid_CF_season,1,appeared_exact,2011-09-10_Real_Madrid_Getafe_499,getafe,la liga
2011-12,2011-09-14,Real Madrid,Dinamo Zagreb,Champions League,A,Dinamo Zagreb,Real Madrid,0-1,https://en.wikipedia.org/wiki/2011%E2%80%9312_Real_Madrid_CF_season,1,appeared_exact,2011-09-14_Real_Madrid_Dinamo_Zagreb_500,dinamo zagreb,champions league
2011-12,2011-09-18,Real Madrid,Levante,La Liga,A,Levante,Real Madrid,1-0,https://en.wikipedia.org/wiki/2011%E2%80%9312_Real_Madrid_CF_season,1,appeared_exact,2011-09-18_Real_Madrid_Levante_501,levante,la liga
2011-12,2011-09-21,Real Madrid,Racing Santander,La Liga,A,Racing Santander,Real Madrid,0-0,https://en.wikipedia.org/wiki/2011%E2%80%9312_Real_Madrid_CF_season,1,appeared_exact,2011-09-21_Real_Madrid_Racing_Santander_502,racing santander,la liga
2011-12,2011-09-24,Real Madrid,Rayo Vallecano,La Liga,H,Real Madrid,Rayo Vallecano,6-2,https://en.wikipedia.org/wiki/2011%E2%80%9312_Real_Madrid_CF_season,1,appeared_exact,2011-09-24_Real_Madrid_Rayo_Vallecano_503,rayo vallecano,la liga
2011-12,2011-09-27,Real Madrid,Ajax,Champions League,H,Real Madrid,Ajax,3-0,https://en.wikipedia.org/wiki/2011%E2%80%9312_Real_Madrid_CF_season,1,appeared_exact,2011-09-27_Real_Madrid_Ajax_504,ajax,champions league
2011-12,2011-10-02,Real Madrid,Espanyol,La Liga,A,Espanyol,Real Madrid,0-4,https://en.wikipedia.org/wiki/2011%E2%80%9312_Real_Madrid_CF_season,1,appeared_exact,2011-10-02_Real_Madrid_Espanyol_505,espanyol,la liga
2011-12,2011-10-15,Real Madrid,Real Betis,La Liga,H,Real Madrid,Real Betis,4-1,https://en.wikipedia.org/wiki/2011%E2%80%9312_Real_Madrid_CF_season,1,appeared_exact,2011-10-15_Real_Madrid_Real_Betis_508,real betis,la liga
2011-12,2011-10-18,Real Madrid,Lyon,Champions League,H,Real Madrid,Lyon,4-0,https://en.wikipedia.org/wiki/2011%E2%80%9312_Real_Madrid_CF_season,1,appeared_exact,2011-10-18_Real_Madrid_Lyon_509,lyon,champions league
2011-12,2011-10-22,Real Madrid,Malaga,La Liga,A,Malaga,Real Madrid,0-4,https://en.wikipedia.org/wiki/2011%E2%80%9312_Real_Madrid_CF_season,1,appeared_exact,2011-10-22_Real_Madrid_Malaga_510,malaga,la liga
2011-12,2011-10-26,Real Madrid,Villarreal,La Liga,H,Real Madrid,Villarreal,3-0,https://en.wikipedia.org/wiki/2011%E2%80%9312_Real_Madrid_CF_season,1,appeared_exact,2011-10-26_Real_Madrid_Villarreal_511,villarreal,la liga
2011-12,2011-10-29,Real Madrid,Real Sociedad,La Liga,A,Real Sociedad,Real Madrid,0-1,https://en.wikipedia.org/wiki/2011%E2%80%9312_Real_Madrid_CF_season,1,appeared_exact,2011-10-29_Real_Madrid_Real_Sociedad_512,real sociedad,la liga
2011-12,2011-11-02,Real Madrid,Lyon,Champions League,A,Lyon,Real Madrid,0-2,https://en.wikipedia.org/wiki/2011%E2%80%9312_Real_Madrid_CF_season,1,appeared_exact,2011-11-02_Real_Madrid_Lyon_513,lyon,champions league
2011-12,2011-11-06,Real Madrid,Osasuna,La Liga,H,Real Madrid,Osasuna,7-1,https://en.wikipedia.org/wiki/2011%E2%80%9312_Real_Madrid_CF_season,1,appeared_exact,2011-11-06_Real_Madrid_Osasuna_514,osasuna,la liga
2011-12,2011-11-19,Real Madrid,Valencia,La Liga,A,Valencia,Real Madrid,2-3,https://en.wikipedia.org/wiki/2011%E2%80%9312_Real_Madrid_CF_season,1,appeared_exact,2011-11-19_Real_Madrid_Valencia_517,valencia,la liga
2011-12,2011-11-22,Real Madrid,Dinamo Zagreb,Champions League,H,Real Madrid,Dinamo Zagreb,6-2,https://en.wikipedia.org/wiki/2011%E2%80%9312_Real_Madrid_CF_season,0,did_not_appear,,dinamo zagreb,champions league
2011-12,2011-11-26,Real Madrid,Atletico Madrid,La Liga,H,Real Madrid,Atletico Madrid,4-1,https://en.wikipedia.org/wiki/2011%E2%80%9312_Real_Madrid_CF_season,1,appeared_exact,2011-11-26_Real_Madrid_Atletico_Madrid_518,atletico madrid,la liga
2011-12,2011-12-03,Real Madrid,Sporting Gijon,La Liga,A,Sporting Gijon,Real Madrid,0-3,https://en.wikipedia.org/wiki/2011%E2%80%9312_Real_Madrid_CF_season,1,appeared_exact,2011-12-03_Real_Madrid_Sporting_Gijon_519,sporting gijon,la liga
2011-12,2011-12-07,Real Madrid,Ajax,Champions League,A,Ajax,Real Madrid,0-3,https://en.wikipedia.org/wiki/2011%E2%80%9312_Real_Madrid_CF_season,0,did_not_appear,,ajax,champions league
2011-12,2011-12-10,Real Madrid,Barcelona,La Liga,H,Real Madrid,Barcelona,1-3,https://en.wikipedia.org/wiki/2011%E2%80%9312_Real_Madrid_CF_season,1,appeared_exact,2011-12-10_Real_Madrid_Barcelona_520,barcelona,la liga
2011-12,2011-12-13,Real Madrid,Ponferradina,Copa del Rey,A,Ponferradina,Real Madrid,0-2,https://en.wikipedia.org/wiki/2011%E2%80%9312_Real_Madrid_CF_season,1,appeared_exact,2011-12-13_Real_Madrid_SD_Ponferradina_521,ponferradina,copa del rey
2011-12,2011-12-17,Real Madrid,Sevilla,La Liga,A,Sevilla,Real Madrid,2-6,https://en.wikipedia.org/wiki/2011%E2%80%9312_Real_Madrid_CF_season,1,appeared_exact,2011-12-17_Real_Madrid_Sevilla_522,sevilla,la liga
2011-12,2011-12-20,Real Madrid,Ponferradina,Copa del Rey,H,Real Madrid,Ponferradina,5-1,https://en.wikipedia.org/wiki/2011%E2%80%9312_Real_Madrid_CF_season,0,did_not_appear,,ponferradina,copa del rey
2011-12,2012-01-03,Real Madrid,Malaga,Copa del Rey,H,Real Madrid,Malaga,3-2,https://en.wikipedia.org/wiki/2011%E2%80%9312_Real_Madrid_CF_season,1,appeared_exact,2012-01-03_Real_Madrid_Malaga_523,malaga,copa del rey
2011-12,2012-01-07,Real Madrid,Granada,La Liga,H,Real Madrid,Granada,5-1,https://en.wikipedia.org/wiki/2011%E2%80%9312_Real_Madrid_CF_season,1,appeared_exact,2012-01-07_Real_Madrid_Granada_CF_524,granada,la liga
2011-12,2012-01-10,Real Madrid,Malaga,Copa del Rey,A,Malaga,Real Madrid,0-1,https://en.wikipedia.org/wiki/2011%E2%80%9312_Real_Madrid_CF_season,1,appeared_exact,2012-01-10_Real_Madrid_Malaga_525,malaga,copa del rey
2011-12,2012-01-14,Real Madrid,Mallorca,La Liga,A,Mallorca,Real Madrid,1-2,https://en.wikipedia.org/wiki/2011%E2%80%9312_Real_Madrid_CF_season,1,appeared_exact,2012-01-14_Real_Madrid_Mallorca_526,mallorca,la liga
2011-12,2012-01-18,Real Madrid,Barcelona,Copa del Rey,H,Real Madrid,Barcelona,1-2,https://en.wikipedia.org/wiki/2011%E2%80%9312_Real_Madrid_CF_season,1,appeared_exact,2012-01-18_Real_Madrid_Barcelona_527,barcelona,copa del rey
2011-12,2012-01-22,Real Madrid,Athletic Bilbao,La Liga,H,Real Madrid,Athletic Bilbao,4-1,https://en.wikipedia.org/wiki/2011%E2%80%9312_Real_Madrid_CF_season,1,appeared_exact,2012-01-22_Real_Madrid_Athletic_Club_528,athletic bilbao,la liga
2011-12,2012-01-25,Real Madrid,Barcelona,Copa del Rey,A,Barcelona,Real Madrid,2-2,https://en.wikipedia.org/wiki/2011%E2%80%9312_Real_Madrid_CF_season,1,appeared_exact,2012-01-25_Real_Madrid_Barcelona_529,barcelona,copa del rey
2011-12,2012-01-28,Real Madrid,Zaragoza,La Liga,H,Real Madrid,Zaragoza,3-1,https://en.wikipedia.org/wiki/2011%E2%80%9312_Real_Madrid_CF_season,1,appeared_exact,2012-01-28_Real_Madrid_Real_Zaragoza_530,real zaragoza,la liga
2011-12,2012-02-04,Real Madrid,Getafe,La Liga,A,Getafe,Real Madrid,0-1,https://en.wikipedia.org/wiki/2011%E2%80%9312_Real_Madrid_CF_season,1,appeared_exact,2012-02-04_Real_Madrid_Getafe_531,getafe,la liga
2011-12,2012-02-12,Real Madrid,Levante,La Liga,H,Real Madrid,Levante,4-2,https://en.wikipedia.org/wiki/2011%E2%80%9312_Real_Madrid_CF_season,1,appeared_exact,2012-02-12_Real_Madrid_Levante_532,levante,la liga
2011-12,2012-02-18,Real Madrid,Racing Santander,La Liga,H,Real Madrid,Racing Santander,4-0,https://en.wikipedia.org/wiki/2011%E2%80%9312_Real_Madrid_CF_season,1,appeared_exact,2012-02-18_Real_Madrid_Racing_Santander_533,racing santander,la liga
2011-12,2012-02-21,Real Madrid,CSKA Moscow,Champions League,A,CSKA Moscow,Real Madrid,1-1,https://en.wikipedia.org/wiki/2011%E2%80%9312_Real_Madrid_CF_season,1,appeared_exact,2012-02-21_Real_Madrid_CSKA_Moscow_534,cska moscow,champions league
2011-12,2012-02-26,Real Madrid,Rayo Vallecano,La Liga,A,Rayo Vallecano,Real Madrid,0-1,https://en.wikipedia.org/wiki/2011%E2%80%9312_Real_Madrid_CF_season,1,appeared_exact,2012-02-26_Real_Madrid_Rayo_Vallecano_535,rayo vallecano,la liga
2011-12,2012-03-04,Real Madrid,Espanyol,La Liga,H,Real Madrid,Espanyol,5-0,https://en.wikipedia.org/wiki/2011%E2%80%9312_Real_Madrid_CF_season,1,appeared_exact,2012-03-04_Real_Madrid_Espanyol_537,espanyol,la liga
2011-12,2012-03-10,Real Madrid,Real Betis,La Liga,A,Real Betis,Real Madrid,2-3,https://en.wikipedia.org/wiki/2011%E2%80%9312_Real_Madrid_CF_season,1,appeared_exact,2012-03-10_Real_Madrid_Real_Betis_538,real betis,la liga
2011-12,2012-03-14,Real Madrid,CSKA Moscow,Champions League,H,Real Madrid,CSKA Moscow,4-1,https://en.wikipedia.org/wiki/2011%E2%80%9312_Real_Madrid_CF_season,1,appeared_exact,2012-03-14_Real_Madrid_CSKA_Moscow_539,cska moscow,champions league
2011-12,2012-03-18,Real Madrid,Malaga,La Liga,H,Real Madrid,Malaga,1-1,https://en.wikipedia.org/wiki/2011%E2%80%9312_Real_Madrid_CF_season,1,appeared_exact,2012-03-18_Real_Madrid_Malaga_540,malaga,la liga
2011-12,2012-03-21,Real Madrid,Villarreal,La Liga,A,Villarreal,Real Madrid,1-1,https://en.wikipedia.org/wiki/2011%E2%80%9312_Real_Madrid_CF_season,1,appeared_exact,2012-03-21_Real_Madrid_Villarreal_541,villarreal,la liga
2011-12,2012-03-24,Real Madrid,Real Sociedad,La Liga,H,Real Madrid,Real Sociedad,5-1,https://en.wikipedia.org/wiki/2011%E2%80%9312_Real_Madrid_CF_season,1,appeared_exact,2012-03-24_Real_Madrid_Real_Sociedad_542,real sociedad,la liga
2011-12,2012-03-27,Real Madrid,APOEL,Champions League,A,APOEL,Real Madrid,0-3,https://en.wikipedia.org/wiki/2011%E2%80%9312_Real_Madrid_CF_season,1,appeared_exact,2012-03-27_Real_Madrid_Apoel_Nicosia_543,apoel,champions league
2011-12,2012-03-31,Real Madrid,Osasuna,La Liga,A,Osasuna,Real Madrid,1-5,https://en.wikipedia.org/wiki/2011%E2%80%9312_Real_Madrid_CF_season,1,appeared_exact,2012-03-31_Real_Madrid_Osasuna_544,osasuna,la liga
2011-12,2012-04-04,Real Madrid,APOEL,Champions League,H,Real Madrid,APOEL,5-2,https://en.wikipedia.org/wiki/2011%E2%80%9312_Real_Madrid_CF_season,1,appeared_exact,2012-04-04_Real_Madrid_Apoel_Nicosia_545,apoel,champions league
2011-12,2012-04-08,Real Madrid,Valencia,La Liga,H,Real Madrid,Valencia,0-0,https://en.wikipedia.org/wiki/2011%E2%80%9312_Real_Madrid_CF_season,1,appeared_exact,2012-04-08_Real_Madrid_Valencia_546,valencia,la liga
2011-12,2012-04-11,Real Madrid,Atletico Madrid,La Liga,A,Atletico Madrid,Real Madrid,1-4,https://en.wikipedia.org/wiki/2011%E2%80%9312_Real_Madrid_CF_season,1,appeared_exact,2012-04-11_Real_Madrid_Atletico_Madrid_547,atletico madrid,la liga
2011-12,2012-04-14,Real Madrid,Sporting Gijon,La Liga,H,Real Madrid,Sporting Gijon,3-1,https://en.wikipedia.org/wiki/2011%E2%80%9312_Real_Madrid_CF_season,1,appeared_exact,2012-04-14_Real_Madrid_Sporting_Gijon_548,sporting gijon,la liga
2011-12,2012-04-17,Real Madrid,Bayern Munich,Champions League,A,Bayern Munich,Real Madrid,2-1,https://en.wikipedia.org/wiki/2011%E2%80%9312_Real_Madrid_CF_season,1,appeared_exact,2012-04-17_Real_Madrid_Bayern_Munich_549,bayern munich,champions league
2011-12,2012-04-21,Real Madrid,Barcelona,La Liga,A,Barcelona,Real Madrid,1-2,https://en.wikipedia.org/wiki/2011%E2%80%9312_Real_Madrid_CF_season,1,appeared_exact,2012-04-21_Real_Madrid_Barcelona_550,barcelona,la liga
2011-12,2012-04-25,Real Madrid,Bayern Munich,Champions League,H,Real Madrid,Bayern Munich,2-1,https://en.wikipedia.org/wiki/2011%E2%80%9312_Real_Madrid_CF_season,1,appeared_exact,2012-04-25_Real_Madrid_Bayern_Munich_551,bayern munich,champions league
2011-12,2012-04-29,Real Madrid,Sevilla,La Liga,H,Real Madrid,Sevilla,3-0,https://en.wikipedia.org/wiki/2011%E2%80%9312_Real_Madrid_CF_season,1,appeared_exact,2012-04-29_Real_Madrid_Sevilla_552,sevilla,la liga
2011-12,2012-05-02,Real Madrid,Athletic Bilbao,La Liga,A,Athletic Bilbao,Real Madrid,0-3,https://en.wikipedia.org/wiki/2011%E2%80%9312_Real_Madrid_CF_season,1,appeared_exact,2012-05-02_Real_Madrid_Athletic_Club_553,athletic bilbao,la liga
2011-12,2012-05-05,Real Madrid,Granada,La Liga,A,Granada,Real Madrid,1-2,https://en.wikipedia.org/wiki/2011%E2%80%9312_Real_Madrid_CF_season,1,appeared_exact,2012-05-05_Real_Madrid_Granada_CF_554,granada,la liga
2011-12,2012-05-13,Real Madrid,Mallorca,La Liga,H,Real Madrid,Mallorca,4-1,https://en.wikipedia.org/wiki/2011%E2%80%9312_Real_Madrid_CF_season,1,appeared_exact,2012-05-13_Real_Madrid_Mallorca_555,mallorca,la liga
2012-13,2012-08-19,Real Madrid,Valencia,La Liga,H,Real Madrid,Valencia,1-1,https://en.wikipedia.org/wiki/2012%E2%80%9313_Real_Madrid_CF_season,1,appeared_exact,2012-08-19_Real_Madrid_Valencia_564,valencia,la liga
2012-13,2012-08-23,Real Madrid,Barcelona,Supercopa de España,A,Barcelona,Real Madrid,3-2,https://en.wikipedia.org/wiki/2012%E2%80%9313_Real_Madrid_CF_season,1,appeared_exact,2012-08-23_Real_Madrid_Barcelona_565,barcelona,supercopa de espana
2012-13,2012-08-26,Real Madrid,Getafe,La Liga,A,Getafe,Real Madrid,2-1,https://en.wikipedia.org/wiki/2012%E2%80%9313_Real_Madrid_CF_season,1,appeared_exact,2012-08-26_Real_Madrid_Getafe_566,getafe,la liga
2012-13,2012-08-29,Real Madrid,Barcelona,Supercopa de España,H,Real Madrid,Barcelona,2-1,https://en.wikipedia.org/wiki/2012%E2%80%9313_Real_Madrid_CF_season,1,appeared_exact,2012-08-29_Real_Madrid_Barcelona_567,barcelona,supercopa de espana
2012-13,2012-09-02,Real Madrid,Granada,La Liga,H,Real Madrid,Granada,3-0,https://en.wikipedia.org/wiki/2012%E2%80%9313_Real_Madrid_CF_season,1,appeared_exact,2012-09-02_Real_Madrid_Granada_CF_568,granada,la liga
2012-13,2012-09-15,Real Madrid,Sevilla,La Liga,A,Sevilla,Real Madrid,1-0,https://en.wikipedia.org/wiki/2012%E2%80%9313_Real_Madrid_CF_season,1,appeared_exact,2012-09-15_Real_Madrid_Sevilla_571,sevilla,la liga
2012-13,2012-09-18,Real Madrid,Manchester City,Champions League,H,Real Madrid,Manchester City,3-2,https://en.wikipedia.org/wiki/2012%E2%80%9313_Real_Madrid_CF_season,1,appeared_exact,2012-09-18_Real_Madrid_Manchester_City_572,manchester city,champions league
2012-13,2012-09-24,Real Madrid,Rayo Vallecano,La Liga,A,Rayo Vallecano,Real Madrid,0-2,https://en.wikipedia.org/wiki/2012%E2%80%9313_Real_Madrid_CF_season,1,appeared_exact,2012-09-24_Real_Madrid_Rayo_Vallecano_573,rayo vallecano,la liga
2012-13,2012-09-30,Real Madrid,Deportivo La Coruna,La Liga,H,Real Madrid,Deportivo La Coruna,5-1,https://en.wikipedia.org/wiki/2012%E2%80%9313_Real_Madrid_CF_season,1,appeared_exact,2012-09-30_Real_Madrid_Deportivo_La_Coruna_574,deportivo la coruna,la liga
2012-13,2012-10-03,Real Madrid,Ajax,Champions League,A,Ajax,Real Madrid,1-4,https://en.wikipedia.org/wiki/2012%E2%80%9313_Real_Madrid_CF_season,1,appeared_exact,2012-10-03_Real_Madrid_Ajax_575,ajax,champions league
2012-13,2012-10-07,Real Madrid,Barcelona,La Liga,A,Barcelona,Real Madrid,2-2,https://en.wikipedia.org/wiki/2012%E2%80%9313_Real_Madrid_CF_season,1,appeared_exact,2012-10-07_Real_Madrid_Barcelona_576,barcelona,la liga
2012-13,2012-10-20,Real Madrid,Celta Vigo,La Liga,H,Real Madrid,Celta Vigo,2-0,https://en.wikipedia.org/wiki/2012%E2%80%9313_Real_Madrid_CF_season,1,appeared_exact,2012-10-20_Real_Madrid_Celta_Vigo_579,celta vigo,la liga
2012-13,2012-10-24,Real Madrid,Borussia Dortmund,Champions League,A,Borussia Dortmund,Real Madrid,2-1,https://en.wikipedia.org/wiki/2012%E2%80%9313_Real_Madrid_CF_season,1,appeared_exact,2012-10-24_Real_Madrid_Borussia_Dortmund_580,borussia dortmund,champions league
2012-13,2012-10-28,Real Madrid,Mallorca,La Liga,A,Mallorca,Real Madrid,0-5,https://en.wikipedia.org/wiki/2012%E2%80%9313_Real_Madrid_CF_season,1,appeared_exact,2012-10-28_Real_Madrid_Mallorca_581,mallorca,la liga
2012-13,2012-10-31,Real Madrid,Alcoyano,Copa del Rey,A,Alcoyano,Real Madrid,1-4,https://en.wikipedia.org/wiki/2012%E2%80%9313_Real_Madrid_CF_season,0,did_not_appear,,alcoyano,copa del rey
2012-13,2012-11-03,Real Madrid,Zaragoza,La Liga,H,Real Madrid,Zaragoza,4-0,https://en.wikipedia.org/wiki/2012%E2%80%9313_Real_Madrid_CF_season,1,appeared_exact,2012-11-03_Real_Madrid_Real_Zaragoza_582,real zaragoza,la liga
2012-13,2012-11-06,Real Madrid,Borussia Dortmund,Champions League,H,Real Madrid,Borussia Dortmund,2-2,https://en.wikipedia.org/wiki/2012%E2%80%9313_Real_Madrid_CF_season,1,appeared_exact,2012-11-06_Real_Madrid_Borussia_Dortmund_583,borussia dortmund,champions league
2012-13,2012-11-11,Real Madrid,Levante,La Liga,A,Levante,Real Madrid,1-2,https://en.wikipedia.org/wiki/2012%E2%80%9313_Real_Madrid_CF_season,1,appeared_exact,2012-11-11_Real_Madrid_Levante_584,levante,la liga
2012-13,2012-11-17,Real Madrid,Athletic Bilbao,La Liga,H,Real Madrid,Athletic Bilbao,5-1,https://en.wikipedia.org/wiki/2012%E2%80%9313_Real_Madrid_CF_season,1,appeared_exact,2012-11-17_Real_Madrid_Athletic_Club_585,athletic bilbao,la liga
2012-13,2012-11-21,Real Madrid,Manchester City,Champions League,A,Manchester City,Real Madrid,1-1,https://en.wikipedia.org/wiki/2012%E2%80%9313_Real_Madrid_CF_season,1,appeared_exact,2012-11-21_Real_Madrid_Manchester_City_586,manchester city,champions league
2012-13,2012-11-24,Real Madrid,Real Betis,La Liga,A,Real Betis,Real Madrid,1-0,https://en.wikipedia.org/wiki/2012%E2%80%9313_Real_Madrid_CF_season,1,appeared_exact,2012-11-24_Real_Madrid_Real_Betis_587,real betis,la liga
2012-13,2012-11-27,Real Madrid,Alcoyano,Copa del Rey,H,Real Madrid,Alcoyano,3-0,https://en.wikipedia.org/wiki/2012%E2%80%9313_Real_Madrid_CF_season,0,did_not_appear,,alcoyano,copa del rey
2012-13,2012-12-01,Real Madrid,Atletico Madrid,La Liga,H,Real Madrid,Atletico Madrid,2-0,https://en.wikipedia.org/wiki/2012%E2%80%9313_Real_Madrid_CF_season,1,appeared_exact,2012-12-01_Real_Madrid_Atletico_Madrid_588,atletico madrid,la liga
2012-13,2012-12-04,Real Madrid,Ajax,Champions League,H,Real Madrid,Ajax,4-1,https://en.wikipedia.org/wiki/2012%E2%80%9313_Real_Madrid_CF_season,1,appeared_exact,2012-12-04_Real_Madrid_Ajax_589,ajax,champions league
2012-13,2012-12-08,Real Madrid,Real Valladolid,La Liga,A,Real Valladolid,Real Madrid,2-3,https://en.wikipedia.org/wiki/2012%E2%80%9313_Real_Madrid_CF_season,1,appeared_exact,2012-12-08_Real_Madrid_Real_Valladolid_590,valladolid,la liga
2012-13,2012-12-12,Real Madrid,Celta Vigo,Copa del Rey,A,Celta Vigo,Real Madrid,2-1,https://en.wikipedia.org/wiki/2012%E2%80%9313_Real_Madrid_CF_season,1,appeared_exact,2012-12-12_Real_Madrid_Celta_Vigo_591,celta vigo,copa del rey
2012-13,2012-12-16,Real Madrid,Espanyol,La Liga,H,Real Madrid,Espanyol,2-2,https://en.wikipedia.org/wiki/2012%E2%80%9313_Real_Madrid_CF_season,1,appeared_exact,2012-12-16_Real_Madrid_Espanyol_592,espanyol,la liga
2012-13,2012-12-22,Real Madrid,Malaga,La Liga,A,Malaga,Real Madrid,3-2,https://en.wikipedia.org/wiki/2012%E2%80%9313_Real_Madrid_CF_season,1,appeared_exact,2012-12-22_Real_Madrid_Malaga_593,malaga,la liga
2012-13,2013-01-06,Real Madrid,Real Sociedad,La Liga,H,Real Madrid,Real Sociedad,4-3,https://en.wikipedia.org/wiki/2012%E2%80%9313_Real_Madrid_CF_season,1,appeared_exact,2013-01-06_Real_Madrid_Real_Sociedad_594,real sociedad,la liga
2012-13,2013-01-09,Real Madrid,Celta Vigo,Copa del Rey,H,Real Madrid,Celta Vigo,4-0,https://en.wikipedia.org/wiki/2012%E2%80%9313_Real_Madrid_CF_season,1,appeared_exact,2013-01-09_Real_Madrid_Celta_Vigo_595,celta vigo,copa del rey
2012-13,2013-01-15,Real Madrid,Valencia,Copa del Rey,H,Real Madrid,Valencia,2-0,https://en.wikipedia.org/wiki/2012%E2%80%9313_Real_Madrid_CF_season,1,appeared_exact,2013-01-15_Real_Madrid_Valencia_596,valencia,copa del rey
2012-13,2013-01-20,Real Madrid,Valencia,La Liga,A,Valencia,Real Madrid,0-5,https://en.wikipedia.org/wiki/2012%E2%80%9313_Real_Madrid_CF_season,1,appeared_exact,2013-01-20_Real_Madrid_Valencia_597,valencia,la liga
2012-13,2013-01-23,Real Madrid,Valencia,Copa del Rey,A,Valencia,Real Madrid,1-1,https://en.wikipedia.org/wiki/2012%E2%80%9313_Real_Madrid_CF_season,1,appeared_exact,2013-01-23_Real_Madrid_Valencia_598,valencia,copa del rey
2012-13,2013-01-27,Real Madrid,Getafe,La Liga,H,Real Madrid,Getafe,4-0,https://en.wikipedia.org/wiki/2012%E2%80%9313_Real_Madrid_CF_season,1,appeared_exact,2013-01-27_Real_Madrid_Getafe_599,getafe,la liga
2012-13,2013-01-30,Real Madrid,Barcelona,Copa del Rey,H,Real Madrid,Barcelona,1-1,https://en.wikipedia.org/wiki/2012%E2%80%9313_Real_Madrid_CF_season,1,appeared_exact,2013-01-30_Real_Madrid_Barcelona_600,barcelona,copa del rey
2012-13,2013-02-02,Real Madrid,Granada,La Liga,A,Granada,Real Madrid,1-0,https://en.wikipedia.org/wiki/2012%E2%80%9313_Real_Madrid_CF_season,1,appeared_exact,2013-02-02_Real_Madrid_Granada_CF_601,granada,la liga
2012-13,2013-02-09,Real Madrid,Sevilla,La Liga,H,Real Madrid,Sevilla,4-1,https://en.wikipedia.org/wiki/2012%E2%80%9313_Real_Madrid_CF_season,1,appeared_exact,2013-02-09_Real_Madrid_Sevilla_603,sevilla,la liga
2012-13,2013-02-13,Real Madrid,Manchester United,Champions League,H,Real Madrid,Manchester United,1-1,https://en.wikipedia.org/wiki/2012%E2%80%9313_Real_Madrid_CF_season,1,appeared_exact,2013-02-13_Real_Madrid_Manchester_United_604,manchester united,champions league
2012-13,2013-02-17,Real Madrid,Rayo Vallecano,La Liga,H,Real Madrid,Rayo Vallecano,2-0,https://en.wikipedia.org/wiki/2012%E2%80%9313_Real_Madrid_CF_season,1,appeared_exact,2013-02-17_Real_Madrid_Rayo_Vallecano_605,rayo vallecano,la liga
2012-13,2013-02-23,Real Madrid,Deportivo La Coruna,La Liga,A,Deportivo La Coruna,Real Madrid,1-2,https://en.wikipedia.org/wiki/2012%E2%80%9313_Real_Madrid_CF_season,1,appeared_exact,2013-02-23_Real_Madrid_Deportivo_La_Coruna_606,deportivo la coruna,la liga
2012-13,2013-02-26,Real Madrid,Barcelona,Copa del Rey,A,Barcelona,Real Madrid,1-3,https://en.wikipedia.org/wiki/2012%E2%80%9313_Real_Madrid_CF_season,1,appeared_exact,2013-02-26_Real_Madrid_Barcelona_607,barcelona,copa del rey
2012-13,2013-03-02,Real Madrid,Barcelona,La Liga,H,Real Madrid,Barcelona,2-1,https://en.wikipedia.org/wiki/2012%E2%80%9313_Real_Madrid_CF_season,1,appeared_exact,2013-03-02_Real_Madrid_Barcelona_608,barcelona,la liga
2012-13,2013-03-05,Real Madrid,Manchester United,Champions League,A,Manchester United,Real Madrid,1-2,https://en.wikipedia.org/wiki/2012%E2%80%9313_Real_Madrid_CF_season,1,appeared_exact,2013-03-05_Real_Madrid_Manchester_United_609,manchester united,champions league
2012-13,2013-03-10,Real Madrid,Celta Vigo,La Liga,A,Celta Vigo,Real Madrid,1-2,https://en.wikipedia.org/wiki/2012%E2%80%9313_Real_Madrid_CF_season,1,appeared_exact,2013-03-10_Real_Madrid_Celta_Vigo_610,celta vigo,la liga
2012-13,2013-03-16,Real Madrid,Mallorca,La Liga,H,Real Madrid,Mallorca,5-2,https://en.wikipedia.org/wiki/2012%E2%80%9313_Real_Madrid_CF_season,1,appeared_exact,2013-03-16_Real_Madrid_Mallorca_611,mallorca,la liga
2012-13,2013-03-30,Real Madrid,Zaragoza,La Liga,A,Zaragoza,Real Madrid,1-1,https://en.wikipedia.org/wiki/2012%E2%80%9313_Real_Madrid_CF_season,1,appeared_exact,2013-03-30_Real_Madrid_Real_Zaragoza_613,real zaragoza,la liga
2012-13,2013-04-03,Real Madrid,Galatasaray,Champions League,H,Real Madrid,Galatasaray,3-0,https://en.wikipedia.org/wiki/2012%E2%80%9313_Real_Madrid_CF_season,1,appeared_exact,2013-04-03_Real_Madrid_Galatasaray_614,galatasaray,champions league
2012-13,2013-04-06,Real Madrid,Levante,La Liga,H,Real Madrid,Levante,5-1,https://en.wikipedia.org/wiki/2012%E2%80%9313_Real_Madrid_CF_season,1,appeared_exact,2013-04-06_Real_Madrid_Levante_615,levante,la liga
2012-13,2013-04-09,Real Madrid,Galatasaray,Champions League,A,Galatasaray,Real Madrid,3-2,https://en.wikipedia.org/wiki/2012%E2%80%9313_Real_Madrid_CF_season,1,appeared_exact,2013-04-09_Real_Madrid_Galatasaray_616,galatasaray,champions league
2012-13,2013-04-14,Real Madrid,Athletic Bilbao,La Liga,A,Athletic Bilbao,Real Madrid,0-3,https://en.wikipedia.org/wiki/2012%E2%80%9313_Real_Madrid_CF_season,1,appeared_exact,2013-04-14_Real_Madrid_Athletic_Club_617,athletic bilbao,la liga
2012-13,2013-04-20,Real Madrid,Real Betis,La Liga,H,Real Madrid,Real Betis,3-1,https://en.wikipedia.org/wiki/2012%E2%80%9313_Real_Madrid_CF_season,1,appeared_exact,2013-04-20_Real_Madrid_Real_Betis_618,real betis,la liga
2012-13,2013-04-24,Real Madrid,Borussia Dortmund,Champions League,A,Borussia Dortmund,Real Madrid,4-1,https://en.wikipedia.org/wiki/2012%E2%80%9313_Real_Madrid_CF_season,1,appeared_exact,2013-04-24_Real_Madrid_Borussia_Dortmund_619,borussia dortmund,champions league
2012-13,2013-04-27,Real Madrid,Atletico Madrid,La Liga,A,Atletico Madrid,Real Madrid,1-2,https://en.wikipedia.org/wiki/2012%E2%80%9313_Real_Madrid_CF_season,0,did_not_appear,,atletico madrid,la liga
2012-13,2013-04-30,Real Madrid,Borussia Dortmund,Champions League,H,Real Madrid,Borussia Dortmund,2-0,https://en.wikipedia.org/wiki/2012%E2%80%9313_Real_Madrid_CF_season,1,appeared_exact,2013-04-30_Real_Madrid_Borussia_Dortmund_620,borussia dortmund,champions league
2012-13,2013-05-04,Real Madrid,Real Valladolid,La Liga,H,Real Madrid,Real Valladolid,4-3,https://en.wikipedia.org/wiki/2012%E2%80%9313_Real_Madrid_CF_season,1,appeared_exact,2013-05-04_Real_Madrid_Real_Valladolid_621,valladolid,la liga
2012-13,2013-05-08,Real Madrid,Malaga,La Liga,H,Real Madrid,Malaga,6-2,https://en.wikipedia.org/wiki/2012%E2%80%9313_Real_Madrid_CF_season,1,appeared_exact,2013-05-08_Real_Madrid_Malaga_622,malaga,la liga
2012-13,2013-05-11,Real Madrid,Espanyol,La Liga,A,Espanyol,Real Madrid,1-1,https://en.wikipedia.org/wiki/2012%E2%80%9313_Real_Madrid_CF_season,1,appeared_exact,2013-05-11_Real_Madrid_Espanyol_623,espanyol,la liga
2012-13,2013-05-17,Real Madrid,Atletico Madrid,Copa del Rey,H,Real Madrid,Atletico Madrid,1-2,https://en.wikipedia.org/wiki/2012%E2%80%9313_Real_Madrid_CF_season,1,appeared_exact,2013-05-17_Real_Madrid_Atletico_Madrid_624,atletico madrid,copa del rey
2012-13,2013-05-26,Real Madrid,Real Sociedad,La Liga,A,Real Sociedad,Real Madrid,3-3,https://en.wikipedia.org/wiki/2012%E2%80%9313_Real_Madrid_CF_season,0,did_not_appear,,real sociedad,la liga
2012-13,2013-06-01,Real Madrid,Osasuna,La Liga,H,Real Madrid,Osasuna,4-2,https://en.wikipedia.org/wiki/2012%E2%80%9313_Real_Madrid_CF_season,0,did_not_appear,,osasuna,la liga
2013-14,2013-08-18,Real Madrid,Real Betis,La Liga,H,Real Madrid,Real Betis,2-1,https://en.wikipedia.org/wiki/2013%E2%80%9314_Real_Madrid_CF_season,1,appeared_exact,2013-08-18_Real_Madrid_Real_Betis_628,real betis,la liga
2013-14,2013-08-26,Real Madrid,Granada,La Liga,A,Granada,Real Madrid,0-1,https://en.wikipedia.org/wiki/2013%E2%80%9314_Real_Madrid_CF_season,1,appeared_exact,2013-08-26_Real_Madrid_Granada_CF_629,granada,la liga
2013-14,2013-09-01,Real Madrid,Athletic Bilbao,La Liga,H,Real Madrid,Athletic Bilbao,3-1,https://en.wikipedia.org/wiki/2013%E2%80%9314_Real_Madrid_CF_season,1,appeared_exact,2013-09-01_Real_Madrid_Athletic_Club_630,athletic bilbao,la liga
2013-14,2013-09-14,Real Madrid,Villarreal,La Liga,A,Villarreal,Real Madrid,2-2,https://en.wikipedia.org/wiki/2013%E2%80%9314_Real_Madrid_CF_season,1,appeared_exact,2013-09-14_Real_Madrid_Villarreal_632,villarreal,la liga
2013-14,2013-09-17,Real Madrid,Galatasaray,Champions League,A,Galatasaray,Real Madrid,1-6,https://en.wikipedia.org/wiki/2013%E2%80%9314_Real_Madrid_CF_season,1,appeared_exact,2013-09-17_Real_Madrid_Galatasaray_633,galatasaray,champions league
2013-14,2013-09-22,Real Madrid,Getafe,La Liga,H,Real Madrid,Getafe,4-1,https://en.wikipedia.org/wiki/2013%E2%80%9314_Real_Madrid_CF_season,1,appeared_exact,2013-09-22_Real_Madrid_Getafe_634,getafe,la liga
2013-14,2013-09-25,Real Madrid,Elche,La Liga,A,Elche,Real Madrid,1-2,https://en.wikipedia.org/wiki/2013%E2%80%9314_Real_Madrid_CF_season,1,appeared_exact,2013-09-25_Real_Madrid_Elche_635,elche,la liga
2013-14,2013-09-28,Real Madrid,Atletico Madrid,La Liga,H,Real Madrid,Atletico Madrid,0-1,https://en.wikipedia.org/wiki/2013%E2%80%9314_Real_Madrid_CF_season,1,appeared_exact,2013-09-28_Real_Madrid_Atletico_Madrid_636,atletico madrid,la liga
2013-14,2013-10-02,Real Madrid,Copenhagen,Champions League,H,Real Madrid,Copenhagen,4-0,https://en.wikipedia.org/wiki/2013%E2%80%9314_Real_Madrid_CF_season,1,appeared_exact,2013-10-02_Real_Madrid_FC_Copenhagen_637,copenhagen,champions league
2013-14,2013-10-05,Real Madrid,Levante,La Liga,A,Levante,Real Madrid,2-3,https://en.wikipedia.org/wiki/2013%E2%80%9314_Real_Madrid_CF_season,1,appeared_exact,2013-10-05_Real_Madrid_Levante_638,levante,la liga
2013-14,2013-10-19,Real Madrid,Malaga,La Liga,H,Real Madrid,Malaga,2-0,https://en.wikipedia.org/wiki/2013%E2%80%9314_Real_Madrid_CF_season,1,appeared_exact,2013-10-19_Real_Madrid_Malaga_640,malaga,la liga
2013-14,2013-10-23,Real Madrid,Juventus,Champions League,H,Real Madrid,Juventus,2-1,https://en.wikipedia.org/wiki/2013%E2%80%9314_Real_Madrid_CF_season,1,appeared_exact,2013-10-23_Real_Madrid_Juventus_641,juventus,champions league
2013-14,2013-10-26,Real Madrid,Barcelona,La Liga,A,Barcelona,Real Madrid,2-1,https://en.wikipedia.org/wiki/2013%E2%80%9314_Real_Madrid_CF_season,1,appeared_exact,2013-10-26_Real_Madrid_Barcelona_642,barcelona,la liga
2013-14,2013-10-30,Real Madrid,Sevilla,La Liga,H,Real Madrid,Sevilla,7-3,https://en.wikipedia.org/wiki/2013%E2%80%9314_Real_Madrid_CF_season,1,appeared_exact,2013-10-30_Real_Madrid_Sevilla_643,sevilla,la liga
2013-14,2013-11-02,Real Madrid,Rayo Vallecano,La Liga,A,Rayo Vallecano,Real Madrid,2-3,https://en.wikipedia.org/wiki/2013%E2%80%9314_Real_Madrid_CF_season,1,appeared_exact,2013-11-02_Real_Madrid_Rayo_Vallecano_644,rayo vallecano,la liga
2013-14,2013-11-05,Real Madrid,Juventus,Champions League,A,Juventus,Real Madrid,2-2,https://en.wikipedia.org/wiki/2013%E2%80%9314_Real_Madrid_CF_season,1,appeared_exact,2013-11-05_Real_Madrid_Juventus_645,juventus,champions league
2013-14,2013-11-09,Real Madrid,Real Sociedad,La Liga,H,Real Madrid,Real Sociedad,5-1,https://en.wikipedia.org/wiki/2013%E2%80%9314_Real_Madrid_CF_season,1,appeared_exact,2013-11-09_Real_Madrid_Real_Sociedad_646,real sociedad,la liga
2013-14,2013-11-23,Real Madrid,Almeria,La Liga,A,Almeria,Real Madrid,0-5,https://en.wikipedia.org/wiki/2013%E2%80%9314_Real_Madrid_CF_season,1,appeared_exact,2013-11-23_Real_Madrid_Almeria_649,almeria,la liga
2013-14,2013-11-27,Real Madrid,Galatasaray,Champions League,H,Real Madrid,Galatasaray,4-1,https://en.wikipedia.org/wiki/2013%E2%80%9314_Real_Madrid_CF_season,0,did_not_appear,,galatasaray,champions league
2013-14,2013-11-30,Real Madrid,Real Valladolid,La Liga,H,Real Madrid,Real Valladolid,4-0,https://en.wikipedia.org/wiki/2013%E2%80%9314_Real_Madrid_CF_season,0,did_not_appear,,valladolid,la liga
2013-14,2013-12-10,Real Madrid,Copenhagen,Champions League,A,Copenhagen,Real Madrid,0-2,https://en.wikipedia.org/wiki/2013%E2%80%9314_Real_Madrid_CF_season,1,appeared_exact,2013-12-10_Real_Madrid_FC_Copenhagen_650,copenhagen,champions league
2013-14,2013-12-14,Real Madrid,Osasuna,La Liga,A,Osasuna,Real Madrid,2-2,https://en.wikipedia.org/wiki/2013%E2%80%9314_Real_Madrid_CF_season,1,appeared_exact,2013-12-14_Real_Madrid_Osasuna_651,osasuna,la liga
2013-14,2013-12-22,Real Madrid,Valencia,La Liga,A,Valencia,Real Madrid,2-3,https://en.wikipedia.org/wiki/2013%E2%80%9314_Real_Madrid_CF_season,1,appeared_exact,2013-12-22_Real_Madrid_Valencia_652,valencia,la liga
2013-14,2014-01-06,Real Madrid,Celta Vigo,La Liga,H,Real Madrid,Celta Vigo,3-0,https://en.wikipedia.org/wiki/2013%E2%80%9314_Real_Madrid_CF_season,1,appeared_exact,2014-01-06_Real_Madrid_Celta_Vigo_653,celta vigo,la liga
2013-14,2014-01-09,Real Madrid,Osasuna,Copa del Rey,H,Real Madrid,Osasuna,2-0,https://en.wikipedia.org/wiki/2013%E2%80%9314_Real_Madrid_CF_season,1,appeared_exact,2014-01-09_Real_Madrid_Osasuna_654,osasuna,copa del rey
2013-14,2014-01-12,Real Madrid,Espanyol,La Liga,A,Espanyol,Real Madrid,0-1,https://en.wikipedia.org/wiki/2013%E2%80%9314_Real_Madrid_CF_season,1,appeared_exact,2014-01-12_Real_Madrid_Espanyol_655,espanyol,la liga
2013-14,2014-01-15,Real Madrid,Osasuna,Copa del Rey,A,Osasuna,Real Madrid,0-2,https://en.wikipedia.org/wiki/2013%E2%80%9314_Real_Madrid_CF_season,1,appeared_exact,2014-01-15_Real_Madrid_Osasuna_656,osasuna,copa del rey
2013-14,2014-01-18,Real Madrid,Real Betis,La Liga,A,Real Betis,Real Madrid,0-5,https://en.wikipedia.org/wiki/2013%E2%80%9314_Real_Madrid_CF_season,1,appeared_exact,2014-01-18_Real_Madrid_Real_Betis_657,real betis,la liga
2013-14,2014-01-21,Real Madrid,Espanyol,Copa del Rey,A,Espanyol,Real Madrid,0-1,https://en.wikipedia.org/wiki/2013%E2%80%9314_Real_Madrid_CF_season,1,appeared_exact,2014-01-21_Real_Madrid_Espanyol_658,espanyol,copa del rey
2013-14,2014-01-25,Real Madrid,Granada,La Liga,H,Real Madrid,Granada,2-0,https://en.wikipedia.org/wiki/2013%E2%80%9314_Real_Madrid_CF_season,1,appeared_exact,2014-01-25_Real_Madrid_Granada_CF_659,granada,la liga
2013-14,2014-01-28,Real Madrid,Espanyol,Copa del Rey,H,Real Madrid,Espanyol,1-0,https://en.wikipedia.org/wiki/2013%E2%80%9314_Real_Madrid_CF_season,1,appeared_exact,2014-01-28_Real_Madrid_Espanyol_660,espanyol,copa del rey
2013-14,2014-02-02,Real Madrid,Athletic Bilbao,La Liga,A,Athletic Bilbao,Real Madrid,1-1,https://en.wikipedia.org/wiki/2013%E2%80%9314_Real_Madrid_CF_season,1,appeared_exact,2014-02-02_Real_Madrid_Athletic_Club_661,athletic bilbao,la liga
2013-14,2014-02-05,Real Madrid,Atletico Madrid,Copa del Rey,H,Real Madrid,Atletico Madrid,3-0,https://en.wikipedia.org/wiki/2013%E2%80%9314_Real_Madrid_CF_season,1,appeared_exact,2014-02-05_Real_Madrid_Atletico_Madrid_662,atletico madrid,copa del rey
2013-14,2014-02-11,Real Madrid,Atletico Madrid,Copa del Rey,A,Atletico Madrid,Real Madrid,0-2,https://en.wikipedia.org/wiki/2013%E2%80%9314_Real_Madrid_CF_season,1,appeared_exact,2014-02-11_Real_Madrid_Atletico_Madrid_663,atletico madrid,copa del rey
2013-14,2014-02-26,Real Madrid,Schalke 04,Champions League,A,Schalke 04,Real Madrid,1-6,https://en.wikipedia.org/wiki/2013%E2%80%9314_Real_Madrid_CF_season,1,appeared_exact,2014-02-26_Real_Madrid_FC_Schalke_04_664,schalke 04,champions league
2013-14,2014-03-02,Real Madrid,Atletico Madrid,La Liga,A,Atletico Madrid,Real Madrid,2-2,https://en.wikipedia.org/wiki/2013%E2%80%9314_Real_Madrid_CF_season,1,appeared_exact,2014-03-02_Real_Madrid_Atletico_Madrid_665,atletico madrid,la liga
2013-14,2014-03-09,Real Madrid,Levante,La Liga,H,Real Madrid,Levante,3-0,https://en.wikipedia.org/wiki/2013%E2%80%9314_Real_Madrid_CF_season,1,appeared_exact,2014-03-09_Real_Madrid_Levante_667,levante,la liga
2013-14,2014-03-15,Real Madrid,Malaga,La Liga,A,Malaga,Real Madrid,0-1,https://en.wikipedia.org/wiki/2013%E2%80%9314_Real_Madrid_CF_season,1,appeared_exact,2014-03-15_Real_Madrid_Malaga_668,malaga,la liga
2013-14,2014-03-18,Real Madrid,Schalke 04,Champions League,H,Real Madrid,Schalke 04,3-1,https://en.wikipedia.org/wiki/2013%E2%80%9314_Real_Madrid_CF_season,1,appeared_exact,2014-03-18_Real_Madrid_FC_Schalke_04_669,schalke 04,champions league
2013-14,2014-03-23,Real Madrid,Barcelona,La Liga,H,Real Madrid,Barcelona,3-4,https://en.wikipedia.org/wiki/2013%E2%80%9314_Real_Madrid_CF_season,1,appeared_exact,2014-03-23_Real_Madrid_Barcelona_670,barcelona,la liga
2013-14,2014-03-26,Real Madrid,Sevilla,La Liga,A,Sevilla,Real Madrid,2-1,https://en.wikipedia.org/wiki/2013%E2%80%9314_Real_Madrid_CF_season,1,appeared_exact,2014-03-26_Real_Madrid_Sevilla_671,sevilla,la liga
2013-14,2014-03-29,Real Madrid,Rayo Vallecano,La Liga,H,Real Madrid,Rayo Vallecano,5-0,https://en.wikipedia.org/wiki/2013%E2%80%9314_Real_Madrid_CF_season,1,appeared_exact,2014-03-29_Real_Madrid_Rayo_Vallecano_672,rayo vallecano,la liga
2013-14,2014-04-02,Real Madrid,Borussia Dortmund,Champions League,H,Real Madrid,Borussia Dortmund,3-0,https://en.wikipedia.org/wiki/2013%E2%80%9314_Real_Madrid_CF_season,1,appeared_exact,2014-04-02_Real_Madrid_Borussia_Dortmund_673,borussia dortmund,champions league
2013-14,2014-04-05,Real Madrid,Real Sociedad,La Liga,A,Real Sociedad,Real Madrid,0-4,https://en.wikipedia.org/wiki/2013%E2%80%9314_Real_Madrid_CF_season,0,did_not_appear,,real sociedad,la liga
2013-14,2014-04-08,Real Madrid,Borussia Dortmund,Champions League,A,Borussia Dortmund,Real Madrid,2-0,https://en.wikipedia.org/wiki/2013%E2%80%9314_Real_Madrid_CF_season,0,did_not_appear,,borussia dortmund,champions league
2013-14,2014-04-12,Real Madrid,Almeria,La Liga,H,Real Madrid,Almeria,4-0,https://en.wikipedia.org/wiki/2013%E2%80%9314_Real_Madrid_CF_season,0,did_not_appear,,almeria,la liga
2013-14,2014-04-15,Real Madrid,Barcelona,Copa del Rey,A,Barcelona,Real Madrid,1-2,https://en.wikipedia.org/wiki/2013%E2%80%9314_Real_Madrid_CF_season,0,did_not_appear,,barcelona,copa del rey
2013-14,2014-04-23,Real Madrid,Bayern Munich,Champions League,H,Real Madrid,Bayern Munich,1-0,https://en.wikipedia.org/wiki/2013%E2%80%9314_Real_Madrid_CF_season,1,appeared_exact,2014-04-23_Real_Madrid_Bayern_Munich_674,bayern munich,champions league
2013-14,2014-04-26,Real Madrid,Osasuna,La Liga,H,Real Madrid,Osasuna,4-0,https://en.wikipedia.org/wiki/2013%E2%80%9314_Real_Madrid_CF_season,1,appeared_exact,2014-04-26_Real_Madrid_Osasuna_675,osasuna,la liga
2013-14,2014-04-29,Real Madrid,Bayern Munich,Champions League,A,Bayern Munich,Real Madrid,0-4,https://en.wikipedia.org/wiki/2013%E2%80%9314_Real_Madrid_CF_season,1,appeared_exact,2014-04-29_Real_Madrid_Bayern_Munich_676,bayern munich,champions league
2013-14,2014-05-04,Real Madrid,Valencia,La Liga,H,Real Madrid,Valencia,2-2,https://en.wikipedia.org/wiki/2013%E2%80%9314_Real_Madrid_CF_season,1,appeared_exact,2014-05-04_Real_Madrid_Valencia_677,valencia,la liga
2013-14,2014-05-07,Real Madrid,Real Valladolid,La Liga,A,Real Valladolid,Real Madrid,1-1,https://en.wikipedia.org/wiki/2013%E2%80%9314_Real_Madrid_CF_season,1,appeared_exact,2014-05-07_Real_Madrid_Real_Valladolid_678,valladolid,la liga
2013-14,2014-05-11,Real Madrid,Celta Vigo,La Liga,A,Celta Vigo,Real Madrid,2-0,https://en.wikipedia.org/wiki/2013%E2%80%9314_Real_Madrid_CF_season,0,did_not_appear,,celta vigo,la liga
2013-14,2014-05-17,Real Madrid,Espanyol,La Liga,H,Real Madrid,Espanyol,3-1,https://en.wikipedia.org/wiki/2013%E2%80%9314_Real_Madrid_CF_season,0,did_not_appear,,espanyol,la liga
2013-14,2014-05-24,Real Madrid,Atletico Madrid,Champions League,H,Real Madrid,Atletico Madrid,4-1,https://en.wikipedia.org/wiki/2013%E2%80%9314_Real_Madrid_CF_season,1,appeared_exact,2014-05-24_Real_Madrid_Atletico_Madrid_679,atletico madrid,champions league
2014-15,2014-08-12,Real Madrid,Sevilla,UEFA Super Cup,H,Real Madrid,Sevilla,2-0,https://en.wikipedia.org/wiki/2014%E2%80%9315_Real_Madrid_CF_season,1,appeared_exact,2014-08-12_Real_Madrid_Sevilla_684,sevilla,uefa super cup
2014-15,2014-08-19,Real Madrid,Atletico Madrid,Supercopa de España,H,Real Madrid,Atletico Madrid,1-1,https://en.wikipedia.org/wiki/2014%E2%80%9315_Real_Madrid_CF_season,1,appeared_exact,2014-08-19_Real_Madrid_Atletico_Madrid_685,atletico madrid,supercopa de espana
2014-15,2014-08-22,Real Madrid,Atletico Madrid,Supercopa de España,A,Atletico Madrid,Real Madrid,1-0,https://en.wikipedia.org/wiki/2014%E2%80%9315_Real_Madrid_CF_season,1,appeared_exact,2014-08-22_Real_Madrid_Atletico_Madrid_686,atletico madrid,supercopa de espana
2014-15,2014-08-25,Real Madrid,Cordoba,La Liga,H,Real Madrid,Cordoba,2-0,https://en.wikipedia.org/wiki/2014%E2%80%9315_Real_Madrid_CF_season,1,appeared_exact,2014-08-25_Real_Madrid_Cordoba_687,cordoba,la liga
2014-15,2014-08-31,Real Madrid,Real Sociedad,La Liga,A,Real Sociedad,Real Madrid,4-2,https://en.wikipedia.org/wiki/2014%E2%80%9315_Real_Madrid_CF_season,0,did_not_appear,,real sociedad,la liga
2014-15,2014-09-13,Real Madrid,Atletico Madrid,La Liga,H,Real Madrid,Atletico Madrid,1-2,https://en.wikipedia.org/wiki/2014%E2%80%9315_Real_Madrid_CF_season,1,appeared_exact,2014-09-13_Real_Madrid_Atletico_Madrid_688,atletico madrid,la liga
2014-15,2014-09-16,Real Madrid,Basel,Champions League,H,Real Madrid,Basel,5-1,https://en.wikipedia.org/wiki/2014%E2%80%9315_Real_Madrid_CF_season,1,appeared_exact,2014-09-16_Real_Madrid_FC_Basel_1893_689,basel,champions league
2014-15,2014-09-20,Real Madrid,Deportivo La Coruna,La Liga,A,Deportivo La Coruna,Real Madrid,2-8,https://en.wikipedia.org/wiki/2014%E2%80%9315_Real_Madrid_CF_season,1,appeared_exact,2014-09-20_Real_Madrid_Deportivo_La_Coruna_690,deportivo la coruna,la liga
2014-15,2014-09-23,Real Madrid,Elche,La Liga,H,Real Madrid,Elche,5-1,https://en.wikipedia.org/wiki/2014%E2%80%9315_Real_Madrid_CF_season,1,appeared_exact,2014-09-23_Real_Madrid_Elche_691,elche,la liga
2014-15,2014-09-27,Real Madrid,Villarreal,La Liga,A,Villarreal,Real Madrid,0-2,https://en.wikipedia.org/wiki/2014%E2%80%9315_Real_Madrid_CF_season,1,appeared_exact,2014-09-27_Real_Madrid_Villarreal_692,villarreal,la liga
2014-15,2014-10-01,Real Madrid,Ludogorets Razgrad,Champions League,A,Ludogorets Razgrad,Real Madrid,1-2,https://en.wikipedia.org/wiki/2014%E2%80%9315_Real_Madrid_CF_season,1,appeared_exact,2014-10-01_Real_Madrid_Ludogorets_693,ludogorets razgrad,champions league
2014-15,2014-10-05,Real Madrid,Athletic Bilbao,La Liga,H,Real Madrid,Athletic Bilbao,5-0,https://en.wikipedia.org/wiki/2014%E2%80%9315_Real_Madrid_CF_season,1,appeared_exact,2014-10-05_Real_Madrid_Athletic_Club_694,athletic bilbao,la liga
2014-15,2014-10-18,Real Madrid,Levante,La Liga,A,Levante,Real Madrid,0-5,https://en.wikipedia.org/wiki/2014%E2%80%9315_Real_Madrid_CF_season,1,appeared_exact,2014-10-18_Real_Madrid_Levante_697,levante,la liga
2014-15,2014-10-22,Real Madrid,Liverpool,Champions League,A,Liverpool,Real Madrid,0-3,https://en.wikipedia.org/wiki/2014%E2%80%9315_Real_Madrid_CF_season,1,appeared_exact,2014-10-22_Real_Madrid_Liverpool_698,liverpool,champions league
2014-15,2014-10-25,Real Madrid,Barcelona,La Liga,H,Real Madrid,Barcelona,3-1,https://en.wikipedia.org/wiki/2014%E2%80%9315_Real_Madrid_CF_season,1,appeared_exact,2014-10-25_Real_Madrid_Barcelona_699,barcelona,la liga
2014-15,2014-10-29,Real Madrid,UE Cornella,Copa del Rey,A,UE Cornella,Real Madrid,1-4,https://en.wikipedia.org/wiki/2014%E2%80%9315_Real_Madrid_CF_season,0,did_not_appear,,ue cornella,copa del rey
2014-15,2014-11-01,Real Madrid,Granada,La Liga,A,Granada,Real Madrid,0-4,https://en.wikipedia.org/wiki/2014%E2%80%9315_Real_Madrid_CF_season,1,appeared_exact,2014-11-01_Real_Madrid_Granada_CF_700,granada,la liga
2014-15,2014-11-04,Real Madrid,Liverpool,Champions League,H,Real Madrid,Liverpool,1-0,https://en.wikipedia.org/wiki/2014%E2%80%9315_Real_Madrid_CF_season,1,appeared_exact,2014-11-04_Real_Madrid_Liverpool_701,liverpool,champions league
2014-15,2014-11-08,Real Madrid,Rayo Vallecano,La Liga,H,Real Madrid,Rayo Vallecano,5-1,https://en.wikipedia.org/wiki/2014%E2%80%9315_Real_Madrid_CF_season,1,appeared_exact,2014-11-08_Real_Madrid_Rayo_Vallecano_702,rayo vallecano,la liga
2014-15,2014-11-22,Real Madrid,Eibar,La Liga,A,Eibar,Real Madrid,0-4,https://en.wikipedia.org/wiki/2014%E2%80%9315_Real_Madrid_CF_season,1,appeared_exact,2014-11-22_Real_Madrid_Eibar_705,eibar,la liga
2014-15,2014-11-26,Real Madrid,Basel,Champions League,A,Basel,Real Madrid,0-1,https://en.wikipedia.org/wiki/2014%E2%80%9315_Real_Madrid_CF_season,1,appeared_exact,2014-11-26_Real_Madrid_FC_Basel_1893_706,basel,champions league
2014-15,2014-11-29,Real Madrid,Malaga,La Liga,A,Malaga,Real Madrid,1-2,https://en.wikipedia.org/wiki/2014%E2%80%9315_Real_Madrid_CF_season,1,appeared_exact,2014-11-29_Real_Madrid_Malaga_707,malaga,la liga
2014-15,2014-12-02,Real Madrid,UE Cornella,Copa del Rey,H,Real Madrid,UE Cornella,5-0,https://en.wikipedia.org/wiki/2014%E2%80%9315_Real_Madrid_CF_season,0,did_not_appear,,ue cornella,copa del rey
2014-15,2014-12-06,Real Madrid,Celta Vigo,La Liga,H,Real Madrid,Celta Vigo,3-0,https://en.wikipedia.org/wiki/2014%E2%80%9315_Real_Madrid_CF_season,1,appeared_exact,2014-12-06_Real_Madrid_Celta_Vigo_708,celta vigo,la liga
2014-15,2014-12-09,Real Madrid,Ludogorets Razgrad,Champions League,H,Real Madrid,Ludogorets Razgrad,4-0,https://en.wikipedia.org/wiki/2014%E2%80%9315_Real_Madrid_CF_season,1,appeared_exact,2014-12-09_Real_Madrid_Ludogorets_709,ludogorets razgrad,champions league
2014-15,2014-12-12,Real Madrid,Almeria,La Liga,A,Almeria,Real Madrid,1-4,https://en.wikipedia.org/wiki/2014%E2%80%9315_Real_Madrid_CF_season,1,appeared_exact,2014-12-12_Real_Madrid_Almeria_710,almeria,la liga
2014-15,2014-12-16,Real Madrid,Cruz Azul,FIFA Club World Cup,A,Cruz Azul,Real Madrid,0-4,https://en.wikipedia.org/wiki/2014%E2%80%9315_Real_Madrid_CF_season,1,appeared_exact,2014-12-16_Real_Madrid_Cruz_Azul_711,cruz azul,fifa club world cup
2014-15,2014-12-20,Real Madrid,San Lorenzo,FIFA Club World Cup,H,Real Madrid,San Lorenzo,2-0,https://en.wikipedia.org/wiki/2014%E2%80%9315_Real_Madrid_CF_season,1,appeared_exact,2014-12-20_Real_Madrid_San_Lorenzo_712,san lorenzo,fifa club world cup
2014-15,2015-01-04,Real Madrid,Valencia,La Liga,A,Valencia,Real Madrid,2-1,https://en.wikipedia.org/wiki/2014%E2%80%9315_Real_Madrid_CF_season,1,appeared_exact,2015-01-04_Real_Madrid_Valencia_713,valencia,la liga
2014-15,2015-01-07,Real Madrid,Atletico Madrid,Copa del Rey,A,Atletico Madrid,Real Madrid,2-0,https://en.wikipedia.org/wiki/2014%E2%80%9315_Real_Madrid_CF_season,1,appeared_exact,2015-01-07_Real_Madrid_Atletico_Madrid_714,atletico madrid,copa del rey
2014-15,2015-01-10,Real Madrid,Espanyol,La Liga,H,Real Madrid,Espanyol,3-0,https://en.wikipedia.org/wiki/2014%E2%80%9315_Real_Madrid_CF_season,1,appeared_exact,2015-01-10_Real_Madrid_Espanyol_715,espanyol,la liga
2014-15,2015-01-15,Real Madrid,Atletico Madrid,Copa del Rey,H,Real Madrid,Atletico Madrid,2-2,https://en.wikipedia.org/wiki/2014%E2%80%9315_Real_Madrid_CF_season,1,appeared_exact,2015-01-15_Real_Madrid_Atletico_Madrid_716,atletico madrid,copa del rey
2014-15,2015-01-18,Real Madrid,Getafe,La Liga,A,Getafe,Real Madrid,0-3,https://en.wikipedia.org/wiki/2014%E2%80%9315_Real_Madrid_CF_season,1,appeared_exact,2015-01-18_Real_Madrid_Getafe_717,getafe,la liga
2014-15,2015-01-24,Real Madrid,Cordoba,La Liga,A,Cordoba,Real Madrid,1-2,https://en.wikipedia.org/wiki/2014%E2%80%9315_Real_Madrid_CF_season,1,appeared_exact,2015-01-24_Real_Madrid_Cordoba_718,cordoba,la liga
2014-15,2015-02-07,Real Madrid,Atletico Madrid,La Liga,A,Atletico Madrid,Real Madrid,4-0,https://en.wikipedia.org/wiki/2014%E2%80%9315_Real_Madrid_CF_season,1,appeared_exact,2015-02-07_Real_Madrid_Atletico_Madrid_719,atletico madrid,la liga
2014-15,2015-02-14,Real Madrid,Deportivo La Coruna,La Liga,H,Real Madrid,Deportivo La Coruna,2-0,https://en.wikipedia.org/wiki/2014%E2%80%9315_Real_Madrid_CF_season,1,appeared_exact,2015-02-14_Real_Madrid_Deportivo_La_Coruna_720,deportivo la coruna,la liga
2014-15,2015-02-18,Real Madrid,Schalke 04,Champions League,A,Schalke 04,Real Madrid,0-2,https://en.wikipedia.org/wiki/2014%E2%80%9315_Real_Madrid_CF_season,1,appeared_exact,2015-02-18_Real_Madrid_FC_Schalke_04_721,schalke 04,champions league
2014-15,2015-02-22,Real Madrid,Elche,La Liga,A,Elche,Real Madrid,0-2,https://en.wikipedia.org/wiki/2014%E2%80%9315_Real_Madrid_CF_season,1,appeared_exact,2015-02-22_Real_Madrid_Elche_722,elche,la liga
2014-15,2015-03-01,Real Madrid,Villarreal,La Liga,H,Real Madrid,Villarreal,1-1,https://en.wikipedia.org/wiki/2014%E2%80%9315_Real_Madrid_CF_season,1,appeared_exact,2015-03-01_Real_Madrid_Villarreal_723,villarreal,la liga
2014-15,2015-03-07,Real Madrid,Athletic Bilbao,La Liga,A,Athletic Bilbao,Real Madrid,1-0,https://en.wikipedia.org/wiki/2014%E2%80%9315_Real_Madrid_CF_season,1,appeared_exact,2015-03-07_Real_Madrid_Athletic_Club_724,athletic bilbao,la liga
2014-15,2015-03-10,Real Madrid,Schalke 04,Champions League,H,Real Madrid,Schalke 04,3-4,https://en.wikipedia.org/wiki/2014%E2%80%9315_Real_Madrid_CF_season,1,appeared_exact,2015-03-10_Real_Madrid_FC_Schalke_04_725,schalke 04,champions league
2014-15,2015-03-15,Real Madrid,Levante,La Liga,H,Real Madrid,Levante,2-0,https://en.wikipedia.org/wiki/2014%E2%80%9315_Real_Madrid_CF_season,1,appeared_exact,2015-03-15_Real_Madrid_Levante_726,levante,la liga
2014-15,2015-03-22,Real Madrid,Barcelona,La Liga,A,Barcelona,Real Madrid,2-1,https://en.wikipedia.org/wiki/2014%E2%80%9315_Real_Madrid_CF_season,1,appeared_exact,2015-03-22_Real_Madrid_Barcelona_727,barcelona,la liga
2014-15,2015-04-05,Real Madrid,Granada,La Liga,H,Real Madrid,Granada,9-1,https://en.wikipedia.org/wiki/2014%E2%80%9315_Real_Madrid_CF_season,1,appeared_exact,2015-04-05_Real_Madrid_Granada_CF_729,granada,la liga
2014-15,2015-04-08,Real Madrid,Rayo Vallecano,La Liga,A,Rayo Vallecano,Real Madrid,0-2,https://en.wikipedia.org/wiki/2014%E2%80%9315_Real_Madrid_CF_season,1,appeared_exact,2015-04-08_Real_Madrid_Rayo_Vallecano_730,rayo vallecano,la liga
2014-15,2015-04-11,Real Madrid,Eibar,La Liga,H,Real Madrid,Eibar,3-0,https://en.wikipedia.org/wiki/2014%E2%80%9315_Real_Madrid_CF_season,1,appeared_exact,2015-04-11_Real_Madrid_Eibar_731,eibar,la liga
2014-15,2015-04-14,Real Madrid,Atletico Madrid,Champions League,A,Atletico Madrid,Real Madrid,0-0,https://en.wikipedia.org/wiki/2014%E2%80%9315_Real_Madrid_CF_season,1,appeared_exact,2015-04-14_Real_Madrid_Atletico_Madrid_732,atletico madrid,champions league
2014-15,2015-04-18,Real Madrid,Malaga,La Liga,H,Real Madrid,Malaga,3-1,https://en.wikipedia.org/wiki/2014%E2%80%9315_Real_Madrid_CF_season,1,appeared_exact,2015-04-18_Real_Madrid_Malaga_733,malaga,la liga
2014-15,2015-04-22,Real Madrid,Atletico Madrid,Champions League,H,Real Madrid,Atletico Madrid,1-0,https://en.wikipedia.org/wiki/2014%E2%80%9315_Real_Madrid_CF_season,1,appeared_exact,2015-04-22_Real_Madrid_Atletico_Madrid_734,atletico madrid,champions league
2014-15,2015-04-26,Real Madrid,Celta Vigo,La Liga,A,Celta Vigo,Real Madrid,2-4,https://en.wikipedia.org/wiki/2014%E2%80%9315_Real_Madrid_CF_season,1,appeared_exact,2015-04-26_Real_Madrid_Celta_Vigo_735,celta vigo,la liga
2014-15,2015-04-29,Real Madrid,Almeria,La Liga,H,Real Madrid,Almeria,3-0,https://en.wikipedia.org/wiki/2014%E2%80%9315_Real_Madrid_CF_season,1,appeared_exact,2015-04-29_Real_Madrid_Almeria_736,almeria,la liga
2014-15,2015-05-02,Real Madrid,Sevilla,La Liga,A,Sevilla,Real Madrid,2-3,https://en.wikipedia.org/wiki/2014%E2%80%9315_Real_Madrid_CF_season,1,appeared_exact,2015-05-02_Real_Madrid_Sevilla_737,sevilla,la liga
2014-15,2015-05-05,Real Madrid,Juventus,Champions League,A,Juventus,Real Madrid,2-1,https://en.wikipedia.org/wiki/2014%E2%80%9315_Real_Madrid_CF_season,1,appeared_exact,2015-05-05_Real_Madrid_Juventus_738,juventus,champions league
2014-15,2015-05-09,Real Madrid,Valencia,La Liga,H,Real Madrid,Valencia,2-2,https://en.wikipedia.org/wiki/2014%E2%80%9315_Real_Madrid_CF_season,1,appeared_exact,2015-05-09_Real_Madrid_Valencia_739,valencia,la liga
2014-15,2015-05-13,Real Madrid,Juventus,Champions League,H,Real Madrid,Juventus,1-1,https://en.wikipedia.org/wiki/2014%E2%80%9315_Real_Madrid_CF_season,1,appeared_exact,2015-05-13_Real_Madrid_Juventus_740,juventus,champions league
2014-15,2015-05-17,Real Madrid,Espanyol,La Liga,A,Espanyol,Real Madrid,1-4,https://en.wikipedia.org/wiki/2014%E2%80%9315_Real_Madrid_CF_season,1,appeared_exact,2015-05-17_Real_Madrid_Espanyol_741,espanyol,la liga
2014-15,2015-05-23,Real Madrid,Getafe,La Liga,H,Real Madrid,Getafe,7-3,https://en.wikipedia.org/wiki/2014%E2%80%9315_Real_Madrid_CF_season,1,appeared_exact,2015-05-23_Real_Madrid_Getafe_742,getafe,la liga
2015-16,2015-08-23,Real Madrid,Sporting Gijon,La Liga,A,Sporting Gijon,Real Madrid,0-0,https://en.wikipedia.org/wiki/2015%E2%80%9316_Real_Madrid_CF_season,1,appeared_exact,2015-08-23_Real_Madrid_Sporting_Gijon_744,sporting gijon,la liga
2015-16,2015-08-29,Real Madrid,Real Betis,La Liga,H,Real Madrid,Real Betis,5-0,https://en.wikipedia.org/wiki/2015%E2%80%9316_Real_Madrid_CF_season,1,appeared_exact,2015-08-29_Real_Madrid_Real_Betis_745,real betis,la liga
2015-16,2015-09-12,Real Madrid,Espanyol,La Liga,A,Espanyol,Real Madrid,0-6,https://en.wikipedia.org/wiki/2015%E2%80%9316_Real_Madrid_CF_season,1,appeared_exact,2015-09-12_Real_Madrid_Espanyol_748,espanyol,la liga
2015-16,2015-09-15,Real Madrid,Shakhtar Donetsk,Champions League,H,Real Madrid,Shakhtar Donetsk,4-0,https://en.wikipedia.org/wiki/2015%E2%80%9316_Real_Madrid_CF_season,1,appeared_exact,2015-09-15_Real_Madrid_Shakhtar_Donetsk_749,shakhtar donetsk,champions league
2015-16,2015-09-19,Real Madrid,Granada,La Liga,H,Real Madrid,Granada,1-0,https://en.wikipedia.org/wiki/2015%E2%80%9316_Real_Madrid_CF_season,1,appeared_exact,2015-09-19_Real_Madrid_Granada_CF_750,granada,la liga
2015-16,2015-09-23,Real Madrid,Athletic Bilbao,La Liga,A,Athletic Bilbao,Real Madrid,1-2,https://en.wikipedia.org/wiki/2015%E2%80%9316_Real_Madrid_CF_season,1,appeared_exact,2015-09-23_Real_Madrid_Athletic_Club_751,athletic bilbao,la liga
2015-16,2015-09-26,Real Madrid,Malaga,La Liga,H,Real Madrid,Malaga,0-0,https://en.wikipedia.org/wiki/2015%E2%80%9316_Real_Madrid_CF_season,1,appeared_exact,2015-09-26_Real_Madrid_Malaga_752,malaga,la liga
2015-16,2015-09-30,Real Madrid,Malmo FF,Champions League,A,Malmo FF,Real Madrid,0-2,https://en.wikipedia.org/wiki/2015%E2%80%9316_Real_Madrid_CF_season,1,appeared_exact,2015-09-30_Real_Madrid_Malmo_FF_753,malmo ff,champions league
2015-16,2015-10-04,Real Madrid,Atletico Madrid,La Liga,A,Atletico Madrid,Real Madrid,1-1,https://en.wikipedia.org/wiki/2015%E2%80%9316_Real_Madrid_CF_season,1,appeared_exact,2015-10-04_Real_Madrid_Atletico_Madrid_754,atletico madrid,la liga
2015-16,2015-10-17,Real Madrid,Levante,La Liga,H,Real Madrid,Levante,3-0,https://en.wikipedia.org/wiki/2015%E2%80%9316_Real_Madrid_CF_season,1,appeared_exact,2015-10-17_Real_Madrid_Levante_756,levante,la liga
2015-16,2015-10-21,Real Madrid,Paris Saint-Germain,Champions League,A,Paris Saint-Germain,Real Madrid,0-0,https://en.wikipedia.org/wiki/2015%E2%80%9316_Real_Madrid_CF_season,1,appeared_exact,2015-10-21_Real_Madrid_Paris_Saint_Germain_757,paris saint germain,champions league
2015-16,2015-10-24,Real Madrid,Celta Vigo,La Liga,A,Celta Vigo,Real Madrid,1-3,https://en.wikipedia.org/wiki/2015%E2%80%9316_Real_Madrid_CF_season,1,appeared_exact,2015-10-24_Real_Madrid_Celta_Vigo_758,celta vigo,la liga
2015-16,2015-10-31,Real Madrid,Las Palmas,La Liga,H,Real Madrid,Las Palmas,3-1,https://en.wikipedia.org/wiki/2015%E2%80%9316_Real_Madrid_CF_season,1,appeared_exact,2015-10-31_Real_Madrid_Las_Palmas_759,las palmas,la liga
2015-16,2015-11-03,Real Madrid,Paris Saint-Germain,Champions League,H,Real Madrid,Paris Saint-Germain,1-0,https://en.wikipedia.org/wiki/2015%E2%80%9316_Real_Madrid_CF_season,1,appeared_exact,2015-11-03_Real_Madrid_Paris_Saint_Germain_760,paris saint germain,champions league
2015-16,2015-11-08,Real Madrid,Sevilla,La Liga,A,Sevilla,Real Madrid,3-2,https://en.wikipedia.org/wiki/2015%E2%80%9316_Real_Madrid_CF_season,1,appeared_exact,2015-11-08_Real_Madrid_Sevilla_761,sevilla,la liga
2015-16,2015-11-21,Real Madrid,Barcelona,La Liga,H,Real Madrid,Barcelona,0-4,https://en.wikipedia.org/wiki/2015%E2%80%9316_Real_Madrid_CF_season,1,appeared_exact,2015-11-21_Real_Madrid_Barcelona_762,barcelona,la liga
2015-16,2015-11-25,Real Madrid,Shakhtar Donetsk,Champions League,A,Shakhtar Donetsk,Real Madrid,3-4,https://en.wikipedia.org/wiki/2015%E2%80%9316_Real_Madrid_CF_season,1,appeared_exact,2015-11-25_Real_Madrid_Shakhtar_Donetsk_763,shakhtar donetsk,champions league
2015-16,2015-11-29,Real Madrid,Eibar,La Liga,A,Eibar,Real Madrid,0-2,https://en.wikipedia.org/wiki/2015%E2%80%9316_Real_Madrid_CF_season,1,appeared_exact,2015-11-29_Real_Madrid_Eibar_764,eibar,la liga
2015-16,2015-12-02,Real Madrid,Cadiz,Copa del Rey,A,Cadiz,Real Madrid,1-3,https://en.wikipedia.org/wiki/2015%E2%80%9316_Real_Madrid_CF_season,0,did_not_appear,,cadiz,copa del rey
2015-16,2015-12-05,Real Madrid,Getafe,La Liga,H,Real Madrid,Getafe,4-1,https://en.wikipedia.org/wiki/2015%E2%80%9316_Real_Madrid_CF_season,1,appeared_exact,2015-12-05_Real_Madrid_Getafe_765,getafe,la liga
2015-16,2015-12-08,Real Madrid,Malmo FF,Champions League,H,Real Madrid,Malmo FF,8-0,https://en.wikipedia.org/wiki/2015%E2%80%9316_Real_Madrid_CF_season,1,appeared_exact,2015-12-08_Real_Madrid_Malmo_FF_766,malmo ff,champions league
2015-16,2015-12-13,Real Madrid,Villarreal,La Liga,A,Villarreal,Real Madrid,1-0,https://en.wikipedia.org/wiki/2015%E2%80%9316_Real_Madrid_CF_season,1,appeared_exact,2015-12-13_Real_Madrid_Villarreal_767,villarreal,la liga
2015-16,2015-12-20,Real Madrid,Rayo Vallecano,La Liga,H,Real Madrid,Rayo Vallecano,10-2,https://en.wikipedia.org/wiki/2015%E2%80%9316_Real_Madrid_CF_season,1,appeared_exact,2015-12-20_Real_Madrid_Rayo_Vallecano_768,rayo vallecano,la liga
2015-16,2015-12-30,Real Madrid,Real Sociedad,La Liga,H,Real Madrid,Real Sociedad,3-1,https://en.wikipedia.org/wiki/2015%E2%80%9316_Real_Madrid_CF_season,1,appeared_exact,2015-12-30_Real_Madrid_Real_Sociedad_769,real sociedad,la liga
2015-16,2016-01-03,Real Madrid,Valencia,La Liga,A,Valencia,Real Madrid,2-2,https://en.wikipedia.org/wiki/2015%E2%80%9316_Real_Madrid_CF_season,1,appeared_exact,2016-01-03_Real_Madrid_Valencia_770,valencia,la liga
2015-16,2016-01-09,Real Madrid,Deportivo La Coruna,La Liga,H,Real Madrid,Deportivo La Coruna,5-0,https://en.wikipedia.org/wiki/2015%E2%80%9316_Real_Madrid_CF_season,1,appeared_exact,2016-01-09_Real_Madrid_Deportivo_La_Coruna_771,deportivo la coruna,la liga
2015-16,2016-01-17,Real Madrid,Sporting Gijon,La Liga,H,Real Madrid,Sporting Gijon,5-1,https://en.wikipedia.org/wiki/2015%E2%80%9316_Real_Madrid_CF_season,1,appeared_exact,2016-01-17_Real_Madrid_Sporting_Gijon_772,sporting gijon,la liga
2015-16,2016-01-24,Real Madrid,Real Betis,La Liga,A,Real Betis,Real Madrid,1-1,https://en.wikipedia.org/wiki/2015%E2%80%9316_Real_Madrid_CF_season,1,appeared_exact,2016-01-24_Real_Madrid_Real_Betis_773,real betis,la liga
2015-16,2016-01-31,Real Madrid,Espanyol,La Liga,H,Real Madrid,Espanyol,6-0,https://en.wikipedia.org/wiki/2015%E2%80%9316_Real_Madrid_CF_season,1,appeared_exact,2016-01-31_Real_Madrid_Espanyol_774,espanyol,la liga
2015-16,2016-02-07,Real Madrid,Granada,La Liga,A,Granada,Real Madrid,1-2,https://en.wikipedia.org/wiki/2015%E2%80%9316_Real_Madrid_CF_season,1,appeared_exact,2016-02-07_Real_Madrid_Granada_CF_775,granada,la liga
2015-16,2016-02-13,Real Madrid,Athletic Bilbao,La Liga,H,Real Madrid,Athletic Bilbao,4-2,https://en.wikipedia.org/wiki/2015%E2%80%9316_Real_Madrid_CF_season,1,appeared_exact,2016-02-13_Real_Madrid_Athletic_Club_776,athletic bilbao,la liga
2015-16,2016-02-17,Real Madrid,Roma,Champions League,A,Roma,Real Madrid,0-2,https://en.wikipedia.org/wiki/2015%E2%80%9316_Real_Madrid_CF_season,1,appeared_exact,2016-02-17_Real_Madrid_AS_Roma_777,roma,champions league
2015-16,2016-02-21,Real Madrid,Malaga,La Liga,A,Malaga,Real Madrid,1-1,https://en.wikipedia.org/wiki/2015%E2%80%9316_Real_Madrid_CF_season,1,appeared_exact,2016-02-21_Real_Madrid_Malaga_778,malaga,la liga
2015-16,2016-02-27,Real Madrid,Atletico Madrid,La Liga,H,Real Madrid,Atletico Madrid,0-1,https://en.wikipedia.org/wiki/2015%E2%80%9316_Real_Madrid_CF_season,1,appeared_exact,2016-02-27_Real_Madrid_Atletico_Madrid_779,atletico madrid,la liga
2015-16,2016-03-02,Real Madrid,Levante,La Liga,A,Levante,Real Madrid,1-3,https://en.wikipedia.org/wiki/2015%E2%80%9316_Real_Madrid_CF_season,1,appeared_exact,2016-03-02_Real_Madrid_Levante_780,levante,la liga
2015-16,2016-03-05,Real Madrid,Celta Vigo,La Liga,H,Real Madrid,Celta Vigo,7-1,https://en.wikipedia.org/wiki/2015%E2%80%9316_Real_Madrid_CF_season,1,appeared_exact,2016-03-05_Real_Madrid_Celta_Vigo_781,celta vigo,la liga
2015-16,2016-03-08,Real Madrid,Roma,Champions League,H,Real Madrid,Roma,2-0,https://en.wikipedia.org/wiki/2015%E2%80%9316_Real_Madrid_CF_season,1,appeared_exact,2016-03-08_Real_Madrid_AS_Roma_782,roma,champions league
2015-16,2016-03-13,Real Madrid,Las Palmas,La Liga,A,Las Palmas,Real Madrid,1-2,https://en.wikipedia.org/wiki/2015%E2%80%9316_Real_Madrid_CF_season,1,appeared_exact,2016-03-13_Real_Madrid_Las_Palmas_783,las palmas,la liga
2015-16,2016-03-20,Real Madrid,Sevilla,La Liga,H,Real Madrid,Sevilla,4-0,https://en.wikipedia.org/wiki/2015%E2%80%9316_Real_Madrid_CF_season,1,appeared_exact,2016-03-20_Real_Madrid_Sevilla_784,sevilla,la liga
2015-16,2016-04-02,Real Madrid,Barcelona,La Liga,A,Barcelona,Real Madrid,1-2,https://en.wikipedia.org/wiki/2015%E2%80%9316_Real_Madrid_CF_season,1,appeared_exact,2016-04-02_Real_Madrid_Barcelona_787,barcelona,la liga
2015-16,2016-04-06,Real Madrid,VfL Wolfsburg,Champions League,A,VfL Wolfsburg,Real Madrid,2-0,https://en.wikipedia.org/wiki/2015%E2%80%9316_Real_Madrid_CF_season,1,appeared_exact,2016-04-06_Real_Madrid_VfL_Wolfsburg_788,vfl wolfsburg,champions league
2015-16,2016-04-09,Real Madrid,Eibar,La Liga,H,Real Madrid,Eibar,4-0,https://en.wikipedia.org/wiki/2015%E2%80%9316_Real_Madrid_CF_season,1,appeared_exact,2016-04-09_Real_Madrid_Eibar_789,eibar,la liga
2015-16,2016-04-12,Real Madrid,VfL Wolfsburg,Champions League,H,Real Madrid,VfL Wolfsburg,3-0,https://en.wikipedia.org/wiki/2015%E2%80%9316_Real_Madrid_CF_season,1,appeared_exact,2016-04-12_Real_Madrid_VfL_Wolfsburg_790,vfl wolfsburg,champions league
2015-16,2016-04-16,Real Madrid,Getafe,La Liga,A,Getafe,Real Madrid,1-5,https://en.wikipedia.org/wiki/2015%E2%80%9316_Real_Madrid_CF_season,1,appeared_exact,2016-04-16_Real_Madrid_Getafe_791,getafe,la liga
2015-16,2016-04-20,Real Madrid,Villarreal,La Liga,H,Real Madrid,Villarreal,3-0,https://en.wikipedia.org/wiki/2015%E2%80%9316_Real_Madrid_CF_season,1,appeared_exact,2016-04-20_Real_Madrid_Villarreal_792,villarreal,la liga
2015-16,2016-04-23,Real Madrid,Rayo Vallecano,La Liga,A,Rayo Vallecano,Real Madrid,2-3,https://en.wikipedia.org/wiki/2015%E2%80%9316_Real_Madrid_CF_season,0,did_not_appear,,rayo vallecano,la liga
2015-16,2016-04-26,Real Madrid,Manchester City,Champions League,A,Manchester City,Real Madrid,0-0,https://en.wikipedia.org/wiki/2015%E2%80%9316_Real_Madrid_CF_season,0,did_not_appear,,manchester city,champions league
2015-16,2016-04-30,Real Madrid,Real Sociedad,La Liga,A,Real Sociedad,Real Madrid,0-1,https://en.wikipedia.org/wiki/2015%E2%80%9316_Real_Madrid_CF_season,0,did_not_appear,,real sociedad,la liga
2015-16,2016-05-04,Real Madrid,Manchester City,Champions League,H,Real Madrid,Manchester City,1-0,https://en.wikipedia.org/wiki/2015%E2%80%9316_Real_Madrid_CF_season,1,appeared_exact,2016-05-04_Real_Madrid_Manchester_City_793,manchester city,champions league
2015-16,2016-05-08,Real Madrid,Valencia,La Liga,H,Real Madrid,Valencia,3-2,https://en.wikipedia.org/wiki/2015%E2%80%9316_Real_Madrid_CF_season,1,appeared_exact,2016-05-08_Real_Madrid_Valencia_794,valencia,la liga
2015-16,2016-05-14,Real Madrid,Deportivo La Coruna,La Liga,A,Deportivo La Coruna,Real Madrid,0-2,https://en.wikipedia.org/wiki/2015%E2%80%9316_Real_Madrid_CF_season,1,appeared_exact,2016-05-14_Real_Madrid_Deportivo_La_Coruna_795,deportivo la coruna,la liga
2015-16,2016-05-28,Real Madrid,Atletico Madrid,Champions League,H,Real Madrid,Atletico Madrid,1-1,https://en.wikipedia.org/wiki/2015%E2%80%9316_Real_Madrid_CF_season,1,appeared_exact,2016-05-28_Real_Madrid_Atletico_Madrid_796,atletico madrid,champions league
2016-17,2016-08-09,Real Madrid,Sevilla,UEFA Super Cup,H,Real Madrid,Sevilla,3-2,https://en.wikipedia.org/wiki/2016%E2%80%9317_Real_Madrid_CF_season,0,did_not_appear,,sevilla,uefa super cup
2016-17,2016-08-21,Real Madrid,Real Sociedad,La Liga,A,Real Sociedad,Real Madrid,0-3,https://en.wikipedia.org/wiki/2016%E2%80%9317_Real_Madrid_CF_season,0,did_not_appear,,real sociedad,la liga
2016-17,2016-08-27,Real Madrid,Celta Vigo,La Liga,H,Real Madrid,Celta Vigo,2-1,https://en.wikipedia.org/wiki/2016%E2%80%9317_Real_Madrid_CF_season,0,did_not_appear,,celta vigo,la liga
2016-17,2016-09-10,Real Madrid,Osasuna,La Liga,H,Real Madrid,Osasuna,5-2,https://en.wikipedia.org/wiki/2016%E2%80%9317_Real_Madrid_CF_season,1,appeared_exact,2016-09-10_Real_Madrid_Osasuna_805,osasuna,la liga
2016-17,2016-09-14,Real Madrid,Sporting CP,Champions League,H,Real Madrid,Sporting CP,2-1,https://en.wikipedia.org/wiki/2016%E2%80%9317_Real_Madrid_CF_season,1,appeared_exact,2016-09-14_Real_Madrid_Sporting_CP_806,sporting cp,champions league
2016-17,2016-09-18,Real Madrid,Espanyol,La Liga,A,Espanyol,Real Madrid,0-2,https://en.wikipedia.org/wiki/2016%E2%80%9317_Real_Madrid_CF_season,0,did_not_appear,,espanyol,la liga
2016-17,2016-09-21,Real Madrid,Villarreal,La Liga,H,Real Madrid,Villarreal,1-1,https://en.wikipedia.org/wiki/2016%E2%80%9317_Real_Madrid_CF_season,1,appeared_exact,2016-09-21_Real_Madrid_Villarreal_807,villarreal,la liga
2016-17,2016-09-24,Real Madrid,Las Palmas,La Liga,A,Las Palmas,Real Madrid,2-2,https://en.wikipedia.org/wiki/2016%E2%80%9317_Real_Madrid_CF_season,1,appeared_exact,2016-09-24_Real_Madrid_Las_Palmas_808,las palmas,la liga
2016-17,2016-09-27,Real Madrid,Borussia Dortmund,Champions League,A,Borussia Dortmund,Real Madrid,2-2,https://en.wikipedia.org/wiki/2016%E2%80%9317_Real_Madrid_CF_season,1,appeared_exact,2016-09-27_Real_Madrid_Borussia_Dortmund_809,borussia dortmund,champions league
2016-17,2016-10-02,Real Madrid,Eibar,La Liga,H,Real Madrid,Eibar,1-1,https://en.wikipedia.org/wiki/2016%E2%80%9317_Real_Madrid_CF_season,1,appeared_exact,2016-10-02_Real_Madrid_Eibar_810,eibar,la liga
2016-17,2016-10-15,Real Madrid,Real Betis,La Liga,A,Real Betis,Real Madrid,1-6,https://en.wikipedia.org/wiki/2016%E2%80%9317_Real_Madrid_CF_season,1,appeared_exact,2016-10-15_Real_Madrid_Real_Betis_813,real betis,la liga
2016-17,2016-10-18,Real Madrid,Legia Warsaw,Champions League,H,Real Madrid,Legia Warsaw,5-1,https://en.wikipedia.org/wiki/2016%E2%80%9317_Real_Madrid_CF_season,1,appeared_exact,2016-10-18_Real_Madrid_Legia_Warszawa_814,legia warsaw,champions league
2016-17,2016-10-23,Real Madrid,Athletic Bilbao,La Liga,H,Real Madrid,Athletic Bilbao,2-1,https://en.wikipedia.org/wiki/2016%E2%80%9317_Real_Madrid_CF_season,1,appeared_exact,2016-10-23_Real_Madrid_Athletic_Club_815,athletic bilbao,la liga
2016-17,2016-10-26,Real Madrid,Cultural Leonesa,Copa del Rey,A,Cultural Leonesa,Real Madrid,1-7,https://en.wikipedia.org/wiki/2016%E2%80%9317_Real_Madrid_CF_season,0,did_not_appear,,cultural leonesa,copa del rey
2016-17,2016-10-29,Real Madrid,Alaves,La Liga,A,Alaves,Real Madrid,1-4,https://en.wikipedia.org/wiki/2016%E2%80%9317_Real_Madrid_CF_season,1,appeared_exact,2016-10-29_Real_Madrid_Alaves_816,alaves,la liga
2016-17,2016-11-02,Real Madrid,Legia Warsaw,Champions League,A,Legia Warsaw,Real Madrid,3-3,https://en.wikipedia.org/wiki/2016%E2%80%9317_Real_Madrid_CF_season,1,appeared_exact,2016-11-02_Real_Madrid_Legia_Warszawa_817,legia warsaw,champions league
2016-17,2016-11-06,Real Madrid,Leganes,La Liga,H,Real Madrid,Leganes,3-0,https://en.wikipedia.org/wiki/2016%E2%80%9317_Real_Madrid_CF_season,1,appeared_exact,2016-11-06_Real_Madrid_Leganes_818,leganes,la liga
2016-17,2016-11-19,Real Madrid,Atletico Madrid,La Liga,A,Atletico Madrid,Real Madrid,0-3,https://en.wikipedia.org/wiki/2016%E2%80%9317_Real_Madrid_CF_season,1,appeared_exact,2016-11-19_Real_Madrid_Atletico_Madrid_820,atletico madrid,la liga
2016-17,2016-11-22,Real Madrid,Sporting CP,Champions League,A,Sporting CP,Real Madrid,1-2,https://en.wikipedia.org/wiki/2016%E2%80%9317_Real_Madrid_CF_season,1,appeared_exact,2016-11-22_Real_Madrid_Sporting_CP_821,sporting cp,champions league
2016-17,2016-11-26,Real Madrid,Sporting Gijon,La Liga,H,Real Madrid,Sporting Gijon,2-1,https://en.wikipedia.org/wiki/2016%E2%80%9317_Real_Madrid_CF_season,1,appeared_exact,2016-11-26_Real_Madrid_Sporting_Gijon_822,sporting gijon,la liga
2016-17,2016-11-30,Real Madrid,Cultural Leonesa,Copa del Rey,H,Real Madrid,Cultural Leonesa,6-1,https://en.wikipedia.org/wiki/2016%E2%80%9317_Real_Madrid_CF_season,0,did_not_appear,,cultural leonesa,copa del rey
2016-17,2016-12-03,Real Madrid,Barcelona,La Liga,A,Barcelona,Real Madrid,1-1,https://en.wikipedia.org/wiki/2016%E2%80%9317_Real_Madrid_CF_season,1,appeared_exact,2016-12-03_Real_Madrid_Barcelona_823,barcelona,la liga
2016-17,2016-12-07,Real Madrid,Borussia Dortmund,Champions League,H,Real Madrid,Borussia Dortmund,2-2,https://en.wikipedia.org/wiki/2016%E2%80%9317_Real_Madrid_CF_season,1,appeared_exact,2016-12-07_Real_Madrid_Borussia_Dortmund_824,borussia dortmund,champions league
2016-17,2016-12-10,Real Madrid,Deportivo La Coruna,La Liga,H,Real Madrid,Deportivo La Coruna,3-2,https://en.wikipedia.org/wiki/2016%E2%80%9317_Real_Madrid_CF_season,0,did_not_appear,,deportivo la coruna,la liga
2016-17,2016-12-15,Real Madrid,America,FIFA Club World Cup,A,America,Real Madrid,0-2,https://en.wikipedia.org/wiki/2016%E2%80%9317_Real_Madrid_CF_season,1,appeared_exact,2016-12-15_Real_Madrid_Club_America_825,america,fifa club world cup
2016-17,2016-12-18,Real Madrid,Kashima Antlers,FIFA Club World Cup,H,Real Madrid,Kashima Antlers,4-2,https://en.wikipedia.org/wiki/2016%E2%80%9317_Real_Madrid_CF_season,1,appeared_exact,2016-12-18_Real_Madrid_Kashima_826,kashima antlers,fifa club world cup
2016-17,2017-01-04,Real Madrid,Sevilla,Copa del Rey,H,Real Madrid,Sevilla,3-0,https://en.wikipedia.org/wiki/2016%E2%80%9317_Real_Madrid_CF_season,0,did_not_appear,,sevilla,copa del rey
2016-17,2017-01-07,Real Madrid,Granada,La Liga,H,Real Madrid,Granada,5-0,https://en.wikipedia.org/wiki/2016%E2%80%9317_Real_Madrid_CF_season,1,appeared_exact,2017-01-07_Real_Madrid_Granada_CF_827,granada,la liga
2016-17,2017-01-12,Real Madrid,Sevilla,Copa del Rey,A,Sevilla,Real Madrid,3-3,https://en.wikipedia.org/wiki/2016%E2%80%9317_Real_Madrid_CF_season,0,did_not_appear,,sevilla,copa del rey
2016-17,2017-01-15,Real Madrid,Sevilla,La Liga,A,Sevilla,Real Madrid,2-1,https://en.wikipedia.org/wiki/2016%E2%80%9317_Real_Madrid_CF_season,1,appeared_exact,2017-01-15_Real_Madrid_Sevilla_828,sevilla,la liga
2016-17,2017-01-18,Real Madrid,Celta Vigo,Copa del Rey,H,Real Madrid,Celta Vigo,1-2,https://en.wikipedia.org/wiki/2016%E2%80%9317_Real_Madrid_CF_season,1,appeared_exact,2017-01-18_Real_Madrid_Celta_Vigo_829,celta vigo,copa del rey
2016-17,2017-01-21,Real Madrid,Malaga,La Liga,H,Real Madrid,Malaga,2-1,https://en.wikipedia.org/wiki/2016%E2%80%9317_Real_Madrid_CF_season,1,appeared_exact,2017-01-21_Real_Madrid_Malaga_830,malaga,la liga
2016-17,2017-01-25,Real Madrid,Celta Vigo,Copa del Rey,A,Celta Vigo,Real Madrid,2-2,https://en.wikipedia.org/wiki/2016%E2%80%9317_Real_Madrid_CF_season,1,appeared_exact,2017-01-25_Real_Madrid_Celta_Vigo_831,celta vigo,copa del rey
2016-17,2017-01-29,Real Madrid,Real Sociedad,La Liga,H,Real Madrid,Real Sociedad,3-0,https://en.wikipedia.org/wiki/2016%E2%80%9317_Real_Madrid_CF_season,1,appeared_exact,2017-01-29_Real_Madrid_Real_Sociedad_832,real sociedad,la liga
2016-17,2017-02-11,Real Madrid,Osasuna,La Liga,A,Osasuna,Real Madrid,1-3,https://en.wikipedia.org/wiki/2016%E2%80%9317_Real_Madrid_CF_season,1,appeared_exact,2017-02-11_Real_Madrid_Osasuna_833,osasuna,la liga
2016-17,2017-02-15,Real Madrid,Napoli,Champions League,H,Real Madrid,Napoli,3-1,https://en.wikipedia.org/wiki/2016%E2%80%9317_Real_Madrid_CF_season,1,appeared_exact,2017-02-15_Real_Madrid_Napoli_834,napoli,champions league
2016-17,2017-02-18,Real Madrid,Espanyol,La Liga,H,Real Madrid,Espanyol,2-0,https://en.wikipedia.org/wiki/2016%E2%80%9317_Real_Madrid_CF_season,1,appeared_exact,2017-02-18_Real_Madrid_Espanyol_835,espanyol,la liga
2016-17,2017-02-22,Real Madrid,Valencia,La Liga,A,Valencia,Real Madrid,2-1,https://en.wikipedia.org/wiki/2016%E2%80%9317_Real_Madrid_CF_season,1,appeared_exact,2017-02-22_Real_Madrid_Valencia_836,valencia,la liga
2016-17,2017-02-26,Real Madrid,Villarreal,La Liga,A,Villarreal,Real Madrid,2-3,https://en.wikipedia.org/wiki/2016%E2%80%9317_Real_Madrid_CF_season,1,appeared_exact,2017-02-26_Real_Madrid_Villarreal_837,villarreal,la liga
2016-17,2017-03-01,Real Madrid,Las Palmas,La Liga,H,Real Madrid,Las Palmas,3-3,https://en.wikipedia.org/wiki/2016%E2%80%9317_Real_Madrid_CF_season,1,appeared_exact,2017-03-01_Real_Madrid_Las_Palmas_838,las palmas,la liga
2016-17,2017-03-04,Real Madrid,Eibar,La Liga,A,Eibar,Real Madrid,1-4,https://en.wikipedia.org/wiki/2016%E2%80%9317_Real_Madrid_CF_season,0,did_not_appear,,eibar,la liga
2016-17,2017-03-07,Real Madrid,Napoli,Champions League,A,Napoli,Real Madrid,1-3,https://en.wikipedia.org/wiki/2016%E2%80%9317_Real_Madrid_CF_season,1,appeared_exact,2017-03-07_Real_Madrid_Napoli_839,napoli,champions league
2016-17,2017-03-12,Real Madrid,Real Betis,La Liga,H,Real Madrid,Real Betis,2-1,https://en.wikipedia.org/wiki/2016%E2%80%9317_Real_Madrid_CF_season,1,appeared_exact,2017-03-12_Real_Madrid_Real_Betis_840,real betis,la liga
2016-17,2017-03-18,Real Madrid,Athletic Bilbao,La Liga,A,Athletic Bilbao,Real Madrid,1-2,https://en.wikipedia.org/wiki/2016%E2%80%9317_Real_Madrid_CF_season,1,appeared_exact,2017-03-18_Real_Madrid_Athletic_Club_841,athletic bilbao,la liga
2016-17,2017-04-02,Real Madrid,Alaves,La Liga,H,Real Madrid,Alaves,3-0,https://en.wikipedia.org/wiki/2016%E2%80%9317_Real_Madrid_CF_season,1,appeared_exact,2017-04-02_Real_Madrid_Alaves_844,alaves,la liga
2016-17,2017-04-05,Real Madrid,Leganes,La Liga,A,Leganes,Real Madrid,2-4,https://en.wikipedia.org/wiki/2016%E2%80%9317_Real_Madrid_CF_season,0,did_not_appear,,leganes,la liga
2016-17,2017-04-08,Real Madrid,Atletico Madrid,La Liga,H,Real Madrid,Atletico Madrid,1-1,https://en.wikipedia.org/wiki/2016%E2%80%9317_Real_Madrid_CF_season,1,appeared_exact,2017-04-08_Real_Madrid_Atletico_Madrid_845,atletico madrid,la liga
2016-17,2017-04-12,Real Madrid,Bayern Munich,Champions League,A,Bayern Munich,Real Madrid,1-2,https://en.wikipedia.org/wiki/2016%E2%80%9317_Real_Madrid_CF_season,1,appeared_exact,2017-04-12_Real_Madrid_Bayern_Munich_846,bayern munich,champions league
2016-17,2017-04-15,Real Madrid,Sporting Gijon,La Liga,A,Sporting Gijon,Real Madrid,2-3,https://en.wikipedia.org/wiki/2016%E2%80%9317_Real_Madrid_CF_season,0,did_not_appear,,sporting gijon,la liga
2016-17,2017-04-18,Real Madrid,Bayern Munich,Champions League,H,Real Madrid,Bayern Munich,4-2,https://en.wikipedia.org/wiki/2016%E2%80%9317_Real_Madrid_CF_season,1,appeared_exact,2017-04-18_Real_Madrid_Bayern_Munich_847,bayern munich,champions league
2016-17,2017-04-23,Real Madrid,Barcelona,La Liga,H,Real Madrid,Barcelona,2-3,https://en.wikipedia.org/wiki/2016%E2%80%9317_Real_Madrid_CF_season,1,appeared_exact,2017-04-23_Real_Madrid_Barcelona_848,barcelona,la liga
2016-17,2017-04-26,Real Madrid,Deportivo La Coruna,La Liga,A,Deportivo La Coruna,Real Madrid,2-6,https://en.wikipedia.org/wiki/2016%E2%80%9317_Real_Madrid_CF_season,0,did_not_appear,,deportivo la coruna,la liga
2016-17,2017-04-29,Real Madrid,Valencia,La Liga,H,Real Madrid,Valencia,2-1,https://en.wikipedia.org/wiki/2016%E2%80%9317_Real_Madrid_CF_season,1,appeared_exact,2017-04-29_Real_Madrid_Valencia_849,valencia,la liga
2016-17,2017-05-02,Real Madrid,Atletico Madrid,Champions League,H,Real Madrid,Atletico Madrid,3-0,https://en.wikipedia.org/wiki/2016%E2%80%9317_Real_Madrid_CF_season,1,appeared_exact,2017-05-02_Real_Madrid_Atletico_Madrid_850,atletico madrid,champions league
2016-17,2017-05-06,Real Madrid,Granada,La Liga,A,Granada,Real Madrid,0-4,https://en.wikipedia.org/wiki/2016%E2%80%9317_Real_Madrid_CF_season,0,did_not_appear,,granada,la liga
2016-17,2017-05-10,Real Madrid,Atletico Madrid,Champions League,A,Atletico Madrid,Real Madrid,2-1,https://en.wikipedia.org/wiki/2016%E2%80%9317_Real_Madrid_CF_season,1,appeared_exact,2017-05-10_Real_Madrid_Atletico_Madrid_851,atletico madrid,champions league
2016-17,2017-05-14,Real Madrid,Sevilla,La Liga,H,Real Madrid,Sevilla,4-1,https://en.wikipedia.org/wiki/2016%E2%80%9317_Real_Madrid_CF_season,1,appeared_exact,2017-05-14_Real_Madrid_Sevilla_852,sevilla,la liga
2016-17,2017-05-17,Real Madrid,Celta Vigo,La Liga,A,Celta Vigo,Real Madrid,1-4,https://en.wikipedia.org/wiki/2016%E2%80%9317_Real_Madrid_CF_season,1,appeared_exact,2017-05-17_Real_Madrid_Celta_Vigo_853,celta vigo,la liga
2016-17,2017-05-21,Real Madrid,Malaga,La Liga,A,Malaga,Real Madrid,0-2,https://en.wikipedia.org/wiki/2016%E2%80%9317_Real_Madrid_CF_season,1,appeared_exact,2017-05-21_Real_Madrid_Malaga_854,malaga,la liga
2016-17,2017-06-03,Real Madrid,Juventus,Champions League,A,Juventus,Real Madrid,1-4,https://en.wikipedia.org/wiki/2016%E2%80%9317_Real_Madrid_CF_season,1,appeared_exact,2017-06-03_Real_Madrid_Juventus_855,juventus,champions league
2017-18,2017-08-08,Real Madrid,Manchester United,UEFA Super Cup,H,Real Madrid,Manchester United,2-1,https://en.wikipedia.org/wiki/2017%E2%80%9318_Real_Madrid_CF_season,1,appeared_exact,2017-08-08_Real_Madrid_Manchester_United_861,manchester united,uefa super cup
2017-18,2017-08-13,Real Madrid,Barcelona,Supercopa de España,A,Barcelona,Real Madrid,1-3,https://en.wikipedia.org/wiki/2017%E2%80%9318_Real_Madrid_CF_season,1,appeared_exact,2017-08-13_Real_Madrid_Barcelona_862,barcelona,supercopa de espana
2017-18,2017-09-13,Real Madrid,APOEL,Champions League,H,Real Madrid,APOEL,3-0,https://en.wikipedia.org/wiki/2017%E2%80%9318_Real_Madrid_CF_season,1,appeared_exact,2017-09-13_Real_Madrid_Apoel_Nicosia_865,apoel,champions league
2017-18,2017-09-20,Real Madrid,Real Betis,La Liga,H,Real Madrid,Real Betis,0-1,https://en.wikipedia.org/wiki/2017%E2%80%9318_Real_Madrid_CF_season,1,appeared_exact,2017-09-20_Real_Madrid_Real_Betis_866,real betis,la liga
2017-18,2017-09-23,Real Madrid,Alaves,La Liga,A,Alaves,Real Madrid,1-2,https://en.wikipedia.org/wiki/2017%E2%80%9318_Real_Madrid_CF_season,1,appeared_exact,2017-09-23_Real_Madrid_Alaves_867,alaves,la liga
2017-18,2017-09-26,Real Madrid,Borussia Dortmund,Champions League,A,Borussia Dortmund,Real Madrid,1-3,https://en.wikipedia.org/wiki/2017%E2%80%9318_Real_Madrid_CF_season,1,appeared_exact,2017-09-26_Real_Madrid_Borussia_Dortmund_868,borussia dortmund,champions league
2017-18,2017-10-01,Real Madrid,Espanyol,La Liga,H,Real Madrid,Espanyol,2-0,https://en.wikipedia.org/wiki/2017%E2%80%9318_Real_Madrid_CF_season,1,appeared_exact,2017-10-01_Real_Madrid_Espanyol_869,espanyol,la liga
2017-18,2017-10-14,Real Madrid,Getafe,La Liga,A,Getafe,Real Madrid,1-2,https://en.wikipedia.org/wiki/2017%E2%80%9318_Real_Madrid_CF_season,1,appeared_exact,2017-10-14_Real_Madrid_Getafe_872,getafe,la liga
2017-18,2017-10-17,Real Madrid,Tottenham Hotspur,Champions League,H,Real Madrid,Tottenham Hotspur,1-1,https://en.wikipedia.org/wiki/2017%E2%80%9318_Real_Madrid_CF_season,1,appeared_exact,2017-10-17_Real_Madrid_Tottenham_Hotspur_873,tottenham hotspur,champions league
2017-18,2017-10-22,Real Madrid,Eibar,La Liga,H,Real Madrid,Eibar,3-0,https://en.wikipedia.org/wiki/2017%E2%80%9318_Real_Madrid_CF_season,1,appeared_exact,2017-10-22_Real_Madrid_Eibar_874,eibar,la liga
2017-18,2017-10-26,Real Madrid,Fuenlabrada,Copa del Rey,A,Fuenlabrada,Real Madrid,0-2,https://en.wikipedia.org/wiki/2017%E2%80%9318_Real_Madrid_CF_season,0,did_not_appear,,fuenlabrada,copa del rey
2017-18,2017-10-29,Real Madrid,Girona,La Liga,A,Girona,Real Madrid,2-1,https://en.wikipedia.org/wiki/2017%E2%80%9318_Real_Madrid_CF_season,1,appeared_exact,2017-10-29_Real_Madrid_Girona_875,girona,la liga
2017-18,2017-11-01,Real Madrid,Tottenham Hotspur,Champions League,A,Tottenham Hotspur,Real Madrid,3-1,https://en.wikipedia.org/wiki/2017%E2%80%9318_Real_Madrid_CF_season,1,appeared_exact,2017-11-01_Real_Madrid_Tottenham_Hotspur_876,tottenham hotspur,champions league
2017-18,2017-11-05,Real Madrid,Las Palmas,La Liga,H,Real Madrid,Las Palmas,3-0,https://en.wikipedia.org/wiki/2017%E2%80%9318_Real_Madrid_CF_season,1,appeared_exact,2017-11-05_Real_Madrid_Las_Palmas_877,las palmas,la liga
2017-18,2017-11-18,Real Madrid,Atletico Madrid,La Liga,A,Atletico Madrid,Real Madrid,0-0,https://en.wikipedia.org/wiki/2017%E2%80%9318_Real_Madrid_CF_season,1,appeared_exact,2017-11-18_Real_Madrid_Atletico_Madrid_878,atletico madrid,la liga
2017-18,2017-11-21,Real Madrid,APOEL,Champions League,A,APOEL,Real Madrid,0-6,https://en.wikipedia.org/wiki/2017%E2%80%9318_Real_Madrid_CF_season,1,appeared_exact,2017-11-21_Real_Madrid_Apoel_Nicosia_879,apoel,champions league
2017-18,2017-11-25,Real Madrid,Malaga,La Liga,H,Real Madrid,Malaga,3-2,https://en.wikipedia.org/wiki/2017%E2%80%9318_Real_Madrid_CF_season,1,appeared_exact,2017-11-25_Real_Madrid_Malaga_880,malaga,la liga
2017-18,2017-11-28,Real Madrid,Fuenlabrada,Copa del Rey,H,Real Madrid,Fuenlabrada,2-2,https://en.wikipedia.org/wiki/2017%E2%80%9318_Real_Madrid_CF_season,0,did_not_appear,,fuenlabrada,copa del rey
2017-18,2017-12-02,Real Madrid,Athletic Bilbao,La Liga,A,Athletic Bilbao,Real Madrid,0-0,https://en.wikipedia.org/wiki/2017%E2%80%9318_Real_Madrid_CF_season,1,appeared_exact,2017-12-02_Real_Madrid_Athletic_Club_881,athletic bilbao,la liga
2017-18,2017-12-06,Real Madrid,Borussia Dortmund,Champions League,H,Real Madrid,Borussia Dortmund,3-2,https://en.wikipedia.org/wiki/2017%E2%80%9318_Real_Madrid_CF_season,1,appeared_exact,2017-12-06_Real_Madrid_Borussia_Dortmund_882,borussia dortmund,champions league
2017-18,2017-12-09,Real Madrid,Sevilla,La Liga,H,Real Madrid,Sevilla,5-0,https://en.wikipedia.org/wiki/2017%E2%80%9318_Real_Madrid_CF_season,1,appeared_exact,2017-12-09_Real_Madrid_Sevilla_883,sevilla,la liga
2017-18,2017-12-13,Real Madrid,Al-Jazira,FIFA Club World Cup,A,Al-Jazira,Real Madrid,1-2,https://en.wikipedia.org/wiki/2017%E2%80%9318_Real_Madrid_CF_season,1,appeared_exact,2017-12-13_Real_Madrid_Al-Jazira_884,al jazira,fifa club world cup
2017-18,2017-12-16,Real Madrid,Gremio,FIFA Club World Cup,H,Real Madrid,Gremio,1-0,https://en.wikipedia.org/wiki/2017%E2%80%9318_Real_Madrid_CF_season,1,appeared_exact,2017-12-16_Real_Madrid_Gremio_885,gremio,fifa club world cup
2017-18,2017-12-23,Real Madrid,Barcelona,La Liga,H,Real Madrid,Barcelona,0-3,https://en.wikipedia.org/wiki/2017%E2%80%9318_Real_Madrid_CF_season,1,appeared_exact,2017-12-23_Real_Madrid_Barcelona_886,barcelona,la liga
2017-18,2018-01-04,Real Madrid,Numancia,Copa del Rey,A,Numancia,Real Madrid,0-3,https://en.wikipedia.org/wiki/2017%E2%80%9318_Real_Madrid_CF_season,0,did_not_appear,,numancia,copa del rey
2017-18,2018-01-07,Real Madrid,Celta Vigo,La Liga,A,Celta Vigo,Real Madrid,2-2,https://en.wikipedia.org/wiki/2017%E2%80%9318_Real_Madrid_CF_season,1,appeared_exact,2018-01-07_Real_Madrid_Celta_Vigo_887,celta vigo,la liga
2017-18,2018-01-10,Real Madrid,Numancia,Copa del Rey,H,Real Madrid,Numancia,2-2,https://en.wikipedia.org/wiki/2017%E2%80%9318_Real_Madrid_CF_season,0,did_not_appear,,numancia,copa del rey
2017-18,2018-01-13,Real Madrid,Villarreal,La Liga,H,Real Madrid,Villarreal,0-1,https://en.wikipedia.org/wiki/2017%E2%80%9318_Real_Madrid_CF_season,1,appeared_exact,2018-01-13_Real_Madrid_Villarreal_888,villarreal,la liga
2017-18,2018-01-18,Real Madrid,Leganes,Copa del Rey,A,Leganes,Real Madrid,0-1,https://en.wikipedia.org/wiki/2017%E2%80%9318_Real_Madrid_CF_season,0,did_not_appear,,leganes,copa del rey
2017-18,2018-01-21,Real Madrid,Deportivo La Coruna,La Liga,H,Real Madrid,Deportivo La Coruna,7-1,https://en.wikipedia.org/wiki/2017%E2%80%9318_Real_Madrid_CF_season,1,appeared_exact,2018-01-21_Real_Madrid_Deportivo_La_Coruna_889,deportivo la coruna,la liga
2017-18,2018-01-24,Real Madrid,Leganes,Copa del Rey,H,Real Madrid,Leganes,1-2,https://en.wikipedia.org/wiki/2017%E2%80%9318_Real_Madrid_CF_season,0,did_not_appear,,leganes,copa del rey
2017-18,2018-01-27,Real Madrid,Valencia,La Liga,A,Valencia,Real Madrid,1-4,https://en.wikipedia.org/wiki/2017%E2%80%9318_Real_Madrid_CF_season,1,appeared_exact,2018-01-27_Real_Madrid_Valencia_890,valencia,la liga
2017-18,2018-02-03,Real Madrid,Levante,La Liga,A,Levante,Real Madrid,2-2,https://en.wikipedia.org/wiki/2017%E2%80%9318_Real_Madrid_CF_season,1,appeared_exact,2018-02-03_Real_Madrid_Levante_891,levante,la liga
2017-18,2018-02-10,Real Madrid,Real Sociedad,La Liga,H,Real Madrid,Real Sociedad,5-2,https://en.wikipedia.org/wiki/2017%E2%80%9318_Real_Madrid_CF_season,1,appeared_exact,2018-02-10_Real_Madrid_Real_Sociedad_892,real sociedad,la liga
2017-18,2018-02-14,Real Madrid,Paris Saint-Germain,Champions League,H,Real Madrid,Paris Saint-Germain,3-1,https://en.wikipedia.org/wiki/2017%E2%80%9318_Real_Madrid_CF_season,1,appeared_exact,2018-02-14_Real_Madrid_Paris_Saint_Germain_893,paris saint germain,champions league
2017-18,2018-02-18,Real Madrid,Real Betis,La Liga,A,Real Betis,Real Madrid,3-5,https://en.wikipedia.org/wiki/2017%E2%80%9318_Real_Madrid_CF_season,1,appeared_exact,2018-02-18_Real_Madrid_Real_Betis_894,real betis,la liga
2017-18,2018-02-21,Real Madrid,Leganes,La Liga,A,Leganes,Real Madrid,1-3,https://en.wikipedia.org/wiki/2017%E2%80%9318_Real_Madrid_CF_season,0,did_not_appear,,leganes,la liga
2017-18,2018-02-24,Real Madrid,Alaves,La Liga,H,Real Madrid,Alaves,4-0,https://en.wikipedia.org/wiki/2017%E2%80%9318_Real_Madrid_CF_season,1,appeared_exact,2018-02-24_Real_Madrid_Alaves_895,alaves,la liga
2017-18,2018-02-27,Real Madrid,Espanyol,La Liga,A,Espanyol,Real Madrid,1-0,https://en.wikipedia.org/wiki/2017%E2%80%9318_Real_Madrid_CF_season,0,did_not_appear,,espanyol,la liga
2017-18,2018-03-03,Real Madrid,Getafe,La Liga,H,Real Madrid,Getafe,3-1,https://en.wikipedia.org/wiki/2017%E2%80%9318_Real_Madrid_CF_season,1,appeared_exact,2018-03-03_Real_Madrid_Getafe_896,getafe,la liga
2017-18,2018-03-06,Real Madrid,Paris Saint-Germain,Champions League,A,Paris Saint-Germain,Real Madrid,1-2,https://en.wikipedia.org/wiki/2017%E2%80%9318_Real_Madrid_CF_season,1,appeared_exact,2018-03-06_Real_Madrid_Paris_Saint_Germain_897,paris saint germain,champions league
2017-18,2018-03-10,Real Madrid,Eibar,La Liga,A,Eibar,Real Madrid,1-2,https://en.wikipedia.org/wiki/2017%E2%80%9318_Real_Madrid_CF_season,1,appeared_exact,2018-03-10_Real_Madrid_Eibar_898,eibar,la liga
2017-18,2018-03-18,Real Madrid,Girona,La Liga,H,Real Madrid,Girona,6-3,https://en.wikipedia.org/wiki/2017%E2%80%9318_Real_Madrid_CF_season,1,appeared_exact,2018-03-18_Real_Madrid_Girona_899,girona,la liga
2017-18,2018-03-31,Real Madrid,Las Palmas,La Liga,A,Las Palmas,Real Madrid,0-3,https://en.wikipedia.org/wiki/2017%E2%80%9318_Real_Madrid_CF_season,0,did_not_appear,,las palmas,la liga
2017-18,2018-04-03,Real Madrid,Juventus,Champions League,A,Juventus,Real Madrid,0-3,https://en.wikipedia.org/wiki/2017%E2%80%9318_Real_Madrid_CF_season,1,appeared_exact,2018-04-03_Real_Madrid_Juventus_902,juventus,champions league
2017-18,2018-04-08,Real Madrid,Atletico Madrid,La Liga,H,Real Madrid,Atletico Madrid,1-1,https://en.wikipedia.org/wiki/2017%E2%80%9318_Real_Madrid_CF_season,1,appeared_exact,2018-04-08_Real_Madrid_Atletico_Madrid_903,atletico madrid,la liga
2017-18,2018-04-11,Real Madrid,Juventus,Champions League,H,Real Madrid,Juventus,1-3,https://en.wikipedia.org/wiki/2017%E2%80%9318_Real_Madrid_CF_season,1,appeared_exact,2018-04-11_Real_Madrid_Juventus_904,juventus,champions league
2017-18,2018-04-15,Real Madrid,Malaga,La Liga,A,Malaga,Real Madrid,1-2,https://en.wikipedia.org/wiki/2017%E2%80%9318_Real_Madrid_CF_season,0,did_not_appear,,malaga,la liga
2017-18,2018-04-18,Real Madrid,Athletic Bilbao,La Liga,H,Real Madrid,Athletic Bilbao,1-1,https://en.wikipedia.org/wiki/2017%E2%80%9318_Real_Madrid_CF_season,1,appeared_exact,2018-04-18_Real_Madrid_Athletic_Club_905,athletic bilbao,la liga
2017-18,2018-04-25,Real Madrid,Bayern Munich,Champions League,A,Bayern Munich,Real Madrid,1-2,https://en.wikipedia.org/wiki/2017%E2%80%9318_Real_Madrid_CF_season,1,appeared_exact,2018-04-25_Real_Madrid_Bayern_Munich_906,bayern munich,champions league
2017-18,2018-04-28,Real Madrid,Leganes,La Liga,H,Real Madrid,Leganes,2-1,https://en.wikipedia.org/wiki/2017%E2%80%9318_Real_Madrid_CF_season,0,did_not_appear,,leganes,la liga
2017-18,2018-05-01,Real Madrid,Bayern Munich,Champions League,H,Real Madrid,Bayern Munich,2-2,https://en.wikipedia.org/wiki/2017%E2%80%9318_Real_Madrid_CF_season,1,appeared_exact,2018-05-01_Real_Madrid_Bayern_Munich_907,bayern munich,champions league
2017-18,2018-05-06,Real Madrid,Barcelona,La Liga,A,Barcelona,Real Madrid,2-2,https://en.wikipedia.org/wiki/2017%E2%80%9318_Real_Madrid_CF_season,1,appeared_exact,2018-05-06_Real_Madrid_Barcelona_908,barcelona,la liga
2017-18,2018-05-09,Real Madrid,Sevilla,La Liga,A,Sevilla,Real Madrid,3-2,https://en.wikipedia.org/wiki/2017%E2%80%9318_Real_Madrid_CF_season,0,did_not_appear,,sevilla,la liga
2017-18,2018-05-12,Real Madrid,Celta Vigo,La Liga,H,Real Madrid,Celta Vigo,6-0,https://en.wikipedia.org/wiki/2017%E2%80%9318_Real_Madrid_CF_season,0,did_not_appear,,celta vigo,la liga
2017-18,2018-05-19,Real Madrid,Villarreal,La Liga,A,Villarreal,Real Madrid,2-2,https://en.wikipedia.org/wiki/2017%E2%80%9318_Real_Madrid_CF_season,1,appeared_exact,2018-05-19_Real_Madrid_Villarreal_909,villarreal,la liga
2017-18,2018-05-26,Real Madrid,Liverpool,Champions League,H,Real Madrid,Liverpool,3-1,https://en.wikipedia.org/wiki/2017%E2%80%9318_Real_Madrid_CF_season,1,appeared_exact,2018-05-26_Real_Madrid_Liverpool_910,liverpool,champions league
