date,team,opponent,competition,venue,appeared,canonical_match_id,season,tenure
2002-08-14,Sporting CP,Inter Milan,Champions League Qualifying,H,1,2002-08-14_Sporting_CP_Inter_Milan_1,,Sporting CP
2002-08-18,Sporting CP,Leixões,Supertaça Cândido de Oliveira,N,0,,,Sporting CP
2002-08-23,Sporting CP,Académica,Primeira Liga,A,0,,,Sporting CP
2002-08-27,Sporting CP,Inter Milan,Champions League Qualifying,A,0,,,Sporting CP
2002-09-01,Sporting CP,Santa Clara,Primeira Liga,H,0,,,Sporting CP
2002-09-14,Sporting CP,Paços Ferreira,Primeira Liga,A,0,,,Sporting CP
2002-09-19,Sporting CP,Partizan Belgrade,UEFA Europa League,H,1,2002-09-19_Sporting_CP_Partizan_Belgrade_2,,Sporting CP
2002-09-23,Sporting CP,Varzim,Primeira Liga,H,0,,,Sporting CP
2002-09-29,Sporting CP,Sporting Braga,Primeira Liga,A,1,2002-09-30_Sporting_CP_Sporting_Braga_3,,Sporting CP
2002-10-03,Sporting CP,Partizan Belgrade,UEFA Europa League,A,1,2002-10-03_Sporting_CP_Partizan_Belgrade_4,,Sporting CP
2002-10-07,Sporting CP,Moreirense,Primeira Liga,H,1,2002-10-07_Sporting_CP_Moreirense_5,,Sporting CP
2002-10-20,Sporting CP,Belenenses,Primeira Liga,H,1,2002-10-20_Sporting_CP_Belenenses_6,,Sporting CP
2002-10-26,Sporting CP,Boavista,Primeira Liga,A,1,2002-10-26_Sporting_CP_Boavista_7,,Sporting CP
2002-11-02,Sporting CP,Gil Vicente,Primeira Liga,H,1,2002-11-02_Sporting_CP_Gil_Vicente_8,,Sporting CP
2002-11-08,Sporting CP,Vitoria Guimaraes,Primeira Liga,A,1,2002-11-08_Sporting_CP_Vitoria_Guimaraes_9,,Sporting CP
2002-11-15,Sporting CP,Maritimo de Funchal,Primeira Liga,H,1,2002-11-15_Sporting_CP_Maritimo_de_Funchal_10,,Sporting CP
2002-11-24,Sporting CP,Estarreja,Taça de Portugal,H,1,2002-11-24_Sporting_CP_Estarreja_11,,Sporting CP
2002-11-30,Sporting CP,Beira-Mar,Primeira Liga,A,1,2002-11-30_Sporting_CP_Beira-Mar_12,,Sporting CP
2002-12-07,Sporting CP,Benfica,Primeira Liga,H,1,2002-12-07_Sporting_CP_Benfica_13,,Sporting CP
2002-12-14,Sporting CP,Leiria,Primeira Liga,A,1,2002-12-14_Sporting_CP_Leiria_14,,Sporting CP
2002-12-18,Sporting CP,FC Oliveira do Hospital,Taça de Portugal,H,1,2002-12-18_Sporting_CP_FC_Oliveira_do_Hospital_15,,Sporting CP
2002-12-22,Sporting CP,Nacional da Madeira,Primeira Liga,H,1,2002-12-22_Sporting_CP_Nacional_da_Madeira_16,,Sporting CP
2003-01-04,Sporting CP,Vitoria Setubal,Primeira Liga,A,1,2003-01-04_Sporting_CP_Vitoria_Setubal_17,,Sporting CP
2003-01-11,Sporting CP,FC Porto,Primeira Liga,H,1,2003-01-11_Sporting_CP_FC_Porto_18,,Sporting CP
2003-01-25,Sporting CP,Santa Clara,Primeira Liga,A,1,2003-01-25_Sporting_CP_Santa_Clara_19,,Sporting CP
2003-01-29,Sporting CP,Estrela Amadora,Taça de Portugal,A,0,,,Sporting CP
2003-02-02,Sporting CP,Paços Ferreira,Primeira Liga,H,0,,,Sporting CP
2003-02-05,Sporting CP,Académica,Primeira Liga,H,1,2003-02-05_Sporting_CP_Académica_20,,Sporting CP
2003-02-08,Sporting CP,Varzim,Primeira Liga,A,0,,,Sporting CP
2003-02-16,Sporting CP,Sporting Braga,Primeira Liga,H,0,,,Sporting CP
2003-02-24,Sporting CP,Moreirense,Primeira Liga,A,0,,,Sporting CP
2003-03-01,Sporting CP,Belenenses,Primeira Liga,A,1,2003-03-01_Sporting_CP_Belenenses_21,,Sporting CP
2003-03-09,Sporting CP,Naval,Taça de Portugal,H,1,2003-03-08_Sporting_CP_Naval_22,,Sporting CP
2003-03-16,Sporting CP,Boavista,Primeira Liga,H,1,2003-03-16_Sporting_CP_Boavista_23,,Sporting CP
2003-03-21,Sporting CP,Gil Vicente,Primeira Liga,A,1,2003-03-21_Sporting_CP_Gil_Vicente_24,,Sporting CP
2003-04-06,Sporting CP,Vitoria Guimaraes,Primeira Liga,H,1,2003-04-06_Sporting_CP_Vitoria_Guimaraes_25,,Sporting CP
2003-04-19,Sporting CP,Maritimo de Funchal,Primeira Liga,A,1,2003-04-19_Sporting_CP_Maritimo_de_Funchal_26,,Sporting CP
2003-04-25,Sporting CP,Beira-Mar,Primeira Liga,H,1,2003-04-25_Sporting_CP_Beira-Mar_27,,Sporting CP
2003-05-03,Sporting CP,Benfica,Primeira Liga,A,0,,,Sporting CP
2003-05-12,Sporting CP,Leiria,Primeira Liga,H,1,2003-05-12_Sporting_CP_Leiria_28,,Sporting CP
2003-05-17,Sporting CP,Nacional da Madeira,Primeira Liga,A,1,2003-05-17_Sporting_CP_Nacional_da_Madeira_29,,Sporting CP
2003-05-24,Sporting CP,Vitoria Setubal,Primeira Liga,H,1,2003-05-24_Sporting_CP_Vitoria_Setubal_30,,Sporting CP
2003-06-01,Sporting CP,FC Porto,Primeira Liga,A,1,2003-06-01_Sporting_CP_FC_Porto_31,,Sporting CP
2003-08-16,Manchester United,Bolton Wanderers,Premier League,H,1,2003-08-16_Manchester_United_Bolton_Wanderers_32,2003-04,Manchester United I
2003-08-20,Portugal,Kazakhstan,International Friendly,H,1,2003-08-20_Portugal_Kazakhstan_33,,Portugal
2003-08-23,Manchester United,Newcastle United,Premier League,A,1,2003-08-23_Manchester_United_Newcastle_United_34,2003-04,Manchester United I
2003-08-27,Manchester United,Wolverhampton Wanderers,Premier League,H,1,2003-08-27_Manchester_United_Wolverhampton_Wanderers_35,2003-04,Manchester United I
2003-08-31,Manchester United,Southampton,Premier League,A,1,2003-08-31_Manchester_United_Southampton_36,2003-04,Manchester United I
2003-09-06,Portugal,Spain,International Friendly,H,0,,,Portugal
2003-09-10,Portugal,Norway,International Friendly,A,0,,,Portugal
2003-09-13,Manchester United,Charlton Athletic,Premier League,A,1,2003-09-13_Manchester_United_Charlton_Athletic_37,2003-04,Manchester United I
2003-09-16,Manchester United,Panathinaikos,Champions League,H,0,,2003-04,Manchester United I
2003-09-21,Manchester United,Arsenal,Premier League,H,1,2003-09-21_Manchester_United_Arsenal_38,2003-04,Manchester United I
2003-09-27,Manchester United,Leicester City,Premier League,A,0,,2003-04,Manchester United I
2003-10-01,Manchester United,VfB Stuttgart,Champions League,A,1,2003-10-01_Manchester_United_VfB_Stuttgart_39,2003-04,Manchester United I
2003-10-04,Manchester United,Birmingham City,Premier League,H,0,,2003-04,Manchester United I
2003-10-11,Portugal,Albania,International Friendly,H,1,2003-10-11_Portugal_Albania_40,,Portugal
2003-10-18,Manchester United,Leeds United,Premier League,A,1,2003-10-18_Manchester_United_Leeds_United_41,2003-04,Manchester United I
2003-10-22,Manchester United,Rangers,Champions League,A,0,,2003-04,Manchester United I
2003-10-25,Manchester United,Fulham,Premier League,H,1,2003-10-25_Manchester_United_Fulham_42,2003-04,Manchester United I
2003-10-28,Manchester United,Leeds United,League Cup,A,0,,2003-04,Manchester United I
2003-11-01,Manchester United,Portsmouth,Premier League,H,1,2003-11-01_Manchester_United_Portsmouth_43,2003-04,Manchester United I
2003-11-04,Manchester United,Rangers,Champions League,H,1,2003-11-04_Manchester_United_Glasgow_Rangers_44,2003-04,Manchester United I
2003-11-09,Manchester United,Liverpool,Premier League,A,0,,2003-04,Manchester United I
2003-11-15,Portugal,Greece,International Friendly,H,0,,,Portugal
2003-11-19,Portugal,Kuwait,International Friendly,H,0,,,Portugal
2003-11-22,Manchester United,Blackburn Rovers,Premier League,H,1,2003-11-22_Manchester_United_Blackburn_Rovers_45,2003-04,Manchester United I
2003-11-26,Manchester United,Panathinaikos,Champions League,A,1,2003-11-26_Manchester_United_Panathinaikos_46,2003-04,Manchester United I
2003-11-30,Manchester United,Chelsea,Premier League,A,1,2003-11-30_Manchester_United_Chelsea_47,2003-04,Manchester United I
2003-12-03,Manchester United,West Bromwich Albion,League Cup,A,1,2003-12-03_Manchester_United_West_Bromwich_Albion_48,2003-04,Manchester United I
2003-12-06,Manchester United,Aston Villa,Premier League,H,1,2003-12-06_Manchester_United_Aston_Villa_49,2003-04,Manchester United I
2003-12-09,Manchester United,VfB Stuttgart,Champions League,H,0,,2003-04,Manchester United I
2003-12-13,Manchester United,Manchester City,Premier League,H,1,2003-12-13_Manchester_United_Manchester_City_50,2003-04,Manchester United I
2003-12-21,Manchester United,Tottenham Hotspur,Premier League,A,1,2003-12-21_Manchester_United_Tottenham_Hotspur_51,2003-04,Manchester United I
2003-12-26,Manchester United,Everton,Premier League,H,1,2003-12-26_Manchester_United_Everton_52,2003-04,Manchester United I
2003-12-28,Manchester United,Middlesbrough,Premier League,A,0,,2003-04,Manchester United I
2004-01-04,Manchester United,Aston Villa,FA Cup,A,0,,2003-04,Manchester United I
2004-01-07,Manchester United,Bolton Wanderers,Premier League,A,0,,2003-04,Manchester United I
2004-01-11,Manchester United,Newcastle United,Premier League,H,0,,2003-04,Manchester United I
2004-01-17,Manchester United,Wolverhampton Wanderers,Premier League,A,1,2004-01-17_Manchester_United_Wolverhampton_Wanderers_53,2003-04,Manchester United I
2004-01-25,Manchester United,Northampton Town,FA Cup,A,1,2004-01-25_Manchester_United_Northampton_Town_54,2003-04,Manchester United I
2004-01-31,Manchester United,Southampton,Premier League,H,1,2004-01-31_Manchester_United_Southampton_55,2003-04,Manchester United I
2004-02-07,Manchester United,Everton,Premier League,A,1,2004-02-07_Manchester_United_Everton_56,2003-04,Manchester United I
2004-02-11,Manchester United,Middlesbrough,Premier League,H,1,2004-02-11_Manchester_United_Middlesbrough_57,2003-04,Manchester United I
2004-02-14,Manchester United,Manchester City,FA Cup,H,1,2004-02-14_Manchester_United_Manchester_City_58,2003-04,Manchester United I
2004-02-18,Portugal,England,International Friendly,H,1,2004-02-18_Portugal_England_59,,Portugal
2004-02-21,Manchester United,Leeds United,Premier League,H,0,,2003-04,Manchester United I
2004-02-25,Manchester United,Porto,Champions League,A,1,2004-02-25_Manchester_United_FC_Porto_60,2003-04,Manchester United I
2004-02-28,Manchester United,Fulham,Premier League,A,1,2004-02-28_Manchester_United_Fulham_61,2003-04,Manchester United I
2004-03-06,Manchester United,Fulham,FA Cup,H,1,2004-03-06_Manchester_United_Fulham_62,2003-04,Manchester United I
2004-03-09,Manchester United,Porto,Champions League,H,1,2004-03-09_Manchester_United_FC_Porto_63,2003-04,Manchester United I
2004-03-14,Manchester United,Manchester City,Premier League,A,1,2004-03-14_Manchester_United_Manchester_City_64,2003-04,Manchester United I
2004-03-20,Manchester United,Tottenham Hotspur,Premier League,H,1,2004-03-20_Manchester_United_Tottenham_Hotspur_65,2003-04,Manchester United I
2004-03-28,Manchester United,Arsenal,Premier League,A,0,,2003-04,Manchester United I
2004-03-31,Portugal,Italy,International Friendly,H,1,2004-03-31_Portugal_Italy_66,,Portugal
2004-04-03,Manchester United,Arsenal,FA Cup,N,1,2004-04-03_Manchester_United_Arsenal_67,2003-04,Manchester United I
2004-04-10,Manchester United,Birmingham City,Premier League,A,1,2004-04-10_Manchester_United_Birmingham_City_68,2003-04,Manchester United I
2004-04-13,Manchester United,Leicester City,Premier League,H,1,2004-04-13_Manchester_United_Leicester_City_69,2003-04,Manchester United I
2004-04-17,Manchester United,Portsmouth,Premier League,A,1,2004-04-17_Manchester_United_Portsmouth_70,2003-04,Manchester United I
2004-04-20,Manchester United,Charlton Athletic,Premier League,H,1,2004-04-20_Manchester_United_Charlton_Athletic_71,2003-04,Manchester United I
2004-04-24,Manchester United,Liverpool,Premier League,H,1,2004-04-24_Manchester_United_Liverpool_72,2003-04,Manchester United I
2004-04-28,Portugal,Sweden,International Friendly,H,1,2004-04-28_Portugal_Sweden_73,,Portugal
2004-05-01,Manchester United,Blackburn Rovers,Premier League,A,0,,2003-04,Manchester United I
2004-05-08,Manchester United,Chelsea,Premier League,H,1,2004-05-08_Manchester_United_Chelsea_74,2003-04,Manchester United I
2004-05-15,Manchester United,Aston Villa,Premier League,A,1,2004-05-15_Manchester_United_Aston_Villa_75,2003-04,Manchester United I
2004-05-22,Manchester United,Millwall,FA Cup,N,1,2004-05-22_Manchester_United_Millwall_76,2003-04,Manchester United I
2004-05-29,Portugal,Luxembourg,International Friendly,H,1,2004-05-29_Portugal_Luxembourg_77,,Portugal
2004-06-05,Portugal,Lithuania,International Friendly,H,1,2004-06-05_Portugal_Lithuania_78,,Portugal
2004-06-12,Portugal,Greece,Euro Championship,H,1,2004-06-12_Portugal_Greece_79,,Portugal
2004-06-16,Portugal,Russia,Euro Championship,A,1,2004-06-16_Portugal_Russia_80,,Portugal
2004-06-20,Portugal,Spain,Euro Championship,A,1,2004-06-20_Portugal_Spain_81,,Portugal
2004-06-24,Portugal,England,Euro Championship,H,1,2004-06-24_Portugal_England_82,,Portugal
2004-06-30,Portugal,Netherlands,Euro Championship,H,1,2004-06-30_Portugal_Netherlands_83,,Portugal
2004-07-04,Portugal,Greece,Euro Championship,H,1,2004-07-04_Portugal_Greece_84,,Portugal
2004-08-08,Manchester United,Arsenal,FA Community Shield,N,0,,2004-05,Manchester United I
2004-08-11,Manchester United,Dinamo București,Champions League,A,0,,2004-05,Manchester United I
2004-08-15,Manchester United,Chelsea,Premier League,A,0,,2004-05,Manchester United I
2004-08-21,Manchester United,Norwich City,Premier League,H,1,2004-08-21_Manchester_United_Norwich_City_85,2004-05,Manchester United I
2004-08-25,Manchester United,Dinamo București,Champions League,H,1,2004-08-25_Manchester_United_Dinamo_Bucharest_86,2004-05,Manchester United I
2004-08-28,Manchester United,Blackburn Rovers,Premier League,A,1,2004-08-28_Manchester_United_Blackburn_Rovers_87,2004-05,Manchester United I
2004-08-30,Manchester United,Everton,Premier League,H,1,2004-08-30_Manchester_United_Everton_88,2004-05,Manchester United I
2004-09-04,Portugal,Latvia,World Cup - Qualification Europe,A,1,2004-09-04_Portugal_Latvia_89,,Portugal
2004-09-08,Portugal,Estonia,World Cup - Qualification Europe,H,1,2004-09-08_Portugal_Estonia_90,,Portugal
2004-09-11,Manchester United,Bolton Wanderers,Premier League,A,1,2004-09-11_Manchester_United_Bolton_Wanderers_91,2004-05,Manchester United I
2004-09-15,Manchester United,Lyon,Champions League,A,1,2004-09-15_Manchester_United_Lyon_92,2004-05,Manchester United I
2004-09-20,Manchester United,Liverpool,Premier League,H,1,2004-09-20_Manchester_United_Liverpool_93,2004-05,Manchester United I
2004-09-25,Manchester United,Tottenham Hotspur,Premier League,A,1,2004-09-25_Manchester_United_Tottenham_Hotspur_94,2004-05,Manchester United I
2004-09-28,Manchester United,Fenerbahçe,Champions League,H,0,,2004-05,Manchester United I
2004-10-03,Manchester United,Middlesbrough,Premier League,H,1,2004-10-03_Manchester_United_Middlesbrough_95,2004-05,Manchester United I
2004-10-09,Portugal,Liechtenstein,World Cup - Qualification Europe,A,1,2004-10-09_Portugal_Liechtenstein_96,,Portugal
2004-10-13,Portugal,Russia,World Cup - Qualification Europe,H,1,2004-10-13_Portugal_Russia_97,,Portugal
2004-10-16,Manchester United,Birmingham City,Premier League,A,1,2004-10-16_Manchester_United_Birmingham_City_98,2004-05,Manchester United I
2004-10-19,Manchester United,Sparta Prague,Champions League,A,1,2004-10-19_Manchester_United_Sparta_Prague_99,2004-05,Manchester United I
2004-10-24,Manchester United,Arsenal,Premier League,H,1,2004-10-24_Manchester_United_Arsenal_100,2004-05,Manchester United I
2004-10-26,Manchester United,Crewe Alexandra,League Cup,A,0,,2004-05,Manchester United I
2004-10-30,Manchester United,Portsmouth,Premier League,A,1,2004-10-30_Manchester_United_Portsmouth_101,2004-05,Manchester United I
2004-11-03,Manchester United,Sparta Prague,Champions League,H,1,2004-11-03_Manchester_United_Sparta_Prague_102,2004-05,Manchester United I
2004-11-07,Manchester United,Manchester City,Premier League,H,1,2004-11-07_Manchester_United_Manchester_City_103,2004-05,Manchester United I
2004-11-10,Manchester United,Crystal Palace,League Cup,H,0,,2004-05,Manchester United I
2004-11-14,Manchester United,Newcastle United,Premier League,A,1,2004-11-14_Manchester_United_Newcastle_United_104,2004-05,Manchester United I
2004-11-17,Portugal,Luxembourg,World Cup - Qualification Europe,A,1,2004-11-17_Portugal_Luxembourg_105,,Portugal
2004-11-20,Manchester United,Charlton Athletic,Premier League,H,0,,2004-05,Manchester United I
2004-11-23,Manchester United,Lyon,Champions League,H,1,2004-11-23_Manchester_United_Lyon_106,2004-05,Manchester United I
2004-11-27,Manchester United,West Bromwich Albion,Premier League,A,1,2004-11-27_Manchester_United_West_Bromwich_Albion_107,2004-05,Manchester United I
2004-12-01,Manchester United,Arsenal,League Cup,H,0,,2004-05,Manchester United I
2004-12-04,Manchester United,Southampton,Premier League,H,1,2004-12-04_Manchester_United_Southampton_108,2004-05,Manchester United I
2004-12-08,Manchester United,Fenerbahçe,Champions League,A,1,2004-12-08_Manchester_United_Fenerbahce_109,2004-05,Manchester United I
2004-12-13,Manchester United,Fulham,Premier League,A,1,2004-12-13_Manchester_United_Fulham_110,2004-05,Manchester United I
2004-12-18,Manchester United,Crystal Palace,Premier League,H,0,,2004-05,Manchester United I
2004-12-26,Manchester United,Bolton Wanderers,Premier League,H,1,2004-12-26_Manchester_United_Bolton_Wanderers_111,2004-05,Manchester United I
2004-12-28,Manchester United,Aston Villa,Premier League,A,1,2004-12-28_Manchester_United_Aston_Villa_112,2004-05,Manchester United I
2005-01-01,Manchester United,Middlesbrough,Premier League,A,1,2005-01-01_Manchester_United_Middlesbrough_113,2004-05,Manchester United I
2005-01-04,Manchester United,Tottenham Hotspur,Premier League,H,1,2005-01-04_Manchester_United_Tottenham_Hotspur_114,2004-05,Manchester United I
2005-01-08,Manchester United,Exeter City,FA Cup,H,1,2005-01-08_Manchester_United_Exeter_City_115,2004-05,Manchester United I
2005-01-12,Manchester United,Chelsea,League Cup,A,1,2005-01-12_Manchester_United_Chelsea_116,2004-05,Manchester United I
2005-01-15,Manchester United,Liverpool,Premier League,A,1,2005-01-15_Manchester_United_Liverpool_117,2004-05,Manchester United I
2005-01-19,Manchester United,Exeter City,FA Cup,A,1,2005-01-19_Manchester_United_Exeter_City_118,2004-05,Manchester United I
2005-01-22,Manchester United,Aston Villa,Premier League,H,1,2005-01-22_Manchester_United_Aston_Villa_119,2004-05,Manchester United I
2005-01-26,Manchester United,Chelsea,League Cup,H,1,2005-01-26_Manchester_United_Chelsea_120,2004-05,Manchester United I
2005-01-29,Manchester United,Middlesbrough,FA Cup,H,1,2005-01-29_Manchester_United_Middlesbrough_121,2004-05,Manchester United I
2005-02-01,Manchester United,Arsenal,Premier League,A,1,2005-02-01_Manchester_United_Arsenal_122,2004-05,Manchester United I
2005-02-05,Manchester United,Birmingham City,Premier League,H,1,2005-02-05_Manchester_United_Birmingham_City_123,2004-05,Manchester United I
2005-02-09,Portugal,Republic of Ireland,International Friendly,A,1,2005-02-09_Portugal_Republic_of_Ireland_124,,Portugal
2005-02-13,Manchester United,Manchester City,Premier League,A,1,2005-02-13_Manchester_United_Manchester_City_125,2004-05,Manchester United I
2005-02-19,Manchester United,Everton,FA Cup,A,1,2005-02-19_Manchester_United_Everton_126,2004-05,Manchester United I
2005-02-23,Manchester United,Milan,Champions League,H,1,2005-02-23_Manchester_United_AC_Milan_127,2004-05,Manchester United I
2005-02-26,Manchester United,Portsmouth,Premier League,H,1,2005-02-26_Manchester_United_Portsmouth_128,2004-05,Manchester United I
2005-03-05,Manchester United,Crystal Palace,Premier League,A,1,2005-03-05_Manchester_United_Crystal_Palace_129,2004-05,Manchester United I
2005-03-08,Manchester United,Milan,Champions League,A,1,2005-03-08_Manchester_United_AC_Milan_130,2004-05,Manchester United I
2005-03-12,Manchester United,Southampton,FA Cup,A,1,2005-03-12_Manchester_United_Southampton_131,2004-05,Manchester United I
2005-03-19,Manchester United,Fulham,Premier League,H,1,2005-03-19_Manchester_United_Fulham_132,2004-05,Manchester United I
2005-03-26,Portugal,Canada,International Friendly,H,1,2005-03-26_Portugal_Canada_133,,Portugal
2005-03-30,Portugal,Slovakia,World Cup - Qualification Europe,A,1,2005-03-30_Portugal_Slovakia_134,,Portugal
2005-04-02,Manchester United,Blackburn Rovers,Premier League,H,1,2005-04-02_Manchester_United_Blackburn_Rovers_135,2004-05,Manchester United I
2005-04-09,Manchester United,Norwich City,Premier League,A,1,2005-04-09_Manchester_United_Norwich_City_136,2004-05,Manchester United I
2005-04-17,Manchester United,Newcastle United,FA Cup,N,1,2005-04-17_Manchester_United_Newcastle_United_137,2004-05,Manchester United I
2005-04-20,Manchester United,Everton,Premier League,A,1,2005-04-20_Manchester_United_Everton_138,2004-05,Manchester United I
2005-04-24,Manchester United,Newcastle United,Premier League,H,1,2005-04-24_Manchester_United_Newcastle_United_139,2004-05,Manchester United I
2005-05-01,Manchester United,Charlton Athletic,Premier League,A,0,,2004-05,Manchester United I
2005-05-07,Manchester United,West Bromwich Albion,Premier League,H,1,2005-05-07_Manchester_United_West_Bromwich_Albion_140,2004-05,Manchester United I
2005-05-10,Manchester United,Chelsea,Premier League,H,1,2005-05-10_Manchester_United_Chelsea_141,2004-05,Manchester United I
2005-05-15,Manchester United,Southampton,Premier League,A,0,,2004-05,Manchester United I
2005-05-21,Manchester United,Arsenal,FA Cup,N,1,2005-05-21_Manchester_United_Arsenal_142,2004-05,Manchester United I
2005-06-04,Portugal,Slovakia,World Cup - Qualification Europe,H,1,2005-06-04_Portugal_Slovakia_143,,Portugal
2005-06-08,Portugal,Estonia,World Cup - Qualification Europe,A,1,2005-06-08_Portugal_Estonia_144,,Portugal
2005-08-09,Manchester United,Debrecen,Champions League,H,1,2005-08-09_Manchester_United_Debrecen_145,2005-06,Manchester United I
2005-08-13,Manchester United,Everton,Premier League,A,0,,2005-06,Manchester United I
2005-08-17,Portugal,Egypt,International Friendly,H,0,,,Portugal
2005-08-20,Manchester United,Aston Villa,Premier League,H,1,2005-08-20_Manchester_United_Aston_Villa_146,2005-06,Manchester United I
2005-08-24,Manchester United,Debrecen,Champions League,A,1,2005-08-24_Manchester_United_Debrecen_147,2005-06,Manchester United I
2005-08-28,Manchester United,Newcastle United,Premier League,A,1,2005-08-28_Manchester_United_Newcastle_United_148,2005-06,Manchester United I
2005-09-03,Portugal,Luxembourg,World Cup - Qualification Europe,H,1,2005-09-03_Portugal_Luxembourg_149,,Portugal
2005-09-07,Portugal,Russia,World Cup - Qualification Europe,A,1,2005-09-07_Portugal_Russia_150,,Portugal
2005-09-10,Manchester United,Manchester City,Premier League,H,0,,2005-06,Manchester United I
2005-09-14,Manchester United,Villarreal,Champions League,A,1,2005-09-14_Manchester_United_Villarreal_151,2005-06,Manchester United I
2005-09-18,Manchester United,Liverpool,Premier League,A,1,2005-09-18_Manchester_United_Liverpool_152,2005-06,Manchester United I
2005-09-24,Manchester United,Blackburn Rovers,Premier League,H,1,2005-09-24_Manchester_United_Blackburn_Rovers_153,2005-06,Manchester United I
2005-09-27,Manchester United,Benfica,Champions League,H,1,2005-09-27_Manchester_United_Benfica_154,2005-06,Manchester United I
2005-10-01,Manchester United,Fulham,Premier League,A,1,2005-10-01_Manchester_United_Fulham_155,2005-06,Manchester United I
2005-10-08,Portugal,Liechtenstein,World Cup - Qualification Europe,H,1,2005-10-08_Portugal_Liechtenstein_156,,Portugal
2005-10-12,Portugal,Latvia,World Cup - Qualification Europe,H,1,2005-10-12_Portugal_Latvia_157,,Portugal
2005-10-15,Manchester United,Sunderland,Premier League,A,1,2005-10-15_Manchester_United_Sunderland_158,2005-06,Manchester United I
2005-10-18,Manchester United,Lille,Champions League,H,1,2005-10-18_Manchester_United_Lille_159,2005-06,Manchester United I
2005-10-22,Manchester United,Tottenham Hotspur,Premier League,H,1,2005-10-22_Manchester_United_Tottenham_Hotspur_160,2005-06,Manchester United I
2005-10-26,Manchester United,Barnet,League Cup,H,0,,2005-06,Manchester United I
2005-10-29,Manchester United,Middlesbrough,Premier League,A,1,2005-10-29_Manchester_United_Middlesbrough_161,2005-06,Manchester United I
2005-11-02,Manchester United,Lille,Champions League,A,1,2005-11-02_Manchester_United_Lille_162,2005-06,Manchester United I
2005-11-06,Manchester United,Chelsea,Premier League,H,1,2005-11-06_Manchester_United_Chelsea_163,2005-06,Manchester United I
2005-11-12,Portugal,Croatia,International Friendly,H,1,2005-11-12_Portugal_Croatia_164,,Portugal
2005-11-15,Portugal,Northern Ireland,International Friendly,A,1,2005-11-15_Portugal_Northern_Ireland_165,,Portugal
2005-11-19,Manchester United,Charlton Athletic,Premier League,A,1,2005-11-19_Manchester_United_Charlton_Athletic_166,2005-06,Manchester United I
2005-11-22,Manchester United,Villarreal,Champions League,H,1,2005-11-22_Manchester_United_Villarreal_167,2005-06,Manchester United I
2005-11-27,Manchester United,West Ham United,Premier League,A,0,,2005-06,Manchester United I
2005-11-30,Manchester United,West Bromwich Albion,League Cup,H,1,2005-11-30_Manchester_United_West_Bromwich_Albion_168,2005-06,Manchester United I
2005-12-03,Manchester United,Portsmouth,Premier League,H,1,2005-12-03_Manchester_United_Portsmouth_169,2005-06,Manchester United I
2005-12-07,Manchester United,Benfica,Champions League,A,1,2005-12-07_Manchester_United_Benfica_170,2005-06,Manchester United I
2005-12-11,Manchester United,Everton,Premier League,H,1,2005-12-11_Manchester_United_Everton_171,2005-06,Manchester United I
2005-12-14,Manchester United,Wigan Athletic,Premier League,H,1,2005-12-14_Manchester_United_Wigan_Athletic_172,2005-06,Manchester United I
2005-12-17,Manchester United,Aston Villa,Premier League,A,1,2005-12-17_Manchester_United_Aston_Villa_173,2005-06,Manchester United I
2005-12-20,Manchester United,Birmingham City,League Cup,A,1,2005-12-20_Manchester_United_Birmingham_City_174,2005-06,Manchester United I
2005-12-26,Manchester United,West Bromwich Albion,Premier League,H,0,,2005-06,Manchester United I
2005-12-28,Manchester United,Birmingham City,Premier League,A,1,2005-12-28_Manchester_United_Birmingham_City_175,2005-06,Manchester United I
2005-12-31,Manchester United,Bolton Wanderers,Premier League,H,1,2005-12-31_Manchester_United_Bolton_Wanderers_176,2005-06,Manchester United I
2006-01-03,Manchester United,Arsenal,Premier League,A,1,2006-01-03_Manchester_United_Arsenal_177,2005-06,Manchester United I
2006-01-08,Manchester United,Burton Albion,FA Cup,A,1,2006-01-08_Manchester_United_Burton_Albion_178,2005-06,Manchester United I
2006-01-11,Manchester United,Blackburn Rovers,League Cup,A,1,2006-01-11_Manchester_United_Blackburn_Rovers_179,2005-06,Manchester United I
2006-01-14,Manchester United,Manchester City,Premier League,A,1,2006-01-14_Manchester_United_Manchester_City_180,2005-06,Manchester United I
2006-01-29,Manchester United,Wolverhampton Wanderers,FA Cup,A,0,,2005-06,Manchester United I
2006-02-01,Manchester United,Blackburn Rovers,Premier League,A,1,2006-02-01_Manchester_United_Blackburn_Rovers_181,2005-06,Manchester United I
2006-02-04,Manchester United,Fulham,Premier League,H,1,2006-02-04_Manchester_United_Fulham_182,2005-06,Manchester United I
2006-02-11,Manchester United,Portsmouth,Premier League,A,1,2006-02-11_Manchester_United_Portsmouth_183,2005-06,Manchester United I
2006-02-18,Manchester United,Liverpool,FA Cup,A,1,2006-02-18_Manchester_United_Liverpool_184,2005-06,Manchester United I
2006-02-26,Manchester United,Wigan Athletic,League Cup,N,1,2006-02-26_Manchester_United_Wigan_Athletic_185,2005-06,Manchester United I
2006-03-01,Portugal,Saudi Arabia,International Friendly,H,1,2006-03-01_Portugal_Saudi_Arabia_186,,Portugal
2006-03-06,Manchester United,Wigan Athletic,Premier League,A,1,2006-03-06_Manchester_United_Wigan_Athletic_187,2005-06,Manchester United I
2006-03-12,Manchester United,Newcastle United,Premier League,H,1,2006-03-12_Manchester_United_Newcastle_United_188,2005-06,Manchester United I
2006-03-18,Manchester United,West Bromwich Albion,Premier League,A,1,2006-03-18_Manchester_United_West_Bromwich_Albion_189,2005-06,Manchester United I
2006-03-26,Manchester United,Birmingham City,Premier League,H,1,2006-03-26_Manchester_United_Birmingham_City_190,2005-06,Manchester United I
2006-03-29,Manchester United,West Ham United,Premier League,H,1,2006-03-29_Manchester_United_West_Ham_United_191,2005-06,Manchester United I
2006-04-01,Manchester United,Bolton Wanderers,Premier League,A,1,2006-04-01_Manchester_United_Bolton_Wanderers_192,2005-06,Manchester United I
2006-04-09,Manchester United,Arsenal,Premier League,H,1,2006-04-09_Manchester_United_Arsenal_193,2005-06,Manchester United I
2006-04-14,Manchester United,Sunderland,Premier League,H,1,2006-04-14_Manchester_United_Sunderland_194,2005-06,Manchester United I
2006-04-17,Manchester United,Tottenham Hotspur,Premier League,A,1,2006-04-17_Manchester_United_Tottenham_Hotspur_195,2005-06,Manchester United I
2006-04-29,Manchester United,Chelsea,Premier League,A,1,2006-04-29_Manchester_United_Chelsea_196,2005-06,Manchester United I
2006-05-01,Manchester United,Middlesbrough,Premier League,H,1,2006-05-01_Manchester_United_Middlesbrough_197,2005-06,Manchester United I
2006-05-07,Manchester United,Charlton Athletic,Premier League,H,1,2006-05-07_Manchester_United_Charlton_Athletic_198,2005-06,Manchester United I
2006-05-27,Portugal,Cape Verde,International Friendly,H,1,2006-05-27_Portugal_Cape_Verde_199,,Portugal
2006-06-03,Portugal,Luxembourg,International Friendly,A,1,2006-06-03_Portugal_Luxembourg_200,,Portugal
2006-06-11,Portugal,Angola,World Cup,A,1,2006-06-11_Portugal_Angola_201,,Portugal
2006-06-17,Portugal,Iran,World Cup,H,1,2006-06-17_Portugal_Iran_202,,Portugal
2006-06-21,Portugal,Mexico,World Cup,H,0,,,Portugal
2006-06-25,Portugal,Netherlands,World Cup,H,1,2006-06-25_Portugal_Netherlands_203,,Portugal
2006-07-01,Portugal,England,World Cup,A,1,2006-07-01_Portugal_England_204,,Portugal
2006-07-05,Portugal,France,World Cup,H,1,2006-07-05_Portugal_France_205,,Portugal
2006-07-08,Portugal,Germany,World Cup,A,1,2006-07-08_Portugal_Germany_206,,Portugal
2006-08-20,Manchester United,Fulham,Premier League,H,1,2006-08-20_Manchester_United_Fulham_207,2006-07,Manchester United I
2006-08-23,Manchester United,Charlton Athletic,Premier League,A,1,2006-08-23_Manchester_United_Charlton_Athletic_208,2006-07,Manchester United I
2006-08-26,Manchester United,Watford,Premier League,A,1,2006-08-26_Manchester_United_Watford_209,2006-07,Manchester United I
2006-09-01,Portugal,Denmark,International Friendly,A,1,2006-09-01_Portugal_Denmark_210,,Portugal
2006-09-06,Portugal,Finland,Euros Qualifier,A,1,2006-09-06_Portugal_Finland_211,,Portugal
2006-09-09,Manchester United,Tottenham Hotspur,Premier League,H,1,2006-09-09_Manchester_United_Tottenham_Hotspur_212,2006-07,Manchester United I
2006-09-13,Manchester United,Celtic,Champions League,H,0,,2006-07,Manchester United I
2006-09-17,Manchester United,Arsenal,Premier League,H,1,2006-09-17_Manchester_United_Arsenal_213,2006-07,Manchester United I
2006-09-23,Manchester United,Reading,Premier League,A,1,2006-09-23_Manchester_United_Reading_214,2006-07,Manchester United I
2006-09-26,Manchester United,Benfica,Champions League,A,1,2006-09-26_Manchester_United_Benfica_215,2006-07,Manchester United I
2006-10-01,Manchester United,Newcastle United,Premier League,H,1,2006-10-01_Manchester_United_Newcastle_United_216,2006-07,Manchester United I
2006-10-07,Portugal,Azerbaijan,Euros Qualifier,H,1,2006-10-07_Portugal_Azerbaijan_217,,Portugal
2006-10-11,Portugal,Poland,Euros Qualifier,A,1,2006-10-11_Portugal_Poland_218,,Portugal
2006-10-14,Manchester United,Wigan Athletic,Premier League,A,0,,2006-07,Manchester United I
2006-10-17,Manchester United,Copenhagen,Champions League,H,1,2006-10-17_Manchester_United_FC_Copenhagen_219,2006-07,Manchester United I
2006-10-22,Manchester United,Liverpool,Premier League,H,0,,2006-07,Manchester United I
2006-10-25,Manchester United,Crewe Alexandra,League Cup,A,0,,2006-07,Manchester United I
2006-10-28,Manchester United,Bolton Wanderers,Premier League,A,1,2006-10-28_Manchester_United_Bolton_Wanderers_220,2006-07,Manchester United I
2006-11-01,Manchester United,Copenhagen,Champions League,A,1,2006-11-01_Manchester_United_FC_Copenhagen_221,2006-07,Manchester United I
2006-11-04,Manchester United,Portsmouth,Premier League,H,1,2006-11-04_Manchester_United_Portsmouth_222,2006-07,Manchester United I
2006-11-07,Manchester United,Southend United,League Cup,A,1,2006-11-07_Manchester_United_Southend_United_223,2006-07,Manchester United I
2006-11-11,Manchester United,Blackburn Rovers,Premier League,A,1,2006-11-11_Manchester_United_Blackburn_Rovers_224,2006-07,Manchester United I
2006-11-15,Portugal,Kazakhstan,Euros Qualifier,H,1,2006-11-15_Portugal_Kazakhstan_225,,Portugal
2006-11-18,Manchester United,Sheffield United,Premier League,A,1,2006-11-18_Manchester_United_Sheffield_United_226,2006-07,Manchester United I
2006-11-21,Manchester United,Celtic,Champions League,A,1,2006-11-21_Manchester_United_Celtic_227,2006-07,Manchester United I
2006-11-26,Manchester United,Chelsea,Premier League,H,1,2006-11-26_Manchester_United_Chelsea_228,2006-07,Manchester United I
2006-11-29,Manchester United,Everton,Premier League,H,1,2006-11-29_Manchester_United_Everton_229,2006-07,Manchester United I
2006-12-02,Manchester United,Middlesbrough,Premier League,A,1,2006-12-02_Manchester_United_Middlesbrough_230,2006-07,Manchester United I
2006-12-06,Manchester United,Benfica,Champions League,H,1,2006-12-06_Manchester_United_Benfica_231,2006-07,Manchester United I
2006-12-09,Manchester United,Manchester City,Premier League,H,1,2006-12-09_Manchester_United_Manchester_City_232,2006-07,Manchester United I
2006-12-17,Manchester United,West Ham United,Premier League,A,1,2006-12-17_Manchester_United_West_Ham_United_233,2006-07,Manchester United I
2006-12-23,Manchester United,Aston Villa,Premier League,A,1,2006-12-23_Manchester_United_Aston_Villa_234,2006-07,Manchester United I
2006-12-26,Manchester United,Wigan Athletic,Premier League,H,1,2006-12-26_Manchester_United_Wigan_Athletic_235,2006-07,Manchester United I
2006-12-30,Manchester United,Reading,Premier League,H,1,2006-12-30_Manchester_United_Reading_236,2006-07,Manchester United I
2007-01-01,Manchester United,Newcastle United,Premier League,A,1,2007-01-01_Manchester_United_Newcastle_United_237,2006-07,Manchester United I
2007-01-07,Manchester United,Aston Villa,FA Cup,H,1,2007-01-07_Manchester_United_Aston_Villa_238,2006-07,Manchester United I
2007-01-13,Manchester United,Aston Villa,Premier League,H,1,2007-01-13_Manchester_United_Aston_Villa_239,2006-07,Manchester United I
2007-01-21,Manchester United,Arsenal,Premier League,A,1,2007-01-21_Manchester_United_Arsenal_240,2006-07,Manchester United I
2007-01-27,Manchester United,Portsmouth,FA Cup,H,0,,2006-07,Manchester United I
2007-01-31,Manchester United,Watford,Premier League,H,1,2007-01-31_Manchester_United_Watford_241,2006-07,Manchester United I
2007-02-04,Manchester United,Tottenham Hotspur,Premier League,A,1,2007-02-04_Manchester_United_Tottenham_Hotspur_242,2006-07,Manchester United I
2007-02-06,Portugal,Brazil,International Friendly,A,1,2007-02-06_Portugal_Brazil_243,,Portugal
2007-02-10,Manchester United,Charlton Athletic,Premier League,H,0,,2006-07,Manchester United I
2007-02-17,Manchester United,Reading,FA Cup,H,1,2007-02-17_Manchester_United_Reading_244,2006-07,Manchester United I
2007-02-20,Manchester United,Lille,Champions League,A,1,2007-02-20_Manchester_United_Lille_245,2006-07,Manchester United I
2007-02-24,Manchester United,Fulham,Premier League,A,1,2007-02-24_Manchester_United_Fulham_246,2006-07,Manchester United I
2007-02-27,Manchester United,Reading,FA Cup,A,1,2007-02-27_Manchester_United_Reading_247,2006-07,Manchester United I
2007-03-03,Manchester United,Liverpool,Premier League,A,1,2007-03-03_Manchester_United_Liverpool_248,2006-07,Manchester United I
2007-03-07,Manchester United,Lille,Champions League,H,1,2007-03-07_Manchester_United_Lille_249,2006-07,Manchester United I
2007-03-10,Manchester United,Middlesbrough,FA Cup,A,1,2007-03-10_Manchester_United_Middlesbrough_250,2006-07,Manchester United I
2007-03-17,Manchester United,Bolton Wanderers,Premier League,H,1,2007-03-17_Manchester_United_Bolton_Wanderers_251,2006-07,Manchester United I
2007-03-19,Manchester United,Middlesbrough,FA Cup,H,1,2007-03-19_Manchester_United_Middlesbrough_252,2006-07,Manchester United I
2007-03-24,Portugal,Belgium,Euros Qualifier,H,1,2007-03-24_Portugal_Belgium_253,,Portugal
2007-03-28,Portugal,Serbia,Euros Qualifier,A,1,2007-03-28_Portugal_Serbia_254,,Portugal
2007-03-31,Manchester United,Blackburn Rovers,Premier League,H,1,2007-03-31_Manchester_United_Blackburn_Rovers_255,2006-07,Manchester United I
2007-04-04,Manchester United,Roma,Champions League,A,1,2007-04-04_Manchester_United_AS_Roma_256,2006-07,Manchester United I
2007-04-07,Manchester United,Portsmouth,Premier League,A,1,2007-04-07_Manchester_United_Portsmouth_257,2006-07,Manchester United I
2007-04-10,Manchester United,Roma,Champions League,H,1,2007-04-10_Manchester_United_AS_Roma_258,2006-07,Manchester United I
2007-04-14,Manchester United,Watford,FA Cup,N,1,2007-04-14_Manchester_United_Watford_259,2006-07,Manchester United I
2007-04-17,Manchester United,Sheffield United,Premier League,H,1,2007-04-17_Manchester_United_Sheffield_United_260,2006-07,Manchester United I
2007-04-21,Manchester United,Middlesbrough,Premier League,H,1,2007-04-21_Manchester_United_Middlesbrough_261,2006-07,Manchester United I
2007-04-24,Manchester United,Milan,Champions League,H,1,2007-04-24_Manchester_United_AC_Milan_262,2006-07,Manchester United I
2007-04-28,Manchester United,Everton,Premier League,A,1,2007-04-28_Manchester_United_Everton_263,2006-07,Manchester United I
2007-05-02,Manchester United,Milan,Champions League,A,1,2007-05-02_Manchester_United_AC_Milan_264,2006-07,Manchester United I
2007-05-05,Manchester United,Manchester City,Premier League,A,1,2007-05-05_Manchester_United_Manchester_City_265,2006-07,Manchester United I
2007-05-09,Manchester United,Chelsea,Premier League,A,0,,2006-07,Manchester United I
2007-05-13,Manchester United,West Ham United,Premier League,H,1,2007-05-13_Manchester_United_West_Ham_United_266,2006-07,Manchester United I
2007-05-19,Manchester United,Chelsea,FA Cup,N,1,2007-05-19_Manchester_United_Chelsea_267,2006-07,Manchester United I
2007-08-05,Manchester United,Chelsea,FA Community Shield,N,1,2007-08-05_Manchester_United_Chelsea_268,2007-08,Manchester United I
2007-08-12,Manchester United,Reading,Premier League,H,1,2007-08-12_Manchester_United_Reading_269,2007-08,Manchester United I
2007-08-15,Manchester United,Portsmouth,Premier League,A,1,2007-08-15_Manchester_United_Portsmouth_270,2007-08,Manchester United I
2007-08-22,Portugal,Armenia,Euros Qualifier,A,1,2007-08-22_Portugal_Armenia_271,,Portugal
2007-09-08,Portugal,Poland,Euros Qualifier,H,1,2007-09-08_Portugal_Poland_272,,Portugal
2007-09-12,Portugal,Serbia,Euros Qualifier,H,1,2007-09-12_Portugal_Serbia_273,,Portugal
2007-09-15,Manchester United,Everton,Premier League,A,1,2007-09-15_Manchester_United_Everton_274,2007-08,Manchester United I
2007-09-19,Manchester United,Sporting CP,Champions League,A,1,2007-09-19_Manchester_United_Sporting_CP_275,2007-08,Manchester United I
2007-09-23,Manchester United,Chelsea,Premier League,H,1,2007-09-23_Manchester_United_Chelsea_276,2007-08,Manchester United I
2007-09-26,Manchester United,Coventry City,League Cup,H,0,,2007-08,Manchester United I
2007-09-29,Manchester United,Birmingham City,Premier League,A,1,2007-09-29_Manchester_United_Birmingham_City_277,2007-08,Manchester United I
2007-10-02,Manchester United,Roma,Champions League,H,1,2007-10-02_Manchester_United_AS_Roma_278,2007-08,Manchester United I
2007-10-06,Manchester United,Wigan Athletic,Premier League,H,1,2007-10-06_Manchester_United_Wigan_Athletic_279,2007-08,Manchester United I
2007-10-13,Portugal,Azerbaijan,Euros Qualifier,A,1,2007-10-13_Portugal_Azerbaijan_280,,Portugal
2007-10-17,Portugal,Kazakhstan,Euros Qualifier,A,1,2007-10-17_Portugal_Kazakhstan_281,,Portugal
2007-10-20,Manchester United,Aston Villa,Premier League,A,1,2007-10-20_Manchester_United_Aston_Villa_282,2007-08,Manchester United I
2007-10-23,Manchester United,Dynamo Kyiv,Champions League,A,1,2007-10-23_Manchester_United_Dynamo_Kyiv_283,2007-08,Manchester United I
2007-10-27,Manchester United,Middlesbrough,Premier League,H,1,2007-10-27_Manchester_United_Middlesbrough_284,2007-08,Manchester United I
2007-11-03,Manchester United,Arsenal,Premier League,A,1,2007-11-03_Manchester_United_Arsenal_285,2007-08,Manchester United I
2007-11-07,Manchester United,Dynamo Kyiv,Champions League,H,1,2007-11-07_Manchester_United_Dynamo_Kyiv_286,2007-08,Manchester United I
2007-11-11,Manchester United,Blackburn Rovers,Premier League,H,1,2007-11-11_Manchester_United_Blackburn_Rovers_287,2007-08,Manchester United I
2007-11-17,Portugal,Armenia,Euros Qualifier,H,1,2007-11-17_Portugal_Armenia_288,,Portugal
2007-11-21,Portugal,Finland,Euros Qualifier,H,1,2007-11-21_Portugal_Finland_289,,Portugal
2007-11-24,Manchester United,Bolton Wanderers,Premier League,A,0,,2007-08,Manchester United I
2007-11-27,Manchester United,Sporting CP,Champions League,H,1,2007-11-27_Manchester_United_Sporting_CP_290,2007-08,Manchester United I
2007-12-03,Manchester United,Fulham,Premier League,H,1,2007-12-03_Manchester_United_Fulham_291,2007-08,Manchester United I
2007-12-08,Manchester United,Derby County,Premier League,H,1,2007-12-08_Manchester_United_Derby_County_292,2007-08,Manchester United I
2007-12-12,Manchester United,Roma,Champions League,A,0,,2007-08,Manchester United I
2007-12-16,Manchester United,Liverpool,Premier League,A,1,2007-12-16_Manchester_United_Liverpool_293,2007-08,Manchester United I
2007-12-23,Manchester United,Everton,Premier League,H,1,2007-12-23_Manchester_United_Everton_294,2007-08,Manchester United I
2007-12-26,Manchester United,Sunderland,Premier League,A,1,2007-12-26_Manchester_United_Sunderland_295,2007-08,Manchester United I
2007-12-29,Manchester United,West Ham United,Premier League,A,1,2007-12-29_Manchester_United_West_Ham_United_296,2007-08,Manchester United I
2008-01-01,Manchester United,Birmingham City,Premier League,H,1,2008-01-01_Manchester_United_Birmingham_City_297,2007-08,Manchester United I
2008-01-05,Manchester United,Aston Villa,FA Cup,A,1,2008-01-05_Manchester_United_Aston_Villa_298,2007-08,Manchester United I
2008-01-12,Manchester United,Newcastle United,Premier League,H,1,2008-01-12_Manchester_United_Newcastle_United_299,2007-08,Manchester United I
2008-01-19,Manchester United,Reading,Premier League,A,1,2008-01-19_Manchester_United_Reading_300,2007-08,Manchester United I
2008-01-27,Manchester United,Tottenham Hotspur,FA Cup,H,1,2008-01-27_Manchester_United_Tottenham_Hotspur_301,2007-08,Manchester United I
2008-01-30,Manchester United,Portsmouth,Premier League,H,1,2008-01-30_Manchester_United_Portsmouth_302,2007-08,Manchester United I
2008-02-02,Manchester United,Tottenham Hotspur,Premier League,A,1,2008-02-02_Manchester_United_Tottenham_Hotspur_303,2007-08,Manchester United I
2008-02-06,Portugal,Italy,International Friendly,A,1,2008-02-06_Portugal_Italy_304,,Portugal
2008-02-10,Manchester United,Manchester City,Premier League,H,1,2008-02-10_Manchester_United_Manchester_City_305,2007-08,Manchester United I
2008-02-16,Manchester United,Arsenal,FA Cup,H,0,,2007-08,Manchester United I
2008-02-20,Manchester United,Lyon,Champions League,A,1,2008-02-20_Manchester_United_Lyon_306,2007-08,Manchester United I
2008-02-23,Manchester United,Newcastle United,Premier League,A,1,2008-02-23_Manchester_United_Newcastle_United_307,2007-08,Manchester United I
2008-03-01,Manchester United,Fulham,Premier League,A,1,2008-03-01_Manchester_United_Fulham_308,2007-08,Manchester United I
2008-03-04,Manchester United,Lyon,Champions League,H,1,2008-03-04_Manchester_United_Lyon_309,2007-08,Manchester United I
2008-03-08,Manchester United,Portsmouth,FA Cup,H,1,2008-03-08_Manchester_United_Portsmouth_310,2007-08,Manchester United I
2008-03-15,Manchester United,Derby County,Premier League,A,1,2008-03-15_Manchester_United_Derby_County_311,2007-08,Manchester United I
2008-03-19,Manchester United,Bolton Wanderers,Premier League,H,1,2008-03-19_Manchester_United_Bolton_Wanderers_312,2007-08,Manchester United I
2008-03-23,Manchester United,Liverpool,Premier League,H,1,2008-03-23_Manchester_United_Liverpool_313,2007-08,Manchester United I
2008-03-26,Portugal,Greece,International Friendly,A,0,,,Portugal
2008-03-29,Manchester United,Aston Villa,Premier League,H,1,2008-03-29_Manchester_United_Aston_Villa_314,2007-08,Manchester United I
2008-04-01,Manchester United,Roma,Champions League,A,1,2008-04-01_Manchester_United_AS_Roma_315,2007-08,Manchester United I
2008-04-06,Manchester United,Middlesbrough,Premier League,A,1,2008-04-06_Manchester_United_Middlesbrough_316,2007-08,Manchester United I
2008-04-09,Manchester United,Roma,Champions League,H,0,,2007-08,Manchester United I
2008-04-13,Manchester United,Arsenal,Premier League,H,1,2008-04-13_Manchester_United_Arsenal_317,2007-08,Manchester United I
2008-04-19,Manchester United,Blackburn Rovers,Premier League,A,1,2008-04-19_Manchester_United_Blackburn_Rovers_318,2007-08,Manchester United I
2008-04-23,Manchester United,Barcelona,Champions League,A,1,2008-04-23_Manchester_United_Barcelona_319,2007-08,Manchester United I
2008-04-26,Manchester United,Chelsea,Premier League,A,1,2008-04-26_Manchester_United_Chelsea_320,2007-08,Manchester United I
2008-04-29,Manchester United,Barcelona,Champions League,H,1,2008-04-29_Manchester_United_Barcelona_321,2007-08,Manchester United I
2008-05-03,Manchester United,West Ham United,Premier League,H,1,2008-05-03_Manchester_United_West_Ham_United_322,2007-08,Manchester United I
2008-05-11,Manchester United,Wigan Athletic,Premier League,A,1,2008-05-11_Manchester_United_Wigan_Athletic_323,2007-08,Manchester United I
2008-05-21,Manchester United,Chelsea,Champions League,N,1,2008-05-21_Manchester_United_Chelsea_324,2007-08,Manchester United I
2008-05-31,Portugal,Georgia,International Friendly,H,1,2008-05-31_Portugal_Georgia_325,,Portugal
2008-06-07,Portugal,Türkiye,Euro Championship,H,1,2008-06-07_Portugal_Türkiye_326,,Portugal
2008-06-11,Portugal,Czech Republic,Euro Championship,A,1,2008-06-11_Portugal_Czech_Republic_327,,Portugal
2008-06-15,Portugal,Switzerland,Euro Championship,A,0,,,Portugal
2008-06-19,Portugal,Germany,Euro Championship,H,1,2008-06-19_Portugal_Germany_328,,Portugal
2008-08-10,Manchester United,Portsmouth,FA Community Shield,N,0,,2008-09,Manchester United I
2008-08-17,Manchester United,Newcastle United,Premier League,H,0,,2008-09,Manchester United I
2008-08-20,Portugal,Faroe Islands,International Friendly,H,0,,,Portugal
2008-08-25,Manchester United,Portsmouth,Premier League,A,0,,2008-09,Manchester United I
2008-08-29,Manchester United,Zenit Saint Petersburg,UEFA Super Cup,N,0,,2008-09,Manchester United I
2008-09-06,Portugal,Malta,World Cup - Qualification Europe,A,0,,,Portugal
2008-09-10,Portugal,Denmark,World Cup - Qualification Europe,H,0,,,Portugal
2008-09-13,Manchester United,Liverpool,Premier League,A,0,,2008-09,Manchester United I
2008-09-17,Manchester United,Villarreal,Champions League,H,1,2008-09-17_Manchester_United_Villarreal_329,2008-09,Manchester United I
2008-09-21,Manchester United,Chelsea,Premier League,A,1,2008-09-21_Manchester_United_Chelsea_330,2008-09,Manchester United I
2008-09-23,Manchester United,Middlesbrough,League Cup,H,1,2008-09-23_Manchester_United_Middlesbrough_331,2008-09,Manchester United I
2008-09-27,Manchester United,Bolton Wanderers,Premier League,H,1,2008-09-27_Manchester_United_Bolton_Wanderers_332,2008-09,Manchester United I
2008-09-30,Manchester United,Aalborg BK,Champions League,A,1,2008-09-30_Manchester_United_Aalborg_333,2008-09,Manchester United I
2008-10-04,Manchester United,Blackburn Rovers,Premier League,A,1,2008-10-04_Manchester_United_Blackburn_Rovers_334,2008-09,Manchester United I
2008-10-11,Portugal,Sweden,World Cup - Qualification Europe,A,1,2008-10-11_Portugal_Sweden_335,,Portugal
2008-10-15,Portugal,Albania,World Cup - Qualification Europe,H,1,2008-10-15_Portugal_Albania_336,,Portugal
2008-10-18,Manchester United,West Bromwich Albion,Premier League,H,1,2008-10-18_Manchester_United_West_Bromwich_Albion_337,2008-09,Manchester United I
2008-10-21,Manchester United,Celtic,Champions League,H,1,2008-10-21_Manchester_United_Celtic_338,2008-09,Manchester United I
2008-10-25,Manchester United,Everton,Premier League,A,1,2008-10-25_Manchester_United_Everton_339,2008-09,Manchester United I
2008-10-29,Manchester United,West Ham United,Premier League,H,1,2008-10-29_Manchester_United_West_Ham_United_340,2008-09,Manchester United I
2008-11-01,Manchester United,Hull City,Premier League,H,1,2008-11-01_Manchester_United_Hull_City_341,2008-09,Manchester United I
2008-11-05,Manchester United,Celtic,Champions League,A,1,2008-11-05_Manchester_United_Celtic_342,2008-09,Manchester United I
2008-11-08,Manchester United,Arsenal,Premier League,A,1,2008-11-08_Manchester_United_Arsenal_343,2008-09,Manchester United I
2008-11-11,Manchester United,Queens Park Rangers,League Cup,H,0,,2008-09,Manchester United I
2008-11-15,Manchester United,Stoke City,Premier League,H,1,2008-11-15_Manchester_United_Stoke_City_344,2008-09,Manchester United I
2008-11-20,Portugal,Brazil,International Friendly,A,1,2008-11-20_Portugal_Brazil_345,,Portugal
2008-11-22,Manchester United,Aston Villa,Premier League,A,1,2008-11-22_Manchester_United_Aston_Villa_346,2008-09,Manchester United I
2008-11-25,Manchester United,Villarreal,Champions League,A,1,2008-11-25_Manchester_United_Villarreal_347,2008-09,Manchester United I
2008-11-30,Manchester United,Manchester City,Premier League,A,1,2008-11-30_Manchester_United_Manchester_City_348,2008-09,Manchester United I
2008-12-06,Manchester United,Sunderland,Premier League,H,1,2008-12-06_Manchester_United_Sunderland_349,2008-09,Manchester United I
2008-12-10,Manchester United,Aalborg BK,Champions League,H,0,,2008-09,Manchester United I
2008-12-13,Manchester United,Tottenham Hotspur,Premier League,A,1,2008-12-13_Manchester_United_Tottenham_Hotspur_350,2008-09,Manchester United I
2008-12-18,Manchester United,Gamba Osaka,FIFA Club World Cup,N,1,2008-12-18_Manchester_United_Gamba_Osaka_351,2008-09,Manchester United I
2008-12-21,Manchester United,LDU Quito,FIFA Club World Cup,N,1,2008-12-21_Manchester_United_Liga_de_Quito_352,2008-09,Manchester United I
2008-12-26,Manchester United,Stoke City,Premier League,A,1,2008-12-26_Manchester_United_Stoke_City_353,2008-09,Manchester United I
2008-12-29,Manchester United,Middlesbrough,Premier League,H,1,2008-12-29_Manchester_United_Middlesbrough_354,2008-09,Manchester United I
2009-01-04,Manchester United,Southampton,FA Cup,A,0,,2008-09,Manchester United I
2009-01-07,Manchester United,Derby County,League Cup,A,1,2009-01-07_Manchester_United_Derby_County_355,2008-09,Manchester United I
2009-01-11,Manchester United,Chelsea,Premier League,H,1,2009-01-11_Manchester_United_Chelsea_356,2008-09,Manchester United I
2009-01-14,Manchester United,Wigan Athletic,Premier League,H,1,2009-01-14_Manchester_United_Wigan_Athletic_357,2008-09,Manchester United I
2009-01-17,Manchester United,Bolton Wanderers,Premier League,A,1,2009-01-17_Manchester_United_Bolton_Wanderers_358,2008-09,Manchester United I
2009-01-20,Manchester United,Derby County,League Cup,H,1,2009-01-20_Manchester_United_Derby_County_359,2008-09,Manchester United I
2009-01-24,Manchester United,Tottenham Hotspur,FA Cup,H,1,2009-01-24_Manchester_United_Tottenham_Hotspur_360,2008-09,Manchester United I
2009-01-27,Manchester United,West Bromwich Albion,Premier League,A,1,2009-01-27_Manchester_United_West_Bromwich_Albion_361,2008-09,Manchester United I
2009-01-31,Manchester United,Everton,Premier League,H,1,2009-01-31_Manchester_United_Everton_362,2008-09,Manchester United I
2009-02-08,Manchester United,West Ham United,Premier League,A,1,2009-02-08_Manchester_United_West_Ham_United_363,2008-09,Manchester United I
2009-02-11,Portugal,Finland,International Friendly,H,1,2009-02-11_Portugal_Finland_364,,Portugal
2009-02-15,Manchester United,Derby County,FA Cup,A,1,2009-02-15_Manchester_United_Derby_County_365,2008-09,Manchester United I
2009-02-18,Manchester United,Fulham,Premier League,H,1,2009-02-18_Manchester_United_Fulham_366,2008-09,Manchester United I
2009-02-21,Manchester United,Blackburn Rovers,Premier League,H,1,2009-02-21_Manchester_United_Blackburn_Rovers_367,2008-09,Manchester United I
2009-02-24,Manchester United,Internazionale,Champions League,A,1,2009-02-24_Manchester_United_Inter_Milan_368,2008-09,Manchester United I
2009-03-01,Manchester United,Tottenham Hotspur,League Cup,N,1,2009-03-01_Manchester_United_Tottenham_Hotspur_369,2008-09,Manchester United I
2009-03-04,Manchester United,Newcastle United,Premier League,A,1,2009-03-04_Manchester_United_Newcastle_United_370,2008-09,Manchester United I
2009-03-07,Manchester United,Fulham,FA Cup,A,0,,2008-09,Manchester United I
2009-03-11,Manchester United,Internazionale,Champions League,H,1,2009-03-11_Manchester_United_Inter_Milan_371,2008-09,Manchester United I
2009-03-14,Manchester United,Liverpool,Premier League,H,1,2009-03-14_Manchester_United_Liverpool_372,2008-09,Manchester United I
2009-03-21,Manchester United,Fulham,Premier League,A,1,2009-03-21_Manchester_United_Fulham_373,2008-09,Manchester United I
2009-03-28,Portugal,Sweden,World Cup - Qualification Europe,H,1,2009-03-28_Portugal_Sweden_374,,Portugal
2009-03-31,Portugal,South Africa,International Friendly,A,1,2009-03-31_Portugal_South_Africa_375,,Portugal
2009-04-05,Manchester United,Aston Villa,Premier League,H,1,2009-04-05_Manchester_United_Aston_Villa_376,2008-09,Manchester United I
2009-04-07,Manchester United,Porto,Champions League,H,1,2009-04-07_Manchester_United_FC_Porto_377,2008-09,Manchester United I
2009-04-11,Manchester United,Sunderland,Premier League,A,1,2009-04-11_Manchester_United_Sunderland_378,2008-09,Manchester United I
2009-04-15,Manchester United,Porto,Champions League,A,1,2009-04-15_Manchester_United_FC_Porto_379,2008-09,Manchester United I
2009-04-19,Manchester United,Everton,FA Cup,N,0,,2008-09,Manchester United I
2009-04-22,Manchester United,Portsmouth,Premier League,H,1,2009-04-22_Manchester_United_Portsmouth_380,2008-09,Manchester United I
2009-04-25,Manchester United,Tottenham Hotspur,Premier League,H,1,2009-04-25_Manchester_United_Tottenham_Hotspur_381,2008-09,Manchester United I
2009-04-29,Manchester United,Arsenal,Champions League,H,1,2009-04-29_Manchester_United_Arsenal_382,2008-09,Manchester United I
2009-05-02,Manchester United,Middlesbrough,Premier League,A,0,,2008-09,Manchester United I
2009-05-05,Manchester United,Arsenal,Champions League,A,1,2009-05-05_Manchester_United_Arsenal_383,2008-09,Manchester United I
2009-05-10,Manchester United,Manchester City,Premier League,H,1,2009-05-10_Manchester_United_Manchester_City_384,2008-09,Manchester United I
2009-05-13,Manchester United,Wigan Athletic,Premier League,A,1,2009-05-13_Manchester_United_Wigan_Athletic_385,2008-09,Manchester United I
2009-05-16,Manchester United,Arsenal,Premier League,H,1,2009-05-16_Manchester_United_Arsenal_386,2008-09,Manchester United I
2009-05-24,Manchester United,Hull City,Premier League,A,0,,2008-09,Manchester United I
2009-05-27,Manchester United,Barcelona,Champions League,N,1,2009-05-27_Manchester_United_Barcelona_387,2008-09,Manchester United I
2009-06-06,Portugal,Albania,World Cup - Qualification Europe,A,1,2009-06-06_Portugal_Albania_388,,Portugal
2009-06-10,Portugal,Estonia,International Friendly,A,0,,,Portugal
2009-08-12,Portugal,Liechtenstein,International Friendly,A,0,,,Portugal
2009-08-29,Real Madrid,Deportivo La Coruna,La Liga,H,1,2009-08-29_Real_Madrid_Deportivo_La_Coruna_389,2009-10,Real Madrid
2009-09-05,Portugal,Denmark,World Cup - Qualification Europe,A,1,2009-09-05_Portugal_Denmark_390,,Portugal
2009-09-09,Portugal,Hungary,World Cup - Qualification Europe,A,1,2009-09-09_Portugal_Hungary_391,,Portugal
2009-09-12,Real Madrid,Espanyol,La Liga,A,1,2009-09-12_Real_Madrid_Espanyol_392,2009-10,Real Madrid
2009-09-15,Real Madrid,Zurich,Champions League,A,1,2009-09-15_Real_Madrid_FC_Zurich_393,2009-10,Real Madrid
2009-09-20,Real Madrid,Xerez,La Liga,H,1,2009-09-20_Real_Madrid_Xerez_394,2009-10,Real Madrid
2009-09-23,Real Madrid,Villarreal,La Liga,A,1,2009-09-23_Real_Madrid_Villarreal_395,2009-10,Real Madrid
2009-09-26,Real Madrid,Tenerife,La Liga,H,1,2009-09-26_Real_Madrid_Tenerife_396,2009-10,Real Madrid
2009-09-30,Real Madrid,Marseille,Champions League,H,1,2009-09-30_Real_Madrid_Marseille_397,2009-10,Real Madrid
2009-10-04,Real Madrid,Sevilla,La Liga,A,0,,2009-10,Real Madrid
2009-10-10,Portugal,Hungary,World Cup - Qualification Europe,H,1,2009-10-10_Portugal_Hungary_398,,Portugal
2009-10-14,Portugal,Malta,World Cup - Qualification Europe,H,0,,,Portugal
2009-10-17,Real Madrid,Valladolid,La Liga,H,0,,2009-10,Real Madrid
2009-10-21,Real Madrid,Milan,Champions League,H,0,,2009-10,Real Madrid
2009-10-24,Real Madrid,Sporting Gijon,La Liga,A,0,,2009-10,Real Madrid
2009-10-27,Real Madrid,Alcorcon,Copa del Rey,A,0,,2009-10,Real Madrid
2009-10-31,Real Madrid,Getafe,La Liga,H,0,,2009-10,Real Madrid
2009-11-03,Real Madrid,Milan,Champions League,A,0,,2009-10,Real Madrid
2009-11-07,Real Madrid,Atletico Madrid,La Liga,A,0,,2009-10,Real Madrid
2009-11-10,Real Madrid,Alcorcon,Copa del Rey,H,0,,2009-10,Real Madrid
2009-11-14,Portugal,Bosnia & Herzegovina,World Cup - Qualification Europe,H,0,,,Portugal
2009-11-18,Portugal,Bosnia & Herzegovina,World Cup - Qualification Europe,A,0,,,Portugal
2009-11-21,Real Madrid,Racing Santander,La Liga,H,0,,2009-10,Real Madrid
2009-11-25,Real Madrid,Zurich,Champions League,H,1,2009-11-25_Real_Madrid_FC_Zurich_399,2009-10,Real Madrid
2009-11-29,Real Madrid,Barcelona,La Liga,A,1,2009-11-29_Real_Madrid_Barcelona_400,2009-10,Real Madrid
2009-12-05,Real Madrid,Almeria,La Liga,H,1,2009-12-05_Real_Madrid_Almeria_401,2009-10,Real Madrid
2009-12-08,Real Madrid,Marseille,Champions League,A,1,2009-12-08_Real_Madrid_Marseille_402,2009-10,Real Madrid
2009-12-20,Real Madrid,Zaragoza,La Liga,H,1,2009-12-19_Real_Madrid_Real_Zaragoza_403,2009-10,Real Madrid
2010-01-03,Real Madrid,Osasuna,La Liga,A,1,2010-01-03_Real_Madrid_Osasuna_404,2009-10,Real Madrid
2010-01-10,Real Madrid,Mallorca,La Liga,H,1,2010-01-10_Real_Madrid_Mallorca_405,2009-10,Real Madrid
2010-01-17,Real Madrid,Athletic Bilbao,La Liga,A,1,2010-01-16_Real_Madrid_Athletic_Club_406,2009-10,Real Madrid
2010-01-24,Real Madrid,Malaga,La Liga,H,1,2010-01-24_Real_Madrid_Malaga_407,2009-10,Real Madrid
2010-02-13,Real Madrid,Xerez,La Liga,A,1,2010-02-13_Real_Madrid_Xerez_408,2009-10,Real Madrid
2010-02-16,Real Madrid,Lyon,Champions League,A,1,2010-02-16_Real_Madrid_Lyon_409,2009-10,Real Madrid
2010-02-21,Real Madrid,Villarreal,La Liga,H,1,2010-02-21_Real_Madrid_Villarreal_410,2009-10,Real Madrid
2010-02-27,Real Madrid,Tenerife,La Liga,A,1,2010-02-27_Real_Madrid_Tenerife_411,2009-10,Real Madrid
2010-03-03,Portugal,China,International Friendly,H,1,2010-03-03_Portugal_China_412,,Portugal
2010-03-06,Real Madrid,Sevilla,La Liga,H,1,2010-03-06_Real_Madrid_Sevilla_413,2009-10,Real Madrid
2010-03-10,Real Madrid,Lyon,Champions League,H,1,2010-03-10_Real_Madrid_Lyon_414,2009-10,Real Madrid
2010-03-14,Real Madrid,Valladolid,La Liga,A,1,2010-03-14_Real_Madrid_Real_Valladolid_415,2009-10,Real Madrid
2010-03-20,Real Madrid,Sporting Gijon,La Liga,H,1,2010-03-20_Real_Madrid_Sporting_Gijon_416,2009-10,Real Madrid
2010-03-25,Real Madrid,Getafe,La Liga,A,1,2010-03-25_Real_Madrid_Getafe_417,2009-10,Real Madrid
2010-03-28,Real Madrid,Atletico Madrid,La Liga,H,1,2010-03-28_Real_Madrid_Atletico_Madrid_418,2009-10,Real Madrid
2010-04-04,Real Madrid,Racing Santander,La Liga,A,1,2010-04-04_Real_Madrid_Racing_Santander_419,2009-10,Real Madrid
2010-04-10,Real Madrid,Barcelona,La Liga,H,1,2010-04-10_Real_Madrid_Barcelona_420,2009-10,Real Madrid
2010-04-15,Real Madrid,Almeria,La Liga,A,1,2010-04-15_Real_Madrid_Almeria_421,2009-10,Real Madrid
2010-04-18,Real Madrid,Valencia,La Liga,H,1,2010-04-18_Real_Madrid_Valencia_422,2009-10,Real Madrid
2010-04-24,Real Madrid,Zaragoza,La Liga,A,1,2010-04-24_Real_Madrid_Real_Zaragoza_423,2009-10,Real Madrid
2010-05-02,Real Madrid,Osasuna,La Liga,H,1,2010-05-02_Real_Madrid_Osasuna_424,2009-10,Real Madrid
2010-05-05,Real Madrid,Mallorca,La Liga,A,1,2010-05-05_Real_Madrid_Mallorca_425,2009-10,Real Madrid
2010-05-08,Real Madrid,Athletic Bilbao,La Liga,H,1,2010-05-08_Real_Madrid_Athletic_Club_426,2009-10,Real Madrid
2010-05-16,Real Madrid,Malaga,La Liga,A,1,2010-05-16_Real_Madrid_Malaga_427,2009-10,Real Madrid
2010-05-24,Portugal,Cape Verde,International Friendly,H,1,2010-05-24_Portugal_Cape_Verde_428,,Portugal
2010-06-01,Portugal,Cameroon,International Friendly,H,1,2010-06-01_Portugal_Cameroon_429,,Portugal
2010-06-08,Portugal,Mozambique,International Friendly,A,1,2010-06-08_Portugal_Mozambique_430,,Portugal
2010-06-15,Portugal,Ivory Coast,World Cup,A,1,2010-06-15_Portugal_Ivory_Coast_431,,Portugal
2010-06-21,Portugal,North Korea,World Cup,H,1,2010-06-21_Portugal_North_Korea_432,,Portugal
2010-06-25,Portugal,Brazil,World Cup,H,1,2010-06-25_Portugal_Brazil_433,,Portugal
2010-06-29,Portugal,Spain,World Cup,A,1,2010-06-29_Portugal_Spain_434,,Portugal
2010-08-29,Real Madrid,Mallorca,La Liga,A,1,2010-08-29_Real_Madrid_Mallorca_435,2010-11,Real Madrid
2010-09-03,Portugal,Cyprus,Euros Qualifier,H,0,,,Portugal
2010-09-07,Portugal,Norway,Euros Qualifier,A,0,,,Portugal
2010-09-11,Real Madrid,Osasuna,La Liga,H,1,2010-09-11_Real_Madrid_Osasuna_436,2010-11,Real Madrid
2010-09-15,Real Madrid,Ajax,Champions League,H,1,2010-09-15_Real_Madrid_Ajax_437,2010-11,Real Madrid
2010-09-18,Real Madrid,Real Sociedad,La Liga,A,1,2010-09-18_Real_Madrid_Real_Sociedad_438,2010-11,Real Madrid
2010-09-21,Real Madrid,Espanyol,La Liga,H,1,2010-09-21_Real_Madrid_Espanyol_439,2010-11,Real Madrid
2010-09-25,Real Madrid,Levante,La Liga,A,1,2010-09-25_Real_Madrid_Levante_440,2010-11,Real Madrid
2010-09-28,Real Madrid,Auxerre,Champions League,A,1,2010-09-28_Real_Madrid_Auxerre_441,2010-11,Real Madrid
2010-10-03,Real Madrid,Deportivo La Coruna,La Liga,H,1,2010-10-03_Real_Madrid_Deportivo_La_Coruna_442,2010-11,Real Madrid
2010-10-08,Portugal,Denmark,Euros Qualifier,H,1,2010-10-08_Portugal_Denmark_443,,Portugal
2010-10-12,Portugal,Iceland,Euros Qualifier,A,1,2010-10-12_Portugal_Iceland_444,,Portugal
2010-10-16,Real Madrid,Malaga,La Liga,A,1,2010-10-16_Real_Madrid_Malaga_445,2010-11,Real Madrid
2010-10-19,Real Madrid,Milan,Champions League,H,1,2010-10-19_Real_Madrid_AC_Milan_446,2010-11,Real Madrid
2010-10-23,Real Madrid,Racing Santander,La Liga,H,1,2010-10-23_Real_Madrid_Racing_Santander_447,2010-11,Real Madrid
2010-10-26,Real Madrid,Murcia,Copa del Rey,A,1,2010-10-26_Real_Madrid_Real_Murcia_448,2010-11,Real Madrid
2010-10-30,Real Madrid,Hercules,La Liga,A,1,2010-10-30_Real_Madrid_Hércules_449,2010-11,Real Madrid
2010-11-03,Real Madrid,Milan,Champions League,A,1,2010-11-03_Real_Madrid_AC_Milan_450,2010-11,Real Madrid
2010-11-07,Real Madrid,Atletico Madrid,La Liga,H,1,2010-11-07_Real_Madrid_Atletico_Madrid_451,2010-11,Real Madrid
2010-11-10,Real Madrid,Murcia,Copa del Rey,H,1,2010-11-10_Real_Madrid_Real_Murcia_452,2010-11,Real Madrid
2010-11-14,Real Madrid,Sporting Gijon,La Liga,A,1,2010-11-14_Real_Madrid_Sporting_Gijon_453,2010-11,Real Madrid
2010-11-17,Portugal,Spain,International Friendly,H,1,2010-11-17_Portugal_Spain_454,,Portugal
2010-11-20,Real Madrid,Athletic Bilbao,La Liga,H,1,2010-11-20_Real_Madrid_Athletic_Club_455,2010-11,Real Madrid
2010-11-23,Real Madrid,Ajax,Champions League,A,1,2010-11-23_Real_Madrid_Ajax_456,2010-11,Real Madrid
2010-11-29,Real Madrid,Barcelona,La Liga,A,1,2010-11-29_Real_Madrid_Barcelona_457,2010-11,Real Madrid
2010-12-04,Real Madrid,Valencia,La Liga,H,1,2010-12-04_Real_Madrid_Valencia_458,2010-11,Real Madrid
2010-12-08,Real Madrid,Auxerre,Champions League,H,1,2010-12-08_Real_Madrid_Auxerre_459,2010-11,Real Madrid
2010-12-12,Real Madrid,Zaragoza,La Liga,A,1,2010-12-12_Real_Madrid_Real_Zaragoza_460,2010-11,Real Madrid
2010-12-19,Real Madrid,Sevilla,La Liga,H,1,2010-12-19_Real_Madrid_Sevilla_461,2010-11,Real Madrid
2010-12-22,Real Madrid,Levante,Copa del Rey,H,1,2010-12-22_Real_Madrid_Levante_462,2010-11,Real Madrid
2011-01-03,Real Madrid,Getafe,La Liga,A,1,2011-01-03_Real_Madrid_Getafe_463,2010-11,Real Madrid
2011-01-06,Real Madrid,Levante,Copa del Rey,A,0,,2010-11,Real Madrid
2011-01-09,Real Madrid,Villarreal,La Liga,H,1,2011-01-09_Real_Madrid_Villarreal_464,2010-11,Real Madrid
2011-01-13,Real Madrid,Atletico Madrid,Copa del Rey,H,1,2011-01-13_Real_Madrid_Atletico_Madrid_465,2010-11,Real Madrid
2011-01-16,Real Madrid,Almeria,La Liga,A,1,2011-01-16_Real_Madrid_Almeria_466,2010-11,Real Madrid
2011-01-20,Real Madrid,Atletico Madrid,Copa del Rey,A,1,2011-01-20_Real_Madrid_Atletico_Madrid_467,2010-11,Real Madrid
2011-01-23,Real Madrid,Mallorca,La Liga,H,1,2011-01-23_Real_Madrid_Mallorca_468,2010-11,Real Madrid
2011-01-26,Real Madrid,Sevilla,Copa del Rey,A,1,2011-01-26_Real_Madrid_Sevilla_469,2010-11,Real Madrid
2011-01-30,Real Madrid,Osasuna,La Liga,A,1,2011-01-30_Real_Madrid_Osasuna_470,2010-11,Real Madrid
2011-02-02,Real Madrid,Sevilla,Copa del Rey,H,1,2011-02-02_Real_Madrid_Sevilla_471,2010-11,Real Madrid
2011-02-06,Real Madrid,Real Sociedad,La Liga,H,1,2011-02-06_Real_Madrid_Real_Sociedad_472,2010-11,Real Madrid
2011-02-09,Portugal,Argentina,International Friendly,H,1,2011-02-09_Portugal_Argentina_473,,Portugal
2011-02-13,Real Madrid,Espanyol,La Liga,A,1,2011-02-13_Real_Madrid_Espanyol_474,2010-11,Real Madrid
2011-02-19,Real Madrid,Levante,La Liga,H,1,2011-02-19_Real_Madrid_Levante_475,2010-11,Real Madrid
2011-02-22,Real Madrid,Lyon,Champions League,A,1,2011-02-22_Real_Madrid_Lyon_476,2010-11,Real Madrid
2011-02-26,Real Madrid,Deportivo La Coruna,La Liga,A,1,2011-02-26_Real_Madrid_Deportivo_La_Coruna_477,2010-11,Real Madrid
2011-03-03,Real Madrid,Malaga,La Liga,H,1,2011-03-03_Real_Madrid_Malaga_478,2010-11,Real Madrid
2011-03-06,Real Madrid,Racing Santander,La Liga,A,0,,2010-11,Real Madrid
2011-03-12,Real Madrid,Hercules,La Liga,H,0,,2010-11,Real Madrid
2011-03-16,Real Madrid,Lyon,Champions League,H,1,2011-03-16_Real_Madrid_Lyon_479,2010-11,Real Madrid
2011-03-19,Real Madrid,Atletico Madrid,La Liga,A,1,2011-03-19_Real_Madrid_Atletico_Madrid_480,2010-11,Real Madrid
2011-03-26,Portugal,Chile,International Friendly,H,0,,,Portugal
2011-03-29,Portugal,Finland,International Friendly,H,0,,,Portugal
2011-04-02,Real Madrid,Sporting Gijon,La Liga,H,0,,2010-11,Real Madrid
2011-04-05,Real Madrid,Tottenham Hotspur,Champions League,H,1,2011-04-05_Real_Madrid_Tottenham_Hotspur_481,2010-11,Real Madrid
2011-04-09,Real Madrid,Athletic Bilbao,La Liga,A,1,2011-04-09_Real_Madrid_Athletic_Club_482,2010-11,Real Madrid
2011-04-13,Real Madrid,Tottenham Hotspur,Champions League,A,1,2011-04-13_Real_Madrid_Tottenham_Hotspur_483,2010-11,Real Madrid
2011-04-16,Real Madrid,Barcelona,La Liga,H,1,2011-04-16_Real_Madrid_Barcelona_484,2010-11,Real Madrid
2011-04-20,Real Madrid,Barcelona,Copa del Rey,A,1,2011-04-20_Real_Madrid_Barcelona_485,2010-11,Real Madrid
2011-04-23,Real Madrid,Valencia,La Liga,A,1,2011-04-23_Real_Madrid_Valencia_486,2010-11,Real Madrid
2011-04-27,Real Madrid,Barcelona,Champions League,H,1,2011-04-27_Real_Madrid_Barcelona_487,2010-11,Real Madrid
2011-04-30,Real Madrid,Zaragoza,La Liga,H,0,,2010-11,Real Madrid
2011-05-03,Real Madrid,Barcelona,Champions League,A,1,2011-05-03_Real_Madrid_Barcelona_488,2010-11,Real Madrid
2011-05-07,Real Madrid,Sevilla,La Liga,A,1,2011-05-07_Real_Madrid_Sevilla_489,2010-11,Real Madrid
2011-05-10,Real Madrid,Getafe,La Liga,H,1,2011-05-10_Real_Madrid_Getafe_490,2010-11,Real Madrid
2011-05-15,Real Madrid,Villarreal,La Liga,A,1,2011-05-15_Real_Madrid_Villarreal_491,2010-11,Real Madrid
2011-05-21,Real Madrid,Almeria,La Liga,H,1,2011-05-21_Real_Madrid_Almeria_492,2010-11,Real Madrid
2011-06-04,Portugal,Norway,Euros Qualifier,H,1,2011-06-04_Portugal_Norway_493,,Portugal
2011-08-10,Portugal,Luxembourg,International Friendly,H,1,2011-08-10_Portugal_Luxembourg_494,,Portugal
2011-08-14,Real Madrid,Barcelona,Supercopa de España,H,1,2011-08-14_Real_Madrid_Barcelona_495,2011-12,Real Madrid
2011-08-17,Real Madrid,Barcelona,Supercopa de España,A,1,2011-08-17_Real_Madrid_Barcelona_496,2011-12,Real Madrid
2011-08-28,Real Madrid,Zaragoza,La Liga,A,1,2011-08-28_Real_Madrid_Real_Zaragoza_497,2011-12,Real Madrid
2011-09-02,Portugal,Cyprus,Euros Qualifier,A,1,2011-09-02_Portugal_Cyprus_498,,Portugal
2011-09-10,Real Madrid,Getafe,La Liga,H,1,2011-09-10_Real_Madrid_Getafe_499,2011-12,Real Madrid
2011-09-14,Real Madrid,Dinamo Zagreb,Champions League,A,1,2011-09-14_Real_Madrid_Dinamo_Zagreb_500,2011-12,Real Madrid
2011-09-18,Real Madrid,Levante,La Liga,A,1,2011-09-18_Real_Madrid_Levante_501,2011-12,Real Madrid
2011-09-21,Real Madrid,Racing Santander,La Liga,A,1,2011-09-21_Real_Madrid_Racing_Santander_502,2011-12,Real Madrid
2011-09-24,Real Madrid,Rayo Vallecano,La Liga,H,1,2011-09-24_Real_Madrid_Rayo_Vallecano_503,2011-12,Real Madrid
2011-09-27,Real Madrid,Ajax,Champions League,H,1,2011-09-27_Real_Madrid_Ajax_504,2011-12,Real Madrid
2011-10-02,Real Madrid,Espanyol,La Liga,A,1,2011-10-02_Real_Madrid_Espanyol_505,2011-12,Real Madrid
2011-10-07,Portugal,Iceland,Euros Qualifier,H,1,2011-10-07_Portugal_Iceland_506,,Portugal
2011-10-11,Portugal,Denmark,Euros Qualifier,A,1,2011-10-11_Portugal_Denmark_507,,Portugal
2011-10-15,Real Madrid,Real Betis,La Liga,H,1,2011-10-15_Real_Madrid_Real_Betis_508,2011-12,Real Madrid
2011-10-18,Real Madrid,Lyon,Champions League,H,1,2011-10-18_Real_Madrid_Lyon_509,2011-12,Real Madrid
2011-10-22,Real Madrid,Malaga,La Liga,A,1,2011-10-22_Real_Madrid_Malaga_510,2011-12,Real Madrid
2011-10-26,Real Madrid,Villarreal,La Liga,H,1,2011-10-26_Real_Madrid_Villarreal_511,2011-12,Real Madrid
2011-10-29,Real Madrid,Real Sociedad,La Liga,A,1,2011-10-29_Real_Madrid_Real_Sociedad_512,2011-12,Real Madrid
2011-11-02,Real Madrid,Lyon,Champions League,A,1,2011-11-02_Real_Madrid_Lyon_513,2011-12,Real Madrid
2011-11-06,Real Madrid,Osasuna,La Liga,H,1,2011-11-06_Real_Madrid_Osasuna_514,2011-12,Real Madrid
2011-11-11,Portugal,Bosnia & Herzegovina,Euros Qualifier,A,1,2011-11-11_Portugal_Bosnia_&_Herzegovina_515,,Portugal
2011-11-15,Portugal,Bosnia & Herzegovina,Euros Qualifier,H,1,2011-11-15_Portugal_Bosnia_&_Herzegovina_516,,Portugal
2011-11-19,Real Madrid,Valencia,La Liga,A,1,2011-11-19_Real_Madrid_Valencia_517,2011-12,Real Madrid
2011-11-22,Real Madrid,Dinamo Zagreb,Champions League,H,0,,2011-12,Real Madrid
2011-11-26,Real Madrid,Atletico Madrid,La Liga,H,1,2011-11-26_Real_Madrid_Atletico_Madrid_518,2011-12,Real Madrid
2011-12-03,Real Madrid,Sporting Gijon,La Liga,A,1,2011-12-03_Real_Madrid_Sporting_Gijon_519,2011-12,Real Madrid
2011-12-07,Real Madrid,Ajax,Champions League,A,0,,2011-12,Real Madrid
2011-12-10,Real Madrid,Barcelona,La Liga,H,1,2011-12-10_Real_Madrid_Barcelona_520,2011-12,Real Madrid
2011-12-13,Real Madrid,Ponferradina,Copa del Rey,A,1,2011-12-13_Real_Madrid_SD_Ponferradina_521,2011-12,Real Madrid
2011-12-17,Real Madrid,Sevilla,La Liga,A,1,2011-12-17_Real_Madrid_Sevilla_522,2011-12,Real Madrid
2011-12-20,Real Madrid,Ponferradina,Copa del Rey,H,0,,2011-12,Real Madrid
2012-01-03,Real Madrid,Malaga,Copa del Rey,H,1,2012-01-03_Real_Madrid_Malaga_523,2011-12,Real Madrid
2012-01-07,Real Madrid,Granada,La Liga,H,1,2012-01-07_Real_Madrid_Granada_CF_524,2011-12,Real Madrid
2012-01-10,Real Madrid,Malaga,Copa del Rey,A,1,2012-01-10_Real_Madrid_Malaga_525,2011-12,Real Madrid
2012-01-14,Real Madrid,Mallorca,La Liga,A,1,2012-01-14_Real_Madrid_Mallorca_526,2011-12,Real Madrid
2012-01-18,Real Madrid,Barcelona,Copa del Rey,H,1,2012-01-18_Real_Madrid_Barcelona_527,2011-12,Real Madrid
2012-01-22,Real Madrid,Athletic Bilbao,La Liga,H,1,2012-01-22_Real_Madrid_Athletic_Club_528,2011-12,Real Madrid
2012-01-25,Real Madrid,Barcelona,Copa del Rey,A,1,2012-01-25_Real_Madrid_Barcelona_529,2011-12,Real Madrid
2012-01-28,Real Madrid,Zaragoza,La Liga,H,1,2012-01-28_Real_Madrid_Real_Zaragoza_530,2011-12,Real Madrid
2012-02-04,Real Madrid,Getafe,La Liga,A,1,2012-02-04_Real_Madrid_Getafe_531,2011-12,Real Madrid
2012-02-12,Real Madrid,Levante,La Liga,H,1,2012-02-12_Real_Madrid_Levante_532,2011-12,Real Madrid
2012-02-18,Real Madrid,Racing Santander,La Liga,H,1,2012-02-18_Real_Madrid_Racing_Santander_533,2011-12,Real Madrid
2012-02-21,Real Madrid,CSKA Moscow,Champions League,A,1,2012-02-21_Real_Madrid_CSKA_Moscow_534,2011-12,Real Madrid
2012-02-26,Real Madrid,Rayo Vallecano,La Liga,A,1,2012-02-26_Real_Madrid_Rayo_Vallecano_535,2011-12,Real Madrid
2012-02-29,Portugal,Poland,International Friendly,A,1,2012-02-29_Portugal_Poland_536,,Portugal
2012-03-04,Real Madrid,Espanyol,La Liga,H,1,2012-03-04_Real_Madrid_Espanyol_537,2011-12,Real Madrid
2012-03-10,Real Madrid,Real Betis,La Liga,A,1,2012-03-10_Real_Madrid_Real_Betis_538,2011-12,Real Madrid
2012-03-14,Real Madrid,CSKA Moscow,Champions League,H,1,2012-03-14_Real_Madrid_CSKA_Moscow_539,2011-12,Real Madrid
2012-03-18,Real Madrid,Malaga,La Liga,H,1,2012-03-18_Real_Madrid_Malaga_540,2011-12,Real Madrid
2012-03-21,Real Madrid,Villarreal,La Liga,A,1,2012-03-21_Real_Madrid_Villarreal_541,2011-12,Real Madrid
2012-03-24,Real Madrid,Real Sociedad,La Liga,H,1,2012-03-24_Real_Madrid_Real_Sociedad_542,2011-12,Real Madrid
2012-03-27,Real Madrid,APOEL,Champions League,A,1,2012-03-27_Real_Madrid_Apoel_Nicosia_543,2011-12,Real Madrid
2012-03-31,Real Madrid,Osasuna,La Liga,A,1,2012-03-31_Real_Madrid_Osasuna_544,2011-12,Real Madrid
2012-04-04,Real Madrid,APOEL,Champions League,H,1,2012-04-04_Real_Madrid_Apoel_Nicosia_545,2011-12,Real Madrid
2012-04-08,Real Madrid,Valencia,La Liga,H,1,2012-04-08_Real_Madrid_Valencia_546,2011-12,Real Madrid
2012-04-11,Real Madrid,Atletico Madrid,La Liga,A,1,2012-04-11_Real_Madrid_Atletico_Madrid_547,2011-12,Real Madrid
2012-04-14,Real Madrid,Sporting Gijon,La Liga,H,1,2012-04-14_Real_Madrid_Sporting_Gijon_548,2011-12,Real Madrid
2012-04-17,Real Madrid,Bayern Munich,Champions League,A,1,2012-04-17_Real_Madrid_Bayern_Munich_549,2011-12,Real Madrid
2012-04-21,Real Madrid,Barcelona,La Liga,A,1,2012-04-21_Real_Madrid_Barcelona_550,2011-12,Real Madrid
2012-04-25,Real Madrid,Bayern Munich,Champions League,H,1,2012-04-25_Real_Madrid_Bayern_Munich_551,2011-12,Real Madrid
2012-04-29,Real Madrid,Sevilla,La Liga,H,1,2012-04-29_Real_Madrid_Sevilla_552,2011-12,Real Madrid
2012-05-02,Real Madrid,Athletic Bilbao,La Liga,A,1,2012-05-02_Real_Madrid_Athletic_Club_553,2011-12,Real Madrid
2012-05-05,Real Madrid,Granada,La Liga,A,1,2012-05-05_Real_Madrid_Granada_CF_554,2011-12,Real Madrid
2012-05-13,Real Madrid,Mallorca,La Liga,H,1,2012-05-13_Real_Madrid_Mallorca_555,2011-12,Real Madrid
2012-05-26,Portugal,North Macedonia,International Friendly,H,1,2012-05-26_Portugal_North_Macedonia_556,,Portugal
2012-06-02,Portugal,Türkiye,International Friendly,H,1,2012-06-02_Portugal_Türkiye_557,,Portugal
2012-06-09,Portugal,Germany,Euro Championship,A,1,2012-06-09_Portugal_Germany_558,,Portugal
2012-06-13,Portugal,Denmark,Euro Championship,A,1,2012-06-13_Portugal_Denmark_559,,Portugal
2012-06-17,Portugal,Netherlands,Euro Championship,H,1,2012-06-17_Portugal_Netherlands_560,,Portugal
2012-06-21,Portugal,Czech Republic,Euro Championship,A,1,2012-06-21_Portugal_Czech_Republic_561,,Portugal
2012-06-27,Portugal,Spain,Euro Championship,H,1,2012-06-27_Portugal_Spain_562,,Portugal
2012-08-15,Portugal,Panama,International Friendly,H,1,2012-08-15_Portugal_Panama_563,,Portugal
2012-08-19,Real Madrid,Valencia,La Liga,H,1,2012-08-19_Real_Madrid_Valencia_564,2012-13,Real Madrid
2012-08-23,Real Madrid,Barcelona,Supercopa de España,A,1,2012-08-23_Real_Madrid_Barcelona_565,2012-13,Real Madrid
2012-08-26,Real Madrid,Getafe,La Liga,A,1,2012-08-26_Real_Madrid_Getafe_566,2012-13,Real Madrid
2012-08-29,Real Madrid,Barcelona,Supercopa de España,H,1,2012-08-29_Real_Madrid_Barcelona_567,2012-13,Real Madrid
2012-09-02,Real Madrid,Granada,La Liga,H,1,2012-09-02_Real_Madrid_Granada_CF_568,2012-13,Real Madrid
2012-09-07,Portugal,Luxembourg,World Cup - Qualification Europe,A,1,2012-09-07_Portugal_Luxembourg_569,,Portugal
2012-09-11,Portugal,Azerbaijan,World Cup - Qualification Europe,H,1,2012-09-11_Portugal_Azerbaijan_570,,Portugal
2012-09-15,Real Madrid,Sevilla,La Liga,A,1,2012-09-15_Real_Madrid_Sevilla_571,2012-13,Real Madrid
2012-09-18,Real Madrid,Manchester City,Champions League,H,1,2012-09-18_Real_Madrid_Manchester_City_572,2012-13,Real Madrid
2012-09-24,Real Madrid,Rayo Vallecano,La Liga,A,1,2012-09-24_Real_Madrid_Rayo_Vallecano_573,2012-13,Real Madrid
2012-09-30,Real Madrid,Deportivo La Coruna,La Liga,H,1,2012-09-30_Real_Madrid_Deportivo_La_Coruna_574,2012-13,Real Madrid
2012-10-03,Real Madrid,Ajax,Champions League,A,1,2012-10-03_Real_Madrid_Ajax_575,2012-13,Real Madrid
2012-10-07,Real Madrid,Barcelona,La Liga,A,1,2012-10-07_Real_Madrid_Barcelona_576,2012-13,Real Madrid
2012-10-12,Portugal,Russia,World Cup - Qualification Europe,A,1,2012-10-12_Portugal_Russia_577,,Portugal
2012-10-16,Portugal,Northern Ireland,World Cup - Qualification Europe,H,1,2012-10-16_Portugal_Northern_Ireland_578,,Portugal
2012-10-20,Real Madrid,Celta Vigo,La Liga,H,1,2012-10-20_Real_Madrid_Celta_Vigo_579,2012-13,Real Madrid
2012-10-24,Real Madrid,Borussia Dortmund,Champions League,A,1,2012-10-24_Real_Madrid_Borussia_Dortmund_580,2012-13,Real Madrid
2012-10-28,Real Madrid,Mallorca,La Liga,A,1,2012-10-28_Real_Madrid_Mallorca_581,2012-13,Real Madrid
2012-10-31,Real Madrid,Alcoyano,Copa del Rey,A,0,,2012-13,Real Madrid
2012-11-03,Real Madrid,Zaragoza,La Liga,H,1,2012-11-03_Real_Madrid_Real_Zaragoza_582,2012-13,Real Madrid
2012-11-06,Real Madrid,Borussia Dortmund,Champions League,H,1,2012-11-06_Real_Madrid_Borussia_Dortmund_583,2012-13,Real Madrid
2012-11-11,Real Madrid,Levante,La Liga,A,1,2012-11-11_Real_Madrid_Levante_584,2012-13,Real Madrid
2012-11-14,Portugal,Gabon,International Friendly,A,0,,,Portugal
2012-11-17,Real Madrid,Athletic Bilbao,La Liga,H,1,2012-11-17_Real_Madrid_Athletic_Club_585,2012-13,Real Madrid
2012-11-21,Real Madrid,Manchester City,Champions League,A,1,2012-11-21_Real_Madrid_Manchester_City_586,2012-13,Real Madrid
2012-11-24,Real Madrid,Real Betis,La Liga,A,1,2012-11-24_Real_Madrid_Real_Betis_587,2012-13,Real Madrid
2012-11-27,Real Madrid,Alcoyano,Copa del Rey,H,0,,2012-13,Real Madrid
2012-12-01,Real Madrid,Atletico Madrid,La Liga,H,1,2012-12-01_Real_Madrid_Atletico_Madrid_588,2012-13,Real Madrid
2012-12-04,Real Madrid,Ajax,Champions League,H,1,2012-12-04_Real_Madrid_Ajax_589,2012-13,Real Madrid
2012-12-08,Real Madrid,Real Valladolid,La Liga,A,1,2012-12-08_Real_Madrid_Real_Valladolid_590,2012-13,Real Madrid
2012-12-12,Real Madrid,Celta Vigo,Copa del Rey,A,1,2012-12-12_Real_Madrid_Celta_Vigo_591,2012-13,Real Madrid
2012-12-16,Real Madrid,Espanyol,La Liga,H,1,2012-12-16_Real_Madrid_Espanyol_592,2012-13,Real Madrid
2012-12-22,Real Madrid,Malaga,La Liga,A,1,2012-12-22_Real_Madrid_Malaga_593,2012-13,Real Madrid
2013-01-06,Real Madrid,Real Sociedad,La Liga,H,1,2013-01-06_Real_Madrid_Real_Sociedad_594,2012-13,Real Madrid
2013-01-09,Real Madrid,Celta Vigo,Copa del Rey,H,1,2013-01-09_Real_Madrid_Celta_Vigo_595,2012-13,Real Madrid
2013-01-15,Real Madrid,Valencia,Copa del Rey,H,1,2013-01-15_Real_Madrid_Valencia_596,2012-13,Real Madrid
2013-01-20,Real Madrid,Valencia,La Liga,A,1,2013-01-20_Real_Madrid_Valencia_597,2012-13,Real Madrid
2013-01-23,Real Madrid,Valencia,Copa del Rey,A,1,2013-01-23_Real_Madrid_Valencia_598,2012-13,Real Madrid
2013-01-27,Real Madrid,Getafe,La Liga,H,1,2013-01-27_Real_Madrid_Getafe_599,2012-13,Real Madrid
2013-01-30,Real Madrid,Barcelona,Copa del Rey,H,1,2013-01-30_Real_Madrid_Barcelona_600,2012-13,Real Madrid
2013-02-02,Real Madrid,Granada,La Liga,A,1,2013-02-02_Real_Madrid_Granada_CF_601,2012-13,Real Madrid
2013-02-06,Portugal,Ecuador,International Friendly,H,1,2013-02-06_Portugal_Ecuador_602,,Portugal
2013-02-09,Real Madrid,Sevilla,La Liga,H,1,2013-02-09_Real_Madrid_Sevilla_603,2012-13,Real Madrid
2013-02-13,Real Madrid,Manchester United,Champions League,H,1,2013-02-13_Real_Madrid_Manchester_United_604,2012-13,Real Madrid
2013-02-17,Real Madrid,Rayo Vallecano,La Liga,H,1,2013-02-17_Real_Madrid_Rayo_Vallecano_605,2012-13,Real Madrid
2013-02-23,Real Madrid,Deportivo La Coruna,La Liga,A,1,2013-02-23_Real_Madrid_Deportivo_La_Coruna_606,2012-13,Real Madrid
2013-02-26,Real Madrid,Barcelona,Copa del Rey,A,1,2013-02-26_Real_Madrid_Barcelona_607,2012-13,Real Madrid
2013-03-02,Real Madrid,Barcelona,La Liga,H,1,2013-03-02_Real_Madrid_Barcelona_608,2012-13,Real Madrid
2013-03-05,Real Madrid,Manchester United,Champions League,A,1,2013-03-05_Real_Madrid_Manchester_United_609,2012-13,Real Madrid
2013-03-10,Real Madrid,Celta Vigo,La Liga,A,1,2013-03-10_Real_Madrid_Celta_Vigo_610,2012-13,Real Madrid
2013-03-16,Real Madrid,Mallorca,La Liga,H,1,2013-03-16_Real_Madrid_Mallorca_611,2012-13,Real Madrid
2013-03-22,Portugal,Israel,World Cup - Qualification Europe,A,1,2013-03-22_Portugal_Israel_612,,Portugal
2013-03-30,Real Madrid,Zaragoza,La Liga,A,1,2013-03-30_Real_Madrid_Real_Zaragoza_613,2012-13,Real Madrid
2013-04-03,Real Madrid,Galatasaray,Champions League,H,1,2013-04-03_Real_Madrid_Galatasaray_614,2012-13,Real Madrid
2013-04-06,Real Madrid,Levante,La Liga,H,1,2013-04-06_Real_Madrid_Levante_615,2012-13,Real Madrid
2013-04-09,Real Madrid,Galatasaray,Champions League,A,1,2013-04-09_Real_Madrid_Galatasaray_616,2012-13,Real Madrid
2013-04-14,Real Madrid,Athletic Bilbao,La Liga,A,1,2013-04-14_Real_Madrid_Athletic_Club_617,2012-13,Real Madrid
2013-04-20,Real Madrid,Real Betis,La Liga,H,1,2013-04-20_Real_Madrid_Real_Betis_618,2012-13,Real Madrid
2013-04-24,Real Madrid,Borussia Dortmund,Champions League,A,1,2013-04-24_Real_Madrid_Borussia_Dortmund_619,2012-13,Real Madrid
2013-04-27,Real Madrid,Atletico Madrid,La Liga,A,0,,2012-13,Real Madrid
2013-04-30,Real Madrid,Borussia Dortmund,Champions League,H,1,2013-04-30_Real_Madrid_Borussia_Dortmund_620,2012-13,Real Madrid
2013-05-04,Real Madrid,Real Valladolid,La Liga,H,1,2013-05-04_Real_Madrid_Real_Valladolid_621,2012-13,Real Madrid
2013-05-08,Real Madrid,Malaga,La Liga,H,1,2013-05-08_Real_Madrid_Malaga_622,2012-13,Real Madrid
2013-05-11,Real Madrid,Espanyol,La Liga,A,1,2013-05-11_Real_Madrid_Espanyol_623,2012-13,Real Madrid
2013-05-17,Real Madrid,Atletico Madrid,Copa del Rey,H,1,2013-05-17_Real_Madrid_Atletico_Madrid_624,2012-13,Real Madrid
2013-05-26,Real Madrid,Real Sociedad,La Liga,A,0,,2012-13,Real Madrid
2013-06-01,Real Madrid,Osasuna,La Liga,H,0,,2012-13,Real Madrid
2013-06-07,Portugal,Russia,World Cup - Qualification Europe,H,1,2013-06-07_Portugal_Russia_625,,Portugal
2013-06-10,Portugal,Croatia,International Friendly,A,1,2013-06-10_Portugal_Croatia_626,,Portugal
2013-08-14,Portugal,Netherlands,International Friendly,H,1,2013-08-14_Portugal_Netherlands_627,,Portugal
2013-08-18,Real Madrid,Real Betis,La Liga,H,1,2013-08-18_Real_Madrid_Real_Betis_628,2013-14,Real Madrid
2013-08-26,Real Madrid,Granada,La Liga,A,1,2013-08-26_Real_Madrid_Granada_CF_629,2013-14,Real Madrid
2013-09-01,Real Madrid,Athletic Bilbao,La Liga,H,1,2013-09-01_Real_Madrid_Athletic_Club_630,2013-14,Real Madrid
2013-09-06,Portugal,Northern Ireland,World Cup - Qualification Europe,A,1,2013-09-06_Portugal_Northern_Ireland_631,,Portugal
2013-09-11,Portugal,Brazil,International Friendly,A,0,,,Portugal
2013-09-14,Real Madrid,Villarreal,La Liga,A,1,2013-09-14_Real_Madrid_Villarreal_632,2013-14,Real Madrid
2013-09-17,Real Madrid,Galatasaray,Champions League,A,1,2013-09-17_Real_Madrid_Galatasaray_633,2013-14,Real Madrid
2013-09-22,Real Madrid,Getafe,La Liga,H,1,2013-09-22_Real_Madrid_Getafe_634,2013-14,Real Madrid
2013-09-25,Real Madrid,Elche,La Liga,A,1,2013-09-25_Real_Madrid_Elche_635,2013-14,Real Madrid
2013-09-28,Real Madrid,Atletico Madrid,La Liga,H,1,2013-09-28_Real_Madrid_Atletico_Madrid_636,2013-14,Real Madrid
2013-10-02,Real Madrid,Copenhagen,Champions League,H,1,2013-10-02_Real_Madrid_FC_Copenhagen_637,2013-14,Real Madrid
2013-10-05,Real Madrid,Levante,La Liga,A,1,2013-10-05_Real_Madrid_Levante_638,2013-14,Real Madrid
2013-10-11,Portugal,Israel,World Cup - Qualification Europe,H,1,2013-10-11_Portugal_Israel_639,,Portugal
2013-10-19,Real Madrid,Malaga,La Liga,H,1,2013-10-19_Real_Madrid_Malaga_640,2013-14,Real Madrid
2013-10-23,Real Madrid,Juventus,Champions League,H,1,2013-10-23_Real_Madrid_Juventus_641,2013-14,Real Madrid
2013-10-26,Real Madrid,Barcelona,La Liga,A,1,2013-10-26_Real_Madrid_Barcelona_642,2013-14,Real Madrid
2013-10-30,Real Madrid,Sevilla,La Liga,H,1,2013-10-30_Real_Madrid_Sevilla_643,2013-14,Real Madrid
2013-11-02,Real Madrid,Rayo Vallecano,La Liga,A,1,2013-11-02_Real_Madrid_Rayo_Vallecano_644,2013-14,Real Madrid
2013-11-05,Real Madrid,Juventus,Champions League,A,1,2013-11-05_Real_Madrid_Juventus_645,2013-14,Real Madrid
2013-11-09,Real Madrid,Real Sociedad,La Liga,H,1,2013-11-09_Real_Madrid_Real_Sociedad_646,2013-14,Real Madrid
2013-11-15,Portugal,Sweden,World Cup - Qualification Europe,H,1,2013-11-15_Portugal_Sweden_647,,Portugal
2013-11-19,Portugal,Sweden,World Cup - Qualification Europe,A,1,2013-11-19_Portugal_Sweden_648,,Portugal
2013-11-23,Real Madrid,Almeria,La Liga,A,1,2013-11-23_Real_Madrid_Almeria_649,2013-14,Real Madrid
2013-11-27,Real Madrid,Galatasaray,Champions League,H,0,,2013-14,Real Madrid
2013-11-30,Real Madrid,Real Valladolid,La Liga,H,0,,2013-14,Real Madrid
2013-12-10,Real Madrid,Copenhagen,Champions League,A,1,2013-12-10_Real_Madrid_FC_Copenhagen_650,2013-14,Real Madrid
2013-12-14,Real Madrid,Osasuna,La Liga,A,1,2013-12-14_Real_Madrid_Osasuna_651,2013-14,Real Madrid
2013-12-22,Real Madrid,Valencia,La Liga,A,1,2013-12-22_Real_Madrid_Valencia_652,2013-14,Real Madrid
2014-01-06,Real Madrid,Celta Vigo,La Liga,H,1,2014-01-06_Real_Madrid_Celta_Vigo_653,2013-14,Real Madrid
2014-01-09,Real Madrid,Osasuna,Copa del Rey,H,1,2014-01-09_Real_Madrid_Osasuna_654,2013-14,Real Madrid
2014-01-12,Real Madrid,Espanyol,La Liga,A,1,2014-01-12_Real_Madrid_Espanyol_655,2013-14,Real Madrid
2014-01-15,Real Madrid,Osasuna,Copa del Rey,A,1,2014-01-15_Real_Madrid_Osasuna_656,2013-14,Real Madrid
2014-01-18,Real Madrid,Real Betis,La Liga,A,1,2014-01-18_Real_Madrid_Real_Betis_657,2013-14,Real Madrid
2014-01-21,Real Madrid,Espanyol,Copa del Rey,A,1,2014-01-21_Real_Madrid_Espanyol_658,2013-14,Real Madrid
2014-01-25,Real Madrid,Granada,La Liga,H,1,2014-01-25_Real_Madrid_Granada_CF_659,2013-14,Real Madrid
2014-01-28,Real Madrid,Espanyol,Copa del Rey,H,1,2014-01-28_Real_Madrid_Espanyol_660,2013-14,Real Madrid
2014-02-02,Real Madrid,Athletic Bilbao,La Liga,A,1,2014-02-02_Real_Madrid_Athletic_Club_661,2013-14,Real Madrid
2014-02-05,Real Madrid,Atletico Madrid,Copa del Rey,H,1,2014-02-05_Real_Madrid_Atletico_Madrid_662,2013-14,Real Madrid
2014-02-11,Real Madrid,Atletico Madrid,Copa del Rey,A,1,2014-02-11_Real_Madrid_Atletico_Madrid_663,2013-14,Real Madrid
2014-02-26,Real Madrid,Schalke 04,Champions League,A,1,2014-02-26_Real_Madrid_FC_Schalke_04_664,2013-14,Real Madrid
2014-03-02,Real Madrid,Atletico Madrid,La Liga,A,1,2014-03-02_Real_Madrid_Atletico_Madrid_665,2013-14,Real Madrid
2014-03-05,Portugal,Cameroon,International Friendly,H,1,2014-03-05_Portugal_Cameroon_666,,Portugal
2014-03-09,Real Madrid,Levante,La Liga,H,1,2014-03-09_Real_Madrid_Levante_667,2013-14,Real Madrid
2014-03-15,Real Madrid,Malaga,La Liga,A,1,2014-03-15_Real_Madrid_Malaga_668,2013-14,Real Madrid
2014-03-18,Real Madrid,Schalke 04,Champions League,H,1,2014-03-18_Real_Madrid_FC_Schalke_04_669,2013-14,Real Madrid
2014-03-23,Real Madrid,Barcelona,La Liga,H,1,2014-03-23_Real_Madrid_Barcelona_670,2013-14,Real Madrid
2014-03-26,Real Madrid,Sevilla,La Liga,A,1,2014-03-26_Real_Madrid_Sevilla_671,2013-14,Real Madrid
2014-03-29,Real Madrid,Rayo Vallecano,La Liga,H,1,2014-03-29_Real_Madrid_Rayo_Vallecano_672,2013-14,Real Madrid
2014-04-02,Real Madrid,Borussia Dortmund,Champions League,H,1,2014-04-02_Real_Madrid_Borussia_Dortmund_673,2013-14,Real Madrid
2014-04-05,Real Madrid,Real Sociedad,La Liga,A,0,,2013-14,Real Madrid
2014-04-08,Real Madrid,Borussia Dortmund,Champions League,A,0,,2013-14,Real Madrid
2014-04-12,Real Madrid,Almeria,La Liga,H,0,,2013-14,Real Madrid
2014-04-15,Real Madrid,Barcelona,Copa del Rey,A,0,,2013-14,Real Madrid
2014-04-23,Real Madrid,Bayern Munich,Champions League,H,1,2014-04-23_Real_Madrid_Bayern_Munich_674,2013-14,Real Madrid
2014-04-26,Real Madrid,Osasuna,La Liga,H,1,2014-04-26_Real_Madrid_Osasuna_675,2013-14,Real Madrid
2014-04-29,Real Madrid,Bayern Munich,Champions League,A,1,2014-04-29_Real_Madrid_Bayern_Munich_676,2013-14,Real Madrid
2014-05-04,Real Madrid,Valencia,La Liga,H,1,2014-05-04_Real_Madrid_Valencia_677,2013-14,Real Madrid
2014-05-07,Real Madrid,Real Valladolid,La Liga,A,1,2014-05-07_Real_Madrid_Real_Valladolid_678,2013-14,Real Madrid
2014-05-11,Real Madrid,Celta Vigo,La Liga,A,0,,2013-14,Real Madrid
2014-05-17,Real Madrid,Espanyol,La Liga,H,0,,2013-14,Real Madrid
2014-05-24,Real Madrid,Atletico Madrid,Champions League,H,1,2014-05-24_Real_Madrid_Atletico_Madrid_679,2013-14,Real Madrid
2014-05-31,Portugal,Greece,International Friendly,H,0,,,Portugal
2014-06-07,Portugal,Mexico,International Friendly,A,0,,,Portugal
2014-06-11,Portugal,Republic of Ireland,International Friendly,H,1,2014-06-11_Portugal_Republic_of_Ireland_680,,Portugal
2014-06-16,Portugal,Germany,World Cup,A,1,2014-06-16_Portugal_Germany_681,,Portugal
2014-06-22,Portugal,USA,World Cup,A,1,2014-06-22_Portugal_USA_682,,Portugal
2014-06-26,Portugal,Ghana,World Cup,H,1,2014-06-26_Portugal_Ghana_683,,Portugal
2014-08-12,Real Madrid,Sevilla,UEFA Super Cup,H,1,2014-08-12_Real_Madrid_Sevilla_684,2014-15,Real Madrid
2014-08-19,Real Madrid,Atletico Madrid,Supercopa de España,H,1,2014-08-19_Real_Madrid_Atletico_Madrid_685,2014-15,Real Madrid
2014-08-22,Real Madrid,Atletico Madrid,Supercopa de España,A,1,2014-08-22_Real_Madrid_Atletico_Madrid_686,2014-15,Real Madrid
2014-08-25,Real Madrid,Cordoba,La Liga,H,1,2014-08-25_Real_Madrid_Cordoba_687,2014-15,Real Madrid
2014-08-31,Real Madrid,Real Sociedad,La Liga,A,0,,2014-15,Real Madrid
2014-09-07,Portugal,Albania,Euros Qualifier,H,0,,,Portugal
2014-09-13,Real Madrid,Atletico Madrid,La Liga,H,1,2014-09-13_Real_Madrid_Atletico_Madrid_688,2014-15,Real Madrid
2014-09-16,Real Madrid,Basel,Champions League,H,1,2014-09-16_Real_Madrid_FC_Basel_1893_689,2014-15,Real Madrid
2014-09-20,Real Madrid,Deportivo La Coruna,La Liga,A,1,2014-09-20_Real_Madrid_Deportivo_La_Coruna_690,2014-15,Real Madrid
2014-09-23,Real Madrid,Elche,La Liga,H,1,2014-09-23_Real_Madrid_Elche_691,2014-15,Real Madrid
2014-09-27,Real Madrid,Villarreal,La Liga,A,1,2014-09-27_Real_Madrid_Villarreal_692,2014-15,Real Madrid
2014-10-01,Real Madrid,Ludogorets Razgrad,Champions League,A,1,2014-10-01_Real_Madrid_Ludogorets_693,2014-15,Real Madrid
2014-10-05,Real Madrid,Athletic Bilbao,La Liga,H,1,2014-10-05_Real_Madrid_Athletic_Club_694,2014-15,Real Madrid
2014-10-11,Portugal,France,International Friendly,A,1,2014-10-11_Portugal_France_695,,Portugal
2014-10-14,Portugal,Denmark,Euros Qualifier,A,1,2014-10-14_Portugal_Denmark_696,,Portugal
2014-10-18,Real Madrid,Levante,La Liga,A,1,2014-10-18_Real_Madrid_Levante_697,2014-15,Real Madrid
2014-10-22,Real Madrid,Liverpool,Champions League,A,1,2014-10-22_Real_Madrid_Liverpool_698,2014-15,Real Madrid
2014-10-25,Real Madrid,Barcelona,La Liga,H,1,2014-10-25_Real_Madrid_Barcelona_699,2014-15,Real Madrid
2014-10-29,Real Madrid,UE Cornella,Copa del Rey,A,0,,2014-15,Real Madrid
2014-11-01,Real Madrid,Granada,La Liga,A,1,2014-11-01_Real_Madrid_Granada_CF_700,2014-15,Real Madrid
2014-11-04,Real Madrid,Liverpool,Champions League,H,1,2014-11-04_Real_Madrid_Liverpool_701,2014-15,Real Madrid
2014-11-08,Real Madrid,Rayo Vallecano,La Liga,H,1,2014-11-08_Real_Madrid_Rayo_Vallecano_702,2014-15,Real Madrid
2014-11-14,Portugal,Armenia,Euros Qualifier,H,1,2014-11-14_Portugal_Armenia_703,,Portugal
2014-11-18,Portugal,Argentina,International Friendly,A,1,2014-11-18_Portugal_Argentina_704,,Portugal
2014-11-22,Real Madrid,Eibar,La Liga,A,1,2014-11-22_Real_Madrid_Eibar_705,2014-15,Real Madrid
2014-11-26,Real Madrid,Basel,Champions League,A,1,2014-11-26_Real_Madrid_FC_Basel_1893_706,2014-15,Real Madrid
2014-11-29,Real Madrid,Malaga,La Liga,A,1,2014-11-29_Real_Madrid_Malaga_707,2014-15,Real Madrid
2014-12-02,Real Madrid,UE Cornella,Copa del Rey,H,0,,2014-15,Real Madrid
2014-12-06,Real Madrid,Celta Vigo,La Liga,H,1,2014-12-06_Real_Madrid_Celta_Vigo_708,2014-15,Real Madrid
2014-12-09,Real Madrid,Ludogorets Razgrad,Champions League,H,1,2014-12-09_Real_Madrid_Ludogorets_709,2014-15,Real Madrid
2014-12-12,Real Madrid,Almeria,La Liga,A,1,2014-12-12_Real_Madrid_Almeria_710,2014-15,Real Madrid
2014-12-16,Real Madrid,Cruz Azul,FIFA Club World Cup,A,1,2014-12-16_Real_Madrid_Cruz_Azul_711,2014-15,Real Madrid
2014-12-20,Real Madrid,San Lorenzo,FIFA Club World Cup,H,1,2014-12-20_Real_Madrid_San_Lorenzo_712,2014-15,Real Madrid
2015-01-04,Real Madrid,Valencia,La Liga,A,1,2015-01-04_Real_Madrid_Valencia_713,2014-15,Real Madrid
2015-01-07,Real Madrid,Atletico Madrid,Copa del Rey,A,1,2015-01-07_Real_Madrid_Atletico_Madrid_714,2014-15,Real Madrid
2015-01-10,Real Madrid,Espanyol,La Liga,H,1,2015-01-10_Real_Madrid_Espanyol_715,2014-15,Real Madrid
2015-01-15,Real Madrid,Atletico Madrid,Copa del Rey,H,1,2015-01-15_Real_Madrid_Atletico_Madrid_716,2014-15,Real Madrid
2015-01-18,Real Madrid,Getafe,La Liga,A,1,2015-01-18_Real_Madrid_Getafe_717,2014-15,Real Madrid
2015-01-24,Real Madrid,Cordoba,La Liga,A,1,2015-01-24_Real_Madrid_Cordoba_718,2014-15,Real Madrid
2015-02-07,Real Madrid,Atletico Madrid,La Liga,A,1,2015-02-07_Real_Madrid_Atletico_Madrid_719,2014-15,Real Madrid
2015-02-14,Real Madrid,Deportivo La Coruna,La Liga,H,1,2015-02-14_Real_Madrid_Deportivo_La_Coruna_720,2014-15,Real Madrid
2015-02-18,Real Madrid,Schalke 04,Champions League,A,1,2015-02-18_Real_Madrid_FC_Schalke_04_721,2014-15,Real Madrid
2015-02-22,Real Madrid,Elche,La Liga,A,1,2015-02-22_Real_Madrid_Elche_722,2014-15,Real Madrid
2015-03-01,Real Madrid,Villarreal,La Liga,H,1,2015-03-01_Real_Madrid_Villarreal_723,2014-15,Real Madrid
2015-03-07,Real Madrid,Athletic Bilbao,La Liga,A,1,2015-03-07_Real_Madrid_Athletic_Club_724,2014-15,Real Madrid
2015-03-10,Real Madrid,Schalke 04,Champions League,H,1,2015-03-10_Real_Madrid_FC_Schalke_04_725,2014-15,Real Madrid
2015-03-15,Real Madrid,Levante,La Liga,H,1,2015-03-15_Real_Madrid_Levante_726,2014-15,Real Madrid
2015-03-22,Real Madrid,Barcelona,La Liga,A,1,2015-03-22_Real_Madrid_Barcelona_727,2014-15,Real Madrid
2015-03-29,Portugal,Serbia,Euros Qualifier,H,1,2015-03-29_Portugal_Serbia_728,,Portugal
2015-03-31,Portugal,Cape Verde,International Friendly,H,0,,,Portugal
2015-04-05,Real Madrid,Granada,La Liga,H,1,2015-04-05_Real_Madrid_Granada_CF_729,2014-15,Real Madrid
2015-04-08,Real Madrid,Rayo Vallecano,La Liga,A,1,2015-04-08_Real_Madrid_Rayo_Vallecano_730,2014-15,Real Madrid
2015-04-11,Real Madrid,Eibar,La Liga,H,1,2015-04-11_Real_Madrid_Eibar_731,2014-15,Real Madrid
2015-04-14,Real Madrid,Atletico Madrid,Champions League,A,1,2015-04-14_Real_Madrid_Atletico_Madrid_732,2014-15,Real Madrid
2015-04-18,Real Madrid,Malaga,La Liga,H,1,2015-04-18_Real_Madrid_Malaga_733,2014-15,Real Madrid
2015-04-22,Real Madrid,Atletico Madrid,Champions League,H,1,2015-04-22_Real_Madrid_Atletico_Madrid_734,2014-15,Real Madrid
2015-04-26,Real Madrid,Celta Vigo,La Liga,A,1,2015-04-26_Real_Madrid_Celta_Vigo_735,2014-15,Real Madrid
2015-04-29,Real Madrid,Almeria,La Liga,H,1,2015-04-29_Real_Madrid_Almeria_736,2014-15,Real Madrid
2015-05-02,Real Madrid,Sevilla,La Liga,A,1,2015-05-02_Real_Madrid_Sevilla_737,2014-15,Real Madrid
2015-05-05,Real Madrid,Juventus,Champions League,A,1,2015-05-05_Real_Madrid_Juventus_738,2014-15,Real Madrid
2015-05-09,Real Madrid,Valencia,La Liga,H,1,2015-05-09_Real_Madrid_Valencia_739,2014-15,Real Madrid
2015-05-13,Real Madrid,Juventus,Champions League,H,1,2015-05-13_Real_Madrid_Juventus_740,2014-15,Real Madrid
2015-05-17,Real Madrid,Espanyol,La Liga,A,1,2015-05-17_Real_Madrid_Espanyol_741,2014-15,Real Madrid
2015-05-23,Real Madrid,Getafe,La Liga,H,1,2015-05-23_Real_Madrid_Getafe_742,2014-15,Real Madrid
2015-06-13,Portugal,Armenia,Euros Qualifier,A,1,2015-06-13_Portugal_Armenia_743,,Portugal
2015-06-16,Portugal,Italy,International Friendly,A,0,,,Portugal
2015-08-23,Real Madrid,Sporting Gijon,La Liga,A,1,2015-08-23_Real_Madrid_Sporting_Gijon_744,2015-16,Real Madrid
2015-08-29,Real Madrid,Real Betis,La Liga,H,1,2015-08-29_Real_Madrid_Real_Betis_745,2015-16,Real Madrid
2015-09-04,Portugal,France,International Friendly,H,1,2015-09-04_Portugal_France_746,,Portugal
2015-09-07,Portugal,Albania,Euros Qualifier,A,1,2015-09-07_Portugal_Albania_747,,Portugal
2015-09-12,Real Madrid,Espanyol,La Liga,A,1,2015-09-12_Real_Madrid_Espanyol_748,2015-16,Real Madrid
2015-09-15,Real Madrid,Shakhtar Donetsk,Champions League,H,1,2015-09-15_Real_Madrid_Shakhtar_Donetsk_749,2015-16,Real Madrid
2015-09-19,Real Madrid,Granada,La Liga,H,1,2015-09-19_Real_Madrid_Granada_CF_750,2015-16,Real Madrid
2015-09-23,Real Madrid,Athletic Bilbao,La Liga,A,1,2015-09-23_Real_Madrid_Athletic_Club_751,2015-16,Real Madrid
2015-09-26,Real Madrid,Malaga,La Liga,H,1,2015-09-26_Real_Madrid_Malaga_752,2015-16,Real Madrid
2015-09-30,Real Madrid,Malmo FF,Champions League,A,1,2015-09-30_Real_Madrid_Malmo_FF_753,2015-16,Real Madrid
2015-10-04,Real Madrid,Atletico Madrid,La Liga,A,1,2015-10-04_Real_Madrid_Atletico_Madrid_754,2015-16,Real Madrid
2015-10-08,Portugal,Denmark,Euros Qualifier,H,1,2015-10-08_Portugal_Denmark_755,,Portugal
2015-10-11,Portugal,Serbia,Euros Qualifier,A,0,,,Portugal
2015-10-17,Real Madrid,Levante,La Liga,H,1,2015-10-17_Real_Madrid_Levante_756,2015-16,Real Madrid
2015-10-21,Real Madrid,Paris Saint-Germain,Champions League,A,1,2015-10-21_Real_Madrid_Paris_Saint_Germain_757,2015-16,Real Madrid
2015-10-24,Real Madrid,Celta Vigo,La Liga,A,1,2015-10-24_Real_Madrid_Celta_Vigo_758,2015-16,Real Madrid
2015-10-31,Real Madrid,Las Palmas,La Liga,H,1,2015-10-31_Real_Madrid_Las_Palmas_759,2015-16,Real Madrid
2015-11-03,Real Madrid,Paris Saint-Germain,Champions League,H,1,2015-11-03_Real_Madrid_Paris_Saint_Germain_760,2015-16,Real Madrid
2015-11-08,Real Madrid,Sevilla,La Liga,A,1,2015-11-08_Real_Madrid_Sevilla_761,2015-16,Real Madrid
2015-11-14,Portugal,Russia,International Friendly,A,0,,,Portugal
2015-11-17,Portugal,Luxembourg,International Friendly,A,0,,,Portugal
2015-11-21,Real Madrid,Barcelona,La Liga,H,1,2015-11-21_Real_Madrid_Barcelona_762,2015-16,Real Madrid
2015-11-25,Real Madrid,Shakhtar Donetsk,Champions League,A,1,2015-11-25_Real_Madrid_Shakhtar_Donetsk_763,2015-16,Real Madrid
2015-11-29,Real Madrid,Eibar,La Liga,A,1,2015-11-29_Real_Madrid_Eibar_764,2015-16,Real Madrid
2015-12-02,Real Madrid,Cadiz,Copa del Rey,A,0,,2015-16,Real Madrid
2015-12-05,Real Madrid,Getafe,La Liga,H,1,2015-12-05_Real_Madrid_Getafe_765,2015-16,Real Madrid
2015-12-08,Real Madrid,Malmo FF,Champions League,H,1,2015-12-08_Real_Madrid_Malmo_FF_766,2015-16,Real Madrid
2015-12-13,Real Madrid,Villarreal,La Liga,A,1,2015-12-13_Real_Madrid_Villarreal_767,2015-16,Real Madrid
2015-12-20,Real Madrid,Rayo Vallecano,La Liga,H,1,2015-12-20_Real_Madrid_Rayo_Vallecano_768,2015-16,Real Madrid
2015-12-30,Real Madrid,Real Sociedad,La Liga,H,1,2015-12-30_Real_Madrid_Real_Sociedad_769,2015-16,Real Madrid
2016-01-03,Real Madrid,Valencia,La Liga,A,1,2016-01-03_Real_Madrid_Valencia_770,2015-16,Real Madrid
2016-01-09,Real Madrid,Deportivo La Coruna,La Liga,H,1,2016-01-09_Real_Madrid_Deportivo_La_Coruna_771,2015-16,Real Madrid
2016-01-17,Real Madrid,Sporting Gijon,La Liga,H,1,2016-01-17_Real_Madrid_Sporting_Gijon_772,2015-16,Real Madrid
2016-01-24,Real Madrid,Real Betis,La Liga,A,1,2016-01-24_Real_Madrid_Real_Betis_773,2015-16,Real Madrid
2016-01-31,Real Madrid,Espanyol,La Liga,H,1,2016-01-31_Real_Madrid_Espanyol_774,2015-16,Real Madrid
2016-02-07,Real Madrid,Granada,La Liga,A,1,2016-02-07_Real_Madrid_Granada_CF_775,2015-16,Real Madrid
2016-02-13,Real Madrid,Athletic Bilbao,La Liga,H,1,2016-02-13_Real_Madrid_Athletic_Club_776,2015-16,Real Madrid
2016-02-17,Real Madrid,Roma,Champions League,A,1,2016-02-17_Real_Madrid_AS_Roma_777,2015-16,Real Madrid
2016-02-21,Real Madrid,Malaga,La Liga,A,1,2016-02-21_Real_Madrid_Malaga_778,2015-16,Real Madrid
2016-02-27,Real Madrid,Atletico Madrid,La Liga,H,1,2016-02-27_Real_Madrid_Atletico_Madrid_779,2015-16,Real Madrid
2016-03-02,Real Madrid,Levante,La Liga,A,1,2016-03-02_Real_Madrid_Levante_780,2015-16,Real Madrid
2016-03-05,Real Madrid,Celta Vigo,La Liga,H,1,2016-03-05_Real_Madrid_Celta_Vigo_781,2015-16,Real Madrid
2016-03-08,Real Madrid,Roma,Champions League,H,1,2016-03-08_Real_Madrid_AS_Roma_782,2015-16,Real Madrid
2016-03-13,Real Madrid,Las Palmas,La Liga,A,1,2016-03-13_Real_Madrid_Las_Palmas_783,2015-16,Real Madrid
2016-03-20,Real Madrid,Sevilla,La Liga,H,1,2016-03-20_Real_Madrid_Sevilla_784,2015-16,Real Madrid
2016-03-25,Portugal,Bulgaria,International Friendly,H,1,2016-03-25_Portugal_Bulgaria_785,,Portugal
2016-03-29,Portugal,Belgium,International Friendly,H,1,2016-03-29_Portugal_Belgium_786,,Portugal
2016-04-02,Real Madrid,Barcelona,La Liga,A,1,2016-04-02_Real_Madrid_Barcelona_787,2015-16,Real Madrid
2016-04-06,Real Madrid,VfL Wolfsburg,Champions League,A,1,2016-04-06_Real_Madrid_VfL_Wolfsburg_788,2015-16,Real Madrid
2016-04-09,Real Madrid,Eibar,La Liga,H,1,2016-04-09_Real_Madrid_Eibar_789,2015-16,Real Madrid
2016-04-12,Real Madrid,VfL Wolfsburg,Champions League,H,1,2016-04-12_Real_Madrid_VfL_Wolfsburg_790,2015-16,Real Madrid
2016-04-16,Real Madrid,Getafe,La Liga,A,1,2016-04-16_Real_Madrid_Getafe_791,2015-16,Real Madrid
2016-04-20,Real Madrid,Villarreal,La Liga,H,1,2016-04-20_Real_Madrid_Villarreal_792,2015-16,Real Madrid
2016-04-23,Real Madrid,Rayo Vallecano,La Liga,A,0,,2015-16,Real Madrid
2016-04-26,Real Madrid,Manchester City,Champions League,A,0,,2015-16,Real Madrid
2016-04-30,Real Madrid,Real Sociedad,La Liga,A,0,,2015-16,Real Madrid
2016-05-04,Real Madrid,Manchester City,Champions League,H,1,2016-05-04_Real_Madrid_Manchester_City_793,2015-16,Real Madrid
2016-05-08,Real Madrid,Valencia,La Liga,H,1,2016-05-08_Real_Madrid_Valencia_794,2015-16,Real Madrid
2016-05-14,Real Madrid,Deportivo La Coruna,La Liga,A,1,2016-05-14_Real_Madrid_Deportivo_La_Coruna_795,2015-16,Real Madrid
2016-05-28,Real Madrid,Atletico Madrid,Champions League,H,1,2016-05-28_Real_Madrid_Atletico_Madrid_796,2015-16,Real Madrid
2016-05-29,Portugal,Norway,International Friendly,H,0,,,Portugal
2016-06-02,Portugal,England,International Friendly,A,0,,,Portugal
2016-06-09,Portugal,Estonia,International Friendly,H,1,2016-06-09_Portugal_Estonia_797,,Portugal
2016-06-14,Portugal,Iceland,Euro Championship,H,1,2016-06-14_Portugal_Iceland_798,,Portugal
2016-06-18,Portugal,Austria,Euro Championship,H,1,2016-06-18_Portugal_Austria_799,,Portugal
2016-06-22,Portugal,Hungary,Euro Championship,A,1,2016-06-22_Portugal_Hungary_800,,Portugal
2016-06-25,Portugal,Croatia,Euro Championship,A,1,2016-06-25_Portugal_Croatia_801,,Portugal
2016-06-30,Portugal,Poland,Euro Championship,A,1,2016-06-30_Portugal_Poland_802,,Portugal
2016-07-06,Portugal,Wales,Euro Championship,H,1,2016-07-06_Portugal_Wales_803,,Portugal
2016-07-10,Portugal,France,Euro Championship,H,1,2016-07-10_Portugal_France_804,,Portugal
2016-08-09,Real Madrid,Sevilla,UEFA Super Cup,H,0,,2016-17,Real Madrid
2016-08-21,Real Madrid,Real Sociedad,La Liga,A,0,,2016-17,Real Madrid
2016-08-27,Real Madrid,Celta Vigo,La Liga,H,0,,2016-17,Real Madrid
2016-09-01,Portugal,Gibraltar,International Friendly,H,0,,,Portugal
2016-09-06,Portugal,Switzerland,World Cup - Qualification Europe,A,0,,,Portugal
2016-09-10,Real Madrid,Osasuna,La Liga,H,1,2016-09-10_Real_Madrid_Osasuna_805,2016-17,Real Madrid
2016-09-14,Real Madrid,Sporting CP,Champions League,H,1,2016-09-14_Real_Madrid_Sporting_CP_806,2016-17,Real Madrid
2016-09-18,Real Madrid,Espanyol,La Liga,A,0,,2016-17,Real Madrid
2016-09-21,Real Madrid,Villarreal,La Liga,H,1,2016-09-21_Real_Madrid_Villarreal_807,2016-17,Real Madrid
2016-09-24,Real Madrid,Las Palmas,La Liga,A,1,2016-09-24_Real_Madrid_Las_Palmas_808,2016-17,Real Madrid
2016-09-27,Real Madrid,Borussia Dortmund,Champions League,A,1,2016-09-27_Real_Madrid_Borussia_Dortmund_809,2016-17,Real Madrid
2016-10-02,Real Madrid,Eibar,La Liga,H,1,2016-10-02_Real_Madrid_Eibar_810,2016-17,Real Madrid
2016-10-07,Portugal,Andorra,World Cup - Qualification Europe,H,1,2016-10-07_Portugal_Andorra_811,,Portugal
2016-10-10,Portugal,Faroe Islands,World Cup - Qualification Europe,A,1,2016-10-10_Portugal_Faroe_Islands_812,,Portugal
2016-10-15,Real Madrid,Real Betis,La Liga,A,1,2016-10-15_Real_Madrid_Real_Betis_813,2016-17,Real Madrid
2016-10-18,Real Madrid,Legia Warsaw,Champions League,H,1,2016-10-18_Real_Madrid_Legia_Warszawa_814,2016-17,Real Madrid
2016-10-23,Real Madrid,Athletic Bilbao,La Liga,H,1,2016-10-23_Real_Madrid_Athletic_Club_815,2016-17,Real Madrid
2016-10-26,Real Madrid,Cultural Leonesa,Copa del Rey,A,0,,2016-17,Real Madrid
2016-10-29,Real Madrid,Alaves,La Liga,A,1,2016-10-29_Real_Madrid_Alaves_816,2016-17,Real Madrid
2016-11-02,Real Madrid,Legia Warsaw,Champions League,A,1,2016-11-02_Real_Madrid_Legia_Warszawa_817,2016-17,Real Madrid
2016-11-06,Real Madrid,Leganes,La Liga,H,1,2016-11-06_Real_Madrid_Leganes_818,2016-17,Real Madrid
2016-11-13,Portugal,Latvia,World Cup - Qualification Europe,H,1,2016-11-13_Portugal_Latvia_819,,Portugal
2016-11-19,Real Madrid,Atletico Madrid,La Liga,A,1,2016-11-19_Real_Madrid_Atletico_Madrid_820,2016-17,Real Madrid
2016-11-22,Real Madrid,Sporting CP,Champions League,A,1,2016-11-22_Real_Madrid_Sporting_CP_821,2016-17,Real Madrid
2016-11-26,Real Madrid,Sporting Gijon,La Liga,H,1,2016-11-26_Real_Madrid_Sporting_Gijon_822,2016-17,Real Madrid
2016-11-30,Real Madrid,Cultural Leonesa,Copa del Rey,H,0,,2016-17,Real Madrid
2016-12-03,Real Madrid,Barcelona,La Liga,A,1,2016-12-03_Real_Madrid_Barcelona_823,2016-17,Real Madrid
2016-12-07,Real Madrid,Borussia Dortmund,Champions League,H,1,2016-12-07_Real_Madrid_Borussia_Dortmund_824,2016-17,Real Madrid
2016-12-10,Real Madrid,Deportivo La Coruna,La Liga,H,0,,2016-17,Real Madrid
2016-12-15,Real Madrid,America,FIFA Club World Cup,A,1,2016-12-15_Real_Madrid_Club_America_825,2016-17,Real Madrid
2016-12-18,Real Madrid,Kashima Antlers,FIFA Club World Cup,H,1,2016-12-18_Real_Madrid_Kashima_826,2016-17,Real Madrid
2017-01-04,Real Madrid,Sevilla,Copa del Rey,H,0,,2016-17,Real Madrid
2017-01-07,Real Madrid,Granada,La Liga,H,1,2017-01-07_Real_Madrid_Granada_CF_827,2016-17,Real Madrid
2017-01-12,Real Madrid,Sevilla,Copa del Rey,A,0,,2016-17,Real Madrid
2017-01-15,Real Madrid,Sevilla,La Liga,A,1,2017-01-15_Real_Madrid_Sevilla_828,2016-17,Real Madrid
2017-01-18,Real Madrid,Celta Vigo,Copa del Rey,H,1,2017-01-18_Real_Madrid_Celta_Vigo_829,2016-17,Real Madrid
2017-01-21,Real Madrid,Malaga,La Liga,H,1,2017-01-21_Real_Madrid_Malaga_830,2016-17,Real Madrid
2017-01-25,Real Madrid,Celta Vigo,Copa del Rey,A,1,2017-01-25_Real_Madrid_Celta_Vigo_831,2016-17,Real Madrid
2017-01-29,Real Madrid,Real Sociedad,La Liga,H,1,2017-01-29_Real_Madrid_Real_Sociedad_832,2016-17,Real Madrid
2017-02-11,Real Madrid,Osasuna,La Liga,A,1,2017-02-11_Real_Madrid_Osasuna_833,2016-17,Real Madrid
2017-02-15,Real Madrid,Napoli,Champions League,H,1,2017-02-15_Real_Madrid_Napoli_834,2016-17,Real Madrid
2017-02-18,Real Madrid,Espanyol,La Liga,H,1,2017-02-18_Real_Madrid_Espanyol_835,2016-17,Real Madrid
2017-02-22,Real Madrid,Valencia,La Liga,A,1,2017-02-22_Real_Madrid_Valencia_836,2016-17,Real Madrid
2017-02-26,Real Madrid,Villarreal,La Liga,A,1,2017-02-26_Real_Madrid_Villarreal_837,2016-17,Real Madrid
2017-03-01,Real Madrid,Las Palmas,La Liga,H,1,2017-03-01_Real_Madrid_Las_Palmas_838,2016-17,Real Madrid
2017-03-04,Real Madrid,Eibar,La Liga,A,0,,2016-17,Real Madrid
2017-03-07,Real Madrid,Napoli,Champions League,A,1,2017-03-07_Real_Madrid_Napoli_839,2016-17,Real Madrid
2017-03-12,Real Madrid,Real Betis,La Liga,H,1,2017-03-12_Real_Madrid_Real_Betis_840,2016-17,Real Madrid
2017-03-18,Real Madrid,Athletic Bilbao,La Liga,A,1,2017-03-18_Real_Madrid_Athletic_Club_841,2016-17,Real Madrid
2017-03-25,Portugal,Hungary,World Cup - Qualification Europe,H,1,2017-03-25_Portugal_Hungary_842,,Portugal
2017-03-28,Portugal,Sweden,International Friendly,H,1,2017-03-28_Portugal_Sweden_843,,Portugal
2017-04-02,Real Madrid,Alaves,La Liga,H,1,2017-04-02_Real_Madrid_Alaves_844,2016-17,Real Madrid
2017-04-05,Real Madrid,Leganes,La Liga,A,0,,2016-17,Real Madrid
2017-04-08,Real Madrid,Atletico Madrid,La Liga,H,1,2017-04-08_Real_Madrid_Atletico_Madrid_845,2016-17,Real Madrid
2017-04-12,Real Madrid,Bayern Munich,Champions League,A,1,2017-04-12_Real_Madrid_Bayern_Munich_846,2016-17,Real Madrid
2017-04-15,Real Madrid,Sporting Gijon,La Liga,A,0,,2016-17,Real Madrid
2017-04-18,Real Madrid,Bayern Munich,Champions League,H,1,2017-04-18_Real_Madrid_Bayern_Munich_847,2016-17,Real Madrid
2017-04-23,Real Madrid,Barcelona,La Liga,H,1,2017-04-23_Real_Madrid_Barcelona_848,2016-17,Real Madrid
2017-04-26,Real Madrid,Deportivo La Coruna,La Liga,A,0,,2016-17,Real Madrid
2017-04-29,Real Madrid,Valencia,La Liga,H,1,2017-04-29_Real_Madrid_Valencia_849,2016-17,Real Madrid
2017-05-02,Real Madrid,Atletico Madrid,Champions League,H,1,2017-05-02_Real_Madrid_Atletico_Madrid_850,2016-17,Real Madrid
2017-05-06,Real Madrid,Granada,La Liga,A,0,,2016-17,Real Madrid
2017-05-10,Real Madrid,Atletico Madrid,Champions League,A,1,2017-05-10_Real_Madrid_Atletico_Madrid_851,2016-17,Real Madrid
2017-05-14,Real Madrid,Sevilla,La Liga,H,1,2017-05-14_Real_Madrid_Sevilla_852,2016-17,Real Madrid
2017-05-17,Real Madrid,Celta Vigo,La Liga,A,1,2017-05-17_Real_Madrid_Celta_Vigo_853,2016-17,Real Madrid
2017-05-21,Real Madrid,Malaga,La Liga,A,1,2017-05-21_Real_Madrid_Malaga_854,2016-17,Real Madrid
2017-06-03,Portugal,Cyprus,International Friendly,H,0,,,Portugal
2017-06-03,Real Madrid,Juventus,Champions League,A,1,2017-06-03_Real_Madrid_Juventus_855,2016-17,Real Madrid
2017-06-09,Portugal,Latvia,World Cup - Qualification Europe,A,1,2017-06-09_Portugal_Latvia_856,,Portugal
2017-06-18,Portugal,Mexico,Confederations Cup,H,1,2017-06-18_Portugal_Mexico_857,,Portugal
2017-06-21,Portugal,Russia,Confederations Cup,A,1,2017-06-21_Portugal_Russia_858,,Portugal
2017-06-24,Portugal,New Zealand,Confederations Cup,A,1,2017-06-24_Portugal_New_Zealand_859,,Portugal
2017-06-28,Portugal,Chile,Confederations Cup,H,1,2017-06-28_Portugal_Chile_860,,Portugal
2017-07-02,Portugal,Mexico,Confederations Cup,H,0,,,Portugal
2017-08-08,Real Madrid,Manchester United,UEFA Super Cup,H,1,2017-08-08_Real_Madrid_Manchester_United_861,2017-18,Real Madrid
2017-08-13,Real Madrid,Barcelona,Supercopa de España,A,1,2017-08-13_Real_Madrid_Barcelona_862,2017-18,Real Madrid
2017-08-31,Portugal,Faroe Islands,World Cup - Qualification Europe,H,1,2017-08-31_Portugal_Faroe_Islands_863,,Portugal
2017-09-03,Portugal,Hungary,World Cup - Qualification Europe,A,1,2017-09-03_Portugal_Hungary_864,,Portugal
2017-09-13,Real Madrid,APOEL,Champions League,H,1,2017-09-13_Real_Madrid_Apoel_Nicosia_865,2017-18,Real Madrid
2017-09-20,Real Madrid,Real Betis,La Liga,H,1,2017-09-20_Real_Madrid_Real_Betis_866,2017-18,Real Madrid
2017-09-23,Real Madrid,Alaves,La Liga,A,1,2017-09-23_Real_Madrid_Alaves_867,2017-18,Real Madrid
2017-09-26,Real Madrid,Borussia Dortmund,Champions League,A,1,2017-09-26_Real_Madrid_Borussia_Dortmund_868,2017-18,Real Madrid
2017-10-01,Real Madrid,Espanyol,La Liga,H,1,2017-10-01_Real_Madrid_Espanyol_869,2017-18,Real Madrid
2017-10-07,Portugal,Andorra,World Cup - Qualification Europe,A,1,2017-10-07_Portugal_Andorra_870,,Portugal
2017-10-10,Portugal,Switzerland,World Cup - Qualification Europe,H,1,2017-10-10_Portugal_Switzerland_871,,Portugal
2017-10-14,Real Madrid,Getafe,La Liga,A,1,2017-10-14_Real_Madrid_Getafe_872,2017-18,Real Madrid
2017-10-17,Real Madrid,Tottenham Hotspur,Champions League,H,1,2017-10-17_Real_Madrid_Tottenham_Hotspur_873,2017-18,Real Madrid
2017-10-22,Real Madrid,Eibar,La Liga,H,1,2017-10-22_Real_Madrid_Eibar_874,2017-18,Real Madrid
2017-10-26,Real Madrid,Fuenlabrada,Copa del Rey,A,0,,2017-18,Real Madrid
2017-10-29,Real Madrid,Girona,La Liga,A,1,2017-10-29_Real_Madrid_Girona_875,2017-18,Real Madrid
2017-11-01,Real Madrid,Tottenham Hotspur,Champions League,A,1,2017-11-01_Real_Madrid_Tottenham_Hotspur_876,2017-18,Real Madrid
2017-11-05,Real Madrid,Las Palmas,La Liga,H,1,2017-11-05_Real_Madrid_Las_Palmas_877,2017-18,Real Madrid
2017-11-10,Portugal,Saudi Arabia,International Friendly,H,0,,,Portugal
2017-11-14,Portugal,USA,International Friendly,H,0,,,Portugal
2017-11-18,Real Madrid,Atletico Madrid,La Liga,A,1,2017-11-18_Real_Madrid_Atletico_Madrid_878,2017-18,Real Madrid
2017-11-21,Real Madrid,APOEL,Champions League,A,1,2017-11-21_Real_Madrid_Apoel_Nicosia_879,2017-18,Real Madrid
2017-11-25,Real Madrid,Malaga,La Liga,H,1,2017-11-25_Real_Madrid_Malaga_880,2017-18,Real Madrid
2017-11-28,Real Madrid,Fuenlabrada,Copa del Rey,H,0,,2017-18,Real Madrid
2017-12-02,Real Madrid,Athletic Bilbao,La Liga,A,1,2017-12-02_Real_Madrid_Athletic_Club_881,2017-18,Real Madrid
2017-12-06,Real Madrid,Borussia Dortmund,Champions League,H,1,2017-12-06_Real_Madrid_Borussia_Dortmund_882,2017-18,Real Madrid
2017-12-09,Real Madrid,Sevilla,La Liga,H,1,2017-12-09_Real_Madrid_Sevilla_883,2017-18,Real Madrid
2017-12-13,Real Madrid,Al-Jazira,FIFA Club World Cup,A,1,2017-12-13_Real_Madrid_Al-Jazira_884,2017-18,Real Madrid
2017-12-16,Real Madrid,Gremio,FIFA Club World Cup,H,1,2017-12-16_Real_Madrid_Gremio_885,2017-18,Real Madrid
2017-12-23,Real Madrid,Barcelona,La Liga,H,1,2017-12-23_Real_Madrid_Barcelona_886,2017-18,Real Madrid
2018-01-04,Real Madrid,Numancia,Copa del Rey,A,0,,2017-18,Real Madrid
2018-01-07,Real Madrid,Celta Vigo,La Liga,A,1,2018-01-07_Real_Madrid_Celta_Vigo_887,2017-18,Real Madrid
2018-01-10,Real Madrid,Numancia,Copa del Rey,H,0,,2017-18,Real Madrid
2018-01-13,Real Madrid,Villarreal,La Liga,H,1,2018-01-13_Real_Madrid_Villarreal_888,2017-18,Real Madrid
2018-01-18,Real Madrid,Leganes,Copa del Rey,A,0,,2017-18,Real Madrid
2018-01-21,Real Madrid,Deportivo La Coruna,La Liga,H,1,2018-01-21_Real_Madrid_Deportivo_La_Coruna_889,2017-18,Real Madrid
2018-01-24,Real Madrid,Leganes,Copa del Rey,H,0,,2017-18,Real Madrid
2018-01-27,Real Madrid,Valencia,La Liga,A,1,2018-01-27_Real_Madrid_Valencia_890,2017-18,Real Madrid
2018-02-03,Real Madrid,Levante,La Liga,A,1,2018-02-03_Real_Madrid_Levante_891,2017-18,Real Madrid
2018-02-10,Real Madrid,Real Sociedad,La Liga,H,1,2018-02-10_Real_Madrid_Real_Sociedad_892,2017-18,Real Madrid
2018-02-14,Real Madrid,Paris Saint-Germain,Champions League,H,1,2018-02-14_Real_Madrid_Paris_Saint_Germain_893,2017-18,Real Madrid
2018-02-18,Real Madrid,Real Betis,La Liga,A,1,2018-02-18_Real_Madrid_Real_Betis_894,2017-18,Real Madrid
2018-02-21,Real Madrid,Leganes,La Liga,A,0,,2017-18,Real Madrid
2018-02-24,Real Madrid,Alaves,La Liga,H,1,2018-02-24_Real_Madrid_Alaves_895,2017-18,Real Madrid
2018-02-27,Real Madrid,Espanyol,La Liga,A,0,,2017-18,Real Madrid
2018-03-03,Real Madrid,Getafe,La Liga,H,1,2018-03-03_Real_Madrid_Getafe_896,2017-18,Real Madrid
2018-03-06,Real Madrid,Paris Saint-Germain,Champions League,A,1,2018-03-06_Real_Madrid_Paris_Saint_Germain_897,2017-18,Real Madrid
2018-03-10,Real Madrid,Eibar,La Liga,A,1,2018-03-10_Real_Madrid_Eibar_898,2017-18,Real Madrid
2018-03-18,Real Madrid,Girona,La Liga,H,1,2018-03-18_Real_Madrid_Girona_899,2017-18,Real Madrid
2018-03-23,Portugal,Egypt,International Friendly,H,1,2018-03-23_Portugal_Egypt_900,,Portugal
2018-03-26,Portugal,Netherlands,International Friendly,A,1,2018-03-26_Portugal_Netherlands_901,,Portugal
2018-03-31,Real Madrid,Las Palmas,La Liga,A,0,,2017-18,Real Madrid
2018-04-03,Real Madrid,Juventus,Champions League,A,1,2018-04-03_Real_Madrid_Juventus_902,2017-18,Real Madrid
2018-04-08,Real Madrid,Atletico Madrid,La Liga,H,1,2018-04-08_Real_Madrid_Atletico_Madrid_903,2017-18,Real Madrid
2018-04-11,Real Madrid,Juventus,Champions League,H,1,2018-04-11_Real_Madrid_Juventus_904,2017-18,Real Madrid
2018-04-15,Real Madrid,Malaga,La Liga,A,0,,2017-18,Real Madrid
2018-04-18,Real Madrid,Athletic Bilbao,La Liga,H,1,2018-04-18_Real_Madrid_Athletic_Club_905,2017-18,Real Madrid
2018-04-25,Real Madrid,Bayern Munich,Champions League,A,1,2018-04-25_Real_Madrid_Bayern_Munich_906,2017-18,Real Madrid
2018-04-28,Real Madrid,Leganes,La Liga,H,0,,2017-18,Real Madrid
2018-05-01,Real Madrid,Bayern Munich,Champions League,H,1,2018-05-01_Real_Madrid_Bayern_Munich_907,2017-18,Real Madrid
2018-05-06,Real Madrid,Barcelona,La Liga,A,1,2018-05-06_Real_Madrid_Barcelona_908,2017-18,Real Madrid
2018-05-09,Real Madrid,Sevilla,La Liga,A,0,,2017-18,Real Madrid
2018-05-12,Real Madrid,Celta Vigo,La Liga,H,0,,2017-18,Real Madrid
2018-05-19,Real Madrid,Villarreal,La Liga,A,1,2018-05-19_Real_Madrid_Villarreal_909,2017-18,Real Madrid
2018-05-26,Real Madrid,Liverpool,Champions League,H,1,2018-05-26_Real_Madrid_Liverpool_910,2017-18,Real Madrid
2018-05-28,Portugal,Tunisia,International Friendly,H,0,,,Portugal
2018-06-02,Portugal,Belgium,International Friendly,A,0,,,Portugal
2018-06-07,Portugal,Algeria,International Friendly,H,1,2018-06-07_Portugal_Algeria_911,,Portugal
2018-06-15,Portugal,Spain,World Cup,H,1,2018-06-15_Portugal_Spain_912,,Portugal
2018-06-20,Portugal,Morocco,World Cup,H,1,2018-06-20_Portugal_Morocco_913,,Portugal
2018-06-25,Portugal,Iran,World Cup,A,1,2018-06-25_Portugal_Iran_914,,Portugal
2018-06-30,Portugal,Uruguay,World Cup,A,1,2018-06-30_Portugal_Uruguay_915,,Portugal
2018-08-18,Juventus,Chievo,Serie A,A,1,2018-08-18_Juventus_Chievo_916,2018-19,Juventus
2018-08-25,Juventus,Lazio,Serie A,H,1,2018-08-25_Juventus_Lazio_917,2018-19,Juventus
2018-09-01,Juventus,Parma,Serie A,A,1,2018-09-01_Juventus_Parma_918,2018-19,Juventus
2018-09-06,Portugal,Croatia,International Friendly,H,0,,,Portugal
2018-09-10,Portugal,Italy,UEFA Nations League,H,0,,,Portugal
2018-09-16,Juventus,Sassuolo,Serie A,H,1,2018-09-16_Juventus_Sassuolo_919,2018-19,Juventus
2018-09-19,Juventus,Valencia,Champions League,A,1,2018-09-19_Juventus_Valencia_920,2018-19,Juventus
2018-09-23,Juventus,Frosinone,Serie A,A,1,2018-09-23_Juventus_Frosinone_921,2018-19,Juventus
2018-09-26,Juventus,Bologna,Serie A,H,1,2018-09-26_Juventus_Bologna_922,2018-19,Juventus
2018-09-29,Juventus,Napoli,Serie A,H,1,2018-09-29_Juventus_Napoli_923,2018-19,Juventus
2018-10-06,Juventus,Udinese,Serie A,A,1,2018-10-06_Juventus_Udinese_924,2018-19,Juventus
2018-10-11,Portugal,Poland,UEFA Nations League,A,0,,,Portugal
2018-10-14,Portugal,Scotland,International Friendly,A,0,,,Portugal
2018-10-20,Juventus,Genoa,Serie A,H,1,2018-10-20_Juventus_Genoa_925,2018-19,Juventus
2018-10-23,Juventus,Manchester United,Champions League,A,1,2018-10-23_Juventus_Manchester_United_926,2018-19,Juventus
2018-10-27,Juventus,Empoli,Serie A,A,1,2018-10-27_Juventus_Empoli_927,2018-19,Juventus
2018-11-03,Juventus,Cagliari,Serie A,H,1,2018-11-03_Juventus_Cagliari_928,2018-19,Juventus
2018-11-07,Juventus,Manchester United,Champions League,H,1,2018-11-07_Juventus_Manchester_United_929,2018-19,Juventus
2018-11-11,Juventus,AC Milan,Serie A,A,1,2018-11-11_Juventus_AC_Milan_930,2018-19,Juventus
2018-11-17,Portugal,Italy,UEFA Nations League,A,0,,,Portugal
2018-11-20,Portugal,Poland,UEFA Nations League,H,0,,,Portugal
2018-11-24,Juventus,SPAL,Serie A,H,1,2018-11-24_Juventus_Spal_931,2018-19,Juventus
2018-11-27,Juventus,Valencia,Champions League,H,1,2018-11-27_Juventus_Valencia_932,2018-19,Juventus
2018-12-01,Juventus,Fiorentina,Serie A,A,1,2018-12-01_Juventus_Fiorentina_933,2018-19,Juventus
2018-12-07,Juventus,Internazionale,Serie A,H,1,2018-12-07_Juventus_Inter_Milan_934,2018-19,Juventus
2018-12-12,Juventus,Young Boys,Champions League,A,1,2018-12-12_Juventus_BSC_Young_Boys_935,2018-19,Juventus
2018-12-15,Juventus,Torino,Serie A,A,1,2018-12-15_Juventus_Torino_936,2018-19,Juventus
2018-12-22,Juventus,Roma,Serie A,H,1,2018-12-22_Juventus_AS_Roma_937,2018-19,Juventus
2018-12-26,Juventus,Atalanta,Serie A,A,1,2018-12-26_Juventus_Atalanta_938,2018-19,Juventus
2018-12-29,Juventus,Sampdoria,Serie A,H,1,2018-12-29_Juventus_Sampdoria_939,2018-19,Juventus
2019-01-12,Juventus,Bologna,Coppa Italia,A,1,2019-01-12_Juventus_Bologna_940,2018-19,Juventus
2019-01-16,Juventus,AC Milan,Supercoppa Italiana,H,1,2019-01-16_Juventus_AC_Milan_941,2018-19,Juventus
2019-01-21,Juventus,Chievo,Serie A,H,1,2019-01-21_Juventus_Chievo_942,2018-19,Juventus
2019-01-27,Juventus,Lazio,Serie A,A,1,2019-01-27_Juventus_Lazio_943,2018-19,Juventus
2019-01-30,Juventus,Atalanta,Coppa Italia,A,1,2019-01-30_Juventus_Atalanta_944,2018-19,Juventus
2019-02-02,Juventus,Parma,Serie A,H,1,2019-02-02_Juventus_Parma_945,2018-19,Juventus
2019-02-10,Juventus,Sassuolo,Serie A,A,1,2019-02-10_Juventus_Sassuolo_946,2018-19,Juventus
2019-02-15,Juventus,Frosinone,Serie A,H,1,2019-02-15_Juventus_Frosinone_947,2018-19,Juventus
2019-02-20,Juventus,Atletico Madrid,Champions League,A,1,2019-02-20_Juventus_Atletico_Madrid_948,2018-19,Juventus
2019-02-24,Juventus,Bologna,Serie A,A,1,2019-02-24_Juventus_Bologna_949,2018-19,Juventus
2019-03-03,Juventus,Napoli,Serie A,A,1,2019-03-03_Juventus_Napoli_950,2018-19,Juventus
2019-03-08,Juventus,Udinese,Serie A,H,0,,2018-19,Juventus
2019-03-12,Juventus,Atletico Madrid,Champions League,H,1,2019-03-12_Juventus_Atletico_Madrid_951,2018-19,Juventus
2019-03-17,Juventus,Genoa,Serie A,A,0,,2018-19,Juventus
2019-03-22,Portugal,Ukraine,Euros Qualifier,H,1,2019-03-22_Portugal_Ukraine_952,,Portugal
2019-03-25,Portugal,Serbia,Euros Qualifier,H,1,2019-03-25_Portugal_Serbia_953,,Portugal
2019-03-30,Juventus,Empoli,Serie A,H,0,,2018-19,Juventus
2019-04-02,Juventus,Cagliari,Serie A,A,0,,2018-19,Juventus
2019-04-06,Juventus,AC Milan,Serie A,H,0,,2018-19,Juventus
2019-04-10,Juventus,Ajax,Champions League,A,1,2019-04-10_Juventus_Ajax_954,2018-19,Juventus
2019-04-13,Juventus,SPAL,Serie A,A,0,,2018-19,Juventus
2019-04-16,Juventus,Ajax,Champions League,H,1,2019-04-16_Juventus_Ajax_955,2018-19,Juventus
2019-04-20,Juventus,Fiorentina,Serie A,H,1,2019-04-20_Juventus_Fiorentina_956,2018-19,Juventus
2019-04-27,Juventus,Internazionale,Serie A,A,1,2019-04-27_Juventus_Inter_Milan_957,2018-19,Juventus
2019-05-03,Juventus,Torino,Serie A,H,1,2019-05-03_Juventus_Torino_958,2018-19,Juventus
2019-05-12,Juventus,Roma,Serie A,A,1,2019-05-12_Juventus_AS_Roma_959,2018-19,Juventus
2019-05-19,Juventus,Atalanta,Serie A,H,1,2019-05-19_Juventus_Atalanta_960,2018-19,Juventus
2019-05-26,Juventus,Sampdoria,Serie A,A,0,,2018-19,Juventus
2019-06-05,Portugal,Switzerland,UEFA Nations League,H,1,2019-06-05_Portugal_Switzerland_961,,Portugal
2019-06-09,Portugal,Netherlands,UEFA Nations League,H,1,2019-06-09_Portugal_Netherlands_962,,Portugal
2019-08-24,Juventus,Parma,Serie A,A,1,2019-08-24_Juventus_Parma_963,2019-20,Juventus
2019-08-31,Juventus,Napoli,Serie A,H,1,2019-08-31_Juventus_Napoli_964,2019-20,Juventus
2019-09-07,Portugal,Serbia,Euros Qualifier,A,1,2019-09-07_Portugal_Serbia_965,,Portugal
2019-09-10,Portugal,Lithuania,Euros Qualifier,A,1,2019-09-10_Portugal_Lithuania_966,,Portugal
2019-09-14,Juventus,Fiorentina,Serie A,A,1,2019-09-14_Juventus_Fiorentina_967,2019-20,Juventus
2019-09-18,Juventus,Atletico Madrid,Champions League,A,1,2019-09-18_Juventus_Atletico_Madrid_968,2019-20,Juventus
2019-09-21,Juventus,Hellas Verona,Serie A,H,1,2019-09-21_Juventus_Verona_969,2019-20,Juventus
2019-09-24,Juventus,Brescia,Serie A,A,0,,2019-20,Juventus
2019-09-28,Juventus,SPAL,Serie A,H,1,2019-09-28_Juventus_Spal_970,2019-20,Juventus
2019-10-01,Juventus,Bayer Leverkusen,Champions League,H,1,2019-10-01_Juventus_Bayer_Leverkusen_971,2019-20,Juventus
2019-10-06,Juventus,Internazionale,Serie A,A,1,2019-10-06_Juventus_Inter_Milan_972,2019-20,Juventus
2019-10-11,Portugal,Luxembourg,Euros Qualifier,H,1,2019-10-11_Portugal_Luxembourg_973,,Portugal
2019-10-14,Portugal,Ukraine,Euros Qualifier,A,1,2019-10-14_Portugal_Ukraine_974,,Portugal
2019-10-19,Juventus,Bologna,Serie A,H,1,2019-10-19_Juventus_Bologna_975,2019-20,Juventus
2019-10-22,Juventus,Lokomotiv Moscow,Champions League,H,1,2019-10-22_Juventus_Lokomotiv_Moscow_976,2019-20,Juventus
2019-10-26,Juventus,Lecce,Serie A,A,0,,2019-20,Juventus
2019-10-30,Juventus,Genoa,Serie A,H,1,2019-10-30_Juventus_Genoa_977,2019-20,Juventus
2019-11-02,Juventus,Torino,Serie A,A,1,2019-11-02_Juventus_Torino_978,2019-20,Juventus
2019-11-06,Juventus,Lokomotiv Moscow,Champions League,A,1,2019-11-06_Juventus_Lokomotiv_Moscow_979,2019-20,Juventus
2019-11-10,Juventus,AC Milan,Serie A,H,1,2019-11-10_Juventus_AC_Milan_980,2019-20,Juventus
2019-11-14,Portugal,Lithuania,Euros Qualifier,H,1,2019-11-14_Portugal_Lithuania_981,,Portugal
2019-11-17,Portugal,Luxembourg,Euros Qualifier,A,1,2019-11-17_Portugal_Luxembourg_982,,Portugal
2019-11-23,Juventus,Atalanta,Serie A,A,0,,2019-20,Juventus
2019-11-26,Juventus,Atletico Madrid,Champions League,H,1,2019-11-26_Juventus_Atletico_Madrid_983,2019-20,Juventus
2019-12-01,Juventus,Sassuolo,Serie A,H,1,2019-12-01_Juventus_Sassuolo_984,2019-20,Juventus
2019-12-07,Juventus,Lazio,Serie A,A,1,2019-12-07_Juventus_Lazio_985,2019-20,Juventus
2019-12-11,Juventus,Bayer Leverkusen,Champions League,A,1,2019-12-11_Juventus_Bayer_Leverkusen_986,2019-20,Juventus
2019-12-15,Juventus,Udinese,Serie A,H,1,2019-12-15_Juventus_Udinese_987,2019-20,Juventus
2019-12-18,Juventus,Sampdoria,Serie A,A,1,2019-12-18_Juventus_Sampdoria_988,2019-20,Juventus
2019-12-22,Juventus,Lazio,Supercoppa Italiana,H,1,2019-12-22_Juventus_Lazio_989,2019-20,Juventus
2020-01-06,Juventus,Cagliari,Serie A,H,1,2020-01-06_Juventus_Cagliari_990,2019-20,Juventus
2020-01-12,Juventus,Roma,Serie A,A,1,2020-01-12_Juventus_AS_Roma_991,2019-20,Juventus
2020-01-15,Juventus,Udinese,Coppa Italia,H,0,,2019-20,Juventus
2020-01-19,Juventus,Parma,Serie A,H,1,2020-01-19_Juventus_Parma_992,2019-20,Juventus
2020-01-22,Juventus,Roma,Coppa Italia,H,1,2020-01-22_Juventus_AS_Roma_993,2019-20,Juventus
2020-01-26,Juventus,Napoli,Serie A,A,1,2020-01-26_Juventus_Napoli_994,2019-20,Juventus
2020-02-02,Juventus,Fiorentina,Serie A,H,1,2020-02-02_Juventus_Fiorentina_995,2019-20,Juventus
2020-02-08,Juventus,Hellas Verona,Serie A,A,1,2020-02-08_Juventus_Verona_996,2019-20,Juventus
2020-02-13,Juventus,AC Milan,Coppa Italia,A,1,2020-02-13_Juventus_AC_Milan_997,2019-20,Juventus
2020-02-16,Juventus,Brescia,Serie A,H,0,,2019-20,Juventus
2020-02-22,Juventus,SPAL,Serie A,A,1,2020-02-22_Juventus_Spal_998,2019-20,Juventus
2020-02-26,Juventus,Lyon,Champions League,A,1,2020-02-26_Juventus_Lyon_999,2019-20,Juventus
2020-03-08,Juventus,Internazionale,Serie A,H,1,2020-03-08_Juventus_Inter_Milan_1000,2019-20,Juventus
2020-06-12,Juventus,AC Milan,Coppa Italia,H,1,2020-06-12_Juventus_AC_Milan_1001,2019-20,Juventus
2020-06-17,Juventus,Napoli,Coppa Italia,A,1,2020-06-17_Juventus_Napoli_1002,2019-20,Juventus
2020-06-22,Juventus,Bologna,Serie A,A,1,2020-06-22_Juventus_Bologna_1003,2019-20,Juventus
2020-06-26,Juventus,Lecce,Serie A,H,1,2020-06-26_Juventus_Lecce_1004,2019-20,Juventus
2020-06-30,Juventus,Genoa,Serie A,A,1,2020-06-30_Juventus_Genoa_1005,2019-20,Juventus
2020-07-04,Juventus,Torino,Serie A,H,1,2020-07-04_Juventus_Torino_1006,2019-20,Juventus
2020-07-07,Juventus,AC Milan,Serie A,A,1,2020-07-07_Juventus_AC_Milan_1007,2019-20,Juventus
2020-07-11,Juventus,Atalanta,Serie A,H,1,2020-07-11_Juventus_Atalanta_1008,2019-20,Juventus
2020-07-15,Juventus,Sassuolo,Serie A,A,1,2020-07-15_Juventus_Sassuolo_1009,2019-20,Juventus
2020-07-20,Juventus,Lazio,Serie A,H,1,2020-07-20_Juventus_Lazio_1010,2019-20,Juventus
2020-07-23,Juventus,Udinese,Serie A,A,1,2020-07-23_Juventus_Udinese_1011,2019-20,Juventus
2020-07-26,Juventus,Sampdoria,Serie A,H,1,2020-07-26_Juventus_Sampdoria_1012,2019-20,Juventus
2020-07-29,Juventus,Cagliari,Serie A,A,1,2020-07-29_Juventus_Cagliari_1013,2019-20,Juventus
2020-08-01,Juventus,Roma,Serie A,H,0,,2019-20,Juventus
2020-08-07,Juventus,Lyon,Champions League,H,1,2020-08-07_Juventus_Lyon_1014,2019-20,Juventus
2020-09-05,Portugal,Croatia,UEFA Nations League,H,0,,,Portugal
2020-09-08,Portugal,Sweden,UEFA Nations League,A,1,2020-09-08_Portugal_Sweden_1015,,Portugal
2020-09-20,Juventus,Sampdoria,Serie A,H,1,2020-09-20_Juventus_Sampdoria_1016,2020-21,Juventus
2020-09-27,Juventus,Roma,Serie A,A,1,2020-09-27_Juventus_AS_Roma_1017,2020-21,Juventus
2020-10-07,Portugal,Spain,International Friendly,H,1,2020-10-07_Portugal_Spain_1018,,Portugal
2020-10-11,Portugal,France,UEFA Nations League,A,1,2020-10-11_Portugal_France_1019,,Portugal
2020-10-14,Portugal,Sweden,UEFA Nations League,H,0,,,Portugal
2020-10-17,Juventus,Crotone,Serie A,A,0,,2020-21,Juventus
2020-10-20,Juventus,Dynamo Kyiv,Champions League,A,0,,2020-21,Juventus
2020-10-25,Juventus,Hellas Verona,Serie A,H,0,,2020-21,Juventus
2020-10-28,Juventus,Barcelona,Champions League,H,0,,2020-21,Juventus
2020-11-01,Juventus,Spezia,Serie A,A,1,2020-11-01_Juventus_Spezia_1020,2020-21,Juventus
2020-11-04,Juventus,Ferencvaros,Champions League,A,1,2020-11-04_Juventus_Ferencvarosi_TC_1021,2020-21,Juventus
2020-11-08,Juventus,Lazio,Serie A,A,1,2020-11-08_Juventus_Lazio_1022,2020-21,Juventus
2020-11-11,Portugal,Andorra,International Friendly,H,1,2020-11-11_Portugal_Andorra_1023,,Portugal
2020-11-14,Portugal,France,UEFA Nations League,H,1,2020-11-14_Portugal_France_1024,,Portugal
2020-11-17,Portugal,Croatia,UEFA Nations League,A,1,2020-11-17_Portugal_Croatia_1025,,Portugal
2020-11-21,Juventus,Cagliari,Serie A,H,1,2020-11-21_Juventus_Cagliari_1026,2020-21,Juventus
2020-11-24,Juventus,Ferencvaros,Champions League,H,1,2020-11-24_Juventus_Ferencvarosi_TC_1027,2020-21,Juventus
2020-11-28,Juventus,Benevento,Serie A,A,0,,2020-21,Juventus
2020-12-02,Juventus,Dynamo Kyiv,Champions League,H,1,2020-12-02_Juventus_Dynamo_Kyiv_1028,2020-21,Juventus
2020-12-05,Juventus,Torino,Serie A,H,1,2020-12-05_Juventus_Torino_1029,2020-21,Juventus
2020-12-08,Juventus,Barcelona,Champions League,A,1,2020-12-08_Juventus_Barcelona_1030,2020-21,Juventus
2020-12-13,Juventus,Genoa,Serie A,A,1,2020-12-13_Juventus_Genoa_1031,2020-21,Juventus
2020-12-16,Juventus,Atalanta,Serie A,H,1,2020-12-16_Juventus_Atalanta_1032,2020-21,Juventus
2020-12-19,Juventus,Parma,Serie A,A,1,2020-12-19_Juventus_Parma_1033,2020-21,Juventus
2020-12-22,Juventus,Fiorentina,Serie A,H,1,2020-12-22_Juventus_Fiorentina_1034,2020-21,Juventus
2021-01-03,Juventus,Udinese,Serie A,H,1,2021-01-03_Juventus_Udinese_1035,2020-21,Juventus
2021-01-06,Juventus,AC Milan,Serie A,A,1,2021-01-06_Juventus_AC_Milan_1036,2020-21,Juventus
2021-01-10,Juventus,Sassuolo,Serie A,H,1,2021-01-10_Juventus_Sassuolo_1037,2020-21,Juventus
2021-01-13,Juventus,Genoa,Coppa Italia,H,1,2021-01-13_Juventus_Genoa_1038,2020-21,Juventus
2021-01-17,Juventus,Internazionale,Serie A,A,1,2021-01-17_Juventus_Inter_Milan_1039,2020-21,Juventus
2021-01-20,Juventus,Napoli,Supercoppa Italiana,H,1,2021-01-20_Juventus_Napoli_1040,2020-21,Juventus
2021-01-24,Juventus,Bologna,Serie A,H,1,2021-01-24_Juventus_Bologna_1041,2020-21,Juventus
2021-01-27,Juventus,SPAL,Coppa Italia,H,0,,2020-21,Juventus
2021-01-30,Juventus,Sampdoria,Serie A,A,1,2021-01-30_Juventus_Sampdoria_1042,2020-21,Juventus
2021-02-02,Juventus,Internazionale,Coppa Italia,A,1,2021-02-02_Juventus_Inter_Milan_1043,2020-21,Juventus
2021-02-06,Juventus,Roma,Serie A,H,1,2021-02-06_Juventus_AS_Roma_1044,2020-21,Juventus
2021-02-09,Juventus,Internazionale,Coppa Italia,H,1,2021-02-09_Juventus_Inter_Milan_1045,2020-21,Juventus
2021-02-13,Juventus,Napoli,Serie A,A,1,2021-02-13_Juventus_Napoli_1046,2020-21,Juventus
2021-02-17,Juventus,Porto,Champions League,A,1,2021-02-17_Juventus_FC_Porto_1047,2020-21,Juventus
2021-02-22,Juventus,Crotone,Serie A,H,1,2021-02-22_Juventus_Crotone_1048,2020-21,Juventus
2021-02-27,Juventus,Hellas Verona,Serie A,A,1,2021-02-27_Juventus_Verona_1049,2020-21,Juventus
2021-03-02,Juventus,Spezia,Serie A,H,1,2021-03-02_Juventus_Spezia_1050,2020-21,Juventus
2021-03-06,Juventus,Lazio,Serie A,H,1,2021-03-06_Juventus_Lazio_1051,2020-21,Juventus
2021-03-09,Juventus,Porto,Champions League,H,1,2021-03-09_Juventus_FC_Porto_1052,2020-21,Juventus
2021-03-14,Juventus,Cagliari,Serie A,A,1,2021-03-14_Juventus_Cagliari_1053,2020-21,Juventus
2021-03-21,Juventus,Benevento,Serie A,H,1,2021-03-21_Juventus_Benevento_1054,2020-21,Juventus
2021-03-24,Portugal,Azerbaijan,World Cup - Qualification Europe,H,1,2021-03-24_Portugal_Azerbaijan_1055,,Portugal
2021-03-27,Portugal,Serbia,World Cup - Qualification Europe,A,1,2021-03-27_Portugal_Serbia_1056,,Portugal
2021-03-30,Portugal,Luxembourg,World Cup - Qualification Europe,A,1,2021-03-30_Portugal_Luxembourg_1057,,Portugal
2021-04-03,Juventus,Torino,Serie A,A,1,2021-04-03_Juventus_Torino_1058,2020-21,Juventus
2021-04-07,Juventus,Napoli,Serie A,H,1,2021-04-07_Juventus_Napoli_1059,2020-21,Juventus
2021-04-11,Juventus,Genoa,Serie A,H,1,2021-04-11_Juventus_Genoa_1060,2020-21,Juventus
2021-04-18,Juventus,Atalanta,Serie A,A,0,,2020-21,Juventus
2021-04-21,Juventus,Parma,Serie A,H,1,2021-04-21_Juventus_Parma_1061,2020-21,Juventus
2021-04-25,Juventus,Fiorentina,Serie A,A,1,2021-04-25_Juventus_Fiorentina_1062,2020-21,Juventus
2021-05-02,Juventus,Udinese,Serie A,A,1,2021-05-02_Juventus_Udinese_1063,2020-21,Juventus
2021-05-09,Juventus,AC Milan,Serie A,H,1,2021-05-09_Juventus_AC_Milan_1064,2020-21,Juventus
2021-05-12,Juventus,Sassuolo,Serie A,A,1,2021-05-12_Juventus_Sassuolo_1065,2020-21,Juventus
2021-05-15,Juventus,Internazionale,Serie A,H,1,2021-05-15_Juventus_Inter_Milan_1066,2020-21,Juventus
2021-05-19,Juventus,Atalanta,Coppa Italia,A,1,2021-05-19_Juventus_Atalanta_1067,2020-21,Juventus
2021-05-23,Juventus,Bologna,Serie A,A,0,,2020-21,Juventus
2021-06-04,Portugal,Spain,International Friendly,A,1,2021-06-04_Portugal_Spain_1068,,Portugal
2021-06-09,Portugal,Israel,International Friendly,H,1,2021-06-09_Portugal_Israel_1069,,Portugal
2021-06-15,Portugal,Hungary,Euro Championship,A,1,2021-06-15_Portugal_Hungary_1070,,Portugal
2021-06-19,Portugal,Germany,Euro Championship,H,1,2021-06-19_Portugal_Germany_1071,,Portugal
2021-06-23,Portugal,France,Euro Championship,H,1,2021-06-23_Portugal_France_1072,,Portugal
2021-06-27,Portugal,Belgium,Euro Championship,A,1,2021-06-27_Portugal_Belgium_1073,,Portugal
2021-08-22,Juventus,Udinese,Serie A,A,1,2021-08-22_Juventus_Udinese_1074,2021-22,Juventus
2021-09-01,Portugal,Republic of Ireland,World Cup - Qualification Europe,H,1,2021-09-01_Portugal_Republic_of_Ireland_1075,,Portugal
2021-09-04,Portugal,Qatar,International Friendly,A,0,,,Portugal
2021-09-11,Manchester United,Newcastle United,Premier League,H,1,2021-09-11_Manchester_United_Newcastle_United_1076,2021-22,Manchester United II
2021-09-14,Manchester United,Young Boys,Champions League,A,1,2021-09-14_Manchester_United_BSC_Young_Boys_1077,2021-22,Manchester United II
2021-09-19,Manchester United,West Ham United,Premier League,A,1,2021-09-19_Manchester_United_West_Ham_United_1078,2021-22,Manchester United II
2021-09-22,Manchester United,West Ham United,League Cup,H,0,,2021-22,Manchester United II
2021-09-25,Manchester United,Aston Villa,Premier League,H,1,2021-09-25_Manchester_United_Aston_Villa_1079,2021-22,Manchester United II
2021-09-29,Manchester United,Villarreal,Champions League,H,1,2021-09-29_Manchester_United_Villarreal_1080,2021-22,Manchester United II
2021-10-02,Manchester United,Everton,Premier League,H,1,2021-10-02_Manchester_United_Everton_1081,2021-22,Manchester United II
2021-10-09,Portugal,Qatar,International Friendly,H,1,2021-10-09_Portugal_Qatar_1082,,Portugal
2021-10-12,Portugal,Luxembourg,World Cup - Qualification Europe,H,1,2021-10-12_Portugal_Luxembourg_1083,,Portugal
2021-10-16,Manchester United,Leicester City,Premier League,A,1,2021-10-16_Manchester_United_Leicester_City_1084,2021-22,Manchester United II
2021-10-20,Manchester United,Atalanta,Champions League,H,1,2021-10-20_Manchester_United_Atalanta_1085,2021-22,Manchester United II
2021-10-24,Manchester United,Liverpool,Premier League,H,1,2021-10-24_Manchester_United_Liverpool_1086,2021-22,Manchester United II
2021-10-30,Manchester United,Tottenham Hotspur,Premier League,A,1,2021-10-30_Manchester_United_Tottenham_Hotspur_1087,2021-22,Manchester United II
2021-11-02,Manchester United,Atalanta,Champions League,A,1,2021-11-02_Manchester_United_Atalanta_1088,2021-22,Manchester United II
2021-11-06,Manchester United,Manchester City,Premier League,H,1,2021-11-06_Manchester_United_Manchester_City_1089,2021-22,Manchester United II
2021-11-11,Portugal,Republic of Ireland,World Cup - Qualification Europe,A,1,2021-11-11_Portugal_Republic_of_Ireland_1090,,Portugal
2021-11-14,Portugal,Serbia,World Cup - Qualification Europe,H,1,2021-11-14_Portugal_Serbia_1091,,Portugal
2021-11-20,Manchester United,Watford,Premier League,A,1,2021-11-20_Manchester_United_Watford_1092,2021-22,Manchester United II
2021-11-23,Manchester United,Villarreal,Champions League,A,1,2021-11-23_Manchester_United_Villarreal_1093,2021-22,Manchester United II
2021-11-28,Manchester United,Chelsea,Premier League,A,1,2021-11-28_Manchester_United_Chelsea_1094,2021-22,Manchester United II
2021-12-02,Manchester United,Arsenal,Premier League,H,1,2021-12-02_Manchester_United_Arsenal_1095,2021-22,Manchester United II
2021-12-05,Manchester United,Crystal Palace,Premier League,H,1,2021-12-05_Manchester_United_Crystal_Palace_1096,2021-22,Manchester United II
2021-12-08,Manchester United,Young Boys,Champions League,H,0,,2021-22,Manchester United II
2021-12-11,Manchester United,Norwich City,Premier League,A,1,2021-12-11_Manchester_United_Norwich_City_1097,2021-22,Manchester United II
2021-12-27,Manchester United,Newcastle United,Premier League,A,1,2021-12-27_Manchester_United_Newcastle_United_1098,2021-22,Manchester United II
2021-12-30,Manchester United,Burnley,Premier League,H,1,2021-12-30_Manchester_United_Burnley_1099,2021-22,Manchester United II
2022-01-03,Manchester United,Wolverhampton Wanderers,Premier League,H,1,2022-01-03_Manchester_United_Wolverhampton_Wanderers_1100,2021-22,Manchester United II
2022-01-10,Manchester United,Aston Villa,FA Cup,H,0,,2021-22,Manchester United II
2022-01-15,Manchester United,Aston Villa,Premier League,A,0,,2021-22,Manchester United II
2022-01-19,Manchester United,Brentford,Premier League,A,1,2022-01-19_Manchester_United_Brentford_1101,2021-22,Manchester United II
2022-01-22,Manchester United,West Ham United,Premier League,H,1,2022-01-22_Manchester_United_West_Ham_United_1102,2021-22,Manchester United II
2022-02-04,Manchester United,Middlesbrough,FA Cup,H,1,2022-02-04_Manchester_United_Middlesbrough_1103,2021-22,Manchester United II
2022-02-08,Manchester United,Burnley,Premier League,A,1,2022-02-08_Manchester_United_Burnley_1104,2021-22,Manchester United II
2022-02-12,Manchester United,Southampton,Premier League,H,1,2022-02-12_Manchester_United_Southampton_1105,2021-22,Manchester United II
2022-02-15,Manchester United,Brighton & Hove Albion,Premier League,H,1,2022-02-15_Manchester_United_Brighton_1106,2021-22,Manchester United II
2022-02-20,Manchester United,Leeds United,Premier League,A,1,2022-02-20_Manchester_United_Leeds_United_1107,2021-22,Manchester United II
2022-02-23,Manchester United,Atletico Madrid,Champions League,A,1,2022-02-23_Manchester_United_Atletico_Madrid_1108,2021-22,Manchester United II
2022-02-26,Manchester United,Watford,Premier League,H,1,2022-02-26_Manchester_United_Watford_1109,2021-22,Manchester United II
2022-03-06,Manchester United,Manchester City,Premier League,A,0,,2021-22,Manchester United II
2022-03-12,Manchester United,Tottenham Hotspur,Premier League,H,1,2022-03-12_Manchester_United_Tottenham_Hotspur_1110,2021-22,Manchester United II
2022-03-15,Manchester United,Atletico Madrid,Champions League,H,1,2022-03-15_Manchester_United_Atletico_Madrid_1111,2021-22,Manchester United II
2022-03-24,Portugal,Türkiye,World Cup - Qualification Europe,H,1,2022-03-24_Portugal_Türkiye_1112,,Portugal
2022-03-29,Portugal,North Macedonia,World Cup - Qualification Europe,H,1,2022-03-29_Portugal_North_Macedonia_1113,,Portugal
2022-04-02,Manchester United,Leicester City,Premier League,H,0,,2021-22,Manchester United II
2022-04-09,Manchester United,Everton,Premier League,A,1,2022-04-09_Manchester_United_Everton_1114,2021-22,Manchester United II
2022-04-16,Manchester United,Norwich City,Premier League,H,1,2022-04-16_Manchester_United_Norwich_City_1115,2021-22,Manchester United II
2022-04-19,Manchester United,Liverpool,Premier League,A,0,,2021-22,Manchester United II
2022-04-23,Manchester United,Arsenal,Premier League,A,1,2022-04-23_Manchester_United_Arsenal_1116,2021-22,Manchester United II
2022-04-28,Manchester United,Chelsea,Premier League,H,1,2022-04-28_Manchester_United_Chelsea_1117,2021-22,Manchester United II
2022-05-02,Manchester United,Brentford,Premier League,H,1,2022-05-02_Manchester_United_Brentford_1118,2021-22,Manchester United II
2022-05-07,Manchester United,Brighton & Hove Albion,Premier League,A,1,2022-05-07_Manchester_United_Brighton_1119,2021-22,Manchester United II
2022-05-22,Manchester United,Crystal Palace,Premier League,A,0,,2021-22,Manchester United II
2022-06-02,Portugal,Spain,UEFA Nations League,A,1,2022-06-02_Portugal_Spain_1120,,Portugal
2022-06-05,Portugal,Switzerland,UEFA Nations League,H,1,2022-06-05_Portugal_Switzerland_1121,,Portugal
2022-06-09,Portugal,Czech Republic,UEFA Nations League,H,1,2022-06-09_Portugal_Czech_Republic_1122,,Portugal
2022-06-12,Portugal,Switzerland,UEFA Nations League,A,0,,,Portugal
2022-08-07,Manchester United,Brighton & Hove Albion,Premier League,H,1,2022-08-07_Manchester_United_Brighton_1123,2022-23,Manchester United II
2022-08-13,Manchester United,Brentford,Premier League,A,1,2022-08-13_Manchester_United_Brentford_1124,2022-23,Manchester United II
2022-08-22,Manchester United,Liverpool,Premier League,H,1,2022-08-22_Manchester_United_Liverpool_1125,2022-23,Manchester United II
2022-08-27,Manchester United,Southampton,Premier League,A,1,2022-08-27_Manchester_United_Southampton_1126,2022-23,Manchester United II
2022-09-01,Manchester United,Leicester City,Premier League,A,1,2022-09-01_Manchester_United_Leicester_City_1127,2022-23,Manchester United II
2022-09-04,Manchester United,Arsenal,Premier League,H,1,2022-09-04_Manchester_United_Arsenal_1128,2022-23,Manchester United II
2022-09-08,Manchester United,Real Sociedad,Europa League,H,1,2022-09-08_Manchester_United_Real_Sociedad_1129,2022-23,Manchester United II
2022-09-15,Manchester United,Sheriff Tiraspol,Europa League,A,1,2022-09-15_Manchester_United_Sheriff_Tiraspol_1130,2022-23,Manchester United II
2022-09-24,Portugal,Czech Republic,UEFA Nations League,A,1,2022-09-24_Portugal_Czech_Republic_1131,,Portugal
2022-09-27,Portugal,Spain,UEFA Nations League,H,1,2022-09-27_Portugal_Spain_1132,,Portugal
2022-10-02,Manchester United,Manchester City,Premier League,A,0,,2022-23,Manchester United II
2022-10-06,Manchester United,Omonia,Europa League,A,1,2022-10-06_Manchester_United_Omonia_Nicosia_1133,2022-23,Manchester United II
2022-10-09,Manchester United,Everton,Premier League,A,1,2022-10-09_Manchester_United_Everton_1134,2022-23,Manchester United II
2022-10-13,Manchester United,Omonia,Europa League,H,1,2022-10-13_Manchester_United_Omonia_Nicosia_1135,2022-23,Manchester United II
2022-10-16,Manchester United,Newcastle United,Premier League,H,1,2022-10-16_Manchester_United_Newcastle_United_1136,2022-23,Manchester United II
2022-10-19,Manchester United,Tottenham Hotspur,Premier League,H,0,,2022-23,Manchester United II
2022-10-22,Manchester United,Chelsea,Premier League,A,0,,2022-23,Manchester United II
2022-10-27,Manchester United,Sheriff Tiraspol,Europa League,H,1,2022-10-27_Manchester_United_Sheriff_Tiraspol_1137,2022-23,Manchester United II
2022-10-30,Manchester United,West Ham United,Premier League,H,1,2022-10-30_Manchester_United_West_Ham_United_1138,2022-23,Manchester United II
2022-11-03,Manchester United,Real Sociedad,Europa League,A,1,2022-11-03_Manchester_United_Real_Sociedad_1139,2022-23,Manchester United II
2022-11-06,Manchester United,Aston Villa,Premier League,A,1,2022-11-06_Manchester_United_Aston_Villa_1140,2022-23,Manchester United II
2022-11-10,Manchester United,Aston Villa,League Cup,H,0,,2022-23,Manchester United II
2022-11-13,Manchester United,Fulham,Premier League,A,0,,2022-23,Manchester United II
2022-11-17,Portugal,Nigeria,International Friendly,H,0,,,Portugal
2022-11-24,Portugal,Ghana,World Cup,H,1,2022-11-24_Portugal_Ghana_1141,,Portugal
2022-11-28,Portugal,Uruguay,World Cup,H,1,2022-11-28_Portugal_Uruguay_1142,,Portugal
2022-12-02,Portugal,South Korea,World Cup,A,1,2022-12-02_Portugal_South_Korea_1143,,Portugal
2022-12-06,Portugal,Switzerland,World Cup,H,1,2022-12-06_Portugal_Switzerland_1144,,Portugal
2022-12-10,Portugal,Morocco,World Cup,A,1,2022-12-10_Portugal_Morocco_1145,,Portugal
2023-01-22,Al-Nassr,Al-Ettifaq,Pro League,H,1,2023-01-22_Al-Nassr_Al-Ettifaq_1146,2022-23,Al-Nassr
2023-01-26,Al-Nassr,Al-Ittihad,Saudi Super Cup,A,1,2023-01-26_Al-Nassr_Al-Ittihad_FC_1147,2022-23,Al-Nassr
2023-02-03,Al-Nassr,Al-Fateh,Pro League,A,1,2023-02-03_Al-Nassr_Al-Fateh_1148,2022-23,Al-Nassr
2023-02-09,Al-Nassr,Al-Wehda,Pro League,A,1,2023-02-09_Al-Nassr_Al_Wehda_Club_1149,2022-23,Al-Nassr
2023-02-17,Al-Nassr,Al-Taawoun,Pro League,H,1,2023-02-17_Al-Nassr_Al_Taawon_1150,2022-23,Al-Nassr
2023-02-25,Al-Nassr,Damac FC,Pro League,A,1,2023-02-25_Al-Nassr_Dhamk_1151,2022-23,Al-Nassr
2023-03-03,Al-Nassr,Al-Batin,Pro League,H,1,2023-03-03_Al-Nassr_Al_Baten_1152,2022-23,Al-Nassr
2023-03-09,Al-Nassr,Al-Ittihad,Pro League,A,1,2023-03-09_Al-Nassr_Al-Ittihad_FC_1153,2022-23,Al-Nassr
2023-03-14,Al-Nassr,Abha,King Cup,H,1,2023-03-14_Al-Nassr_Abha_1154,2022-23,Al-Nassr
2023-03-18,Al-Nassr,Abha,Pro League,H,1,2023-03-18_Al-Nassr_Abha_1155,2022-23,Al-Nassr
2023-03-23,Portugal,Liechtenstein,Euros Qualifier,H,1,2023-03-23_Portugal_Liechtenstein_1156,,Portugal
2023-03-26,Portugal,Luxembourg,Euros Qualifier,A,1,2023-03-26_Portugal_Luxembourg_1157,,Portugal
2023-04-04,Al-Nassr,Al-Adalah,Pro League,A,1,2023-04-04_Al-Nassr_Al-Adalah_1158,2022-23,Al-Nassr
2023-04-09,Al-Nassr,Al-Fayha,Pro League,A,1,2023-04-09_Al-Nassr_Al-Fayha_1159,2022-23,Al-Nassr
2023-04-18,Al-Nassr,Al-Hilal,Pro League,A,1,2023-04-18_Al-Nassr_Al-Hilal_1160,2022-23,Al-Nassr
2023-04-24,Al-Nassr,Al-Wehda,King Cup,H,1,2023-04-24_Al-Nassr_Al_Wehda_Club_1161,2022-23,Al-Nassr
2023-04-28,Al-Nassr,Al-Raed,Pro League,H,1,2023-04-28_Al-Nassr_Al-Raed_1162,2022-23,Al-Nassr
2023-05-08,Al-Nassr,Al-Khaleej,Pro League,H,1,2023-05-08_Al-Nassr_Al_Khaleej_Saihat_1163,2022-23,Al-Nassr
2023-05-16,Al-Nassr,Al-Tai,Pro League,A,1,2023-05-16_Al-Nassr_Al_Taee_1164,2022-23,Al-Nassr
2023-05-23,Al-Nassr,Al-Shabab,Pro League,H,1,2023-05-23_Al-Nassr_Al_Shabab_1165,2022-23,Al-Nassr
2023-05-27,Al-Nassr,Al-Ettifaq,Pro League,A,1,2023-05-27_Al-Nassr_Al-Ettifaq_1166,2022-23,Al-Nassr
2023-05-31,Al-Nassr,Al-Fateh,Pro League,H,0,,2022-23,Al-Nassr
2023-06-17,Portugal,Bosnia & Herzegovina,Euros Qualifier,H,1,2023-06-17_Portugal_Bosnia_&_Herzegovina_1167,,Portugal
2023-06-20,Portugal,Iceland,Euros Qualifier,A,1,2023-06-20_Portugal_Iceland_1168,,Portugal
2023-07-28,Al-Nassr,Al-Shabab,Arab Club Champions Cup,H,1,2023-07-28_Al-Nassr_Al_Shabab_1169,2023-24,Al-Nassr
2023-07-31,Al-Nassr,Union Monastirienne,Arab Club Champions Cup,A,1,2023-07-31_Al-Nassr_US_Monastirienne_1170,2023-24,Al-Nassr
2023-08-03,Al-Nassr,Zamalek,Arab Club Champions Cup,A,1,2023-08-03_Al-Nassr_Zamalek_SC_1171,2023-24,Al-Nassr
2023-08-06,Al-Nassr,Raja CA,Arab Club Champions Cup,A,1,2023-08-06_Al-Nassr_Raja_Casablanca_1172,2023-24,Al-Nassr
2023-08-09,Al-Nassr,Al-Shorta,Arab Club Champions Cup,A,1,2023-08-09_Al-Nassr_Al_Shorta_1173,2023-24,Al-Nassr
2023-08-12,Al-Nassr,Al-Hilal,Arab Club Champions Cup,A,1,2023-08-12_Al-Nassr_Al-Hilal_1174,2023-24,Al-Nassr
2023-08-14,Al-Nassr,Al-Ettifaq,Pro League,A,0,,2023-24,Al-Nassr
2023-08-18,Al-Nassr,Al-Taawoun,Pro League,H,1,2023-08-18_Al-Nassr_Al_Taawon_1175,2023-24,Al-Nassr
2023-08-22,Al-Nassr,Shabab Al-Ahli,AFC Champions League,H,1,2023-08-22_Al-Nassr_Shabab_Al_Ahli_Dubai_1176,2023-24,Al-Nassr
2023-08-25,Al-Nassr,Al-Fateh,Pro League,A,1,2023-08-25_Al-Nassr_Al-Fateh_1177,2023-24,Al-Nassr
2023-08-29,Al-Nassr,Al-Shabab,Pro League,H,1,2023-08-29_Al-Nassr_Al_Shabab_1178,2023-24,Al-Nassr
2023-09-02,Al-Nassr,Al-Hazem,Pro League,A,1,2023-09-02_Al-Nassr_Al-Hazm_1179,2023-24,Al-Nassr
2023-09-08,Portugal,Slovakia,Euros Qualifier,A,1,2023-09-08_Portugal_Slovakia_1180,,Portugal
2023-09-16,Al-Nassr,Al-Raed,Pro League,A,1,2023-09-16_Al-Nassr_Al-Raed_1181,2023-24,Al-Nassr
2023-09-19,Al-Nassr,Persepolis,AFC Champions League,A,1,2023-09-19_Al-Nassr_Persepolis_FC_1182,2023-24,Al-Nassr
2023-09-22,Al-Nassr,Al-Ahli,Pro League,H,1,2023-09-22_Al-Nassr_Al-Ahli_Jeddah_1183,2023-24,Al-Nassr
2023-09-25,Al-Nassr,Ohod,King Cup,A,0,,2023-24,Al-Nassr
2023-09-29,Al-Nassr,Al-Tai,Pro League,A,1,2023-09-29_Al-Nassr_Al_Taee_1184,2023-24,Al-Nassr
2023-10-02,Al-Nassr,Istiklol,AFC Champions League,H,1,2023-10-02_Al-Nassr_Istiqlol_1185,2023-24,Al-Nassr
2023-10-06,Al-Nassr,Abha,Pro League,H,1,2023-10-06_Al-Nassr_Abha_1186,2023-24,Al-Nassr
2023-10-13,Portugal,Slovakia,Euros Qualifier,H,1,2023-10-13_Portugal_Slovakia_1187,,Portugal
2023-10-16,Portugal,Bosnia & Herzegovina,Euros Qualifier,A,1,2023-10-16_Portugal_Bosnia_&_Herzegovina_1188,,Portugal
2023-10-21,Al-Nassr,Damac,Pro League,H,1,2023-10-21_Al-Nassr_Damac_1189,2023-24,Al-Nassr
2023-10-24,Al-Nassr,Al-Duhail,AFC Champions League,H,1,2023-10-24_Al-Nassr_Al-Duhail_SC_1190,2023-24,Al-Nassr
2023-10-28,Al-Nassr,Al-Fayha,Pro League,A,1,2023-10-28_Al-Nassr_Al-Fayha_1191,2023-24,Al-Nassr
2023-10-31,Al-Nassr,Al-Ettifaq,King Cup,H,1,2023-10-31_Al-Nassr_Al-Ettifaq_1192,2023-24,Al-Nassr
2023-11-04,Al-Nassr,Al-Khaleej,Pro League,H,1,2023-11-04_Al-Nassr_Al_Khaleej_Saihat_1193,2023-24,Al-Nassr
2023-11-07,Al-Nassr,Al-Duhail,AFC Champions League,A,0,,2023-24,Al-Nassr
2023-11-11,Al-Nassr,Al-Wehda,Pro League,A,1,2023-11-11_Al-Nassr_Al_Wehda_Club_1194,2023-24,Al-Nassr
2023-11-16,Portugal,Liechtenstein,Euros Qualifier,A,1,2023-11-16_Portugal_Liechtenstein_1195,,Portugal
2023-11-19,Portugal,Iceland,Euros Qualifier,H,1,2023-11-19_Portugal_Iceland_1196,,Portugal
2023-11-24,Al-Nassr,Al-Okhdood,Pro League,H,1,2023-11-24_Al-Nassr_Al_Okhdood_1197,2023-24,Al-Nassr
2023-11-27,Al-Nassr,Persepolis,AFC Champions League,H,1,2023-11-27_Al-Nassr_Persepolis_FC_1198,2023-24,Al-Nassr
2023-12-01,Al-Nassr,Al-Hilal,Pro League,A,1,2023-12-01_Al-Nassr_Al-Hilal_1199,2023-24,Al-Nassr
2023-12-05,Al-Nassr,Istiklol,AFC Champions League,A,0,,2023-24,Al-Nassr
2023-12-08,Al-Nassr,Al-Riyadh,Pro League,H,1,2023-12-08_Al-Nassr_Al_Riyadh_1200,2023-24,Al-Nassr
2023-12-11,Al-Nassr,Al-Shabab,King Cup,A,1,2023-12-11_Al-Nassr_Al_Shabab_1201,2023-24,Al-Nassr
2023-12-22,Al-Nassr,Al-Ettifaq,Pro League,H,1,2023-12-22_Al-Nassr_Al-Ettifaq_1202,2023-24,Al-Nassr
2023-12-26,Al-Nassr,Al-Ittihad,Pro League,A,1,2023-12-26_Al-Nassr_Al-Ittihad_FC_1203,2023-24,Al-Nassr
2023-12-30,Al-Nassr,Al-Taawoun,Pro League,A,1,2023-12-30_Al-Nassr_Al_Taawon_1204,2023-24,Al-Nassr
2024-02-14,Al-Nassr,Al-Fayha,AFC Champions League,A,1,2024-02-14_Al-Nassr_Al-Fayha_1205,2023-24,Al-Nassr
2024-02-17,Al-Nassr,Al-Fateh,Pro League,H,1,2024-02-17_Al-Nassr_Al-Fateh_1206,2023-24,Al-Nassr
2024-02-21,Al-Nassr,Al-Fayha,AFC Champions League,H,1,2024-02-21_Al-Nassr_Al-Fayha_1207,2023-24,Al-Nassr
2024-02-25,Al-Nassr,Al-Shabab,Pro League,A,1,2024-02-25_Al-Nassr_Al_Shabab_1208,2023-24,Al-Nassr
2024-03-04,Al-Nassr,Al-Ain,AFC Champions League,A,1,2024-03-04_Al-Nassr_Al_Ain_1209,2023-24,Al-Nassr
2024-03-07,Al-Nassr,Al-Raed,Pro League,H,1,2024-03-07_Al-Nassr_Al-Raed_1210,2023-24,Al-Nassr
2024-03-11,Al-Nassr,Al-Ain,AFC Champions League,H,1,2024-03-11_Al-Nassr_Al_Ain_1211,2023-24,Al-Nassr
2024-03-15,Al-Nassr,Al-Ahli,Pro League,A,1,2024-03-15_Al-Nassr_Al-Ahli_Jeddah_1212,2023-24,Al-Nassr
2024-03-21,Portugal,Sweden,International Friendly,H,0,,,Portugal
2024-03-26,Portugal,Slovenia,International Friendly,A,1,2024-03-26_Portugal_Slovenia_1213,,Portugal
2024-03-30,Al-Nassr,Al-Tai,Pro League,H,1,2024-03-30_Al-Nassr_Al_Taee_1214,2023-24,Al-Nassr
2024-04-02,Al-Nassr,Abha,Pro League,A,1,2024-04-02_Al-Nassr_Abha_1215,2023-24,Al-Nassr
2024-04-05,Al-Nassr,Damac,Pro League,A,1,2024-04-05_Al-Nassr_Damac_1216,2023-24,Al-Nassr
2024-04-08,Al-Nassr,Al-Hilal,Saudi Super Cup,A,1,2024-04-08_Al-Nassr_Al-Hilal_1217,2023-24,Al-Nassr
2024-04-27,Al-Nassr,Al-Khaleej,Pro League,A,1,2024-04-27_Al-Nassr_Al_Khaleej_Saihat_1218,2023-24,Al-Nassr
2024-05-01,Al-Nassr,Al-Khaleej,King Cup,H,1,2024-05-01_Al-Nassr_Al_Khaleej_Saihat_1219,2023-24,Al-Nassr
2024-05-04,Al-Nassr,Al-Wehda,Pro League,H,1,2024-05-04_Al-Nassr_Al_Wehda_Club_1220,2023-24,Al-Nassr
2024-05-09,Al-Nassr,Al-Okhdood,Pro League,A,1,2024-05-09_Al-Nassr_Al_Okhdood_1221,2023-24,Al-Nassr
2024-05-17,Al-Nassr,Al-Hilal,Pro League,H,1,2024-05-17_Al-Nassr_Al-Hilal_1222,2023-24,Al-Nassr
2024-05-23,Al-Nassr,Al-Riyadh,Pro League,A,1,2024-05-23_Al-Nassr_Al_Riyadh_1223,2023-24,Al-Nassr
2024-05-27,Al-Nassr,Al-Ittihad,Pro League,H,1,2024-05-27_Al-Nassr_Al-Ittihad_FC_1224,2023-24,Al-Nassr
2024-05-31,Al-Nassr,Al-Hilal,King Cup,A,1,2024-05-31_Al-Nassr_Al-Hilal_1225,2023-24,Al-Nassr
2024-06-04,Portugal,Finland,International Friendly,H,0,,,Portugal
2024-06-08,Portugal,Croatia,International Friendly,H,0,,,Portugal
2024-06-11,Portugal,Republic of Ireland,International Friendly,H,1,2024-06-11_Portugal_Republic_of_Ireland_1226,,Portugal
2024-06-18,Portugal,Czech Republic,Euro Championship,H,1,2024-06-18_Portugal_Czech_Republic_1227,,Portugal
2024-06-22,Portugal,Türkiye,Euro Championship,A,1,2024-06-22_Portugal_Türkiye_1228,,Portugal
2024-06-26,Portugal,Georgia,Euro Championship,A,1,2024-06-26_Portugal_Georgia_1229,,Portugal
2024-07-01,Portugal,Slovenia,Euro Championship,H,1,2024-07-01_Portugal_Slovenia_1230,,Portugal
2024-07-05,Portugal,France,Euro Championship,H,1,2024-07-05_Portugal_France_1231,,Portugal
2024-08-14,Al-Nassr,Al-Taawoun,Saudi Super Cup,A,1,2024-08-14_Al-Nassr_Al_Taawon_1232,2024-25,Al-Nassr
2024-08-17,Al-Nassr,Al-Hilal,Saudi Super Cup,A,1,2024-08-17_Al-Nassr_Al-Hilal_1233,2024-25,Al-Nassr
2024-08-22,Al-Nassr,Al-Raed,Pro League,H,1,2024-08-22_Al-Nassr_Al-Raed_1234,2024-25,Al-Nassr
2024-08-27,Al-Nassr,Al-Fayha,Pro League,A,1,2024-08-27_Al-Nassr_Al-Fayha_1235,2024-25,Al-Nassr
2024-09-05,Portugal,Croatia,UEFA Nations League,H,1,2024-09-05_Portugal_Croatia_1236,,Portugal
2024-09-08,Portugal,Scotland,UEFA Nations League,H,1,2024-09-08_Portugal_Scotland_1237,,Portugal
2024-09-13,Al-Nassr,Al-Ahli,Pro League,H,1,2024-09-13_Al-Nassr_Al-Ahli_Jeddah_1238,2024-25,Al-Nassr
2024-09-16,Al-Nassr,Al-Shorta,AFC Champions League Elite,A,0,,2024-25,Al-Nassr
2024-09-20,Al-Nassr,Al-Ettifaq,Pro League,A,1,2024-09-20_Al-Nassr_Al-Ettifaq_1239,2024-25,Al-Nassr
2024-09-23,Al-Nassr,Al-Hazem,King Cup,A,0,,2024-25,Al-Nassr
2024-09-27,Al-Nassr,Al-Wehda,Pro League,H,1,2024-09-27_Al-Nassr_Al_Wehda_Club_1240,2024-25,Al-Nassr
2024-09-30,Al-Nassr,Al-Rayyan,AFC Champions League Elite,H,1,2024-09-30_Al-Nassr_Al-Rayyan_SC_1241,2024-25,Al-Nassr
2024-10-05,Al-Nassr,Al-Orobah,Pro League,H,1,2024-10-05_Al-Nassr_Al_Orubah_1242,2024-25,Al-Nassr
2024-10-12,Portugal,Poland,UEFA Nations League,A,1,2024-10-12_Portugal_Poland_1243,,Portugal
2024-10-15,Portugal,Scotland,UEFA Nations League,A,1,2024-10-15_Portugal_Scotland_1244,,Portugal
2024-10-18,Al-Nassr,Al-Shabab,Pro League,A,1,2024-10-18_Al-Nassr_Al_Shabab_1245,2024-25,Al-Nassr
2024-10-22,Al-Nassr,Esteghlal FC,AFC Champions League Elite,A,1,2024-10-22_Al-Nassr_Esteghlal_FC_1246,2024-25,Al-Nassr
2024-10-25,Al-Nassr,Al-Kholood,Pro League,A,0,,2024-25,Al-Nassr
2024-10-29,Al-Nassr,Al-Taawoun,King Cup,H,1,2024-10-29_Al-Nassr_Al_Taawon_1247,2024-25,Al-Nassr
2024-11-01,Al-Nassr,Al-Hilal,Pro League,H,1,2024-11-01_Al-Nassr_Al-Hilal_1248,2024-25,Al-Nassr
2024-11-05,Al-Nassr,Al-Ain,AFC Champions League Elite,H,1,2024-11-05_Al-Nassr_Al_Ain_1249,2024-25,Al-Nassr
2024-11-08,Al-Nassr,Al-Riyadh,Pro League,A,1,2024-11-08_Al-Nassr_Al_Riyadh_1250,2024-25,Al-Nassr
2024-11-15,Portugal,Poland,UEFA Nations League,H,1,2024-11-15_Portugal_Poland_1251,,Portugal
2024-11-18,Portugal,Croatia,UEFA Nations League,A,0,,,Portugal
2024-11-22,Al-Nassr,Al-Qadsiah,Pro League,H,1,2024-11-22_Al-Nassr_Al-Qadisiyah_FC_1252,2024-25,Al-Nassr
2024-11-25,Al-Nassr,Al-Gharafa,AFC Champions League Elite,A,1,2024-11-25_Al-Nassr_Al-Gharafa_1253,2024-25,Al-Nassr
2024-11-29,Al-Nassr,Damac FC,Pro League,H,1,2024-11-29_Al-Nassr_Damac_1254,2024-25,Al-Nassr
2024-12-02,Al-Nassr,Al-Sadd,AFC Champions League Elite,H,0,,2024-25,Al-Nassr
2024-12-06,Al-Nassr,Al-Ittihad,Pro League,A,1,2024-12-06_Al-Nassr_Al-Ittihad_FC_1255,2024-25,Al-Nassr
2025-01-09,Al-Nassr,Al-Okhdood,Pro League,H,1,2025-01-09_Al-Nassr_Al_Okhdood_1256,2024-25,Al-Nassr
2025-01-17,Al-Nassr,Al-Taawoun,Pro League,A,1,2025-01-17_Al-Nassr_Al_Taawon_1257,2024-25,Al-Nassr
2025-01-21,Al-Nassr,Al-Khaleej,Pro League,A,1,2025-01-21_Al-Nassr_Al_Khaleej_Saihat_1258,2024-25,Al-Nassr
2025-01-26,Al-Nassr,Al-Fateh,Pro League,H,1,2025-01-26_Al-Nassr_Al-Fateh_1259,2024-25,Al-Nassr
2025-01-30,Al-Nassr,Al-Raed,Pro League,A,1,2025-01-30_Al-Nassr_Al-Raed_1260,2024-25,Al-Nassr
2025-02-03,Al-Nassr,Al-Wasl,AFC Champions League Elite,H,1,2025-02-03_Al-Nassr_Al-Wasl_FC_1261,2024-25,Al-Nassr
2025-02-07,Al-Nassr,Al-Fayha,Pro League,H,1,2025-02-07_Al-Nassr_Al-Fayha_1262,2024-25,Al-Nassr
2025-02-13,Al-Nassr,Al-Ahli,Pro League,A,1,2025-02-13_Al-Nassr_Al-Ahli_Jeddah_1263,2024-25,Al-Nassr
2025-02-17,Al-Nassr,Persepolis FC,AFC Champions League Elite,A,0,,2024-25,Al-Nassr
2025-02-21,Al-Nassr,Al-Ettifaq,Pro League,H,1,2025-02-21_Al-Nassr_Al-Ettifaq_1264,2024-25,Al-Nassr
2025-02-25,Al-Nassr,Al-Wehda,Pro League,A,1,2025-02-25_Al-Nassr_Al_Wehda_Club_1265,2024-25,Al-Nassr
2025-02-28,Al-Nassr,Al-Orobah,Pro League,A,1,2025-02-28_Al-Nassr_Al_Orubah_1266,2024-25,Al-Nassr
2025-03-03,Al-Nassr,Esteghlal FC,AFC Champions League Elite,A,0,,2024-25,Al-Nassr
2025-03-07,Al-Nassr,Al-Shabab,Pro League,H,1,2025-03-07_Al-Nassr_Al_Shabab_1267,2024-25,Al-Nassr
2025-03-10,Al-Nassr,Esteghlal FC,AFC Champions League Elite,H,1,2025-03-10_Al-Nassr_Esteghlal_FC_1268,2024-25,Al-Nassr
2025-03-14,Al-Nassr,Al-Kholood,Pro League,H,1,2025-03-14_Al-Nassr_Al_Kholood_1269,2024-25,Al-Nassr
2025-03-20,Portugal,Denmark,UEFA Nations League,A,1,2025-03-20_Portugal_Denmark_1270,,Portugal
2025-03-23,Portugal,Denmark,UEFA Nations League,H,1,2025-03-23_Portugal_Denmark_1271,,Portugal
2025-04-04,Al-Nassr,Al-Hilal,Pro League,A,1,2025-04-04_Al-Nassr_Al-Hilal_1272,2024-25,Al-Nassr
2025-04-12,Al-Nassr,Al-Riyadh,Pro League,H,1,2025-04-12_Al-Nassr_Al_Riyadh_1273,2024-25,Al-Nassr
2025-04-18,Al-Nassr,Al-Qadsiah,Pro League,A,1,2025-04-18_Al-Nassr_Al-Qadisiyah_FC_1274,2024-25,Al-Nassr
2025-04-22,Al-Nassr,Damac FC,Pro League,A,0,,2024-25,Al-Nassr
2025-04-26,Al-Nassr,Yokohama F. M.,AFC Champions League Elite,A,1,2025-04-26_Al-Nassr_Yokohama_F._Marinos_1275,2024-25,Al-Nassr
2025-04-30,Al-Nassr,Kawasaki Front.,AFC Champions League Elite,H,1,2025-04-30_Al-Nassr_Kawasaki_Frontale_1276,2024-25,Al-Nassr
2025-05-07,Al-Nassr,Al-Ittihad,Pro League,H,1,2025-05-07_Al-Nassr_Al-Ittihad_FC_1277,2024-25,Al-Nassr
2025-05-12,Al-Nassr,Al-Okhdood,Pro League,A,0,,2024-25,Al-Nassr
2025-05-16,Al-Nassr,Al-Taawoun,Pro League,H,0,,2024-25,Al-Nassr
2025-05-21,Al-Nassr,Al-Khaleej,Pro League,H,1,2025-05-21_Al-Nassr_Al_Khaleej_Saihat_1278,2024-25,Al-Nassr
2025-05-26,Al-Nassr,Al-Fateh,Pro League,A,1,2025-05-26_Al-Nassr_Al-Fateh_1279,2024-25,Al-Nassr
2025-06-04,Portugal,Germany,UEFA Nations League,A,1,2025-06-04_Portugal_Germany_1280,,Portugal
2025-06-08,Portugal,Spain,UEFA Nations League,H,1,2025-06-08_Portugal_Spain_1281,,Portugal
2025-08-19,Al-Nassr,Al-Ittihad,Saudi Super Cup,A,1,2025-08-19_Al-Nassr_Al-Ittihad_FC_1282,2025-26,Al-Nassr
2025-08-23,Al-Nassr,Al-Ahli,Saudi Super Cup,H,1,2025-08-23_Al-Nassr_Al-Ahli_Jeddah_1283,2025-26,Al-Nassr
2025-08-29,Al-Nassr,Al-Taawoun,Pro League,A,1,2025-08-29_Al-Nassr_Al_Taawon_1284,2025-26,Al-Nassr
2025-09-06,Portugal,Armenia,World Cup - Qualification Europe,A,1,2025-09-06_Portugal_Armenia_1285,,Portugal
2025-09-09,Portugal,Hungary,World Cup - Qualification Europe,A,1,2025-09-09_Portugal_Hungary_1286,,Portugal
2025-09-14,Al-Nassr,Al-Kholood,Pro League,H,1,2025-09-14_Al-Nassr_Al_Kholood_1287,2025-26,Al-Nassr
2025-09-17,Al-Nassr,Istiqlol,AFC Champions League Two,H,0,,2025-26,Al-Nassr
2025-09-20,Al-Nassr,Al-Riyadh,Pro League,H,1,2025-09-20_Al-Nassr_Al_Riyadh_1288,2025-26,Al-Nassr
2025-09-23,Al-Nassr,Jeddah SC,King Cup,A,0,,2025-26,Al-Nassr
2025-09-26,Al-Nassr,Al-Ittihad,Pro League,A,1,2025-09-26_Al-Nassr_Al-Ittihad_FC_1289,2025-26,Al-Nassr
2025-10-01,Al-Nassr,Al-Zawraa SC,AFC Champions League Two,A,0,,2025-26,Al-Nassr
2025-10-11,Portugal,Republic of Ireland,World Cup - Qualification Europe,H,1,2025-10-11_Portugal_Republic_of_Ireland_1290,,Portugal
2025-10-14,Portugal,Hungary,World Cup - Qualification Europe,H,1,2025-10-14_Portugal_Hungary_1291,,Portugal
2025-10-18,Al-Nassr,Al-Fateh,Pro League,H,1,2025-10-18_Al-Nassr_Al-Fateh_1292,2025-26,Al-Nassr
2025-10-22,Al-Nassr,FC Goa,AFC Champions League Two,A,0,,2025-26,Al-Nassr
2025-10-25,Al-Nassr,Al-Hazem,Pro League,A,1,2025-10-25_Al-Nassr_Al-Hazm_1293,2025-26,Al-Nassr
2025-10-28,Al-Nassr,Al-Ittihad,King Cup,H,1,2025-10-28_Al-Nassr_Al-Ittihad_FC_1294,2025-26,Al-Nassr
2025-11-01,Al-Nassr,Al-Fayha,Pro League,H,1,2025-11-01_Al-Nassr_Al-Fayha_1295,2025-26,Al-Nassr
2025-11-05,Al-Nassr,FC Goa,AFC Champions League Two,H,0,,2025-26,Al-Nassr
2025-11-08,Al-Nassr,NEOM SC,Pro League,A,1,2025-11-08_Al-Nassr_NEOM_1296,2025-26,Al-Nassr
2025-11-13,Portugal,Republic of Ireland,World Cup - Qualification Europe,A,1,2025-11-13_Portugal_Republic_of_Ireland_1297,,Portugal
2025-11-23,Al-Nassr,Al-Khaleej,Pro League,H,1,2025-11-23_Al-Nassr_Al_Khaleej_Saihat_1298,2025-26,Al-Nassr
2025-11-26,Al-Nassr,Istiqlol,AFC Champions League Two,A,0,,2025-26,Al-Nassr
2025-12-24,Al-Nassr,Al-Zawraa SC,AFC Champions League Two,H,1,2025-12-24_Al-Nassr_Al_Zawra'a_1299,2025-26,Al-Nassr
2025-12-27,Al-Nassr,Al-Okhdood,Pro League,H,1,2025-12-27_Al-Nassr_Al_Okhdood_1300,2025-26,Al-Nassr
2025-12-30,Al-Nassr,Al-Ettifaq,Pro League,A,1,2025-12-30_Al-Nassr_Al-Ettifaq_1301,2025-26,Al-Nassr
2026-01-02,Al-Nassr,Al-Ahli,Pro League,A,1,2026-01-02_Al-Nassr_Al-Ahli_Jeddah_1302,2025-26,Al-Nassr
2026-01-08,Al-Nassr,Al-Qadsiah,Pro League,H,1,2026-01-08_Al-Nassr_Al-Qadisiyah_FC_1303,2025-26,Al-Nassr
2026-01-12,Al-Nassr,Al-Hilal,Pro League,A,1,2026-01-12_Al-Nassr_Al-Hilal_1304,2025-26,Al-Nassr
2026-01-17,Al-Nassr,Al-Shabab,Pro League,H,1,2026-01-17_Al-Nassr_Al_Shabab_1305,2025-26,Al-Nassr
2026-01-21,Al-Nassr,Damac FC,Pro League,A,1,2026-01-21_Al-Nassr_Damac_1306,2025-26,Al-Nassr
2026-01-26,Al-Nassr,Al-Taawoun,Pro League,H,1,2026-01-26_Al-Nassr_Al_Taawon_1307,2025-26,Al-Nassr
2026-01-30,Al-Nassr,Al-Kholood,Pro League,A,1,2026-01-30_Al-Nassr_Al_Kholood_1308,2025-26,Al-Nassr
2026-02-02,Al-Nassr,Al-Riyadh,Pro League,A,0,,2025-26,Al-Nassr
2026-02-06,Al-Nassr,Al-Ittihad,Pro League,H,0,,2025-26,Al-Nassr
2026-02-11,Al-Nassr,FK Arkadag,AFC Champions League Two,A,0,,2025-26,Al-Nassr
2026-02-14,Al-Nassr,Al-Fateh,Pro League,A,1,2026-02-14_Al-Nassr_Al-Fateh_1309,2025-26,Al-Nassr
2026-02-18,Al-Nassr,FK Arkadag,AFC Champions League Two,H,0,,2025-26,Al-Nassr
2026-02-21,Al-Nassr,Al-Hazem,Pro League,H,1,2026-02-21_Al-Nassr_Al-Hazm_1310,2025-26,Al-Nassr
2026-02-25,Al-Nassr,Al-Najma,Pro League,A,1,2026-02-25_Al-Nassr_Al_Najma_1311,2025-26,Al-Nassr
2026-02-28,Al-Nassr,Al-Fayha,Pro League,A,1,2026-02-28_Al-Nassr_Al-Fayha_1312,2025-26,Al-Nassr
2026-03-07,Al-Nassr,NEOM SC,Pro League,H,0,,2025-26,Al-Nassr
2026-03-14,Al-Nassr,Al-Khaleej,Pro League,A,0,,2025-26,Al-Nassr
2026-03-29,Portugal,Mexico,International Friendly,A,0,,,Portugal
2026-04-01,Portugal,USA,International Friendly,A,0,,,Portugal
2026-04-03,Al-Nassr,Al-Najma,Pro League,H,1,2026-04-03_Al-Nassr_Al_Najma_1313,2025-26,Al-Nassr
2026-04-11,Al-Nassr,Al-Okhdood,Pro League,A,1,2026-04-11_Al-Nassr_Al_Okhdood_1314,2025-26,Al-Nassr
2026-04-15,Al-Nassr,Al-Ettifaq,Pro League,H,1,2026-04-15_Al-Nassr_Al-Ettifaq_1315,2025-26,Al-Nassr
2026-04-19,Al-Nassr,Al-Wasl,AFC Champions League Two,A,1,2026-04-19_Al-Nassr_Al-Wasl_FC_1316,2025-26,Al-Nassr
2026-04-22,Al-Nassr,Al-Ahli SC,AFC Champions League Two,H,1,2026-04-22_Al-Nassr_Al_Ahli_Doha_1317,2025-26,Al-Nassr
2026-04-29,Al-Nassr,Al-Ahli,Pro League,H,1,2026-04-29_Al-Nassr_Al-Ahli_Jeddah_1318,2025-26,Al-Nassr
2026-05-03,Al-Nassr,Al-Qadsiah,Pro League,A,1,2026-05-03_Al-Nassr_Al-Qadisiyah_FC_1319,2025-26,Al-Nassr
2026-05-07,Al-Nassr,Al-Shabab,Pro League,A,1,2026-05-07_Al-Nassr_Al_Shabab_1320,2025-26,Al-Nassr
2026-05-12,Al-Nassr,Al-Hilal,Pro League,H,1,2026-05-12_Al-Nassr_Al-Hilal_1321,2025-26,Al-Nassr
2026-05-16,Al-Nassr,Gamba Osaka,AFC Champions League Two,H,1,2026-05-16_Al-Nassr_Gamba_Osaka_1322,2025-26,Al-Nassr
2026-05-21,Al-Nassr,Damac FC,Pro League,H,1,2026-05-21_Al-Nassr_Damac_1323,2025-26,Al-Nassr
2026-06-06,Portugal,Chile,International Friendly,H,1,2026-06-06_Portugal_Chile_1324,,Portugal
2026-06-10,Portugal,Nigeria,International Friendly,H,1,2026-06-10_Portugal_Nigeria_1325,,Portugal
2026-06-17,Portugal,Congo DR,World Cup,H,1,2026-06-17_Portugal_Congo_DR_1326,,Portugal
2026-06-23,Portugal,Uzbekistan,World Cup,H,1,2026-06-23_Portugal_Uzbekistan_1327,,Portugal
2026-06-27,Portugal,Colombia,World Cup,A,1,2026-06-27_Portugal_Colombia_1328,,Portugal
2026-07-02,Portugal,Croatia,World Cup,H,1,2026-07-02_Portugal_Croatia_1329,,Portugal
2026-07-06,Portugal,Spain,World Cup,H,1,2026-07-06_Portugal_Spain_1330,,Portugal
2026-08-15,Al-Nassr,Al-Fateh,Pro League,H,0,,2026-27,Al-Nassr
2026-08-18,Al-Nassr,Al-Diriyah,King Cup,A,0,,2026-27,Al-Nassr
2026-08-21,Al-Nassr,Al-Riyadh,Pro League,A,1,2026-08-21_Al-Nassr_Al_Riyadh_1331,2026-27,Al-Nassr
2026-08-25,Al-Nassr,Al-Ettifaq,Pro League,A,1,2026-08-25_Al-Nassr_Al-Ettifaq_1332,2026-27,Al-Nassr
2026-08-28,Al-Nassr,Al-Taawoun,Pro League,H,1,2026-08-28_Al-Nassr_Al_Taawon_1333,2026-27,Al-Nassr
