match_id,date,season,team,opponent,competition,competition_type,venue,is_national_team,competition_importance,age_years,age_days,career_appearances_pre,career_goals_pre,career_assists_pre,goals_to_1000_pre,career_goals_per_game_pre,days_rest,matches_last_7d,matches_last_14d,matches_last_30d,goals_last_3,goals_last_5,goals_last_10,goals_last_20,assists_last_5,assists_last_10,goals_per_game_last_5,goals_per_game_last_10,goals_per_game_last_20,scoring_rate_last_5,scoring_rate_last_10,multi_goal_rate_last_10,goals_ewma_pre,assists_ewma_pre,consecutive_scoring_games_pre,goalless_streak_games_pre,days_since_last_goal,season_appearances_pre,season_goals_pre,season_assists_pre,season_goals_per_game_pre,team_appearances_with_ronaldo_pre,team_goals_by_ronaldo_pre,team_ronaldo_goals_per_game_pre,team_points_last_5_ronaldo_apps_pre,team_points_last_10_ronaldo_apps_pre,team_win_rate_last_5_ronaldo_apps_pre,team_unbeaten_rate_last_5_ronaldo_apps_pre,team_goals_for_last_5_scored_matches_pre,team_goals_against_last_5_scored_matches_pre,team_score_coverage_last_5_pre,opponent_prior_meetings_pre,ronaldo_goals_vs_opponent_pre,ronaldo_assists_vs_opponent_pre,ronaldo_goals_per_game_vs_opponent_pre,ronaldo_scoring_rate_vs_opponent_pre,ronaldo_goals_last_3_vs_opponent_pre,team_h2h_wins_pre,team_h2h_draws_pre,team_h2h_losses_pre,opponent_h2h_points_per_game_pre,opponent_h2h_unbeaten_rate_pre,opponent_goals_for_per_h2h_scored_match_pre,opponent_goals_against_per_h2h_scored_match_pre,opponent_clean_sheet_rate_h2h_scored_match_pre,opponent_score_data_h2h_matches_pre,team_matchup_elo_pre,opponent_matchup_elo_pre,matchup_elo_diff_pre,opponent_matchup_elo_games_pre,competition_appearances_pre,competition_goals_pre,competition_goals_per_game_pre,venue_appearances_pre,venue_goals_pre,venue_goals_per_game_pre,month,day_of_week,season_progress_pct,is_season_opening_phase,is_season_run_in,is_dec_jan_congestion,target_scored,target_multi_goal,target_goals,team_goals,opponent_goals,result,ronaldo_goals,ronaldo_assists,source_status,no_h2h_score_history_pre,no_team_score_history_pre,no_prior_career_goal_pre,first_career_appearance,opponent_elo_unseen_pre,opponent_elo_experience_log_pre,first_time_opponent_pre,opponent_meetings_log_pre
2002-08-14_Sporting_CP_Inter_Milan_1,2002-08-14,2002/03,Sporting CP,Inter Milan,Champions League Qualifying,continental_club,H,0,0.72,17.5199,6399,0,0,0,1000,0.0,0.0,0,0,0,0,0,0,0,0,0,0.0,0.0,0.0,0.0,0.0,0.0,0.0,0.0,0,0,0.0,0,0,0,0.0,0,0,0.0,0,0,0.0,0.0,0.0,0.0,0,0,0,0,0.0,0.0,0,0,0,0,0.0,0.0,0.0,0.0,0.0,0,1500.0,1500.0,0.0,0,0,0,0.0,0,0,0.0,8,Wednesday,0.0357,1,0,0,0,0,0,0,0,D,0,0,matched_secondary_full_career,1,1,1,1,1,0.0,1,0.0
2002-09-19_Sporting_CP_Partizan_Belgrade_2,2002-09-19,2002/03,Sporting CP,Partizan Belgrade,UEFA Europa League,continental_club,H,0,0.84,17.6184,6435,1,0,0,1000,0.0,36.0,0,0,0,0,0,0,0,0,0,0.0,0.0,0.0,0.0,0.0,0.0,0.0,0.0,0,1,0.0,1,0,0,0.0,1,0,0.0,1,1,0.0,1.0,0.0,0.0,1,0,0,0,0.0,0.0,0,0,0,0,0.0,0.0,0.0,0.0,0.0,0,1500.0,1500.0,0.0,0,0,0,0.0,1,0,0.0,9,Thursday,0.1346,1,0,0,0,0,0,1,3,L,0,0,matched_secondary_full_career,1,0,1,0,1,0.0,1,0.0
2002-09-30_Sporting_CP_Sporting_Braga_3,2002-09-30,2002/03,Sporting CP,Sporting Braga,Primeira Liga,domestic_league,A,0,0.78,17.6485,6446,2,0,0,1000,0.0,11.0,0,1,1,0,0,0,0,0,0,0.0,0.0,0.0,0.0,0.0,0.0,0.0,0.0,0,2,0.0,2,0,0,0.0,2,0,0.0,1,1,0.0,0.5,0.5,1.5,2,0,0,0,0.0,0.0,0,0,0,0,0.0,0.0,0.0,0.0,0.0,0,1490.0,1500.0,-10.0,0,0,0,0.0,0,0,0.0,9,Monday,0.1648,1,0,0,0,0,0,2,4,L,0,0,matched_secondary_date_discrepancy,1,0,1,0,1,0.0,1,0.0
2002-10-03_Sporting_CP_Partizan_Belgrade_4,2002-10-03,2002/03,Sporting CP,Partizan Belgrade,UEFA Europa League,continental_club,A,0,0.84,17.6568,6449,3,0,0,1000,0.0,3.0,1,2,2,0,0,0,0,0,0,0.0,0.0,0.0,0.0,0.0,0.0,0.0,0.0,0,3,0.0,3,0,0,0.0,3,0,0.0,1,1,0.0,0.3333333333333333,1.0,2.333333333333333,3,1,0,0,0.0,0.0,0,0,0,1,3.0,1.0,3.0,1.0,0.0,1,1480.29,1510.0,-29.71,1,1,0,0.0,1,0,0.0,10,Thursday,0.1731,1,0,0,0,0,0,3,3,D,0,0,matched_secondary_full_career,0,0,1,0,0,0.6931471805599453,0,0.6931471805599453
2002-10-07_Sporting_CP_Moreirense_5,2002-10-07,2002/03,Sporting CP,Moreirense,Primeira Liga,domestic_league,H,0,0.78,17.6677,6453,4,0,0,1000,0.0,4.0,2,2,3,0,0,0,0,0,0,0.0,0.0,0.0,0.0,0.0,0.0,0.0,0.0,0,4,0.0,4,0,0,0.0,4,0,0.0,2,2,0.0,0.5,1.5,2.5,4,0,0,0,0.0,0.0,0,0,0,0,0.0,0.0,0.0,0.0,0.0,0,1481.14,1500.0,-18.86,0,1,0,0.0,2,0,0.0,10,Monday,0.1841,1,0,0,1,1,2,3,0,W,2,0,matched_secondary_full_career,1,0,1,0,1,0.0,1,0.0
2002-10-20_Sporting_CP_Belenenses_6,2002-10-20,2002/03,Sporting CP,Belenenses,Primeira Liga,domestic_league,H,0,0.78,17.7033,6466,5,2,0,998,0.4,13.0,0,1,3,2,2,2,2,0,0,0.4,0.4,0.4,0.2,0.2,0.2,0.6,0.0,1,0,13.0,5,2,0,0.4,5,2,0.4,5,5,0.2,0.6,1.8,2.0,5,0,0,0,0.0,0.0,0,0,0,0,0.0,0.0,0.0,0.0,0.0,0,1491.68,1500.0,-8.32,0,2,2,1.0,3,2,0.6666666666666666,10,Sunday,0.2198,0,0,0,0,0,0,2,0,W,0,0,matched_secondary_full_career,1,0,0,0,1,0.0,1,0.0
2002-10-26_Sporting_CP_Boavista_7,2002-10-26,2002/03,Sporting CP,Boavista,Primeira Liga,domestic_league,A,0,0.78,17.7197,6472,6,2,0,998,0.3333333333333333,6.0,1,1,4,2,2,2,2,0,0,0.4,0.3333333333333333,0.3333333333333333,0.2,0.1666666666666666,0.1666666666666666,0.42,0.0,0,1,19.0,6,2,0,0.3333333333333333,6,2,0.3333333333333333,7,8,0.4,0.6,2.2,2.0,5,0,0,0,0.0,0.0,0,0,0,0,0.0,0.0,0.0,0.0,0.0,0,1501.92,1500.0,1.92,0,3,2,0.6666666666666666,2,0,0.0,10,Saturday,0.2363,0,0,0,1,0,1,2,1,W,1,0,matched_secondary_full_career,1,0,0,0,1,0.0,1,0.0
2002-11-02_Sporting_CP_Gil_Vicente_8,2002-11-02,2002/03,Sporting CP,Gil Vicente,Primeira Liga,domestic_league,H,0,0.78,17.7389,6479,7,3,0,997,0.4285714285714285,7.0,1,2,4,3,3,3,3,0,0,0.6,0.4285714285714285,0.4285714285714285,0.4,0.2857142857142857,0.1428571428571428,0.594,0.0,1,0,7.0,7,3,0,0.4285714285714285,7,3,0.4285714285714285,10,11,0.6,0.8,2.4,1.6,5,0,0,0,0.0,0.0,0,0,0,0,0.0,0.0,0.0,0.0,0.0,0,1511.87,1500.0,11.87,0,4,3,0.75,4,2,0.5,11,Saturday,0.2555,0,0,0,0,0,0,0,3,L,0,0,matched_secondary_full_career,1,0,0,0,1,0.0,1,0.0
2002-11-08_Sporting_CP_Vitoria_Guimaraes_9,2002-11-08,2002/03,Sporting CP,Vitoria Guimaraes,Primeira Liga,domestic_league,A,0,0.78,17.7553,6485,8,3,0,997,0.375,6.0,1,2,3,1,3,3,3,0,0,0.6,0.375,0.375,0.4,0.25,0.125,0.4157999999999999,0.0,0,1,13.0,8,3,0,0.375,8,3,0.375,10,11,0.6,0.8,2.0,1.4,5,0,0,0,0.0,0.0,0,0,0,0,0.0,0.0,0.0,0.0,0.0,0,1501.53,1500.0,1.53,0,5,3,0.6,3,1,0.3333333333333333,11,Friday,0.272,0,0,0,0,0,0,3,1,W,0,1,matched_secondary_full_career,1,0,0,0,1,0.0,1,0.0
2002-11-15_Sporting_CP_Maritimo_de_Funchal_10,2002-11-15,2002/03,Sporting CP,Maritimo de Funchal,Primeira Liga,domestic_league,H,0,0.78,17.7745,6492,9,3,1,997,0.3333333333333333,7.0,1,2,4,1,3,3,3,1,1,0.6,0.3333333333333333,0.3333333333333333,0.4,0.2222222222222222,0.1111111111111111,0.2910599999999999,0.3,0,2,20.0,9,3,1,0.3333333333333333,9,3,0.3333333333333333,12,14,0.8,0.8,2.0,1.0,5,0,0,0,0.0,0.0,0,0,0,0,0.0,0.0,0.0,0.0,0.0,0,1511.48,1500.0,11.48,0,6,3,0.5,5,2,0.4,11,Friday,0.2912,0,0,0,0,0,0,2,0,W,0,0,matched_secondary_full_career,1,0,0,0,1,0.0,1,0.0
2002-11-24_Sporting_CP_Estarreja_11,2002-11-24,2002/03,Sporting CP,Estarreja,Taça de Portugal,domestic_or_other_cup,H,0,0.72,17.7991,6501,10,3,1,997,0.3,9.0,0,1,4,0,1,3,3,1,1,0.2,0.3,0.3,0.2,0.2,0.1,0.2037419999999999,0.21,0,3,29.0,10,3,1,0.3,10,3,0.3,12,17,0.8,0.8,1.8,1.0,5,0,0,0,0.0,0.0,0,0,0,0,0.0,0.0,0.0,0.0,0.0,0,1521.15,1500.0,21.15,0,0,0,0.0,6,2,0.3333333333333333,11,Sunday,0.3159,0,0,0,1,0,1,4,1,W,1,0,matched_secondary_full_career,1,0,0,0,1,0.0,1,0.0
2002-11-30_Sporting_CP_Beira-Mar_12,2002-11-30,2002/03,Sporting CP,Beira-Mar,Primeira Liga,domestic_league,A,0,0.78,17.8156,6507,11,4,1,996,0.3636363636363636,6.0,1,1,4,1,2,4,4,1,1,0.4,0.4,0.3636363636363636,0.4,0.3,0.1,0.4426193999999999,0.147,1,0,6.0,11,4,1,0.3636363636363636,11,4,0.3636363636363636,12,19,0.8,0.8,2.2,1.2,5,0,0,0,0.0,0.0,0,0,0,0,0.0,0.0,0.0,0.0,0.0,0,1530.54,1500.0,30.54,0,7,3,0.4285714285714285,4,1,0.25,11,Saturday,0.3324,0,0,0,0,0,0,3,1,W,0,1,matched_secondary_full_career,1,0,0,0,1,0.0,1,0.0
2002-12-07_Sporting_CP_Benfica_13,2002-12-07,2002/03,Sporting CP,Benfica,Primeira Liga,domestic_league,H,0,0.78,17.8347,6514,12,4,2,996,0.3333333333333333,7.0,1,2,4,1,1,4,4,2,2,0.2,0.4,0.3333333333333333,0.2,0.3,0.1,0.3098335799999999,0.4029,0,1,13.0,12,4,2,0.3333333333333333,12,4,0.3333333333333333,12,22,0.8,0.8,2.4,1.2,5,0,0,0,0.0,0.0,0,0,0,0,0.0,0.0,0.0,0.0,0.0,0,1539.67,1500.0,39.67,0,8,3,0.375,7,3,0.4285714285714285,12,Saturday,0.3516,0,0,1,0,0,0,0,2,L,0,0,matched_secondary_full_career,1,0,0,0,1,0.0,1,0.0
2002-12-14_Sporting_CP_Leiria_14,2002-12-14,2002/03,Sporting CP,Leiria,Primeira Liga,domestic_league,A,0,0.78,17.8539,6521,13,4,2,996,0.3076923076923077,7.0,1,2,4,1,1,4,4,2,2,0.2,0.4,0.3076923076923077,0.2,0.3,0.1,0.2168835059999999,0.2820299999999999,0,2,20.0,13,4,2,0.3076923076923077,13,4,0.3076923076923077,12,22,0.8,0.8,2.4,1.0,5,0,0,0,0.0,0.0,0,0,0,0,0.0,0.0,0.0,0.0,0.0,0,1528.53,1500.0,28.53,0,9,3,0.3333333333333333,5,1,0.2,12,Saturday,0.3709,0,0,1,0,0,0,2,3,L,0,2,matched_secondary_full_career,1,0,0,0,1,0.0,1,0.0
2002-12-18_Sporting_CP_FC_Oliveira_do_Hospital_15,2002-12-18,2002/03,Sporting CP,FC Oliveira do Hospital,Taça de Portugal,domestic_or_other_cup,H,0,0.72,17.8648,6525,14,4,4,996,0.2857142857142857,4.0,1,2,4,0,1,4,4,3,4,0.2,0.4,0.2857142857142857,0.2,0.3,0.1,0.1518184541999999,0.7974209999999999,0,3,24.0,14,4,4,0.2857142857142857,14,4,0.2857142857142857,9,21,0.6,0.6,2.2,1.4,5,0,0,0,0.0,0.0,0,0,0,0,0.0,0.0,0.0,0.0,0.0,0,1517.71,1500.0,17.71,0,1,1,1.0,8,3,0.375,12,Wednesday,0.3819,0,0,1,1,0,1,8,1,W,1,0,matched_secondary_full_career,1,0,0,0,1,0.0,1,0.0
2002-12-22_Sporting_CP_Nacional_da_Madeira_16,2002-12-22,2002/03,Sporting CP,Nacional da Madeira,Primeira Liga,domestic_league,H,0,0.78,17.8758,6529,15,5,4,995,0.3333333333333333,4.0,1,2,5,1,2,3,5,3,4,0.4,0.3,0.3333333333333333,0.4,0.3,0.0,0.40627291794,0.5581946999999999,1,0,4.0,15,5,4,0.3333333333333333,15,5,0.3333333333333333,9,21,0.6,0.6,3.4,1.6,5,0,0,0,0.0,0.0,0,0,0,0,0.0,0.0,0.0,0.0,0.0,0,1527.2,1500.0,27.2,0,10,3,0.3,9,4,0.4444444444444444,12,Sunday,0.3929,0,0,1,0,0,0,2,0,W,0,0,matched_secondary_full_career,1,0,0,0,1,0.0,1,0.0
2003-01-04_Sporting_CP_Vitoria_Setubal_17,2003-01-04,2002/03,Sporting CP,Vitoria Setubal,Primeira Liga,domestic_league,A,0,0.78,17.9114,6542,16,5,4,995,0.3125,13.0,0,1,4,1,1,3,5,3,4,0.2,0.3,0.3125,0.2,0.3,0.0,0.2843910425579999,0.3907362899999999,0,1,17.0,16,5,4,0.3125,16,5,0.3125,9,21,0.6,0.6,3.0,1.4,5,0,0,0,0.0,0.0,0,0,0,0,0.0,0.0,0.0,0.0,0.0,0,1536.42,1500.0,36.42,0,11,3,0.2727272727272727,6,1,0.1666666666666666,1,Saturday,0.4286,0,0,1,0,0,0,2,1,W,0,0,matched_secondary_full_career,1,0,0,0,1,0.0,1,0.0
2003-01-11_Sporting_CP_FC_Porto_18,2003-01-11,2002/03,Sporting CP,FC Porto,Primeira Liga,domestic_league,H,0,0.78,17.9306,6549,17,5,4,995,0.2941176470588235,7.0,1,1,4,1,1,2,5,2,4,0.2,0.2,0.2941176470588235,0.2,0.2,0.0,0.1990737297905999,0.2735154029999999,0,2,24.0,17,5,4,0.2941176470588235,17,5,0.2941176470588235,9,21,0.6,0.6,2.8,1.4,5,0,0,0,0.0,0.0,0,0,0,0,0.0,0.0,0.0,0.0,0.0,0,1545.38,1500.0,45.38,0,12,3,0.25,10,4,0.4,1,Saturday,0.4478,0,0,1,0,0,0,0,1,L,0,0,matched_secondary_full_career,1,0,0,0,1,0.0,1,0.0
2003-01-25_Sporting_CP_Santa_Clara_19,2003-01-25,2002/03,Sporting CP,Santa Clara,Primeira Liga,domestic_league,A,0,0.78,17.9689,6563,18,5,4,995,0.2777777777777778,14.0,0,1,2,0,1,2,5,2,4,0.2,0.2,0.2777777777777778,0.2,0.2,0.0,0.1393516108534199,0.1914607820999999,0,3,38.0,18,5,4,0.2777777777777778,18,5,0.2777777777777778,9,21,0.6,0.6,2.8,1.2,5,0,0,0,0.0,0.0,0,0,0,0,0.0,0.0,0.0,0.0,0.0,0,1534.08,1500.0,34.08,0,13,3,0.2307692307692307,7,1,0.1428571428571428,1,Saturday,0.4863,0,0,1,0,0,0,1,0,W,0,0,matched_secondary_full_career,1,0,0,0,1,0.0,1,0.0
2003-02-05_Sporting_CP_Académica_20,2003-02-05,2002/03,Sporting CP,Académica,Primeira Liga,domestic_league,H,0,0.78,17.999,6574,19,5,4,995,0.2631578947368421,11.0,0,1,2,0,1,2,5,0,3,0.2,0.2,0.2631578947368421,0.2,0.2,0.0,0.0975461275973939,0.1340225474699999,0,4,49.0,19,5,4,0.2631578947368421,19,5,0.2631578947368421,12,21,0.8,0.8,2.6,0.6,5,0,0,0,0.0,0.0,0,0,0,0,0.0,0.0,0.0,0.0,0.0,0,1543.1,1500.0,43.1,0,14,3,0.2142857142857142,11,4,0.3636363636363636,2,Wednesday,0.5165,0,0,0,0,0,0,1,0,W,0,0,matched_secondary_full_career,1,0,0,0,1,0.0,1,0.0
2003-03-01_Sporting_CP_Belenenses_21,2003-03-01,2002/03,Sporting CP,Belenenses,Primeira Liga,domestic_league,A,0,0.78,18.0647,6598,20,5,4,995,0.25,24.0,0,0,1,0,0,2,5,0,3,0.0,0.2,0.25,0.0,0.2,0.0,0.0682822893181757,0.0938157832289999,0,5,73.0,20,5,4,0.25,20,5,0.25,12,21,0.8,0.8,1.2,0.4,5,1,0,0,0.0,0.0,0,1,0,0,0.0,0.0,0.0,2.0,0.0,1,1551.86,1489.76,62.1,1,15,3,0.2,8,1,0.125,3,Saturday,0.5824,0,0,0,0,0,0,1,1,D,0,0,matched_secondary_full_career,0,0,0,0,0,0.6931471805599453,0,0.6931471805599453
2003-03-08_Sporting_CP_Naval_22,2003-03-08,2002/03,Sporting CP,Naval,Taça de Portugal,domestic_or_other_cup,H,0,0.72,18.0839,6605,21,5,4,995,0.238095238095238,7.0,1,1,1,0,0,1,5,0,3,0.0,0.1,0.25,0.0,0.1,0.0,0.047797602522723,0.0656710482602999,0,6,80.0,21,5,4,0.238095238095238,21,5,0.238095238095238,10,19,0.6,0.8,1.0,0.6,5,0,0,0,0.0,0.0,0,0,0,0,0.0,0.0,0.0,0.0,0.0,0,1550.1,1500.0,50.1,0,2,2,1.0,12,4,0.3333333333333333,3,Saturday,0.6016,0,0,0,0,0,0,0,1,L,0,0,matched_secondary_date_discrepancy,1,0,0,0,1,0.0,1,0.0
2003-03-16_Sporting_CP_Boavista_23,2003-03-16,2002/03,Sporting CP,Boavista,Primeira Liga,domestic_league,H,0,0.78,18.1058,6613,22,5,4,995,0.2272727272727272,8.0,0,1,2,0,0,1,5,0,2,0.0,0.1,0.25,0.0,0.1,0.0,0.0334583217659061,0.0459697337822099,0,7,88.0,22,5,4,0.2272727272727272,22,5,0.2272727272727272,7,16,0.4,0.6,0.6,0.6,5,1,1,0,1.0,1.0,1,1,0,0,0.0,0.0,1.0,2.0,0.0,1,1538.66,1490.06,48.61,1,16,3,0.1875,13,4,0.3076923076923077,3,Sunday,0.6236,0,0,0,0,0,0,1,1,D,0,0,matched_secondary_full_career,0,0,0,0,0,0.6931471805599453,0,0.6931471805599453
2003-03-21_Sporting_CP_Gil_Vicente_24,2003-03-21,2002/03,Sporting CP,Gil Vicente,Primeira Liga,domestic_league,A,0,0.78,18.1195,6618,23,5,4,995,0.217391304347826,5.0,1,2,3,0,0,1,5,0,2,0.0,0.1,0.25,0.0,0.1,0.0,0.0234208252361342,0.0321788136475469,0,8,93.0,23,5,4,0.217391304347826,23,5,0.217391304347826,8,17,0.4,0.8,0.8,0.6,5,1,0,0,0.0,0.0,0,0,0,1,3.0,1.0,3.0,0.0,1.0,1,1537.27,1510.34,26.93,1,17,3,0.1764705882352941,9,1,0.1111111111111111,3,Friday,0.6374,0,0,0,0,0,0,0,1,L,0,0,matched_secondary_full_career,0,0,0,0,0,0.6931471805599453,0,0.6931471805599453
2003-04-06_Sporting_CP_Vitoria_Guimaraes_25,2003-04-06,2002/03,Sporting CP,Vitoria Guimaraes,Primeira Liga,domestic_league,H,0,0.78,18.1633,6634,24,5,4,995,0.2083333333333333,16.0,0,0,3,0,0,1,5,0,0,0.0,0.1,0.25,0.0,0.1,0.0,0.0163945776652939,0.0225251695532828,0,9,109.0,24,5,4,0.2083333333333333,24,5,0.2083333333333333,5,17,0.2,0.6,0.6,0.8,5,1,0,1,0.0,0.0,0,1,0,0,0.0,0.0,1.0,3.0,0.0,1,1526.5,1490.04,36.46,1,18,3,0.1666666666666666,14,4,0.2857142857142857,4,Sunday,0.6813,0,0,0,0,0,0,1,1,D,0,0,matched_secondary_full_career,0,0,0,0,0,0.6931471805599453,0,0.6931471805599453
2003-04-19_Sporting_CP_Maritimo_de_Funchal_26,2003-04-19,2002/03,Sporting CP,Maritimo de Funchal,Primeira Liga,domestic_league,A,0,0.78,18.1989,6647,25,5,4,995,0.2,13.0,0,1,2,0,0,0,3,0,0,0.0,0.0,0.15,0.0,0.0,0.0,0.0114762043657057,0.015767618687298,0,10,122.0,25,5,4,0.2,25,5,0.2,3,15,0.0,0.6,0.6,1.0,5,1,0,0,0.0,0.0,0,1,0,0,0.0,0.0,0.0,2.0,0.0,1,1525.46,1490.33,35.12,1,19,3,0.1578947368421052,10,1,0.1,4,Saturday,0.717,0,0,0,0,0,0,3,0,W,0,0,matched_secondary_full_career,0,0,0,0,0,0.6931471805599453,0,0.6931471805599453
2003-04-25_Sporting_CP_Beira-Mar_27,2003-04-25,2002/03,Sporting CP,Beira-Mar,Primeira Liga,domestic_league,H,0,0.78,18.2153,6653,26,5,4,995,0.1923076923076923,6.0,1,1,2,0,0,0,3,0,0,0.0,0.0,0.15,0.0,0.0,0.0,0.008033343055994,0.0110373330811086,0,11,128.0,26,5,4,0.1923076923076923,26,5,0.1923076923076923,5,15,0.2,0.6,1.0,0.8,5,1,0,1,0.0,0.0,0,1,0,0,0.0,0.0,1.0,3.0,0.0,1,1534.45,1490.88,43.57,1,20,3,0.15,15,4,0.2666666666666666,4,Friday,0.7335,0,0,0,0,0,0,1,1,D,0,0,matched_secondary_full_career,0,0,0,0,0,0.6931471805599453,0,0.6931471805599453
2003-05-12_Sporting_CP_Leiria_28,2003-05-12,2002/03,Sporting CP,Leiria,Primeira Liga,domestic_league,H,0,0.78,18.2618,6670,27,5,4,995,0.1851851851851851,17.0,0,0,2,0,0,0,2,0,0,0.0,0.0,0.1,0.0,0.0,0.0,0.0056233401391958,0.007726133156776,0,12,145.0,27,5,4,0.1851851851851851,27,5,0.1851851851851851,6,13,0.2,0.8,1.2,0.8,5,1,0,2,0.0,0.0,0,0,0,1,3.0,1.0,3.0,2.0,0.0,1,1533.2,1510.82,22.38,1,21,3,0.1428571428571428,16,4,0.25,5,Monday,0.7802,0,0,0,0,0,0,1,1,D,0,0,matched_secondary_full_career,0,0,0,0,0,0.6931471805599453,0,0.6931471805599453
2003-05-17_Sporting_CP_Nacional_da_Madeira_29,2003-05-17,2002/03,Sporting CP,Nacional da Madeira,Primeira Liga,domestic_league,A,0,0.78,18.2755,6675,28,5,4,995,0.1785714285714285,5.0,1,1,3,0,0,0,2,0,0,0.0,0.0,0.1,0.0,0.0,0.0,0.003936338097437,0.0054082932097432,0,13,150.0,28,5,4,0.1785714285714285,28,5,0.1785714285714285,6,14,0.2,0.8,1.2,0.8,5,1,0,0,0.0,0.0,0,1,0,0,0.0,0.0,0.0,2.0,0.0,1,1532.56,1490.78,41.78,1,22,3,0.1363636363636363,11,1,0.0909090909090909,5,Saturday,0.794,0,0,0,0,0,0,1,1,D,0,0,matched_secondary_full_career,0,0,0,0,0,0.6931471805599453,0,0.6931471805599453
2003-05-24_Sporting_CP_Vitoria_Setubal_30,2003-05-24,2002/03,Sporting CP,Vitoria Setubal,Primeira Liga,domestic_league,H,0,0.78,18.2947,6682,29,5,4,995,0.1724137931034483,7.0,1,2,3,0,0,0,2,0,0,0.0,0.0,0.1,0.0,0.0,0.0,0.0027554366682059,0.0037858052468202,0,14,157.0,29,5,4,0.1724137931034483,29,5,0.1724137931034483,7,12,0.2,1.0,1.4,0.8,5,1,0,0,0.0,0.0,0,1,0,0,0.0,0.0,1.0,2.0,0.0,1,1531.36,1491.04,40.32,1,23,3,0.1304347826086956,17,4,0.2352941176470588,5,Saturday,0.8132,0,1,0,0,0,0,3,4,L,0,0,matched_secondary_full_career,0,0,0,0,0,0.6931471805599453,0,0.6931471805599453
2003-06-01_Sporting_CP_FC_Porto_31,2003-06-01,2002/03,Sporting CP,FC Porto,Primeira Liga,domestic_league,A,0,0.78,18.3166,6690,30,5,4,995,0.1666666666666666,8.0,0,1,3,0,0,0,2,0,0,0.0,0.0,0.1,0.0,0.0,0.0,0.0019288056677441,0.0026500636727741,0,15,165.0,30,5,4,0.1666666666666666,30,5,0.1666666666666666,6,9,0.2,0.8,1.8,1.4,5,1,0,0,0.0,0.0,0,0,0,1,3.0,1.0,1.0,0.0,1.0,1,1520.2,1511.3,8.91,1,24,3,0.125,12,1,0.0833333333333333,6,Sunday,0.8352,0,1,0,0,0,0,0,2,L,0,0,matched_secondary_full_career,0,0,0,0,0,0.6931471805599453,0,0.6931471805599453
2003-08-16_Manchester_United_Bolton_Wanderers_32,2003-08-16,2003/04,Manchester United,Bolton Wanderers,Premier League,domestic_league,H,0,0.78,18.5247,6766,31,5,4,995,0.1612903225806451,76.0,0,0,0,0,0,0,1,0,0,0.0,0.0,0.05,0.0,0.0,0.0,0.0013501639674209,0.0018550445709419,0,16,241.0,0,0,0,0.0,0,0,0.0,0,0,0.0,0.0,0.0,0.0,0,0,0,0,0.0,0.0,0,0,0,0,0.0,0.0,0.0,0.0,0.0,0,1500.0,1500.0,0.0,0,0,0,0.0,18,4,0.2222222222222222,8,Saturday,0.0411,1,0,0,0,0,0,4,0,W,0,0,matched_secondary_full_career,1,1,0,0,1,0.0,1,0.0
2003-08-20_Portugal_Kazakhstan_33,2003-08-20,2003/04,Portugal,Kazakhstan,International Friendly,international,H,1,0.35,18.5356,6770,32,5,4,995,0.15625,4.0,1,1,1,0,0,0,1,0,0,0.0,0.0,0.05,0.0,0.0,0.0,0.0009451147771946,0.0012985311996593,0,17,245.0,1,0,0,0.0,0,0,0.0,0,0,0.0,0.0,0.0,0.0,0,0,0,0,0.0,0.0,0,0,0,0,0.0,0.0,0.0,0.0,0.0,0,1500.0,1500.0,0.0,0,0,0,0.0,19,4,0.2105263157894736,8,Wednesday,0.0521,1,0,0,0,0,0,1,0,W,0,0,matched_secondary_full_career,1,1,0,0,1,0.0,1,0.0
2003-08-23_Manchester_United_Newcastle_United_34,2003-08-23,2003/04,Manchester United,Newcastle United,Premier League,domestic_league,A,0,0.78,18.5438,6773,33,5,4,995,0.1515151515151515,3.0,2,2,2,0,0,0,1,0,0,0.0,0.0,0.05,0.0,0.0,0.0,0.0006615803440362,0.0009089718397615,0,18,248.0,2,0,0,0.0,1,0,0.0,3,3,1.0,1.0,4.0,0.0,1,0,0,0,0.0,0.0,0,0,0,0,0.0,0.0,0.0,0.0,0.0,0,1510.0,1500.0,10.0,0,1,0,0.0,13,1,0.0769230769230769,8,Saturday,0.0603,1,0,0,0,0,0,2,1,W,0,0,matched_secondary_full_career,1,0,0,0,1,0.0,1,0.0
2003-08-27_Manchester_United_Wolverhampton_Wanderers_35,2003-08-27,2003/04,Manchester United,Wolverhampton Wanderers,Premier League,domestic_league,H,0,0.78,18.5548,6777,34,5,4,995,0.1470588235294117,4.0,2,3,3,0,0,0,1,0,0,0.0,0.0,0.05,0.0,0.0,0.0,0.0004631062408253,0.000636280287833,0,19,252.0,3,0,0,0.0,2,0,0.0,6,6,1.0,1.0,3.0,0.5,2,0,0,0,0.0,0.0,0,0,0,0,0.0,0.0,0.0,0.0,0.0,0,1519.71,1500.0,19.71,0,2,0,0.0,20,4,0.2,8,Wednesday,0.0712,1,0,0,0,0,0,1,0,W,0,0,matched_secondary_full_career,1,0,0,0,1,0.0,1,0.0
2003-08-31_Manchester_United_Southampton_36,2003-08-31,2003/04,Manchester United,Southampton,Premier League,domestic_league,A,0,0.78,18.5657,6781,35,5,4,995,0.1428571428571428,4.0,1,3,4,0,0,0,0,0,0,0.0,0.0,0.0,0.0,0.0,0.0,0.0003241743685777,0.0004453962014831,0,20,256.0,4,0,0,0.0,3,0,0.0,9,9,1.0,1.0,2.333333333333333,0.3333333333333333,3,0,0,0,0.0,0.0,0,0,0,0,0.0,0.0,0.0,0.0,0.0,0,1529.15,1500.0,29.15,0,3,0,0.0,14,1,0.0714285714285714,8,Sunday,0.0822,1,0,0,0,0,0,0,1,L,0,0,matched_secondary_full_career,1,0,0,0,1,0.0,1,0.0
2003-09-13_Manchester_United_Charlton_Athletic_37,2003-09-13,2003/04,Manchester United,Charlton Athletic,Premier League,domestic_league,A,0,0.78,18.6013,6794,36,5,4,995,0.1388888888888889,13.0,0,1,5,0,0,0,0,0,0,0.0,0.0,0.0,0.0,0.0,0.0,0.0002269220580044,0.0003117773410382,0,21,269.0,5,0,0,0.0,4,0,0.0,9,9,0.75,0.75,1.75,0.5,4,0,0,0,0.0,0.0,0,0,0,0,0.0,0.0,0.0,0.0,0.0,0,1518.31,1500.0,18.31,0,4,0,0.0,15,1,0.0666666666666666,9,Saturday,0.1178,1,0,0,0,0,0,2,0,W,0,0,matched_secondary_full_career,1,0,0,0,1,0.0,1,0.0
2003-09-21_Manchester_United_Arsenal_38,2003-09-21,2003/04,Manchester United,Arsenal,Premier League,domestic_league,H,0,0.78,18.6232,6802,37,5,4,995,0.1351351351351351,8.0,0,1,4,0,0,0,0,0,0,0.0,0.0,0.0,0.0,0.0,0.0,0.0001588454406031,0.0002182441387267,0,22,277.0,6,0,0,0.0,5,0,0.0,12,12,0.8,0.8,1.8,0.4,5,0,0,0,0.0,0.0,0,0,0,0,0.0,0.0,0.0,0.0,0.0,0,1527.78,1500.0,27.78,0,5,0,0.0,21,4,0.1904761904761904,9,Sunday,0.1397,1,0,0,0,0,0,0,0,D,0,0,matched_secondary_full_career,1,0,0,0,1,0.0,1,0.0
2003-10-01_Manchester_United_VfB_Stuttgart_39,2003-10-01,2003/04,Manchester United,VfB Stuttgart,UEFA Champions League,continental_club,A,0,0.94,18.6506,6812,38,5,4,995,0.131578947368421,10.0,0,1,2,0,0,0,0,0,0,0.0,0.0,0.0,0.0,0.0,0.0,0.0001111918084221,0.0001527708971087,0,23,287.0,7,0,0,0.0,6,0,0.0,10,13,0.6,0.8,1.0,0.4,5,0,0,0,0.0,0.0,0,0,0,0,0.0,0.0,0.0,0.0,0.0,0,1526.98,1500.0,26.98,0,0,0,0.0,16,1,0.0625,10,Wednesday,0.1671,1,0,0,0,0,0,1,2,L,0,0,matched_secondary_full_career,1,0,0,0,1,0.0,1,0.0
2003-10-11_Portugal_Albania_40,2003-10-11,2003/04,Portugal,Albania,International Friendly,international,H,1,0.35,18.678,6822,39,5,4,995,0.1282051282051282,10.0,0,1,3,0,0,0,0,0,0,0.0,0.0,0.0,0.0,0.0,0.0,7.783426589552089e-05,0.0001069396279761,0,24,297.0,8,0,0,0.0,1,0,0.0,3,3,1.0,1.0,1.0,0.0,1,0,0,0,0.0,0.0,0,0,0,0,0.0,0.0,0.0,0.0,0.0,0,1510.0,1500.0,10.0,0,1,0,0.0,22,4,0.1818181818181818,10,Saturday,0.1945,1,0,0,0,0,0,5,3,W,0,0,matched_secondary_full_career,1,0,0,0,1,0.0,1,0.0
2003-10-18_Manchester_United_Leeds_United_41,2003-10-18,2003/04,Manchester United,Leeds United,Premier League,domestic_league,A,0,0.78,18.6972,6829,40,5,4,995,0.125,7.0,1,1,3,0,0,0,0,0,0,0.0,0.0,0.0,0.0,0.0,0.0,5.448398612686462e-05,7.485773958327394e-05,0,25,304.0,9,0,0,0.0,7,0,0.0,7,13,0.4,0.6,0.8,0.6,5,0,0,0,0.0,0.0,0,0,0,0,0.0,0.0,0.0,0.0,0.0,0,1516.21,1500.0,16.21,0,6,0,0.0,17,1,0.0588235294117647,10,Saturday,0.2137,0,0,0,0,0,0,1,0,W,0,0,matched_secondary_full_career,1,0,0,0,1,0.0,1,0.0
2003-10-25_Manchester_United_Fulham_42,2003-10-25,2003/04,Manchester United,Fulham,Premier League,domestic_league,H,0,0.78,18.7163,6836,41,5,4,995,0.1219512195121951,7.0,1,2,3,0,0,0,0,0,0,0.0,0.0,0.0,0.0,0.0,0.0,3.813879028880524e-05,5.240041770829176e-05,0,26,311.0,10,0,0,0.0,8,0,0.0,7,16,0.4,0.6,0.8,0.6,5,0,0,0,0.0,0.0,0,0,0,0,0.0,0.0,0.0,0.0,0.0,0,1525.74,1500.0,25.74,0,7,0,0.0,23,4,0.1739130434782608,10,Saturday,0.2329,0,0,0,0,0,0,1,3,L,0,0,matched_secondary_full_career,1,0,0,0,1,0.0,1,0.0
2003-11-01_Manchester_United_Portsmouth_43,2003-11-01,2003/04,Manchester United,Portsmouth,Premier League,domestic_league,H,0,0.78,18.7355,6843,42,5,4,995,0.119047619047619,7.0,1,2,3,0,0,0,0,0,0,0.0,0.0,0.0,0.0,0.0,0.0,2.6697153202163665e-05,3.668029239580423e-05,0,27,318.0,11,0,0,0.0,9,0,0.0,7,16,0.4,0.6,1.0,1.0,5,0,0,0,0.0,0.0,0,0,0,0,0.0,0.0,0.0,0.0,0.0,0,1515.0,1500.0,15.0,0,8,0,0.0,24,4,0.1666666666666666,11,Saturday,0.2521,0,0,0,1,0,1,3,0,W,1,1,matched_secondary_full_career,1,0,0,0,1,0.0,1,0.0
2003-11-04_Manchester_United_Glasgow_Rangers_44,2003-11-04,2003/04,Manchester United,Glasgow Rangers,UEFA Champions League,continental_club,H,0,0.94,18.7437,6846,43,6,5,994,0.1395348837209302,3.0,1,2,4,1,1,1,1,1,1,0.2,0.1,0.05,0.2,0.1,0.0,0.3000186880072415,0.300025676204677,1,0,3.0,12,1,1,0.0833333333333333,10,1,0.1,7,19,0.4,0.6,1.2,1.0,5,0,0,0,0.0,0.0,0,0,0,0,0.0,0.0,0.0,0.0,0.0,0,1524.57,1500.0,24.57,0,1,0,0.0,25,5,0.2,11,Tuesday,0.2603,0,0,0,0,0,0,3,0,W,0,0,matched_secondary_full_career,1,0,0,0,1,0.0,1,0.0
2003-11-22_Manchester_United_Blackburn_Rovers_45,2003-11-22,2003/04,Manchester United,Blackburn Rovers,Premier League,domestic_league,H,0,0.78,18.793,6864,44,6,5,994,0.1363636363636363,18.0,0,0,3,1,1,1,1,1,1,0.2,0.1,0.05,0.2,0.1,0.0,0.210013081605069,0.2100179733432739,0,1,21.0,13,1,1,0.0769230769230769,11,1,0.0909090909090909,9,19,0.6,0.6,1.8,1.0,5,0,0,0,0.0,0.0,0,0,0,0,0.0,0.0,0.0,0.0,0.0,0,1533.87,1500.0,33.87,0,9,1,0.1111111111111111,26,5,0.1923076923076923,11,Saturday,0.3096,0,0,0,0,0,0,2,1,W,0,0,matched_secondary_full_career,1,0,0,0,1,0.0,1,0.0
2003-11-26_Manchester_United_Panathinaikos_46,2003-11-26,2003/04,Manchester United,Panathinaikos,UEFA Champions League,continental_club,A,0,0.94,18.8039,6868,45,6,5,994,0.1333333333333333,4.0,1,1,3,1,1,1,1,1,1,0.2,0.1,0.05,0.2,0.1,0.0,0.1470091571235483,0.1470125813402917,0,2,25.0,14,1,1,0.0714285714285714,12,1,0.0833333333333333,12,19,0.8,0.8,2.0,0.8,5,0,0,0,0.0,0.0,0,0,0,0,0.0,0.0,0.0,0.0,0.0,0,1542.89,1500.0,42.89,0,2,0,0.0,18,1,0.0555555555555555,11,Wednesday,0.3205,0,0,0,0,0,0,1,0,W,0,0,matched_secondary_full_career,1,0,0,0,1,0.0,1,0.0
2003-11-30_Manchester_United_Chelsea_47,2003-11-30,2003/04,Manchester United,Chelsea,Premier League,domestic_league,A,0,0.78,18.8149,6872,46,6,5,994,0.1304347826086956,4.0,1,2,4,0,1,1,1,1,1,0.2,0.1,0.05,0.2,0.1,0.0,0.1029064099864838,0.1029088069382042,0,3,29.0,15,1,1,0.0666666666666666,13,1,0.0769230769230769,12,19,0.8,0.8,2.0,0.8,5,0,0,0,0.0,0.0,0,0,0,0,0.0,0.0,0.0,0.0,0.0,0,1551.67,1500.0,51.67,0,10,1,0.1,19,1,0.0526315789473684,11,Sunday,0.3315,0,0,0,0,0,0,0,1,L,0,0,matched_secondary_full_career,1,0,0,0,1,0.0,1,0.0
2003-12-03_Manchester_United_West_Bromwich_Albion_48,2003-12-03,2003/04,Manchester United,West Bromwich Albion,League Cup,domestic_or_other_cup,A,0,0.72,18.8231,6875,47,6,5,994,0.1276595744680851,3.0,2,3,4,0,1,1,1,1,1,0.2,0.1,0.05,0.2,0.1,0.0,0.0720344869905386,0.0720361648567429,0,4,32.0,16,1,1,0.0625,14,1,0.0714285714285714,12,19,0.8,0.8,1.8,0.4,5,0,0,0,0.0,0.0,0,0,0,0,0.0,0.0,0.0,0.0,0.0,0,1540.19,1500.0,40.19,0,0,0,0.0,20,1,0.05,12,Wednesday,0.3397,0,0,1,0,0,0,0,2,L,0,0,matched_secondary_full_career,1,0,0,0,1,0.0,1,0.0
2003-12-06_Manchester_United_Aston_Villa_49,2003-12-06,2003/04,Manchester United,Aston Villa,Premier League,domestic_league,H,0,0.78,18.8313,6878,48,6,5,994,0.125,3.0,2,4,4,0,0,1,1,0,1,0.0,0.1,0.05,0.0,0.1,0.0,0.050424140893377,0.05042531539972,0,5,35.0,17,1,1,0.0588235294117647,15,1,0.0666666666666666,9,16,0.6,0.6,1.2,0.8,5,0,0,0,0.0,0.0,0,0,0,0,0.0,0.0,0.0,0.0,0.0,0,1529.04,1500.0,29.04,0,11,1,0.0909090909090909,27,5,0.1851851851851851,12,Saturday,0.3479,0,0,1,0,0,0,4,0,W,0,0,matched_secondary_full_career,1,0,0,0,1,0.0,1,0.0
2003-12-13_Manchester_United_Manchester_City_50,2003-12-13,2003/04,Manchester United,Manchester City,Premier League,domestic_league,H,0,0.78,18.8505,6885,49,6,5,994,0.1224489795918367,7.0,1,3,5,0,0,1,1,0,1,0.0,0.1,0.05,0.0,0.1,0.0,0.0352968986253639,0.035297720779804,0,6,42.0,18,1,1,0.0555555555555555,16,1,0.0625,9,18,0.6,0.6,1.4,0.8,5,0,0,0,0.0,0.0,0,0,0,0,0.0,0.0,0.0,0.0,0.0,0,1538.2,1500.0,38.2,0,12,1,0.0833333333333333,28,5,0.1785714285714285,12,Saturday,0.3671,0,0,1,0,0,0,3,1,W,0,0,matched_secondary_full_career,1,0,0,0,1,0.0,1,0.0
2003-12-21_Manchester_United_Tottenham_Hotspur_51,2003-12-21,2003/04,Manchester United,Tottenham Hotspur,Premier League,domestic_league,A,0,0.78,18.8724,6893,50,6,5,994,0.12,8.0,0,1,6,0,0,1,1,0,1,0.0,0.1,0.05,0.0,0.1,0.0,0.0247078290377547,0.0247084045458628,0,7,50.0,19,1,1,0.0526315789473684,17,1,0.0588235294117647,9,21,0.6,0.6,1.6,0.8,5,0,0,0,0.0,0.0,0,0,0,0,0.0,0.0,0.0,0.0,0.0,0,1547.11,1500.0,47.11,0,13,1,0.0769230769230769,21,1,0.0476190476190476,12,Sunday,0.389,0,0,1,0,0,0,2,1,W,0,0,matched_secondary_full_career,1,0,0,0,1,0.0,1,0.0
2003-12-26_Manchester_United_Everton_52,2003-12-26,2003/04,Manchester United,Everton,Premier League,domestic_league,H,0,0.78,18.8861,6898,51,6,5,994,0.1176470588235294,5.0,1,2,6,0,0,1,1,0,1,0.0,0.1,0.05,0.0,0.1,0.0,0.0172954803264283,0.0172958831821039,0,8,55.0,20,1,1,0.05,18,1,0.0555555555555555,9,21,0.6,0.6,1.8,1.0,5,0,0,0,0.0,0.0,0,0,0,0,0.0,0.0,0.0,0.0,0.0,0,1555.76,1500.0,55.76,0,14,1,0.0714285714285714,29,5,0.1724137931034483,12,Friday,0.4027,0,0,1,0,0,0,3,2,W,0,1,matched_secondary_full_career,1,0,0,0,1,0.0,1,0.0
2004-01-17_Manchester_United_Wolverhampton_Wanderers_53,2004-01-17,2003/04,Manchester United,Wolverhampton Wanderers,Premier League,domestic_league,A,0,0.78,18.9463,6920,52,6,6,994,0.1153846153846153,22.0,0,0,2,0,0,1,1,1,2,0.0,0.1,0.05,0.0,0.1,0.0,0.0121068362284998,0.3121071182274728,0,9,77.0,21,1,2,0.0476190476190476,19,1,0.0526315789473684,12,24,0.8,0.8,2.4,1.2,5,1,0,0,0.0,0.0,0,1,0,0,0.0,0.0,0.0,1.0,0.0,1,1564.17,1490.57,73.6,1,15,1,0.0666666666666666,22,1,0.0454545454545454,1,Saturday,0.463,0,0,1,0,0,0,0,1,L,0,0,matched_secondary_full_career,0,0,0,0,0,0.6931471805599453,0,0.6931471805599453
2004-01-25_Manchester_United_Northampton_Town_54,2004-01-25,2003/04,Manchester United,Northampton Town,FA Cup,domestic_or_other_cup,A,0,0.72,18.9682,6928,53,6,6,994,0.1132075471698113,8.0,0,1,2,0,0,0,1,1,1,0.0,0.0,0.05,0.0,0.0,0.0,0.0084747853599498,0.2184749827592309,0,10,85.0,22,1,2,0.0454545454545454,20,1,0.05,12,21,0.8,0.8,2.4,1.0,5,0,0,0,0.0,0.0,0,0,0,0,0.0,0.0,0.0,0.0,0.0,0,1552.08,1500.0,52.08,0,0,0,0.0,23,1,0.0434782608695652,1,Sunday,0.4849,0,0,1,0,0,0,3,0,W,0,1,matched_secondary_full_career,1,0,0,0,1,0.0,1,0.0
2004-01-31_Manchester_United_Southampton_55,2004-01-31,2003/04,Manchester United,Southampton,Premier League,domestic_league,H,0,0.78,18.9846,6934,54,6,7,994,0.1111111111111111,6.0,1,2,2,0,0,0,1,2,2,0.0,0.0,0.05,0.0,0.0,0.0,0.0059323497519649,0.4529324879314616,0,11,91.0,23,1,3,0.0434782608695652,21,1,0.0476190476190476,12,21,0.8,0.8,2.2,1.0,5,1,0,0,0.0,0.0,0,0,0,1,3.0,1.0,1.0,0.0,1.0,1,1560.59,1510.84,49.76,1,16,1,0.0625,30,5,0.1666666666666666,1,Saturday,0.5014,0,0,1,0,0,0,3,2,W,0,0,matched_secondary_full_career,0,0,0,0,0,0.6931471805599453,0,0.6931471805599453
2004-02-07_Manchester_United_Everton_56,2004-02-07,2003/04,Manchester United,Everton,Premier League,domestic_league,A,0,0.78,19.0038,6941,55,6,7,994,0.109090909090909,7.0,1,2,3,0,0,0,1,2,2,0.0,0.0,0.05,0.0,0.0,0.0,0.0041526448263754,0.3170527415520231,0,12,98.0,24,1,3,0.0416666666666666,22,1,0.0454545454545454,12,21,0.8,0.8,2.2,1.2,5,1,0,1,0.0,0.0,0,1,0,0,0.0,0.0,2.0,3.0,0.0,1,1569.17,1491.59,77.58,1,17,1,0.0588235294117647,24,1,0.0416666666666666,2,Saturday,0.5205,0,0,0,0,0,0,4,3,W,0,1,matched_secondary_full_career,0,0,0,0,0,0.6931471805599453,0,0.6931471805599453
2004-02-11_Manchester_United_Middlesbrough_57,2004-02-11,2003/04,Manchester United,Middlesbrough,Premier League,domestic_league,H,0,0.78,19.0148,6945,56,6,8,994,0.1071428571428571,4.0,1,2,4,0,0,0,1,3,3,0.0,0.0,0.05,0.0,0.0,0.0,0.0029068513784628,0.5219369190864162,0,13,102.0,25,1,4,0.04,23,1,0.0434782608695652,12,21,0.8,0.8,2.6,1.6,5,0,0,0,0.0,0.0,0,0,0,0,0.0,0.0,0.0,0.0,0.0,0,1576.98,1500.0,76.98,0,18,1,0.0555555555555555,31,5,0.1612903225806451,2,Wednesday,0.5315,0,0,0,0,0,0,2,3,L,0,0,matched_secondary_full_career,1,0,0,0,1,0.0,1,0.0
2004-02-14_Manchester_United_Manchester_City_58,2004-02-14,2003/04,Manchester United,Manchester City,FA Cup,domestic_or_other_cup,H,0,0.72,19.023,6948,57,6,8,994,0.1052631578947368,3.0,2,3,5,0,0,0,1,2,3,0.0,0.0,0.05,0.0,0.0,0.0,0.0020347959649239,0.3653558433604912,0,14,105.0,26,1,4,0.0384615384615384,24,1,0.0416666666666666,9,21,0.6,0.6,2.4,1.8,5,1,0,0,0.0,0.0,0,1,0,0,0.0,0.0,1.0,3.0,0.0,1,1564.8,1491.1,73.7,1,1,0,0.0,32,5,0.15625,2,Saturday,0.5397,0,0,0,1,0,1,4,2,W,1,0,matched_secondary_full_career,0,0,0,0,0,0.6931471805599453,0,0.6931471805599453
2004-02-18_Portugal_England_59,2004-02-18,2003/04,Portugal,England,International Friendly,international,H,1,0.35,19.0339,6952,58,7,8,993,0.1206896551724138,4.0,2,3,5,1,1,1,2,2,3,0.2,0.1,0.1,0.2,0.1,0.0,0.3014243571754467,0.2557490903523439,1,0,4.0,27,2,4,0.074074074074074,2,0,0.0,6,6,1.0,1.0,3.0,1.5,2,0,0,0,0.0,0.0,0,0,0,0,0.0,0.0,0.0,0.0,0.0,0,1519.71,1500.0,19.71,0,2,0,0.0,33,6,0.1818181818181818,2,Wednesday,0.5507,0,0,0,0,0,0,1,1,D,0,0,matched_secondary_full_career,1,0,0,0,1,0.0,1,0.0
2004-02-25_Manchester_United_FC_Porto_60,2004-02-25,2003/04,Manchester United,FC Porto,UEFA Champions League,continental_club,A,0,0.94,19.0531,6959,59,7,8,993,0.1186440677966101,7.0,1,3,5,1,1,1,2,1,3,0.2,0.1,0.1,0.2,0.1,0.0,0.2109970500228127,0.1790243632466407,0,1,11.0,28,2,4,0.0714285714285714,25,2,0.08,12,24,0.8,0.8,3.2,2.0,5,2,0,0,0.0,0.0,0,0,0,0,0.0,0.0,0.0,0.0,0.0,0,1572.71,1521.55,51.15,2,3,0,0.0,25,1,0.04,2,Wednesday,0.5699,0,0,0,0,0,0,1,2,L,0,0,matched_secondary_full_career,1,0,0,0,0,1.0986122886681098,0,1.0986122886681098
2004-02-28_Manchester_United_Fulham_61,2004-02-28,2003/04,Manchester United,Fulham,Premier League,domestic_league,A,0,0.78,19.0613,6962,60,7,8,993,0.1166666666666666,3.0,1,3,6,1,1,1,2,1,3,0.2,0.1,0.1,0.2,0.1,0.0,0.1476979350159689,0.1253170542726484,0,2,14.0,29,2,4,0.0689655172413793,26,2,0.0769230769230769,9,21,0.6,0.6,2.8,2.4,5,1,0,0,0.0,0.0,0,0,0,1,3.0,1.0,3.0,1.0,0.0,1,1561.24,1510.74,50.5,1,19,1,0.0526315789473684,26,1,0.0384615384615384,2,Saturday,0.5781,0,0,0,0,0,0,1,1,D,0,1,matched_secondary_full_career,0,0,0,0,0,0.6931471805599453,0,0.6931471805599453
2004-03-06_Manchester_United_Fulham_62,2004-03-06,2003/04,Manchester United,Fulham,FA Cup,domestic_or_other_cup,H,0,0.72,19.0805,6969,61,7,9,993,0.1147540983606557,7.0,1,2,6,0,1,1,2,1,4,0.2,0.1,0.1,0.2,0.1,0.0,0.1033885545111782,0.3877219379908539,0,3,21.0,30,2,5,0.0666666666666666,27,2,0.074074074074074,7,19,0.4,0.6,2.4,2.2,5,2,0,1,0.0,0.0,0,0,1,1,2.0,1.0,2.0,1.0,0.0,2,1559.8,1512.18,47.62,2,2,1,0.5,34,6,0.1764705882352941,3,Saturday,0.5973,0,0,0,0,0,0,2,1,W,0,1,matched_secondary_full_career,0,0,0,0,0,1.0986122886681098,0,1.0986122886681098
2004-03-09_Manchester_United_FC_Porto_63,2004-03-09,2003/04,Manchester United,FC Porto,UEFA Champions League,continental_club,H,0,0.94,19.0887,6972,62,7,10,993,0.1129032258064516,3.0,1,3,6,0,1,1,2,2,4,0.2,0.1,0.1,0.2,0.1,0.0,0.0723719881578247,0.5714053565935977,0,4,24.0,31,2,6,0.064516129032258,28,2,0.0714285714285714,7,19,0.4,0.6,2.0,1.8,5,3,0,0,0.0,0.0,0,0,0,1,3.0,1.0,2.0,1.0,0.0,1,1568.44,1533.02,35.42,3,4,0,0.0,35,6,0.1714285714285714,3,Tuesday,0.6055,0,0,0,0,0,0,1,1,D,0,0,matched_secondary_full_career,0,0,0,0,0,1.3862943611198906,0,1.3862943611198906
2004-03-14_Manchester_United_Manchester_City_64,2004-03-14,2003/04,Manchester United,Manchester City,Premier League,domestic_league,A,0,0.78,19.1024,6977,63,7,10,993,0.1111111111111111,5.0,1,2,6,0,0,1,1,2,4,0.0,0.1,0.05,0.0,0.1,0.0,0.0506603917104773,0.3999837496155183,0,5,29.0,32,2,6,0.0625,29,2,0.0689655172413793,8,17,0.4,0.8,1.8,1.4,5,2,1,0,0.5,0.5,1,2,0,0,0.0,0.0,1.5,3.5,0.0,2,1567.42,1483.19,84.24,2,20,1,0.05,27,1,0.037037037037037,3,Sunday,0.6192,0,0,0,0,0,0,1,4,L,0,0,matched_secondary_full_career,0,0,0,0,0,1.0986122886681098,0,1.0986122886681098
2004-03-20_Manchester_United_Tottenham_Hotspur_65,2004-03-20,2003/04,Manchester United,Tottenham Hotspur,Premier League,domestic_league,H,0,0.78,19.1188,6983,64,7,10,993,0.109375,6.0,1,3,5,0,0,1,1,2,3,0.0,0.1,0.05,0.0,0.1,0.0,0.0354622741973341,0.2799886247308628,0,6,35.0,33,2,6,0.0606060606060606,30,2,0.0666666666666666,5,17,0.2,0.6,1.2,1.8,5,1,0,0,0.0,0.0,0,1,0,0,0.0,0.0,1.0,2.0,0.0,1,1555.04,1491.35,63.7,1,21,1,0.0476190476190476,36,6,0.1666666666666666,3,Saturday,0.6356,0,0,0,1,0,1,3,0,W,1,0,matched_secondary_full_career,0,0,0,0,0,0.6931471805599453,0,0.6931471805599453
2004-03-31_Portugal_Italy_66,2004-03-31,2003/04,Portugal,Italy,International Friendly,international,H,1,0.35,19.1489,6994,65,8,10,992,0.123076923076923,11.0,0,1,4,1,1,2,2,2,3,0.2,0.2,0.1,0.2,0.2,0.0,0.3248235919381338,0.1959920373116039,1,0,11.0,34,3,6,0.088235294117647,3,0,0.0,7,7,0.6666666666666666,1.0,2.333333333333333,1.3333333333333333,3,0,0,0,0.0,0.0,0,0,0,0,0.0,0.0,0.0,0.0,0.0,0,1519.15,1500.0,19.15,0,3,0,0.0,37,7,0.1891891891891892,3,Wednesday,0.6658,0,0,0,0,0,0,1,2,L,0,0,matched_secondary_full_career,1,0,0,0,1,0.0,1,0.0
2004-04-03_Manchester_United_Arsenal_67,2004-04-03,2003/04,Manchester United,Arsenal,FA Cup,domestic_or_other_cup,N,0,0.72,19.1571,6997,66,8,10,992,0.1212121212121212,3.0,1,2,5,1,1,2,2,1,2,0.2,0.2,0.1,0.2,0.2,0.0,0.2273765143566937,0.1371944261181227,0,1,14.0,35,3,6,0.0857142857142857,31,3,0.0967741935483871,8,17,0.4,0.8,1.6,1.4,5,1,0,0,0.0,0.0,0,0,1,0,1.0,1.0,0.0,0.0,1.0,1,1563.23,1500.8,62.43,1,3,1,0.3333333333333333,0,0,0.0,4,Saturday,0.674,0,0,0,0,0,0,1,0,W,0,0,matched_secondary_full_career,0,0,0,0,0,0.6931471805599453,0,0.6931471805599453
2004-04-10_Manchester_United_Birmingham_City_68,2004-04-10,2003/04,Manchester United,Birmingham City,Premier League,domestic_league,A,0,0.78,19.1763,7004,67,8,10,992,0.1194029850746268,7.0,1,2,4,1,1,2,2,0,2,0.2,0.2,0.1,0.2,0.2,0.0,0.1591635600496855,0.0960360982826859,0,2,21.0,36,3,6,0.0833333333333333,32,3,0.09375,10,17,0.6,0.8,1.6,1.2,5,0,0,0,0.0,0.0,0,0,0,0,0.0,0.0,0.0,0.0,0.0,0,1571.45,1500.0,71.45,0,22,2,0.0909090909090909,28,1,0.0357142857142857,4,Saturday,0.6932,0,0,0,1,0,1,2,1,W,1,0,matched_secondary_full_career,1,0,0,0,1,0.0,1,0.0
2004-04-13_Manchester_United_Leicester_City_69,2004-04-13,2003/04,Manchester United,Leicester City,Premier League,domestic_league,H,0,0.78,19.1845,7007,68,9,10,991,0.1323529411764706,3.0,1,3,5,1,2,2,3,0,2,0.4,0.2,0.15,0.4,0.2,0.0,0.4114144920347798,0.0672252687978801,1,0,3.0,37,4,6,0.1081081081081081,33,4,0.1212121212121212,10,17,0.6,0.8,1.6,1.2,5,0,0,0,0.0,0.0,0,0,0,0,0.0,0.0,0.0,0.0,0.0,0,1579.43,1500.0,79.43,0,23,3,0.1304347826086956,38,7,0.1842105263157894,4,Tuesday,0.7014,0,0,0,0,0,0,1,0,W,0,0,matched_secondary_full_career,1,0,0,0,1,0.0,1,0.0
2004-04-17_Manchester_United_Portsmouth_70,2004-04-17,2003/04,Manchester United,Portsmouth,Premier League,domestic_league,A,0,0.78,19.1955,7011,69,9,10,991,0.1304347826086956,4.0,2,3,5,1,2,2,3,0,2,0.4,0.2,0.15,0.4,0.2,0.0,0.2879901444243459,0.047057688158516,0,1,7.0,38,4,6,0.1052631578947368,34,4,0.1176470588235294,12,20,0.8,0.8,1.6,1.0,5,1,1,1,1.0,1.0,1,1,0,0,0.0,0.0,0.0,3.0,0.0,1,1587.18,1490.43,96.75,1,24,3,0.125,29,2,0.0689655172413793,4,Saturday,0.7123,0,0,0,0,0,0,0,1,L,0,0,matched_secondary_full_career,0,0,0,0,0,0.6931471805599453,0,0.6931471805599453
2004-04-20_Manchester_United_Charlton_Athletic_71,2004-04-20,2003/04,Manchester United,Charlton Athletic,Premier League,domestic_league,H,0,0.78,19.2037,7014,70,9,10,991,0.1285714285714285,3.0,2,3,5,1,1,2,3,0,2,0.2,0.2,0.15,0.2,0.2,0.0,0.2015931010970421,0.0329403817109612,0,2,10.0,39,4,6,0.1025641025641025,35,4,0.1142857142857142,12,17,0.8,0.8,1.4,0.4,5,1,0,0,0.0,0.0,0,1,0,0,0.0,0.0,0.0,2.0,0.0,1,1574.46,1490.53,83.94,1,25,3,0.12,39,7,0.1794871794871795,4,Tuesday,0.7205,0,0,0,0,0,0,2,0,W,0,0,matched_secondary_full_career,0,0,0,0,0,0.6931471805599453,0,0.6931471805599453
2004-04-24_Manchester_United_Liverpool_72,2004-04-24,2003/04,Manchester United,Liverpool,Premier League,domestic_league,H,0,0.78,19.2146,7018,71,9,10,991,0.1267605633802817,4.0,2,4,6,0,1,2,3,0,1,0.2,0.2,0.15,0.2,0.2,0.0,0.1411151707679294,0.0230582671976728,0,3,14.0,40,4,6,0.1,36,4,0.1111111111111111,12,20,0.8,0.8,1.2,0.4,5,0,0,0,0.0,0.0,0,0,0,0,0.0,0.0,0.0,0.0,0.0,0,1582.09,1500.0,82.09,0,26,3,0.1153846153846153,40,7,0.175,4,Saturday,0.7315,0,0,0,0,0,0,0,1,L,0,0,matched_secondary_full_career,1,0,0,0,1,0.0,1,0.0
2004-04-28_Portugal_Sweden_73,2004-04-28,2003/04,Portugal,Sweden,International Friendly,international,H,1,0.35,19.2256,7022,72,9,10,991,0.125,4.0,1,3,7,0,1,2,3,0,0,0.2,0.2,0.15,0.2,0.2,0.0,0.0987806195375506,0.016140787038371,0,4,18.0,41,4,6,0.0975609756097561,4,0,0.0,7,7,0.5,0.75,2.0,1.5,4,0,0,0,0.0,0.0,0,0,0,0,0.0,0.0,0.0,0.0,0.0,0,1508.6,1500.0,8.6,0,4,0,0.0,41,7,0.1707317073170731,4,Wednesday,0.7425,0,0,0,0,0,0,2,2,D,0,1,matched_secondary_full_career,1,0,0,0,1,0.0,1,0.0
2004-05-08_Manchester_United_Chelsea_74,2004-05-08,2003/04,Manchester United,Chelsea,Premier League,domestic_league,H,0,0.78,19.253,7032,73,9,11,991,0.1232876712328767,10.0,0,2,6,0,0,2,3,1,1,0.0,0.2,0.15,0.0,0.2,0.0,0.0691464336762854,0.3112985509268597,0,5,28.0,42,4,7,0.0952380952380952,37,4,0.1081081081081081,9,19,0.6,0.6,1.0,0.6,5,1,0,0,0.0,0.0,0,0,0,1,3.0,1.0,1.0,0.0,1.0,1,1569.77,1511.48,58.3,1,27,3,0.1111111111111111,42,7,0.1666666666666666,5,Saturday,0.7699,0,0,0,0,0,0,1,1,D,0,0,matched_secondary_full_career,0,0,0,0,0,0.6931471805599453,0,0.6931471805599453
2004-05-15_Manchester_United_Aston_Villa_75,2004-05-15,2003/04,Manchester United,Aston Villa,Premier League,domestic_league,A,0,0.78,19.2721,7039,74,9,11,991,0.1216216216216216,7.0,1,1,5,0,0,2,3,1,1,0.0,0.2,0.15,0.0,0.2,0.0,0.0484025035733998,0.2179089856488018,0,6,35.0,43,4,7,0.0930232558139534,38,4,0.1052631578947368,7,17,0.4,0.6,0.8,0.6,5,1,0,0,0.0,0.0,0,1,0,0,0.0,0.0,0.0,4.0,0.0,1,1568.11,1490.83,77.28,1,28,3,0.1071428571428571,30,2,0.0666666666666666,5,Saturday,0.789,0,0,0,1,0,1,2,0,W,1,0,matched_secondary_full_career,0,0,0,0,0,0.6931471805599453,0,0.6931471805599453
2004-05-22_Manchester_United_Millwall_76,2004-05-22,2003/04,Manchester United,Millwall,FA Cup,domestic_or_other_cup,N,0,0.72,19.2913,7046,75,10,11,990,0.1333333333333333,7.0,1,2,4,1,1,2,4,1,1,0.2,0.2,0.2,0.2,0.2,0.0,0.3338817525013798,0.1525362899541612,1,0,7.0,44,5,7,0.1136363636363636,39,5,0.1282051282051282,7,19,0.4,0.6,1.0,0.6,5,0,0,0,0.0,0.0,0,0,0,0,0.0,0.0,0.0,0.0,0.0,0,1575.92,1500.0,75.92,0,4,1,0.25,1,0,0.0,5,Saturday,0.8082,0,1,0,1,0,1,3,0,W,1,0,matched_secondary_full_career,1,0,0,0,1,0.0,1,0.0
2004-05-29_Portugal_Luxembourg_77,2004-05-29,2003/04,Portugal,Luxembourg,International Friendly,international,H,1,0.35,19.3105,7053,76,11,11,989,0.1447368421052631,7.0,1,2,3,2,2,3,5,1,1,0.4,0.3,0.25,0.4,0.3,0.0,0.5337172267509659,0.1067754029679128,2,0,7.0,45,6,7,0.1333333333333333,5,0,0.0,8,8,0.4,0.8,2.0,1.6,5,0,0,0,0.0,0.0,0,0,0,0,0.0,0.0,0.0,0.0,0.0,0,1508.35,1500.0,8.35,0,5,0,0.0,43,7,0.1627906976744186,5,Saturday,0.8274,0,1,0,0,0,0,3,0,W,0,0,matched_secondary_full_career,1,0,0,0,1,0.0,1,0.0
2004-06-05_Portugal_Lithuania_78,2004-06-05,2003/04,Portugal,Lithuania,International Friendly,international,H,1,0.35,19.3296,7060,77,11,11,989,0.1428571428571428,7.0,1,2,4,2,2,3,5,1,1,0.4,0.3,0.25,0.4,0.3,0.0,0.3736020587256761,0.074742782077539,0,1,14.0,46,6,7,0.1304347826086956,6,0,0.0,8,11,0.4,0.8,2.4,1.6,5,0,0,0,0.0,0.0,0,0,0,0,0.0,0.0,0.0,0.0,0.0,0,1518.11,1500.0,18.11,0,6,0,0.0,44,7,0.1590909090909091,6,Saturday,0.8466,0,1,0,0,0,0,4,1,W,0,0,matched_secondary_full_career,1,0,0,0,1,0.0,1,0.0
2004-06-12_Portugal_Greece_79,2004-06-12,2003/04,Portugal,Greece,Euro Championship,international,H,1,0.95,19.3488,7067,78,11,11,989,0.141025641025641,7.0,1,2,4,1,2,2,4,0,1,0.4,0.2,0.2,0.4,0.2,0.0,0.2615214411079732,0.0523199474542772,0,2,21.0,47,6,7,0.1276595744680851,7,0,0.0,8,14,0.4,0.8,2.2,1.2,5,0,0,0,0.0,0.0,0,0,0,0,0.0,0.0,0.0,0.0,0.0,0,1527.59,1500.0,27.59,0,0,0,0.0,45,7,0.1555555555555555,6,Saturday,0.8658,0,1,0,1,0,1,1,2,L,1,0,matched_secondary_full_career,1,0,0,0,1,0.0,1,0.0
2004-06-16_Portugal_Russia_80,2004-06-16,2003/04,Portugal,Russia,Euro Championship,international,H,1,0.95,19.3597,7071,79,12,11,988,0.1518987341772152,4.0,1,2,4,1,3,3,5,0,1,0.6,0.3,0.25,0.6,0.3,0.0,0.4830650087755812,0.0366239632179941,1,0,4.0,48,7,7,0.1458333333333333,8,1,0.125,7,14,0.4,0.6,2.2,1.4,5,0,0,0,0.0,0.0,0,0,0,0,0.0,0.0,0.0,0.0,0.0,0,1516.79,1500.0,16.79,0,1,1,1.0,46,8,0.1739130434782608,6,Wednesday,0.8767,0,1,0,0,0,0,2,0,W,0,1,matched_secondary_full_career,1,0,0,0,1,0.0,1,0.0
2004-06-20_Portugal_Spain_81,2004-06-20,2003/04,Portugal,Spain,Euro Championship,international,H,1,0.95,19.3707,7075,80,12,12,988,0.15,4.0,1,2,5,1,2,3,5,1,2,0.4,0.3,0.25,0.4,0.3,0.0,0.3381455061429068,0.3256367742525958,0,1,8.0,49,7,8,0.1428571428571428,9,1,0.1111111111111111,10,17,0.6,0.8,2.4,1.0,5,0,0,0,0.0,0.0,0,0,0,0,0.0,0.0,0.0,0.0,0.0,0,1526.31,1500.0,26.31,0,2,1,0.5,47,8,0.1702127659574468,6,Sunday,0.8877,0,1,0,0,0,0,1,0,W,0,0,matched_secondary_full_career,1,0,0,0,1,0.0,1,0.0
2004-06-24_Portugal_England_82,2004-06-24,2003/04,Portugal,England,Euro Championship,international,H,1,0.95,19.3816,7079,81,12,12,988,0.1481481481481481,4.0,1,3,5,1,1,3,5,1,2,0.2,0.3,0.25,0.2,0.3,0.0,0.2367018543000347,0.227945741976817,0,2,12.0,50,7,8,0.14,10,1,0.1,12,20,0.8,0.8,2.2,0.6,5,1,0,0,0.0,0.0,0,0,1,0,1.0,1.0,1.0,1.0,0.0,1,1535.56,1500.57,34.99,1,3,1,0.3333333333333333,48,8,0.1666666666666666,6,Thursday,0.8986,0,1,0,0,0,0,2,2,D,0,0,matched_secondary_full_career,0,0,0,0,0,0.6931471805599453,0,0.6931471805599453
2004-06-30_Portugal_Netherlands_83,2004-06-30,2003/04,Portugal,Netherlands,Euro Championship,international,H,1,0.95,19.3981,7085,82,12,12,988,0.1463414634146341,6.0,1,3,5,0,1,3,5,1,2,0.2,0.3,0.25,0.2,0.3,0.0,0.1656912980100243,0.1595620193837719,0,3,18.0,51,7,8,0.1372549019607843,11,1,0.0909090909090909,10,18,0.6,0.8,2.0,1.0,5,0,0,0,0.0,0.0,0,0,0,0,0.0,0.0,0.0,0.0,0.0,0,1534.55,1500.0,34.55,0,4,1,0.25,49,8,0.1632653061224489,6,Wednesday,0.9151,0,1,0,1,0,1,2,1,W,1,1,matched_secondary_full_career,1,0,0,0,1,0.0,1,0.0
2004-07-04_Portugal_Greece_84,2004-07-04,2003/04,Portugal,Greece,Euro Championship,international,H,1,0.95,19.409,7089,83,13,13,987,0.1566265060240964,4.0,1,3,6,1,2,4,6,2,2,0.4,0.4,0.3,0.4,0.4,0.0,0.415983908607017,0.4116934135686403,1,0,4.0,52,8,9,0.1538461538461538,12,2,0.1666666666666666,10,18,0.6,0.8,1.6,1.0,5,1,1,0,1.0,1.0,1,0,0,1,3.0,1.0,2.0,1.0,0.0,1,1543.56,1510.79,32.77,1,5,2,0.4,50,9,0.18,7,Sunday,0.926,0,1,0,0,0,0,0,1,L,0,0,matched_secondary_full_career,0,0,0,0,0,0.6931471805599453,0,0.6931471805599453
2004-08-21_Manchester_United_Norwich_City_85,2004-08-21,2004/05,Manchester United,Norwich City,Premier League,domestic_league,H,0,0.78,19.5404,7137,84,13,13,987,0.1547619047619047,48.0,0,0,0,1,1,4,6,2,2,0.2,0.4,0.3,0.2,0.4,0.0,0.2911887360249119,0.2881853894980482,0,1,52.0,0,0,0,0.0,40,6,0.15,10,22,0.6,0.8,1.6,0.4,5,0,0,0,0.0,0.0,0,0,0,0,0.0,0.0,0.0,0.0,0.0,0,1583.77,1500.0,83.77,0,29,4,0.1379310344827586,51,9,0.1764705882352941,8,Saturday,0.0549,1,0,0,0,0,0,2,1,W,0,0,matched_secondary_full_career,1,0,0,0,1,0.0,1,0.0
2004-08-25_Manchester_United_Dinamo_Bucharest_86,2004-08-25,2004/05,Manchester United,Dinamo Bucharest,Champions League Qualifying,continental_club,H,0,0.72,19.5514,7141,85,13,13,987,0.1529411764705882,4.0,1,1,1,1,1,3,5,1,2,0.2,0.3,0.25,0.2,0.3,0.0,0.2038321152174383,0.2017297726486337,0,2,56.0,1,0,0,0.0,41,6,0.1463414634146341,10,22,0.6,0.8,1.6,0.6,5,0,0,0,0.0,0.0,0,0,0,0,0.0,0.0,0.0,0.0,0.0,0,1591.41,1500.0,91.41,0,1,0,0.0,52,9,0.173076923076923,8,Wednesday,0.0659,1,0,0,0,0,0,3,0,W,0,0,matched_secondary_full_career,1,0,0,0,1,0.0,1,0.0
2004-08-28_Manchester_United_Blackburn_Rovers_87,2004-08-28,2004/05,Manchester United,Blackburn Rovers,Premier League,domestic_league,A,0,0.78,19.5596,7144,86,13,13,987,0.1511627906976744,3.0,2,2,2,0,1,2,5,1,2,0.2,0.2,0.25,0.2,0.2,0.0,0.1426824806522068,0.1412108408540436,0,3,59.0,2,0,0,0.0,42,6,0.1428571428571428,13,22,0.8,1.0,2.2,0.4,5,1,0,0,0.0,0.0,0,1,0,0,0.0,0.0,1.0,2.0,0.0,1,1598.83,1490.97,107.86,1,30,4,0.1333333333333333,31,3,0.0967741935483871,8,Saturday,0.0742,1,0,0,0,0,0,1,1,D,0,0,matched_secondary_full_career,0,0,0,0,0,0.6931471805599453,0,0.6931471805599453
2004-08-30_Manchester_United_Everton_88,2004-08-30,2004/05,Manchester United,Everton,Premier League,domestic_league,H,0,0.78,19.5651,7146,87,13,13,987,0.1494252873563218,2.0,2,3,3,0,1,2,5,1,2,0.2,0.2,0.25,0.2,0.2,0.0,0.0998777364565447,0.0988475885978305,0,4,61.0,3,0,0,0.0,43,6,0.1395348837209302,13,20,0.8,1.0,2.2,0.4,5,2,0,2,0.0,0.0,0,2,0,0,0.0,0.0,2.5,3.5,0.0,2,1595.83,1483.79,112.04,2,31,4,0.1290322580645161,53,9,0.1698113207547169,8,Monday,0.0797,1,0,0,0,0,0,0,0,D,0,0,matched_secondary_full_career,0,0,0,0,0,1.0986122886681098,0,1.0986122886681098
2004-09-04_Portugal_Latvia_89,2004-09-04,2004/05,Portugal,Latvia,World Cup - Qualification Europe,international,A,1,0.76,19.5788,7151,88,13,13,987,0.1477272727272727,5.0,2,4,4,0,0,2,4,0,2,0.0,0.2,0.2,0.0,0.2,0.0,0.0699144155195813,0.0691933120184813,0,5,66.0,4,0,0,0.0,13,2,0.1538461538461538,10,17,0.6,0.8,1.4,0.8,5,0,0,0,0.0,0.0,0,0,0,0,0.0,0.0,0.0,0.0,0.0,0,1532.62,1500.0,32.62,0,0,0,0.0,32,3,0.09375,9,Saturday,0.0934,1,0,0,1,0,1,2,0,W,1,1,matched_secondary_full_career,1,0,0,0,1,0.0,1,0.0
2004-09-08_Portugal_Estonia_90,2004-09-08,2004/05,Portugal,Estonia,World Cup - Qualification Europe,international,H,1,0.76,19.5897,7155,89,14,14,986,0.1573033707865168,4.0,1,4,5,1,1,2,5,1,3,0.2,0.2,0.25,0.2,0.2,0.0,0.3489400908637069,0.3484353184129369,1,0,4.0,5,1,1,0.2,14,3,0.2142857142857142,10,20,0.6,0.8,1.4,0.8,5,0,0,0,0.0,0.0,0,0,0,0,0.0,0.0,0.0,0.0,0.0,0,1541.68,1500.0,41.68,0,1,1,1.0,54,9,0.1666666666666666,9,Wednesday,0.1044,1,0,0,1,0,1,4,0,W,1,2,matched_secondary_full_career,1,0,0,0,1,0.0,1,0.0
2004-09-11_Manchester_United_Bolton_Wanderers_91,2004-09-11,2004/05,Manchester United,Bolton Wanderers,Premier League,domestic_league,A,0,0.78,19.5979,7158,90,15,16,985,0.1666666666666666,3.0,2,4,6,2,2,3,6,3,4,0.4,0.3,0.3,0.4,0.3,0.0,0.5442580636045948,0.8439047228890558,2,0,3.0,6,2,3,0.3333333333333333,44,6,0.1363636363636363,11,18,0.6,1.0,1.8,0.4,5,1,0,0,0.0,0.0,0,1,0,0,0.0,0.0,0.0,4.0,0.0,1,1592.71,1490.0,102.71,1,32,4,0.125,33,4,0.1212121212121212,9,Saturday,0.1126,1,0,0,0,0,0,2,2,D,0,0,matched_secondary_full_career,0,0,0,0,0,0.6931471805599453,0,0.6931471805599453
2004-09-15_Manchester_United_Lyon_92,2004-09-15,2004/05,Manchester United,Lyon,UEFA Champions League,continental_club,A,0,0.94,19.6089,7162,91,15,16,985,0.1648351648351648,4.0,2,3,7,2,2,3,6,3,4,0.4,0.3,0.3,0.4,0.3,0.0,0.3809806445232163,0.5907333060223391,0,1,7.0,7,2,3,0.2857142857142857,45,6,0.1333333333333333,9,19,0.4,1.0,1.6,0.8,5,0,0,0,0.0,0.0,0,0,0,0,0.0,0.0,0.0,0.0,0.0,0,1589.84,1500.0,89.84,0,5,0,0.0,34,4,0.1176470588235294,9,Wednesday,0.1236,1,0,0,0,0,0,2,2,D,0,1,matched_secondary_full_career,1,0,0,0,1,0.0,1,0.0
2004-09-20_Manchester_United_Liverpool_93,2004-09-20,2004/05,Manchester United,Liverpool,Premier League,domestic_league,H,0,0.78,19.6226,7167,92,15,17,985,0.1630434782608695,5.0,1,3,8,1,2,3,6,4,5,0.4,0.3,0.3,0.4,0.3,0.0,0.2666864511662514,0.7135133142156374,0,2,12.0,8,2,4,0.25,46,6,0.1304347826086956,7,17,0.2,1.0,1.6,1.0,5,1,0,0,0.0,0.0,0,0,0,1,3.0,1.0,1.0,0.0,1.0,1,1587.31,1512.32,74.99,1,33,4,0.1212121212121212,55,10,0.1818181818181818,9,Monday,0.1374,1,0,0,0,0,0,2,1,W,0,0,matched_secondary_full_career,0,0,0,0,0,0.6931471805599453,0,0.6931471805599453
2004-09-25_Manchester_United_Tottenham_Hotspur_94,2004-09-25,2004/05,Manchester United,Tottenham Hotspur,Premier League,domestic_league,A,0,0.78,19.6363,7172,93,15,17,985,0.1612903225806451,5.0,1,3,7,0,2,2,6,4,4,0.4,0.2,0.3,0.4,0.2,0.0,0.1866805158163759,0.4994593199509461,0,3,17.0,9,2,4,0.2222222222222222,47,6,0.1276595744680851,7,20,0.2,1.0,1.4,1.2,5,2,1,0,0.5,0.5,1,2,0,0,0.0,0.0,0.5,2.5,0.0,2,1595.18,1483.16,112.02,2,34,4,0.1176470588235294,35,4,0.1142857142857142,9,Saturday,0.1511,1,0,0,0,0,0,1,0,W,0,0,matched_secondary_full_career,0,0,0,0,0,1.0986122886681098,0,1.0986122886681098
2004-10-03_Manchester_United_Middlesbrough_95,2004-10-03,2004/05,Manchester United,Middlesbrough,Premier League,domestic_league,H,0,0.78,19.6582,7180,94,15,17,985,0.1595744680851064,8.0,0,2,6,0,1,2,6,3,4,0.2,0.2,0.3,0.2,0.2,0.0,0.1306763610714631,0.3496215239656622,0,4,25.0,10,2,4,0.2,48,6,0.125,9,22,0.4,1.0,1.4,1.0,5,1,0,0,0.0,0.0,0,0,0,1,3.0,1.0,3.0,2.0,0.0,1,1602.06,1512.18,89.88,1,35,4,0.1142857142857142,56,10,0.1785714285714285,10,Sunday,0.1731,1,0,0,0,0,0,1,1,D,0,1,matched_secondary_full_career,0,0,0,0,0,0.6931471805599453,0,0.6931471805599453
2004-10-09_Portugal_Liechtenstein_96,2004-10-09,2004/05,Portugal,Liechtenstein,World Cup - Qualification Europe,international,A,1,0.76,19.6746,7186,95,15,18,985,0.1578947368421052,6.0,1,2,5,0,0,2,5,2,5,0.0,0.2,0.25,0.0,0.2,0.0,0.0914734527500242,0.5447350667759636,0,5,31.0,11,2,5,0.1818181818181818,15,4,0.2666666666666666,10,22,0.6,0.8,2.0,0.8,5,0,0,0,0.0,0.0,0,0,0,0,0.0,0.0,0.0,0.0,0.0,0,1550.49,1500.0,50.49,0,2,2,1.0,36,4,0.1111111111111111,10,Saturday,0.1896,1,0,0,0,0,0,2,2,D,0,0,matched_secondary_full_career,1,0,0,0,1,0.0,1,0.0
2004-10-13_Portugal_Russia_97,2004-10-13,2004/05,Portugal,Russia,World Cup - Qualification Europe,international,H,1,0.76,19.6856,7190,96,15,18,985,0.15625,4.0,1,2,5,0,0,2,4,2,5,0.0,0.2,0.2,0.0,0.2,0.0,0.0640314169250169,0.3813145467431745,0,6,35.0,12,2,5,0.1666666666666666,16,4,0.25,10,20,0.6,0.8,2.0,0.8,5,1,0,1,0.0,0.0,0,1,0,0,0.0,0.0,0.0,2.0,0.0,1,1549.05,1490.48,58.56,1,3,2,0.6666666666666666,57,10,0.175438596491228,10,Wednesday,0.2005,0,0,0,1,1,2,7,1,W,2,1,matched_secondary_full_career,0,0,0,0,0,0.6931471805599453,0,0.6931471805599453
2004-10-16_Manchester_United_Birmingham_City_98,2004-10-16,2004/05,Manchester United,Birmingham City,Premier League,domestic_league,A,0,0.78,19.6938,7193,97,17,19,983,0.1752577319587628,3.0,2,3,5,2,2,4,6,2,6,0.4,0.4,0.3,0.2,0.3,0.1,0.6448219918475119,0.5669201827202222,1,0,3.0,13,4,6,0.3076923076923077,49,6,0.1224489795918367,9,20,0.4,1.0,1.6,1.2,5,1,1,0,1.0,1.0,1,1,0,0,0.0,0.0,1.0,2.0,0.0,1,1599.53,1492.03,107.5,1,36,4,0.1111111111111111,37,4,0.1081081081081081,10,Saturday,0.2088,0,0,0,0,0,0,0,0,D,0,0,matched_secondary_full_career,0,0,0,0,0,0.6931471805599453,0,0.6931471805599453
2004-10-19_Manchester_United_Sparta_Prague_99,2004-10-19,2004/05,Manchester United,Sparta Prague,UEFA Champions League,continental_club,A,0,0.94,19.702,7196,98,17,19,983,0.173469387755102,3.0,2,3,6,2,2,4,6,2,6,0.4,0.4,0.3,0.2,0.3,0.1,0.4513753942932583,0.3968441279041554,0,1,6.0,14,4,6,0.2857142857142857,50,6,0.12,9,18,0.4,1.0,1.2,0.8,5,0,0,0,0.0,0.0,0,0,0,0,0.0,0.0,0.0,0.0,0.0,0,1596.53,1500.0,96.53,0,6,0,0.0,38,4,0.1052631578947368,10,Tuesday,0.217,0,0,0,0,0,0,0,0,D,0,0,matched_secondary_full_career,1,0,0,0,1,0.0,1,0.0
2004-10-24_Manchester_United_Arsenal_100,2004-10-24,2004/05,Manchester United,Arsenal,Premier League,domestic_league,H,0,0.78,19.7157,7201,99,17,19,983,0.1717171717171717,5.0,1,3,6,2,2,3,5,2,5,0.4,0.3,0.25,0.2,0.2,0.1,0.3159627760052808,0.2777908895329088,0,2,11.0,15,4,6,0.2666666666666666,51,6,0.1176470588235294,9,16,0.4,1.0,0.8,0.4,5,2,0,0,0.0,0.0,0,1,1,0,0.5,0.5,0.0,0.5,0.5,2,1593.82,1492.58,101.25,2,37,4,0.1081081081081081,58,12,0.2068965517241379,10,Sunday,0.2308,0,0,0,0,0,0,2,0,W,0,0,matched_secondary_full_career,0,0,0,0,0,1.0986122886681098,0,1.0986122886681098
2004-10-30_Manchester_United_Portsmouth_101,2004-10-30,2004/05,Manchester United,Portsmouth,Premier League,domestic_league,A,0,0.78,19.7321,7207,100,17,19,983,0.17,6.0,1,3,6,0,2,2,5,1,3,0.4,0.2,0.25,0.2,0.1,0.1,0.2211739432036965,0.1944536226730361,0,3,17.0,16,4,6,0.25,52,6,0.1153846153846153,9,16,0.4,1.0,0.8,0.2,5,2,1,1,0.5,0.5,1,1,0,1,1.5,0.5,0.5,1.5,0.5,2,1600.99,1503.15,97.84,2,38,4,0.1052631578947368,39,4,0.1025641025641025,10,Saturday,0.2473,0,0,0,0,0,0,0,2,L,0,0,matched_secondary_full_career,0,0,0,0,0,1.0986122886681098,0,1.0986122886681098
2004-11-03_Manchester_United_Sparta_Prague_102,2004-11-03,2004/05,Manchester United,Sparta Prague,UEFA Champions League,continental_club,H,0,0.94,19.743,7211,101,17,19,983,0.1683168316831683,4.0,1,2,6,0,2,2,5,1,3,0.4,0.2,0.25,0.2,0.1,0.1,0.1548217602425875,0.1361175358711253,0,4,21.0,17,4,6,0.2352941176470588,53,6,0.1132075471698113,6,15,0.2,0.8,0.6,0.6,5,1,0,0,0.0,0.0,0,0,1,0,1.0,1.0,0.0,0.0,1.0,1,1588.25,1502.71,85.54,1,7,0,0.0,59,12,0.2033898305084746,11,Wednesday,0.2582,0,0,0,0,0,0,4,1,W,0,0,matched_secondary_full_career,0,0,0,0,0,0.6931471805599453,0,0.6931471805599453
2004-11-07_Manchester_United_Manchester_City_103,2004-11-07,2004/05,Manchester United,Manchester City,Premier League,domestic_league,H,0,0.78,19.754,7215,102,17,19,983,0.1666666666666666,4.0,1,3,7,0,0,2,5,0,2,0.0,0.2,0.25,0.0,0.1,0.1,0.1083752321698112,0.0952822751097877,0,5,25.0,18,4,6,0.2222222222222222,54,6,0.1111111111111111,8,17,0.4,0.8,1.2,0.6,5,3,1,0,0.3333333333333333,0.3333333333333333,1,2,0,1,1.0,0.3333333333333333,2.333333333333333,2.6666666666666665,0.0,3,1595.83,1495.56,100.27,3,39,4,0.1025641025641025,60,12,0.2,11,Sunday,0.2692,0,0,0,0,0,0,0,0,D,0,0,matched_secondary_full_career,0,0,0,0,0,1.3862943611198906,0,1.3862943611198906
2004-11-14_Manchester_United_Newcastle_United_104,2004-11-14,2004/05,Manchester United,Newcastle United,Premier League,domestic_league,A,0,0.78,19.7732,7222,103,17,19,983,0.1650485436893204,7.0,1,2,6,0,0,2,4,0,2,0.0,0.2,0.2,0.0,0.1,0.1,0.0758626625188679,0.0666975925768513,0,6,32.0,19,4,6,0.2105263157894736,55,6,0.109090909090909,8,17,0.4,0.8,1.2,0.6,5,1,0,0,0.0,0.0,0,1,0,0,0.0,0.0,1.0,2.0,0.0,1,1593.02,1490.29,102.74,1,40,4,0.1,40,4,0.1,11,Sunday,0.2885,0,0,0,0,0,0,3,1,W,0,0,matched_secondary_full_career,0,0,0,0,0,0.6931471805599453,0,0.6931471805599453
2004-11-17_Portugal_Luxembourg_105,2004-11-17,2004/05,Portugal,Luxembourg,World Cup - Qualification Europe,international,A,1,0.76,19.7814,7225,104,17,19,983,0.1634615384615384,3.0,1,3,6,0,0,2,4,0,2,0.0,0.2,0.2,0.0,0.1,0.1,0.0531038637632075,0.0466883148037959,0,7,35.0,20,4,6,0.2,17,6,0.3529411764705882,10,20,0.6,0.8,3.0,0.8,5,1,0,0,0.0,0.0,0,1,0,0,0.0,0.0,0.0,3.0,0.0,1,1557.38,1490.24,67.14,1,4,4,1.0,41,4,0.0975609756097561,11,Wednesday,0.2967,0,0,0,1,0,1,5,0,W,1,0,matched_secondary_full_career,0,0,0,0,0,0.6931471805599453,0,0.6931471805599453
2004-11-23_Manchester_United_Lyon_106,2004-11-23,2004/05,Manchester United,Lyon,UEFA Champions League,continental_club,H,0,0.94,19.7978,7231,105,18,19,982,0.1714285714285714,6.0,1,2,6,1,1,3,5,0,1,0.2,0.3,0.25,0.2,0.2,0.1,0.3371727046342452,0.0326818203626571,1,0,6.0,21,5,6,0.238095238095238,56,6,0.1071428571428571,10,19,0.6,0.8,1.8,0.8,5,1,0,1,0.0,0.0,0,0,1,0,1.0,1.0,2.0,2.0,0.0,1,1600.15,1502.53,97.62,1,8,0,0.0,61,12,0.1967213114754098,11,Tuesday,0.3132,0,0,0,0,0,0,2,1,W,0,0,matched_secondary_full_career,0,0,0,0,0,0.6931471805599453,0,0.6931471805599453
2004-11-27_Manchester_United_West_Bromwich_Albion_107,2004-11-27,2004/05,Manchester United,West Bromwich Albion,Premier League,domestic_league,A,0,0.78,19.8088,7235,106,18,19,982,0.1698113207547169,4.0,1,3,6,1,1,3,5,0,1,0.2,0.3,0.25,0.2,0.2,0.1,0.2360208932439716,0.02287727425386,0,1,10.0,22,5,6,0.2272727272727272,57,6,0.1052631578947368,10,19,0.6,0.8,1.8,1.0,5,1,0,0,0.0,0.0,0,0,0,1,3.0,1.0,2.0,0.0,1.0,1,1607.41,1511.15,96.26,1,41,4,0.0975609756097561,42,5,0.119047619047619,11,Saturday,0.3242,0,0,0,0,0,0,3,0,W,0,0,matched_secondary_full_career,0,0,0,0,0,0.6931471805599453,0,0.6931471805599453
2004-12-04_Manchester_United_Southampton_108,2004-12-04,2004/05,Manchester United,Southampton,Premier League,domestic_league,H,0,0.78,19.8279,7242,107,18,19,982,0.1682242990654205,7.0,1,2,5,1,1,1,5,0,0,0.2,0.1,0.25,0.2,0.1,0.0,0.1652146252707801,0.016014091977702,0,2,17.0,23,5,6,0.217391304347826,58,6,0.1034482758620689,13,19,0.8,1.0,2.4,0.6,5,2,0,0,0.0,0.0,0,1,0,1,1.5,0.5,1.5,1.5,0.5,2,1614.71,1502.26,112.45,2,42,4,0.0952380952380952,62,12,0.1935483870967742,12,Saturday,0.3434,0,0,1,1,0,1,3,0,W,1,0,matched_secondary_full_career,0,0,0,0,0,1.0986122886681098,0,1.0986122886681098
2004-12-08_Manchester_United_Fenerbahce_109,2004-12-08,2004/05,Manchester United,Fenerbahce,UEFA Champions League,continental_club,A,0,0.94,19.8389,7246,108,19,19,981,0.1759259259259259,4.0,1,2,5,1,2,2,6,0,0,0.4,0.2,0.3,0.4,0.2,0.0,0.4156502376895461,0.0112098643843914,1,0,4.0,24,6,6,0.25,59,7,0.1186440677966101,13,21,0.8,1.0,2.2,0.4,5,0,0,0,0.0,0.0,0,0,0,0,0.0,0.0,0.0,0.0,0.0,0,1621.58,1500.0,121.58,0,9,0,0.0,43,5,0.1162790697674418,12,Wednesday,0.3544,0,0,1,0,0,0,0,3,L,0,0,matched_secondary_full_career,1,0,0,0,1,0.0,1,0.0
2004-12-13_Manchester_United_Fulham_110,2004-12-13,2004/05,Manchester United,Fulham,Premier League,domestic_league,A,0,0.78,19.8526,7251,109,19,19,981,0.1743119266055046,5.0,1,2,6,1,2,2,5,0,0,0.4,0.2,0.25,0.4,0.2,0.0,0.2909551663826822,0.0078469050690739,0,1,9.0,25,6,6,0.24,60,7,0.1166666666666666,12,20,0.8,0.8,2.2,1.0,5,3,0,2,0.0,0.0,0,1,1,1,1.3333333333333333,0.6666666666666666,1.6666666666666667,1.3333333333333333,0.0,3,1608.22,1503.55,104.67,3,43,5,0.1162790697674418,44,5,0.1136363636363636,12,Monday,0.3681,0,0,1,0,0,0,1,1,D,0,0,matched_secondary_full_career,0,0,0,0,0,1.3862943611198906,0,1.3862943611198906
2004-12-26_Manchester_United_Bolton_Wanderers_111,2004-12-26,2004/05,Manchester United,Bolton Wanderers,Premier League,domestic_league,H,0,0.78,19.8882,7264,110,19,19,981,0.1727272727272727,13.0,0,1,4,1,1,2,4,0,0,0.2,0.2,0.2,0.2,0.2,0.0,0.2036686164678775,0.0054928335483517,0,2,22.0,26,6,6,0.2307692307692307,61,7,0.1147540983606557,10,20,0.6,0.8,1.8,1.0,5,2,0,0,0.0,0.0,0,1,1,0,0.5,0.5,1.0,3.0,0.0,2,1605.29,1492.87,112.42,2,44,5,0.1136363636363636,63,13,0.2063492063492063,12,Sunday,0.4038,0,0,1,0,0,0,2,0,W,0,1,matched_secondary_full_career,0,0,0,0,0,1.0986122886681098,0,1.0986122886681098
2004-12-28_Manchester_United_Aston_Villa_112,2004-12-28,2004/05,Manchester United,Aston Villa,Premier League,domestic_league,A,0,0.78,19.8936,7266,111,19,20,981,0.1711711711711711,2.0,1,1,4,0,1,2,4,1,1,0.2,0.2,0.2,0.2,0.2,0.0,0.1425680315275143,0.3038449834838462,0,3,24.0,27,6,7,0.2222222222222222,62,7,0.1129032258064516,10,20,0.6,0.8,1.8,0.8,5,2,1,0,0.5,0.5,1,2,0,0,0.0,0.0,0.0,3.0,0.0,2,1612.17,1483.02,129.15,2,45,5,0.1111111111111111,45,5,0.1111111111111111,12,Tuesday,0.4093,0,0,1,0,0,0,1,0,W,0,0,matched_secondary_full_career,0,0,0,0,0,1.0986122886681098,0,1.0986122886681098
2005-01-01_Manchester_United_Middlesbrough_113,2005-01-01,2004/05,Manchester United,Middlesbrough,Premier League,domestic_league,A,0,0.78,19.9046,7270,112,19,20,981,0.1696428571428571,4.0,2,2,5,0,1,2,4,1,1,0.2,0.2,0.2,0.2,0.2,0.0,0.09979762206926,0.2126914884386923,0,4,28.0,28,6,7,0.2142857142857142,63,7,0.1111111111111111,10,23,0.6,0.8,1.4,0.8,5,2,0,1,0.0,0.0,0,0,1,1,2.0,1.0,2.0,1.5,0.0,2,1618.61,1514.71,103.9,2,46,5,0.108695652173913,46,5,0.108695652173913,1,Saturday,0.4203,0,0,1,0,0,0,2,0,W,0,0,matched_secondary_full_career,0,0,0,0,0,1.0986122886681098,0,1.0986122886681098
2005-01-04_Manchester_United_Tottenham_Hotspur_114,2005-01-04,2004/05,Manchester United,Tottenham Hotspur,Premier League,domestic_league,H,0,0.78,19.9128,7273,113,19,20,981,0.168141592920354,3.0,2,3,5,0,0,2,4,1,1,0.0,0.2,0.2,0.0,0.2,0.0,0.069858335448482,0.1488840419070846,0,5,31.0,29,6,7,0.2068965517241379,64,7,0.109375,10,23,0.6,0.8,1.2,0.8,5,3,1,0,0.3333333333333333,0.3333333333333333,1,3,0,0,0.0,0.0,0.3333333333333333,2.0,0.0,3,1625.71,1476.28,149.43,3,47,5,0.1063829787234042,64,13,0.203125,1,Tuesday,0.4286,0,0,1,0,0,0,0,0,D,0,0,matched_secondary_full_career,0,0,0,0,0,1.3862943611198906,0,1.3862943611198906
2005-01-08_Manchester_United_Exeter_City_115,2005-01-08,2004/05,Manchester United,Exeter City,FA Cup,domestic_or_other_cup,H,0,0.72,19.9237,7277,114,19,20,981,0.1666666666666666,4.0,2,4,5,0,0,2,4,1,1,0.0,0.2,0.2,0.0,0.2,0.0,0.0489008348139373,0.1042188293349592,0,6,35.0,30,6,7,0.2,65,7,0.1076923076923077,11,23,0.6,1.0,1.2,0.2,5,0,0,0,0.0,0.0,0,0,0,0,0.0,0.0,0.0,0.0,0.0,0,1621.65,1500.0,121.65,0,5,2,0.4,65,13,0.2,1,Saturday,0.4396,0,0,1,0,0,0,0,0,D,0,0,matched_secondary_full_career,1,0,0,0,1,0.0,1,0.0
2005-01-12_Manchester_United_Chelsea_116,2005-01-12,2004/05,Manchester United,Chelsea,League Cup,domestic_or_other_cup,A,0,0.72,19.9347,7281,115,19,20,981,0.1652173913043478,4.0,1,3,6,0,0,1,4,1,1,0.0,0.1,0.2,0.0,0.1,0.0,0.0342305843697561,0.0729531805344714,0,7,39.0,31,6,7,0.1935483870967742,66,7,0.106060606060606,11,21,0.6,1.0,1.0,0.0,5,2,0,0,0.0,0.0,0,0,1,1,2.0,1.0,1.0,0.5,0.5,2,1618.29,1513.14,105.15,2,1,0,0.0,47,5,0.1063829787234042,1,Wednesday,0.4505,0,0,1,0,0,0,0,0,D,0,0,matched_secondary_full_career,0,0,0,0,0,1.0986122886681098,0,1.0986122886681098
2005-01-15_Manchester_United_Liverpool_117,2005-01-15,2004/05,Manchester United,Liverpool,Premier League,domestic_league,A,0,0.78,19.9429,7284,116,19,20,981,0.1637931034482758,3.0,2,4,6,0,0,1,4,0,1,0.0,0.1,0.2,0.0,0.1,0.0,0.0239614090588293,0.05106722637413,0,8,42.0,32,6,7,0.1875,67,7,0.1044776119402985,9,19,0.4,1.0,0.6,0.0,5,2,0,0,0.0,0.0,0,1,0,1,1.5,0.5,1.0,1.0,0.5,2,1615.35,1504.45,110.91,2,48,5,0.1041666666666666,48,5,0.1041666666666666,1,Saturday,0.4588,0,0,1,0,0,0,1,0,W,0,1,matched_secondary_full_career,0,0,0,0,0,1.0986122886681098,0,1.0986122886681098
2005-01-19_Manchester_United_Exeter_City_118,2005-01-19,2004/05,Manchester United,Exeter City,FA Cup,domestic_or_other_cup,A,0,0.72,19.9539,7288,117,19,21,981,0.1623931623931624,4.0,2,3,7,0,0,1,2,1,2,0.0,0.1,0.1,0.0,0.1,0.0,0.0167729863411805,0.335747058461891,0,9,46.0,33,6,8,0.1818181818181818,68,7,0.1029411764705882,9,19,0.4,1.0,0.6,0.0,5,1,0,0,0.0,0.0,0,0,1,0,1.0,1.0,0.0,0.0,1.0,1,1622.26,1503.37,118.9,1,6,2,0.3333333333333333,49,5,0.1020408163265306,1,Wednesday,0.4698,0,0,1,1,0,1,2,0,W,1,0,matched_secondary_full_career,0,0,0,0,0,0.6931471805599453,0,0.6931471805599453
2005-01-22_Manchester_United_Aston_Villa_119,2005-01-22,2004/05,Manchester United,Aston Villa,Premier League,domestic_league,H,0,0.78,19.9621,7291,118,20,21,980,0.1694915254237288,3.0,2,4,8,1,1,1,3,1,2,0.2,0.1,0.15,0.2,0.1,0.0,0.3117410904388263,0.2350229409233236,1,0,3.0,34,7,8,0.2058823529411764,69,8,0.1159420289855072,9,19,0.4,1.0,0.6,0.0,5,3,1,0,0.3333333333333333,0.3333333333333333,1,3,0,0,0.0,0.0,0.0,2.333333333333333,0.0,3,1628.97,1476.58,152.39,3,49,5,0.1020408163265306,66,13,0.1969696969696969,1,Saturday,0.478,0,0,1,1,0,1,3,1,W,1,0,matched_secondary_full_career,0,0,0,0,0,1.3862943611198906,0,1.3862943611198906
2005-01-26_Manchester_United_Chelsea_120,2005-01-26,2004/05,Manchester United,Chelsea,League Cup,domestic_or_other_cup,H,0,0.72,19.973,7295,119,21,21,979,0.1764705882352941,4.0,2,4,8,2,2,2,4,1,2,0.4,0.2,0.2,0.4,0.2,0.0,0.5182187633071784,0.1645160586463265,2,0,4.0,35,8,8,0.2285714285714285,70,9,0.1285714285714285,11,22,0.6,1.0,1.2,0.2,5,3,0,0,0.0,0.0,0,0,2,1,1.6666666666666667,1.0,0.6666666666666666,0.3333333333333333,0.6666666666666666,3,1634.84,1516.08,118.77,3,2,0,0.0,67,14,0.208955223880597,1,Wednesday,0.489,0,0,1,0,0,0,1,2,L,0,0,matched_secondary_full_career,0,0,0,0,0,1.3862943611198906,0,1.3862943611198906
2005-01-29_Manchester_United_Middlesbrough_121,2005-01-29,2004/05,Manchester United,Middlesbrough,FA Cup,domestic_or_other_cup,H,0,0.72,19.9812,7298,120,21,21,979,0.175,3.0,2,4,8,2,2,2,4,1,2,0.4,0.2,0.2,0.4,0.2,0.0,0.3627531343150248,0.1151612410524285,0,1,7.0,36,8,8,0.2222222222222222,71,9,0.1267605633802817,10,21,0.6,0.8,1.4,0.6,5,3,0,1,0.0,0.0,0,1,1,1,1.3333333333333333,0.6666666666666666,1.3333333333333333,1.6666666666666667,0.0,3,1621.55,1507.62,113.94,3,7,3,0.4285714285714285,68,14,0.2058823529411764,1,Saturday,0.4973,0,0,1,0,0,0,3,0,W,0,0,matched_secondary_full_career,0,0,0,0,0,1.3862943611198906,0,1.3862943611198906
2005-02-01_Manchester_United_Arsenal_122,2005-02-01,2004/05,Manchester United,Arsenal,Premier League,domestic_league,A,0,0.78,19.9895,7301,121,21,21,979,0.1735537190082644,3.0,2,4,8,1,2,2,4,1,1,0.4,0.2,0.2,0.4,0.2,0.0,0.2539271940205174,0.0806128687367,0,2,10.0,37,8,8,0.2162162162162162,72,9,0.125,12,21,0.8,0.8,2.0,0.6,5,3,0,0,0.0,0.0,0,2,1,0,0.3333333333333333,0.3333333333333333,0.0,1.0,0.3333333333333333,3,1628.39,1485.41,142.98,3,50,6,0.12,50,6,0.12,2,Tuesday,0.5055,0,0,0,1,1,2,4,2,W,2,0,matched_secondary_full_career,0,0,0,0,0,1.3862943611198906,0,1.3862943611198906
2005-02-05_Manchester_United_Birmingham_City_123,2005-02-05,2004/05,Manchester United,Birmingham City,Premier League,domestic_league,H,0,0.78,20.0004,7305,122,23,21,977,0.1885245901639344,4.0,2,4,8,2,4,4,6,0,1,0.8,0.4,0.3,0.6,0.3,0.1,0.7777490358143622,0.05642900811569,1,0,4.0,38,10,8,0.2631578947368421,73,11,0.1506849315068493,12,21,0.8,0.8,2.6,1.0,5,2,1,0,0.5,0.5,1,1,1,0,0.5,0.5,0.5,1.0,0.5,2,1634.49,1495.03,139.46,2,51,8,0.1568627450980392,69,14,0.2028985507246377,2,Saturday,0.5165,0,0,0,0,0,0,2,0,W,0,1,matched_secondary_full_career,0,0,0,0,0,1.0986122886681098,0,1.0986122886681098
2005-02-09_Portugal_Republic_of_Ireland_124,2005-02-09,2004/05,Portugal,Republic of Ireland,International Friendly,international,A,1,0.35,20.0114,7309,123,23,22,977,0.1869918699186991,4.0,1,4,8,2,3,4,6,1,2,0.6,0.4,0.3,0.4,0.3,0.1,0.5444243250700534,0.339500305680983,0,1,8.0,39,10,9,0.2564102564102564,18,7,0.3888888888888889,13,23,0.8,1.0,4.0,0.6,5,0,0,0,0.0,0.0,0,0,0,0,0.0,0.0,0.0,0.0,0.0,0,1565.47,1500.0,65.47,0,7,0,0.0,51,8,0.1568627450980392,2,Wednesday,0.5275,0,0,0,0,0,0,0,1,L,0,0,matched_secondary_full_career,1,0,0,0,1,0.0,1,0.0
2005-02-13_Manchester_United_Manchester_City_125,2005-02-13,2004/05,Manchester United,Manchester City,Premier League,domestic_league,A,0,0.78,20.0223,7313,124,23,22,977,0.1854838709677419,4.0,1,3,8,2,2,4,6,1,2,0.4,0.4,0.3,0.2,0.3,0.1,0.3810970275490374,0.2376502139766881,0,2,12.0,40,10,9,0.25,74,11,0.1486486486486486,12,21,0.8,0.8,2.6,1.0,5,4,1,0,0.25,0.25,1,2,1,1,1.0,0.5,1.75,2.0,0.25,4,1640.68,1498.37,142.31,4,52,8,0.1538461538461538,52,8,0.1538461538461538,2,Sunday,0.5385,0,0,0,0,0,0,2,0,W,0,0,matched_secondary_full_career,0,0,0,0,0,1.6094379124341003,0,1.6094379124341003
2005-02-19_Manchester_United_Everton_126,2005-02-19,2004/05,Manchester United,Everton,FA Cup,domestic_or_other_cup,A,0,0.72,20.0387,7319,125,23,22,977,0.184,6.0,1,3,7,0,2,4,5,1,2,0.4,0.4,0.25,0.2,0.3,0.1,0.2667679192843261,0.1663551497836816,0,3,18.0,41,10,9,0.2439024390243902,75,11,0.1466666666666666,12,23,0.8,0.8,2.4,0.8,5,3,0,2,0.0,0.0,0,2,1,0,0.3333333333333333,0.3333333333333333,1.6666666666666667,2.333333333333333,0.3333333333333333,3,1646.8,1486.91,159.89,3,8,3,0.375,53,8,0.1509433962264151,2,Saturday,0.5549,0,0,0,1,0,1,2,0,W,1,1,matched_secondary_full_career,0,0,0,0,0,1.3862943611198906,0,1.3862943611198906
2005-02-23_Manchester_United_AC_Milan_127,2005-02-23,2004/05,Manchester United,AC Milan,UEFA Champions League,continental_club,H,0,0.94,20.0497,7323,126,24,23,976,0.1904761904761904,4.0,1,3,7,1,3,5,6,2,3,0.6,0.5,0.3,0.4,0.4,0.1,0.4867375434990283,0.4164486048485771,1,0,4.0,42,11,10,0.2619047619047619,76,12,0.1578947368421052,15,25,1.0,1.0,2.6,0.4,5,0,0,0,0.0,0.0,0,0,0,0,0.0,0.0,0.0,0.0,0.0,0,1652.49,1500.0,152.49,0,10,0,0.0,70,14,0.2,2,Wednesday,0.5659,0,0,0,0,0,0,0,1,L,0,0,matched_secondary_full_career,1,0,0,0,1,0.0,1,0.0
2005-02-26_Manchester_United_Portsmouth_128,2005-02-26,2004/05,Manchester United,Portsmouth,Premier League,domestic_league,H,0,0.78,20.0579,7326,127,24,23,976,0.1889763779527559,3.0,2,3,7,1,1,5,6,2,2,0.2,0.5,0.3,0.2,0.4,0.1,0.3407162804493198,0.291514023394004,0,1,7.0,43,11,10,0.2558139534883721,77,12,0.1558441558441558,12,24,0.8,0.8,2.0,0.6,5,3,1,1,0.3333333333333333,0.3333333333333333,1,1,0,2,2.0,0.6666666666666666,1.0,1.0,0.6666666666666666,3,1638.37,1515.89,122.48,3,53,8,0.1509433962264151,71,14,0.1971830985915492,2,Saturday,0.5742,0,0,0,0,0,0,2,1,W,0,0,matched_secondary_full_career,0,0,0,0,0,1.3862943611198906,0,1.3862943611198906
2005-03-05_Manchester_United_Crystal_Palace_129,2005-03-05,2004/05,Manchester United,Crystal Palace,Premier League,domestic_league,A,0,0.78,20.0771,7333,128,24,23,976,0.1875,7.0,1,3,6,1,1,4,5,1,2,0.2,0.4,0.25,0.2,0.3,0.1,0.2385013963145238,0.2040598163758027,0,2,14.0,44,11,10,0.25,78,12,0.1538461538461538,12,24,0.8,0.8,1.6,0.4,5,0,0,0,0.0,0.0,0,0,0,0,0.0,0.0,0.0,0.0,0.0,0,1644.98,1500.0,144.98,0,54,8,0.1481481481481481,54,9,0.1666666666666666,3,Saturday,0.5934,0,0,0,0,0,0,0,0,D,0,0,matched_secondary_full_career,1,0,0,0,1,0.0,1,0.0
2005-03-08_Manchester_United_AC_Milan_130,2005-03-08,2004/05,Manchester United,AC Milan,UEFA Champions League,continental_club,A,0,0.94,20.0853,7336,129,24,23,976,0.1860465116279069,3.0,1,3,6,0,1,3,5,1,2,0.2,0.3,0.25,0.2,0.2,0.1,0.1669509774201666,0.1428418714630619,0,3,17.0,45,11,10,0.2444444444444444,79,12,0.1518987341772152,10,22,0.6,0.8,1.2,0.4,5,1,0,0,0.0,0.0,0,0,0,1,3.0,1.0,1.0,0.0,1.0,1,1641.03,1514.13,126.91,1,11,0,0.0,55,9,0.1636363636363636,3,Tuesday,0.6016,0,0,0,0,0,0,0,1,L,0,0,matched_secondary_full_career,0,0,0,0,0,0.6931471805599453,0,0.6931471805599453
2005-03-12_Manchester_United_Southampton_131,2005-03-12,2004/05,Manchester United,Southampton,FA Cup,domestic_or_other_cup,A,0,0.72,20.0962,7340,130,24,23,976,0.1846153846153846,4.0,2,3,6,0,1,3,5,1,2,0.2,0.3,0.25,0.2,0.2,0.1,0.1168656841941166,0.0999893100241433,0,4,21.0,46,11,10,0.2391304347826087,80,12,0.15,7,19,0.4,0.6,0.8,0.6,5,3,1,0,0.3333333333333333,0.3333333333333333,1,2,0,1,1.0,0.3333333333333333,1.0,2.0,0.3333333333333333,3,1627.54,1495.39,132.15,3,9,4,0.4444444444444444,56,9,0.1607142857142857,3,Saturday,0.6126,0,0,0,1,0,1,4,0,W,1,0,matched_secondary_full_career,0,0,0,0,0,1.3862943611198906,0,1.3862943611198906
2005-03-19_Manchester_United_Fulham_132,2005-03-19,2004/05,Manchester United,Fulham,Premier League,domestic_league,H,0,0.78,20.1154,7347,131,25,23,975,0.1908396946564885,7.0,1,3,6,1,1,4,6,0,2,0.2,0.4,0.3,0.2,0.3,0.1,0.3818059789358816,0.0699925170169003,1,0,7.0,47,12,10,0.2553191489361702,81,13,0.1604938271604938,7,22,0.4,0.6,1.2,0.6,5,4,0,2,0.0,0.0,0,1,2,1,1.25,0.75,1.5,1.25,0.0,4,1633.9,1506.47,127.44,4,55,8,0.1454545454545454,72,14,0.1944444444444444,3,Saturday,0.6319,0,0,0,1,0,1,1,0,W,1,0,matched_secondary_full_career,0,0,0,0,0,1.6094379124341003,0,1.6094379124341003
2005-03-26_Portugal_Canada_133,2005-03-26,2004/05,Portugal,Canada,International Friendly,international,H,1,0.35,20.1346,7354,132,26,23,974,0.1969696969696969,7.0,1,2,5,2,2,3,7,0,2,0.4,0.3,0.35,0.4,0.3,0.0,0.5672641852551171,0.0489947619118302,2,0,7.0,48,13,10,0.2708333333333333,19,7,0.3684210526315789,10,20,0.6,0.8,3.6,0.8,5,0,0,0,0.0,0.0,0,0,0,0,0.0,0.0,0.0,0.0,0.0,0,1553.61,1500.0,53.61,0,8,0,0.0,73,15,0.2054794520547945,3,Saturday,0.6511,0,0,0,0,0,0,4,1,W,0,0,matched_secondary_full_career,1,0,0,0,1,0.0,1,0.0
2005-03-30_Portugal_Slovakia_134,2005-03-30,2004/05,Portugal,Slovakia,World Cup - Qualification Europe,international,A,1,0.76,20.1455,7358,133,26,23,974,0.1954887218045112,4.0,1,2,5,2,2,3,7,0,1,0.4,0.3,0.35,0.4,0.3,0.0,0.3970849296785819,0.0342963333382811,0,1,11.0,49,13,10,0.2653061224489796,20,7,0.35,10,20,0.6,0.8,3.6,1.0,5,0,0,0,0.0,0.0,0,0,0,0,0.0,0.0,0.0,0.0,0.0,0,1562.08,1500.0,62.08,0,5,5,1.0,57,10,0.175438596491228,3,Wednesday,0.6621,0,0,0,0,0,0,1,1,D,0,0,matched_secondary_full_career,1,0,0,0,1,0.0,1,0.0
2005-04-02_Manchester_United_Blackburn_Rovers_135,2005-04-02,2004/05,Manchester United,Blackburn Rovers,Premier League,domestic_league,H,0,0.78,20.1537,7361,134,26,23,974,0.1940298507462686,3.0,2,3,6,1,2,3,7,0,1,0.4,0.3,0.35,0.4,0.3,0.0,0.2779594507750073,0.0240074333367968,0,2,14.0,50,13,10,0.26,82,14,0.1707317073170731,10,22,0.6,0.8,1.4,0.4,5,2,0,0,0.0,0.0,0,1,1,0,0.5,0.5,1.0,1.5,0.0,2,1640.39,1493.98,146.41,2,56,9,0.1607142857142857,74,15,0.2027027027027027,4,Saturday,0.6703,0,0,0,0,0,0,0,0,D,0,0,matched_secondary_full_career,0,0,0,0,0,1.0986122886681098,0,1.0986122886681098
2005-04-09_Manchester_United_Norwich_City_136,2005-04-09,2004/05,Manchester United,Norwich City,Premier League,domestic_league,A,0,0.78,20.1729,7368,135,26,23,974,0.1925925925925926,7.0,1,3,5,0,2,3,7,0,1,0.4,0.3,0.35,0.4,0.3,0.0,0.1945716155425051,0.0168052033357577,0,3,21.0,51,13,10,0.2549019607843137,83,14,0.1686746987951807,8,20,0.4,0.8,1.0,0.2,5,1,0,0,0.0,0.0,0,1,0,0,0.0,0.0,1.0,2.0,0.0,1,1636.41,1492.37,144.05,1,57,9,0.1578947368421052,58,10,0.1724137931034483,4,Saturday,0.6896,0,0,0,0,0,0,0,2,L,0,0,matched_secondary_full_career,0,0,0,0,0,0.6931471805599453,0,0.6931471805599453
2005-04-17_Manchester_United_Newcastle_United_137,2005-04-17,2004/05,Manchester United,Newcastle United,FA Cup,domestic_or_other_cup,N,0,0.72,20.1948,7376,136,26,23,974,0.1911764705882352,8.0,0,1,5,0,1,2,7,0,0,0.2,0.2,0.35,0.2,0.2,0.0,0.1362001308797535,0.0117636423350304,0,4,29.0,52,13,10,0.25,84,14,0.1666666666666666,7,17,0.4,0.6,1.0,0.6,5,2,0,0,0.0,0.0,0,2,0,0,0.0,0.0,1.0,2.5,0.0,2,1622.49,1483.16,139.33,2,10,5,0.5,2,1,0.5,4,Sunday,0.7115,0,0,0,1,0,1,4,1,W,1,2,matched_secondary_full_career,0,0,0,0,0,1.0986122886681098,0,1.0986122886681098
2005-04-20_Manchester_United_Everton_138,2005-04-20,2004/05,Manchester United,Everton,Premier League,domestic_league,A,0,0.78,20.203,7379,137,27,25,973,0.1970802919708029,3.0,1,2,5,1,1,3,8,2,2,0.2,0.3,0.4,0.2,0.3,0.0,0.3953400916158275,0.6082345496345213,1,0,3.0,53,14,12,0.2641509433962264,85,15,0.1764705882352941,10,17,0.6,0.8,1.8,0.6,5,4,1,3,0.25,0.25,1,3,1,0,0.25,0.25,1.25,2.25,0.25,4,1628.68,1481.21,147.47,4,58,9,0.1551724137931034,59,10,0.1694915254237288,4,Wednesday,0.7198,0,0,0,0,0,0,0,1,L,0,0,matched_secondary_full_career,0,0,0,0,0,1.6094379124341003,0,1.6094379124341003
2005-04-24_Manchester_United_Newcastle_United_139,2005-04-24,2004/05,Manchester United,Newcastle United,Premier League,domestic_league,H,0,0.78,20.214,7383,138,27,25,973,0.1956521739130435,4.0,2,2,6,1,1,3,7,2,2,0.2,0.3,0.35,0.2,0.3,0.0,0.2767380641310792,0.4257641847441649,0,1,7.0,54,14,12,0.2592592592592592,86,15,0.1744186046511628,7,14,0.4,0.6,1.0,0.8,5,3,1,2,0.3333333333333333,0.3333333333333333,1,3,0,0,0.0,0.0,1.0,3.0,0.0,3,1614.67,1476.97,137.7,3,59,9,0.1525423728813559,75,15,0.2,4,Sunday,0.7308,0,0,0,0,0,0,2,1,W,0,0,matched_secondary_full_career,0,0,0,0,0,1.3862943611198906,0,1.3862943611198906
2005-05-07_Manchester_United_West_Bromwich_Albion_140,2005-05-07,2004/05,Manchester United,West Bromwich Albion,Premier League,domestic_league,H,0,0.78,20.2496,7396,139,27,25,973,0.1942446043165467,13.0,0,1,4,1,1,3,6,2,2,0.2,0.3,0.3,0.2,0.3,0.0,0.1937166448917554,0.2980349293209154,0,2,20.0,55,14,12,0.2545454545454545,87,15,0.1724137931034483,7,17,0.4,0.6,1.2,1.0,5,2,0,0,0.0,0.0,0,1,0,1,1.5,0.5,1.0,1.5,0.5,2,1620.91,1503.85,117.05,2,60,9,0.15,76,15,0.1973684210526315,5,Saturday,0.7665,0,0,0,0,0,0,1,1,D,0,0,matched_secondary_full_career,0,0,0,0,0,1.0986122886681098,0,1.0986122886681098
2005-05-10_Manchester_United_Chelsea_141,2005-05-10,2004/05,Manchester United,Chelsea,Premier League,domestic_league,H,0,0.78,20.2578,7399,140,27,25,973,0.1928571428571428,3.0,1,1,4,0,1,3,6,2,2,0.2,0.3,0.3,0.2,0.3,0.0,0.1356016514242288,0.2086244505246407,0,3,23.0,56,14,12,0.25,88,15,0.1704545454545454,7,15,0.4,0.6,1.4,1.2,5,4,0,0,0.0,0.0,0,0,2,2,2.0,1.0,1.0,0.5,0.5,4,1617.66,1529.37,88.29,4,61,9,0.1475409836065573,77,15,0.1948051948051948,5,Tuesday,0.7747,0,0,0,0,0,0,1,3,L,0,0,matched_secondary_full_career,0,0,0,0,0,1.6094379124341003,0,1.6094379124341003
2005-05-21_Manchester_United_Arsenal_142,2005-05-21,2004/05,Manchester United,Arsenal,FA Cup,domestic_or_other_cup,N,0,0.72,20.2879,7410,141,27,25,973,0.1914893617021276,11.0,0,2,3,0,1,2,6,2,2,0.2,0.2,0.3,0.2,0.2,0.0,0.0949211559969601,0.1460371153672485,0,4,34.0,57,14,12,0.2456140350877192,89,15,0.1685393258426966,7,14,0.4,0.6,1.6,1.4,5,4,2,0,0.5,0.25,2,3,1,0,0.25,0.25,0.5,1.75,0.25,4,1605.17,1479.31,125.86,4,11,6,0.5454545454545454,3,2,0.6666666666666666,5,Saturday,0.8049,0,1,0,0,0,0,0,0,D,0,0,matched_secondary_full_career,0,0,0,0,0,1.6094379124341003,0,1.6094379124341003
2005-06-04_Portugal_Slovakia_143,2005-06-04,2004/05,Portugal,Slovakia,World Cup - Qualification Europe,international,H,1,0.76,20.3262,7424,142,27,25,973,0.1901408450704225,14.0,0,1,3,0,0,1,4,0,2,0.0,0.1,0.2,0.0,0.1,0.0,0.0664448091978721,0.1022259807570739,0,5,48.0,58,14,12,0.2413793103448276,21,7,0.3333333333333333,10,20,0.6,0.8,3.4,0.8,5,1,0,0,0.0,0.0,0,0,1,0,1.0,1.0,1.0,1.0,0.0,1,1560.31,1501.77,58.54,1,6,5,0.8333333333333334,78,15,0.1923076923076923,6,Saturday,0.8434,0,1,0,1,0,1,2,0,W,1,0,matched_secondary_full_career,0,0,0,0,0,0.6931471805599453,0,0.6931471805599453
2005-06-08_Portugal_Estonia_144,2005-06-08,2004/05,Portugal,Estonia,World Cup - Qualification Europe,international,A,1,0.76,20.3372,7428,143,28,25,972,0.1958041958041958,4.0,1,1,3,1,1,2,5,0,2,0.2,0.2,0.25,0.2,0.2,0.0,0.3465113664385104,0.0715581865299517,1,0,4.0,59,15,12,0.2542372881355932,22,8,0.3636363636363636,10,20,0.6,0.8,2.4,0.6,5,1,1,2,1.0,1.0,1,1,0,0,0.0,0.0,0.0,4.0,0.0,1,1568.64,1491.19,77.44,1,7,6,0.8571428571428571,60,10,0.1666666666666666,6,Wednesday,0.8544,0,1,0,1,0,1,1,0,W,1,0,matched_secondary_full_career,0,0,0,0,0,0.6931471805599453,0,0.6931471805599453
2005-08-09_Manchester_United_Debrecen_145,2005-08-09,2005/06,Manchester United,Debrecen,Champions League Qualifying,continental_club,H,0,0.72,20.5069,7490,144,29,25,971,0.2013888888888889,62.0,0,0,0,2,2,3,6,0,2,0.4,0.3,0.3,0.4,0.3,0.0,0.5425579565069573,0.0500907305709662,2,0,62.0,0,0,0,0.0,90,15,0.1666666666666666,5,15,0.2,0.6,0.8,1.2,5,0,0,0,0.0,0.0,0,0,0,0,0.0,0.0,0.0,0.0,0.0,0,1601.7,1500.0,101.7,0,2,0,0.0,79,16,0.2025316455696202,8,Tuesday,0.022,1,0,0,1,0,1,3,0,W,1,0,matched_secondary_full_career,1,0,0,0,1,0.0,1,0.0
2005-08-20_Manchester_United_Aston_Villa_146,2005-08-20,2005/06,Manchester United,Aston Villa,Premier League,domestic_league,H,0,0.78,20.537,7501,145,30,25,970,0.2068965517241379,11.0,0,1,1,3,3,4,7,0,2,0.6,0.4,0.35,0.6,0.4,0.0,0.67979056955487,0.0350635113996763,3,0,11.0,1,1,0,1.0,91,16,0.1758241758241758,8,15,0.4,0.8,1.4,1.0,5,4,2,0,0.5,0.5,2,4,0,0,0.0,0.0,0.25,2.5,0.0,4,1608.85,1470.7,138.15,4,62,9,0.1451612903225806,80,17,0.2125,8,Saturday,0.0522,1,0,0,0,0,0,1,0,W,0,0,matched_secondary_full_career,0,0,0,0,0,1.6094379124341003,0,1.6094379124341003
2005-08-24_Manchester_United_Debrecen_147,2005-08-24,2005/06,Manchester United,Debrecen,Champions League Qualifying,continental_club,A,0,0.72,20.548,7505,146,30,25,970,0.2054794520547945,4.0,1,1,2,2,3,4,6,0,2,0.6,0.4,0.3,0.6,0.4,0.0,0.475853398688409,0.0245444579797734,0,1,15.0,2,1,0,0.5,92,16,0.1739130434782608,8,15,0.4,0.8,1.2,0.8,5,1,1,0,1.0,1.0,1,1,0,0,0.0,0.0,0.0,3.0,0.0,1,1615.07,1492.85,122.23,1,3,1,0.3333333333333333,61,11,0.180327868852459,8,Wednesday,0.0632,1,0,0,0,0,0,3,0,W,0,1,matched_secondary_full_career,0,0,0,0,0,0.6931471805599453,0,0.6931471805599453
2005-08-28_Manchester_United_Newcastle_United_148,2005-08-28,2005/06,Manchester United,Newcastle United,Premier League,domestic_league,A,0,0.78,20.5589,7509,147,30,26,970,0.2040816326530612,4.0,1,2,3,1,3,3,6,1,1,0.6,0.3,0.3,0.6,0.3,0.0,0.3330973790818862,0.3171811205858414,0,2,19.0,3,1,1,0.3333333333333333,93,16,0.1720430107526881,10,17,0.6,0.8,1.6,0.6,5,4,1,2,0.25,0.25,1,4,0,0,0.0,0.0,1.0,2.75,0.0,4,1621.69,1470.74,150.96,4,63,9,0.1428571428571428,62,11,0.1774193548387097,8,Sunday,0.0742,1,0,0,0,0,0,2,0,W,0,0,matched_secondary_full_career,0,0,0,0,0,1.6094379124341003,0,1.6094379124341003
2005-09-03_Portugal_Luxembourg_149,2005-09-03,2005/06,Portugal,Luxembourg,World Cup - Qualification Europe,international,H,1,0.76,20.5754,7515,148,30,26,970,0.2027027027027027,6.0,1,3,4,0,2,3,6,1,1,0.4,0.3,0.3,0.4,0.3,0.0,0.2331681653573203,0.2220267844100889,0,3,25.0,4,1,1,0.25,23,9,0.391304347826087,10,23,0.6,0.8,1.6,0.6,5,2,1,0,0.5,0.5,1,2,0,0,0.0,0.0,0.0,4.0,0.0,2,1576.45,1482.15,94.3,2,8,7,0.875,81,17,0.2098765432098765,9,Saturday,0.0907,1,0,0,0,0,0,6,0,W,0,0,matched_secondary_full_career,0,0,0,0,0,1.0986122886681098,0,1.0986122886681098
2005-09-07_Portugal_Russia_150,2005-09-07,2005/06,Portugal,Russia,World Cup - Qualification Europe,international,A,1,0.76,20.5863,7519,149,30,26,970,0.2013422818791946,4.0,1,3,5,0,1,3,6,1,1,0.2,0.3,0.3,0.2,0.3,0.0,0.1632177157501242,0.1554187490870622,0,4,29.0,5,1,1,0.2,24,9,0.375,13,23,0.8,1.0,2.8,0.4,5,2,2,2,1.0,0.5,2,2,0,0,0.0,0.0,0.5,4.5,0.0,2,1583.8,1482.15,101.64,2,9,7,0.7777777777777778,63,11,0.1746031746031746,9,Wednesday,0.1016,1,0,0,0,0,0,0,0,D,0,0,matched_secondary_full_career,0,0,0,0,0,1.0986122886681098,0,1.0986122886681098
2005-09-14_Manchester_United_Villarreal_151,2005-09-14,2005/06,Manchester United,Villarreal,UEFA Champions League,continental_club,A,0,0.94,20.6055,7526,150,30,26,970,0.2,7.0,1,2,5,0,0,3,6,1,1,0.0,0.3,0.3,0.0,0.3,0.0,0.1142524010250869,0.1087931243609435,0,5,36.0,6,1,1,0.1666666666666666,94,16,0.1702127659574468,13,20,0.8,1.0,1.8,0.0,5,0,0,0,0.0,0.0,0,0,0,0,0.0,0.0,0.0,0.0,0.0,0,1627.6,1500.0,127.6,0,12,0,0.0,64,11,0.171875,9,Wednesday,0.1209,1,0,0,0,0,0,0,0,D,0,0,matched_secondary_full_career,1,0,0,0,1,0.0,1,0.0
2005-09-18_Manchester_United_Liverpool_152,2005-09-18,2005/06,Manchester United,Liverpool,Premier League,domestic_league,A,0,0.78,20.6164,7530,151,30,26,970,0.1986754966887417,4.0,1,2,6,0,0,3,5,1,1,0.0,0.3,0.25,0.0,0.3,0.0,0.0799766807175608,0.0761551870526605,0,6,40.0,7,1,1,0.1428571428571428,95,16,0.1684210526315789,13,18,0.8,1.0,1.8,0.0,5,3,0,1,0.0,0.0,0,2,0,1,1.0,0.3333333333333333,0.6666666666666666,1.0,0.3333333333333333,3,1624.09,1497.53,126.55,3,64,9,0.140625,65,11,0.1692307692307692,9,Sunday,0.1319,1,0,0,0,0,0,0,0,D,0,0,matched_secondary_full_career,0,0,0,0,0,1.3862943611198906,0,1.3862943611198906
2005-09-24_Manchester_United_Blackburn_Rovers_153,2005-09-24,2005/06,Manchester United,Blackburn Rovers,Premier League,domestic_league,H,0,0.78,20.6329,7536,152,30,26,970,0.1973684210526315,6.0,1,2,5,0,0,3,4,0,1,0.0,0.3,0.2,0.0,0.3,0.0,0.0559836765022926,0.0533086309368623,0,7,46.0,8,1,1,0.125,96,16,0.1666666666666666,11,19,0.6,1.0,1.2,0.0,5,3,0,0,0.0,0.0,0,1,2,0,0.6666666666666666,0.6666666666666666,0.6666666666666666,1.0,0.3333333333333333,3,1620.6,1497.96,122.64,3,65,9,0.1384615384615384,82,17,0.2073170731707317,9,Saturday,0.1484,1,0,0,0,0,0,1,2,L,0,0,matched_secondary_full_career,0,0,0,0,0,1.3862943611198906,0,1.3862943611198906
2005-09-27_Manchester_United_Benfica_154,2005-09-27,2005/06,Manchester United,Benfica,UEFA Champions League,continental_club,H,0,0.94,20.6411,7539,153,30,26,970,0.196078431372549,3.0,1,3,6,0,0,2,4,0,1,0.0,0.2,0.2,0.0,0.2,0.0,0.0391885735516048,0.0373160416558036,0,8,49.0,9,1,1,0.1111111111111111,97,16,0.1649484536082474,8,16,0.4,0.8,1.2,0.4,5,1,0,0,0.0,0.0,0,0,0,0,0.0,0.0,0.0,0.0,0.0,0,1607.21,1511.14,96.07,1,13,0,0.0,83,17,0.2048192771084337,9,Tuesday,0.1566,1,0,0,0,0,0,2,1,W,0,0,matched_secondary_full_career,1,0,0,0,0,0.6931471805599453,0,0.6931471805599453
2005-10-01_Manchester_United_Fulham_155,2005-10-01,2005/06,Manchester United,Fulham,Premier League,domestic_league,A,0,0.78,20.652,7543,154,30,26,970,0.1948051948051948,4.0,2,3,6,0,0,1,4,0,1,0.0,0.1,0.2,0.0,0.1,0.0,0.0274320014861233,0.0261212291590625,0,9,53.0,10,1,1,0.1,98,16,0.1632653061224489,8,18,0.4,0.8,1.0,0.6,5,5,1,2,0.2,0.2,1,2,2,1,1.0,0.6,1.2,1.2,0.0,5,1614.51,1499.98,114.53,5,66,9,0.1363636363636363,66,11,0.1666666666666666,10,Saturday,0.1676,1,0,0,0,0,0,3,2,W,0,0,matched_secondary_full_career,0,0,0,0,0,1.791759469228055,0,1.791759469228055
2005-10-08_Portugal_Liechtenstein_156,2005-10-08,2005/06,Portugal,Liechtenstein,World Cup - Qualification Europe,international,H,1,0.76,20.6712,7550,155,30,26,970,0.1935483870967742,7.0,1,3,5,0,0,0,4,0,1,0.0,0.0,0.2,0.0,0.0,0.0,0.0192024010402863,0.0182848604113437,0,10,60.0,11,1,1,0.0909090909090909,25,9,0.36,11,21,0.6,1.0,2.0,0.2,5,1,0,0,0.0,0.0,0,0,1,0,1.0,1.0,2.0,2.0,0.0,1,1580.95,1501.44,79.51,1,10,7,0.7,84,17,0.2023809523809523,10,Saturday,0.1868,1,0,0,0,0,0,2,1,W,0,1,matched_secondary_full_career,0,0,0,0,0,0.6931471805599453,0,0.6931471805599453
2005-10-12_Portugal_Latvia_157,2005-10-12,2005/06,Portugal,Latvia,World Cup - Qualification Europe,international,H,1,0.76,20.6821,7554,156,30,27,970,0.1923076923076923,4.0,1,2,6,0,0,0,4,1,2,0.0,0.0,0.2,0.0,0.0,0.0,0.0134416807282004,0.3127994022879406,0,11,64.0,12,1,2,0.0833333333333333,26,9,0.3461538461538461,13,23,0.8,1.0,2.2,0.2,5,1,1,1,1.0,1.0,1,1,0,0,0.0,0.0,0.0,2.0,0.0,1,1588.7,1490.94,97.77,1,11,7,0.6363636363636364,85,17,0.2,10,Wednesday,0.1978,1,0,0,0,0,0,3,0,W,0,0,matched_secondary_full_career,0,0,0,0,0,0.6931471805599453,0,0.6931471805599453
2005-10-15_Manchester_United_Sunderland_158,2005-10-15,2005/06,Manchester United,Sunderland,Premier League,domestic_league,A,0,0.78,20.6904,7557,157,30,27,970,0.1910828025477707,3.0,2,3,6,0,0,0,3,1,1,0.0,0.0,0.15,0.0,0.0,0.0,0.0094091765097403,0.2189595816015584,0,12,67.0,13,1,2,0.0769230769230769,99,16,0.1616161616161616,8,21,0.4,0.8,1.2,1.0,5,0,0,0,0.0,0.0,0,0,0,0,0.0,0.0,0.0,0.0,0.0,0,1621.33,1500.0,121.33,0,67,9,0.1343283582089552,67,11,0.1641791044776119,10,Saturday,0.206,0,0,0,0,0,0,3,1,W,0,0,matched_secondary_full_career,1,0,0,0,1,0.0,1,0.0
2005-10-18_Manchester_United_Lille_159,2005-10-18,2005/06,Manchester United,Lille,UEFA Champions League,continental_club,H,0,0.94,20.6986,7560,158,30,27,970,0.189873417721519,3.0,2,3,7,0,0,0,3,1,1,0.0,0.0,0.15,0.0,0.0,0.0,0.0065864235568182,0.1532717071210909,0,13,70.0,14,1,2,0.0714285714285714,100,16,0.16,10,23,0.6,0.8,1.8,1.2,5,0,0,0,0.0,0.0,0,0,0,0,0.0,0.0,0.0,0.0,0.0,0,1627.97,1500.0,127.97,0,14,0,0.0,86,17,0.1976744186046511,10,Tuesday,0.2143,0,0,0,0,0,0,0,0,D,0,0,matched_secondary_full_career,1,0,0,0,1,0.0,1,0.0
2005-10-22_Manchester_United_Tottenham_Hotspur_160,2005-10-22,2005/06,Manchester United,Tottenham Hotspur,Premier League,domestic_league,H,0,0.78,20.7095,7564,159,30,27,970,0.1886792452830188,4.0,2,4,7,0,0,0,3,1,1,0.0,0.0,0.15,0.0,0.0,0.0,0.0046104964897727,0.1072901949847636,0,14,74.0,15,1,2,0.0666666666666666,101,16,0.1584158415841584,10,21,0.6,0.8,1.8,1.2,5,4,1,0,0.25,0.25,1,3,1,0,0.25,0.25,0.25,1.5,0.25,4,1624.45,1480.33,144.11,4,68,9,0.1323529411764706,87,17,0.1954022988505747,10,Saturday,0.2253,0,0,0,0,0,0,1,1,D,0,0,matched_secondary_full_career,0,0,0,0,0,1.6094379124341003,0,1.6094379124341003
2005-10-29_Manchester_United_Middlesbrough_161,2005-10-29,2005/06,Manchester United,Middlesbrough,Premier League,domestic_league,A,0,0.78,20.7287,7571,160,30,27,970,0.1875,7.0,1,3,6,0,0,0,3,1,1,0.0,0.0,0.15,0.0,0.0,0.0,0.0032273475428409,0.0751031364893345,0,15,81.0,16,1,2,0.0625,102,16,0.1568627450980392,11,19,0.6,1.0,1.8,1.0,5,4,0,1,0.0,0.0,0,2,1,1,1.0,0.5,1.0,2.0,0.0,4,1620.52,1500.78,119.74,4,69,9,0.1304347826086956,68,11,0.1617647058823529,10,Saturday,0.2445,0,0,0,1,0,1,1,4,L,1,0,matched_secondary_full_career,0,0,0,0,0,1.6094379124341003,0,1.6094379124341003
2005-11-02_Manchester_United_Lille_162,2005-11-02,2005/06,Manchester United,Lille,UEFA Champions League,continental_club,A,0,0.94,20.7396,7575,161,31,27,969,0.1925465838509316,4.0,1,2,6,1,1,1,4,0,1,0.2,0.1,0.2,0.2,0.1,0.0,0.3022591432799886,0.0525721955425341,1,0,4.0,17,2,2,0.1176470588235294,103,17,0.1650485436893204,8,16,0.4,0.8,1.6,1.6,5,1,0,0,0.0,0.0,0,0,1,0,1.0,1.0,0.0,0.0,1.0,1,1607.2,1503.53,103.68,1,15,0,0.0,69,12,0.1739130434782608,11,Wednesday,0.2555,0,0,0,0,0,0,0,1,L,0,0,matched_secondary_full_career,0,0,0,0,0,0.6931471805599453,0,0.6931471805599453
2005-11-06_Manchester_United_Chelsea_163,2005-11-06,2005/06,Manchester United,Chelsea,Premier League,domestic_league,H,0,0.78,20.7506,7579,162,31,27,969,0.191358024691358,4.0,1,2,7,1,1,1,4,0,1,0.2,0.1,0.2,0.2,0.1,0.0,0.211581400295992,0.0368005368797739,0,1,8.0,18,2,2,0.1111111111111111,104,17,0.1634615384615384,5,13,0.2,0.6,1.0,1.4,5,5,0,0,0.0,0.0,0,0,2,3,2.2,1.0,1.4,0.6,0.4,5,1594.31,1541.85,52.45,5,70,10,0.1428571428571428,88,17,0.1931818181818181,11,Sunday,0.2665,0,0,0,0,0,0,1,0,W,0,1,matched_secondary_full_career,0,0,0,0,0,1.791759469228055,0,1.791759469228055
2005-11-12_Portugal_Croatia_164,2005-11-12,2005/06,Portugal,Croatia,International Friendly,international,H,1,0.35,20.767,7585,163,31,28,969,0.1901840490797546,6.0,1,3,6,1,1,1,3,1,2,0.2,0.1,0.15,0.2,0.1,0.0,0.1481069802071944,0.3257603758158417,0,2,14.0,19,2,3,0.1052631578947368,27,9,0.3333333333333333,13,23,0.8,1.0,2.4,0.2,5,0,0,0,0.0,0.0,0,0,0,0,0.0,0.0,0.0,0.0,0.0,0,1595.96,1500.0,95.96,0,9,0,0.0,89,17,0.1910112359550561,11,Saturday,0.283,0,0,0,0,0,0,2,0,W,0,1,matched_secondary_full_career,1,0,0,0,1,0.0,1,0.0
2005-11-15_Portugal_Northern_Ireland_165,2005-11-15,2005/06,Portugal,Northern Ireland,International Friendly,international,A,1,0.35,20.7752,7588,164,31,29,969,0.1890243902439024,3.0,1,3,6,0,1,1,2,2,3,0.2,0.1,0.1,0.2,0.1,0.0,0.103674886145036,0.5280322630710892,0,3,17.0,20,2,4,0.1,28,9,0.3214285714285714,13,23,0.8,1.0,2.6,0.2,5,0,0,0,0.0,0.0,0,0,0,0,0.0,0.0,0.0,0.0,0.0,0,1603.27,1500.0,103.27,0,10,0,0.0,70,12,0.1714285714285714,11,Tuesday,0.2912,0,0,0,0,0,0,1,1,D,0,0,matched_secondary_full_career,1,0,0,0,1,0.0,1,0.0
2005-11-19_Manchester_United_Charlton_Athletic_166,2005-11-19,2005/06,Manchester United,Charlton Athletic,Premier League,domestic_league,A,0,0.78,20.7862,7592,165,31,29,969,0.1878787878787878,4.0,2,3,6,0,1,1,1,2,3,0.2,0.1,0.05,0.2,0.1,0.0,0.0725724203015252,0.3696225841497624,0,4,21.0,21,2,4,0.0952380952380952,105,17,0.1619047619047619,5,15,0.2,0.6,0.6,1.2,5,2,0,0,0.0,0.0,0,2,0,0,0.0,0.0,0.0,2.0,0.0,2,1602.81,1482.9,119.91,2,71,10,0.1408450704225352,71,12,0.1690140845070422,11,Saturday,0.3022,0,0,0,0,0,0,3,1,W,0,0,matched_secondary_full_career,0,0,0,0,0,1.0986122886681098,0,1.0986122886681098
2005-11-22_Manchester_United_Villarreal_167,2005-11-22,2005/06,Manchester United,Villarreal,UEFA Champions League,continental_club,H,0,0.94,20.7944,7595,166,31,29,969,0.1867469879518072,3.0,2,3,6,0,0,1,1,2,2,0.0,0.1,0.05,0.0,0.1,0.0,0.0508006942110676,0.2587358089048336,0,5,24.0,22,2,4,0.0909090909090909,106,17,0.160377358490566,7,17,0.4,0.6,1.2,1.4,5,1,0,0,0.0,0.0,0,0,1,0,1.0,1.0,0.0,0.0,1.0,1,1609.49,1503.52,105.97,1,16,0,0.0,90,17,0.1888888888888888,11,Tuesday,0.3104,0,0,0,0,0,0,0,0,D,0,0,matched_secondary_full_career,0,0,0,0,0,0.6931471805599453,0,0.6931471805599453
2005-11-30_Manchester_United_West_Bromwich_Albion_168,2005-11-30,2005/06,Manchester United,West Bromwich Albion,League Cup,domestic_or_other_cup,H,0,0.72,20.8163,7603,167,31,29,969,0.18562874251497,8.0,0,2,6,0,0,1,1,2,2,0.0,0.1,0.05,0.0,0.1,0.0,0.0355604859477473,0.1811150662333835,0,6,32.0,23,2,4,0.0869565217391304,107,17,0.1588785046728972,7,18,0.4,0.6,1.0,1.2,5,3,0,0,0.0,0.0,0,1,1,1,1.3333333333333333,0.6666666666666666,1.0,1.3333333333333333,0.3333333333333333,3,1606.53,1507.1,99.43,3,3,0,0.0,91,17,0.1868131868131868,11,Wednesday,0.3324,0,0,0,1,0,1,3,1,W,1,0,matched_secondary_full_career,0,0,0,0,0,1.3862943611198906,0,1.3862943611198906
2005-12-03_Manchester_United_Portsmouth_169,2005-12-03,2005/06,Manchester United,Portsmouth,Premier League,domestic_league,H,0,0.78,20.8245,7606,168,32,29,968,0.1904761904761904,3.0,1,3,6,1,1,2,2,1,2,0.2,0.2,0.1,0.2,0.2,0.0,0.3248923401634231,0.1267805463633684,1,0,3.0,24,3,4,0.125,108,18,0.1666666666666666,10,18,0.6,0.8,1.4,0.6,5,4,1,1,0.25,0.25,0,2,0,2,1.5,0.5,1.0,1.25,0.5,4,1613.74,1509.28,104.47,4,72,10,0.1388888888888889,92,18,0.1956521739130435,12,Saturday,0.3407,0,0,1,0,0,0,3,0,W,0,1,matched_secondary_full_career,0,0,0,0,0,1.6094379124341003,0,1.6094379124341003
2005-12-07_Manchester_United_Benfica_170,2005-12-07,2005/06,Manchester United,Benfica,UEFA Champions League,continental_club,A,0,0.94,20.8355,7610,169,32,30,968,0.1893491124260355,4.0,2,2,6,1,1,2,2,1,3,0.2,0.2,0.1,0.2,0.2,0.0,0.2274246381143962,0.3887463824543579,0,1,7.0,25,3,5,0.12,109,18,0.1651376146788991,13,18,0.8,1.0,2.0,0.4,5,2,0,0,0.0,0.0,0,1,0,0,0.0,0.0,1.0,2.0,0.0,1,1620.82,1503.83,116.99,2,17,0,0.0,72,12,0.1666666666666666,12,Wednesday,0.3516,0,0,1,0,0,0,1,2,L,0,0,matched_secondary_full_career,0,0,0,0,0,1.0986122886681098,0,1.0986122886681098
2005-12-11_Manchester_United_Everton_171,2005-12-11,2005/06,Manchester United,Everton,Premier League,domestic_league,H,0,0.78,20.8464,7614,170,32,30,968,0.188235294117647,4.0,1,3,7,1,1,2,2,1,3,0.2,0.2,0.1,0.2,0.2,0.0,0.1591972466800773,0.2721224677180505,0,2,11.0,26,3,5,0.1153846153846153,110,18,0.1636363636363636,10,15,0.6,0.8,2.0,0.8,5,5,1,3,0.2,0.2,1,3,1,1,0.8,0.4,1.2,1.8,0.4,5,1607.58,1495.21,112.36,5,73,10,0.136986301369863,93,18,0.1935483870967742,12,Sunday,0.3626,0,0,1,0,0,0,1,1,D,0,0,matched_secondary_full_career,0,0,0,0,0,1.791759469228055,0,1.791759469228055
2005-12-14_Manchester_United_Wigan_Athletic_172,2005-12-14,2005/06,Manchester United,Wigan Athletic,Premier League,domestic_league,H,0,0.78,20.8546,7617,171,32,30,968,0.1871345029239766,3.0,2,4,7,0,1,1,2,1,3,0.2,0.1,0.1,0.2,0.1,0.0,0.1114380726760541,0.1904857274026353,0,3,14.0,27,3,5,0.1111111111111111,111,18,0.1621621621621621,8,15,0.4,0.8,1.6,0.8,5,0,0,0,0.0,0.0,0,0,0,0,0.0,0.0,0.0,0.0,0.0,0,1604.45,1500.0,104.45,0,74,10,0.1351351351351351,94,18,0.1914893617021276,12,Wednesday,0.3709,0,0,1,0,0,0,4,0,W,0,0,matched_secondary_full_career,1,0,0,0,1,0.0,1,0.0
2005-12-17_Manchester_United_Aston_Villa_173,2005-12-17,2005/06,Manchester United,Aston Villa,Premier League,domestic_league,A,0,0.78,20.8629,7620,172,32,30,968,0.1860465116279069,3.0,2,4,7,0,1,1,2,1,3,0.2,0.1,0.1,0.2,0.1,0.0,0.0780066508732378,0.1333400091818447,0,4,17.0,28,3,5,0.1071428571428571,112,18,0.1607142857142857,10,17,0.6,0.8,2.4,0.8,5,5,2,0,0.4,0.4,1,5,0,0,0.0,0.0,0.2,2.2,0.0,5,1611.53,1464.48,147.05,5,75,10,0.1333333333333333,73,12,0.1643835616438356,12,Saturday,0.3791,0,0,1,0,0,0,2,0,W,0,0,matched_secondary_full_career,0,0,0,0,0,1.791759469228055,0,1.791759469228055
2005-12-20_Manchester_United_Birmingham_City_174,2005-12-20,2005/06,Manchester United,Birmingham City,League Cup,domestic_or_other_cup,A,0,0.72,20.8711,7623,173,32,30,968,0.1849710982658959,3.0,2,4,7,0,0,1,2,1,2,0.0,0.1,0.1,0.0,0.1,0.0,0.0546046556112665,0.0933380064272913,0,5,20.0,29,3,5,0.1034482758620689,113,18,0.1592920353982301,10,20,0.6,0.8,2.2,0.6,5,3,1,1,0.3333333333333333,0.3333333333333333,1,2,1,0,0.3333333333333333,0.3333333333333333,0.3333333333333333,1.3333333333333333,0.3333333333333333,3,1617.54,1488.84,128.7,3,4,1,0.25,74,12,0.1621621621621621,12,Tuesday,0.3874,0,0,1,0,0,0,3,1,W,0,1,matched_secondary_full_career,0,0,0,0,0,1.3862943611198906,0,1.3862943611198906
2005-12-28_Manchester_United_Birmingham_City_175,2005-12-28,2005/06,Manchester United,Birmingham City,Premier League,domestic_league,A,0,0.78,20.893,7631,174,32,31,968,0.1839080459770115,8.0,0,3,7,0,0,1,2,1,2,0.0,0.1,0.1,0.0,0.1,0.0,0.0382232589278865,0.3653366044991039,0,6,28.0,30,3,6,0.1,114,18,0.1578947368421052,10,23,0.6,0.8,2.2,0.8,5,4,1,2,0.25,0.25,0,3,1,0,0.25,0.25,0.5,1.75,0.25,4,1623.99,1482.38,141.61,4,76,10,0.131578947368421,75,12,0.16,12,Wednesday,0.4093,0,0,1,0,0,0,2,2,D,0,0,matched_secondary_full_career,0,0,0,0,0,1.6094379124341003,0,1.6094379124341003
2005-12-31_Manchester_United_Bolton_Wanderers_176,2005-12-31,2005/06,Manchester United,Bolton Wanderers,Premier League,domestic_league,H,0,0.78,20.9012,7634,175,32,31,968,0.1828571428571428,3.0,1,3,7,0,0,1,2,1,2,0.0,0.1,0.1,0.0,0.1,0.0,0.0267562812495205,0.2557356231493727,0,7,31.0,31,3,6,0.0967741935483871,115,18,0.1565217391304348,11,21,0.6,1.0,2.4,0.8,5,3,0,1,0.0,0.0,0,2,1,0,0.3333333333333333,0.3333333333333333,0.6666666666666666,2.6666666666666665,0.0,3,1620.13,1486.0,134.13,3,77,10,0.1298701298701298,95,18,0.1894736842105263,12,Saturday,0.4176,0,0,1,1,1,2,4,1,W,2,0,matched_secondary_full_career,0,0,0,0,0,1.3862943611198906,0,1.3862943611198906
2006-01-03_Manchester_United_Arsenal_177,2006-01-03,2005/06,Manchester United,Arsenal,Premier League,domestic_league,A,0,0.78,20.9094,7637,176,34,31,966,0.1931818181818181,3.0,2,3,7,2,2,3,4,1,2,0.4,0.3,0.2,0.2,0.2,0.1,0.6187293968746644,0.1790149362045608,1,0,3.0,32,5,6,0.15625,116,20,0.1724137931034483,13,21,0.8,1.0,3.0,0.8,5,5,2,0,0.4,0.2,2,3,2,0,0.4,0.4,0.4,1.4,0.4,5,1626.45,1482.78,143.67,5,78,12,0.1538461538461538,76,12,0.1578947368421052,1,Tuesday,0.4258,0,0,1,0,0,0,0,0,D,0,0,matched_secondary_full_career,0,0,0,0,0,1.791759469228055,0,1.791759469228055
2006-01-08_Manchester_United_Burton_Albion_178,2006-01-08,2005/06,Manchester United,Burton Albion,FA Cup,domestic_or_other_cup,A,0,0.72,20.9231,7642,177,34,31,966,0.192090395480226,5.0,1,3,7,2,2,3,4,1,2,0.4,0.3,0.2,0.2,0.2,0.1,0.4331105778122651,0.1253104553431926,0,1,8.0,33,5,6,0.1515151515151515,117,20,0.1709401709401709,11,21,0.6,1.0,2.2,0.8,5,0,0,0,0.0,0.0,0,0,0,0,0.0,0.0,0.0,0.0,0.0,0,1622.53,1500.0,122.53,0,12,6,0.5,77,12,0.1558441558441558,1,Sunday,0.4396,0,0,1,0,0,0,0,0,D,0,0,matched_secondary_full_career,1,0,0,0,1,0.0,1,0.0
2006-01-11_Manchester_United_Blackburn_Rovers_179,2006-01-11,2005/06,Manchester United,Blackburn Rovers,League Cup,domestic_or_other_cup,A,0,0.72,20.9313,7645,178,34,31,966,0.1910112359550561,3.0,1,4,7,2,2,2,4,1,2,0.4,0.2,0.2,0.2,0.1,0.1,0.3031774044685855,0.0877173187402348,0,2,11.0,34,5,6,0.1470588235294117,118,20,0.1694915254237288,9,19,0.4,1.0,1.8,0.8,5,4,0,0,0.0,0.0,0,1,2,1,1.25,0.75,1.0,1.0,0.25,4,1619.15,1511.35,107.8,4,5,1,0.2,78,12,0.1538461538461538,1,Wednesday,0.4478,0,0,1,0,0,0,1,1,D,0,0,matched_secondary_full_career,0,0,0,0,0,1.6094379124341003,0,1.6094379124341003
2006-01-14_Manchester_United_Manchester_City_180,2006-01-14,2005/06,Manchester United,Manchester City,Premier League,domestic_league,A,0,0.78,20.9395,7648,179,34,31,966,0.1899441340782122,3.0,2,4,7,0,2,2,4,0,1,0.4,0.2,0.2,0.2,0.1,0.1,0.2122241831280098,0.0614021231181643,0,3,14.0,35,5,6,0.1428571428571428,119,20,0.1680672268907563,7,17,0.2,1.0,1.4,0.8,5,5,1,0,0.2,0.2,0,3,1,1,0.8,0.4,1.4,2.0,0.2,5,1616.14,1492.25,123.89,5,79,12,0.1518987341772152,79,12,0.1518987341772152,1,Saturday,0.456,0,0,1,0,0,0,1,3,L,0,0,matched_secondary_full_career,0,0,0,0,0,1.791759469228055,0,1.791759469228055
2006-02-01_Manchester_United_Blackburn_Rovers_181,2006-02-01,2005/06,Manchester United,Blackburn Rovers,Premier League,domestic_league,A,0,0.78,20.9888,7666,180,34,31,966,0.1888888888888888,18.0,0,0,4,0,2,2,4,0,1,0.4,0.2,0.2,0.2,0.1,0.1,0.1485569281896069,0.042981486182715,0,4,32.0,36,5,6,0.1388888888888889,120,20,0.1666666666666666,6,17,0.2,0.8,1.2,1.0,5,5,0,0,0.0,0.0,0,1,3,1,1.2,0.8,1.0,1.0,0.2,5,1602.72,1514.36,88.36,5,80,12,0.15,80,12,0.15,2,Wednesday,0.5055,0,0,0,0,0,0,3,4,L,0,1,matched_secondary_full_career,0,0,0,0,0,1.791759469228055,0,1.791759469228055
2006-02-04_Manchester_United_Fulham_182,2006-02-04,2005/06,Manchester United,Fulham,Premier League,domestic_league,H,0,0.78,20.997,7669,181,34,32,966,0.1878453038674033,3.0,1,1,4,0,0,2,3,1,2,0.0,0.2,0.15,0.0,0.1,0.1,0.1039898497327248,0.3300870403279005,0,5,35.0,37,5,7,0.1351351351351351,121,20,0.1652892561983471,3,16,0.0,0.6,1.0,1.6,5,6,1,2,0.1666666666666666,0.1666666666666666,1,3,2,1,0.8333333333333334,0.5,1.3333333333333333,1.5,0.0,6,1590.23,1493.16,97.06,6,81,12,0.1481481481481481,96,20,0.2083333333333333,2,Saturday,0.5137,0,0,0,1,1,2,4,2,W,2,0,matched_secondary_full_career,0,0,0,0,0,1.9459101490553132,0,1.9459101490553132
2006-02-11_Manchester_United_Portsmouth_183,2006-02-11,2005/06,Manchester United,Portsmouth,Premier League,domestic_league,A,0,0.78,21.0162,7676,182,36,32,964,0.1978021978021978,7.0,1,2,3,2,2,4,5,1,2,0.4,0.4,0.25,0.2,0.2,0.2,0.6727928948129074,0.2310609282295303,1,0,7.0,38,7,7,0.1842105263157894,122,22,0.180327868852459,5,16,0.2,0.6,1.8,2.0,5,5,1,2,0.2,0.2,0,3,0,2,1.2,0.4,0.8,1.6,0.4,5,1597.5,1502.2,95.31,5,82,14,0.1707317073170731,81,12,0.1481481481481481,2,Saturday,0.533,0,0,0,1,1,2,3,1,W,2,0,matched_secondary_full_career,0,0,0,0,0,1.791759469228055,0,1.791759469228055
2006-02-18_Manchester_United_Liverpool_184,2006-02-18,2005/06,Manchester United,Liverpool,FA Cup,domestic_or_other_cup,A,0,0.72,21.0353,7683,183,38,32,962,0.2076502732240437,7.0,1,2,3,4,4,6,7,1,2,0.8,0.6,0.35,0.4,0.3,0.3,1.070955026369035,0.1617426497606712,2,0,7.0,39,9,7,0.2307692307692307,123,24,0.1951219512195122,7,16,0.4,0.6,2.4,2.2,5,4,0,1,0.0,0.0,0,2,1,1,1.0,0.5,0.5,0.75,0.5,4,1604.83,1501.02,103.81,4,13,6,0.4615384615384615,82,14,0.1707317073170731,2,Saturday,0.5522,0,0,0,0,0,0,0,1,L,0,0,matched_secondary_full_career,0,0,0,0,0,1.6094379124341003,0,1.6094379124341003
2006-02-26_Manchester_United_Wigan_Athletic_185,2006-02-26,2005/06,Manchester United,Wigan Athletic,League Cup,domestic_or_other_cup,N,0,0.72,21.0572,7691,184,38,32,962,0.2065217391304347,8.0,0,1,4,4,4,6,7,1,1,0.8,0.6,0.35,0.4,0.3,0.3,0.7496685184583245,0.1132198548324698,0,1,15.0,40,9,7,0.225,124,24,0.1935483870967742,6,13,0.4,0.4,2.2,2.2,5,1,0,0,0.0,0.0,0,1,0,0,0.0,0.0,0.0,4.0,0.0,1,1591.93,1492.92,99.01,1,6,1,0.1666666666666666,4,2,0.5,2,Sunday,0.5742,0,0,0,1,0,1,4,0,W,1,0,matched_secondary_full_career,0,0,0,0,0,0.6931471805599453,0,0.6931471805599453
2006-03-01_Portugal_Saudi_Arabia_186,2006-03-01,2005/06,Portugal,Saudi Arabia,International Friendly,international,N,1,0.35,21.0655,7694,185,39,32,961,0.2108108108108108,3.0,1,2,5,3,5,7,8,1,1,1.0,0.7,0.4,0.6,0.4,0.3,0.8247679629208271,0.0792538983827289,1,0,3.0,41,10,7,0.2439024390243902,29,9,0.3103448275862069,11,24,0.6,1.0,1.6,0.4,5,0,0,0,0.0,0.0,0,0,0,0,0.0,0.0,0.0,0.0,0.0,0,1600.38,1500.0,100.38,0,11,0,0.0,5,3,0.6,3,Wednesday,0.5824,0,0,0,1,1,2,3,0,W,2,0,matched_secondary_full_career,1,0,0,0,1,0.0,1,0.0
2006-03-06_Manchester_United_Wigan_Athletic_187,2006-03-06,2005/06,Manchester United,Wigan Athletic,Premier League,domestic_league,A,0,0.78,21.0791,7699,186,41,32,959,0.2204301075268817,5.0,1,2,5,3,7,7,10,0,1,1.4,0.7,0.5,0.8,0.4,0.3,1.177337574044579,0.0554777288679102,2,0,5.0,42,12,7,0.2857142857142857,125,25,0.2,9,15,0.6,0.6,2.8,1.6,5,2,1,0,0.5,0.5,1,2,0,0,0.0,0.0,0.0,4.0,0.0,2,1599.15,1485.69,113.46,2,83,16,0.1927710843373494,83,14,0.1686746987951807,3,Monday,0.5962,0,0,0,1,0,1,2,1,W,1,0,matched_secondary_full_career,0,0,0,0,0,1.0986122886681098,0,1.0986122886681098
2006-03-12_Manchester_United_Newcastle_United_188,2006-03-12,2005/06,Manchester United,Newcastle United,Premier League,domestic_league,H,0,0.78,21.0956,7705,187,42,32,958,0.2245989304812834,6.0,1,3,5,4,6,8,11,0,1,1.2,0.8,0.55,0.8,0.5,0.3,1.1241363018312054,0.0388344102075371,3,0,6.0,43,13,7,0.3023255813953488,126,26,0.2063492063492063,12,15,0.8,0.8,2.6,1.0,5,5,1,2,0.2,0.2,1,5,0,0,0.0,0.0,0.8,2.6,0.0,5,1606.0,1464.83,141.17,5,84,17,0.2023809523809523,97,22,0.2268041237113402,3,Sunday,0.6126,0,0,0,0,0,0,2,0,W,0,0,matched_secondary_full_career,0,0,0,0,0,1.791759469228055,0,1.791759469228055
2006-03-18_Manchester_United_West_Bromwich_Albion_189,2006-03-18,2005/06,Manchester United,West Bromwich Albion,Premier League,domestic_league,A,0,0.78,21.112,7711,188,42,32,958,0.2234042553191489,6.0,1,2,5,3,4,8,10,0,1,0.8,0.8,0.5,0.6,0.5,0.3,0.7868954112818437,0.027184087145276,0,1,12.0,44,13,7,0.2954545454545454,127,26,0.2047244094488189,12,17,0.8,0.8,2.2,0.6,5,4,1,0,0.25,0.25,1,2,1,1,1.0,0.5,1.0,1.75,0.25,4,1612.14,1499.89,112.26,4,85,17,0.2,84,15,0.1785714285714285,3,Saturday,0.6291,0,0,0,0,0,0,2,1,W,0,1,matched_secondary_full_career,0,0,0,0,0,1.6094379124341003,0,1.6094379124341003
2006-03-26_Manchester_United_Birmingham_City_190,2006-03-26,2005/06,Manchester United,Birmingham City,Premier League,domestic_league,H,0,0.78,21.1339,7719,189,42,33,958,0.2222222222222222,8.0,0,2,5,1,4,8,10,1,2,0.8,0.8,0.5,0.6,0.5,0.3,0.5508267878972906,0.3190288610016932,0,2,20.0,45,13,8,0.2888888888888888,128,26,0.203125,12,19,0.8,0.8,2.0,0.6,5,5,1,2,0.2,0.2,0,3,2,0,0.4,0.4,0.8,1.8,0.2,5,1619.02,1486.25,132.77,5,86,17,0.1976744186046511,98,22,0.2244897959183673,3,Sunday,0.6511,0,0,0,0,0,0,3,0,W,0,1,matched_secondary_full_career,0,0,0,0,0,1.791759469228055,0,1.791759469228055
2006-03-29_Manchester_United_West_Ham_United_191,2006-03-29,2005/06,Manchester United,West Ham United,Premier League,domestic_league,H,0,0.78,21.1421,7722,190,42,34,958,0.2210526315789473,3.0,1,2,5,0,3,8,10,2,3,0.6,0.8,0.5,0.4,0.5,0.3,0.3855787515281034,0.5233202027011852,0,3,23.0,46,13,9,0.2826086956521739,129,26,0.2015503875968992,15,21,1.0,1.0,2.6,0.4,5,0,0,0,0.0,0.0,0,0,0,0,0.0,0.0,0.0,0.0,0.0,0,1625.38,1500.0,125.38,0,87,17,0.1954022988505747,99,22,0.2222222222222222,3,Wednesday,0.6593,0,0,0,0,0,0,1,0,W,0,0,matched_secondary_full_career,1,0,0,0,1,0.0,1,0.0
2006-04-01_Manchester_United_Bolton_Wanderers_192,2006-04-01,2005/06,Manchester United,Bolton Wanderers,Premier League,domestic_league,A,0,0.78,21.1503,7725,191,42,34,958,0.2198952879581152,3.0,2,3,5,0,1,8,10,2,2,0.2,0.8,0.5,0.2,0.5,0.3,0.2699051260696724,0.3663241418908296,0,4,26.0,47,13,9,0.2765957446808511,130,26,0.2,15,24,1.0,1.0,2.0,0.4,5,4,2,1,0.5,0.25,2,3,1,0,0.25,0.25,0.75,3.0,0.0,4,1631.92,1479.68,152.24,4,88,17,0.1931818181818181,85,15,0.1764705882352941,4,Saturday,0.6676,0,0,0,0,0,0,2,1,W,0,0,matched_secondary_full_career,0,0,0,0,0,1.6094379124341003,0,1.6094379124341003
2006-04-09_Manchester_United_Arsenal_193,2006-04-09,2005/06,Manchester United,Arsenal,Premier League,domestic_league,H,0,0.78,21.1722,7733,192,42,34,958,0.21875,8.0,0,3,5,0,0,6,10,2,2,0.0,0.6,0.5,0.0,0.4,0.2,0.1889335882487706,0.2564268993235807,0,5,34.0,48,13,9,0.2708333333333333,131,26,0.1984732824427481,15,27,1.0,1.0,2.0,0.4,5,6,2,0,0.3333333333333333,0.1666666666666666,2,3,3,0,0.5,0.5,0.3333333333333333,1.1666666666666667,0.5,6,1637.79,1486.69,151.1,6,89,17,0.1910112359550561,100,22,0.22,4,Sunday,0.6896,0,0,0,0,0,0,2,0,W,0,0,matched_secondary_full_career,0,0,0,0,0,1.9459101490553132,0,1.9459101490553132
2006-04-14_Manchester_United_Sunderland_194,2006-04-14,2005/06,Manchester United,Sunderland,Premier League,domestic_league,H,0,0.78,21.1859,7738,193,42,34,958,0.2176165803108808,5.0,1,2,5,0,0,4,10,2,2,0.0,0.4,0.5,0.0,0.3,0.1,0.1322535117741394,0.1794988295265064,0,6,39.0,49,13,9,0.2653061224489796,132,26,0.1969696969696969,15,27,1.0,1.0,2.0,0.4,5,1,0,0,0.0,0.0,0,1,0,0,0.0,0.0,1.0,3.0,0.0,1,1643.7,1493.36,150.34,1,90,17,0.1888888888888888,101,22,0.2178217821782178,4,Friday,0.7033,0,0,0,0,0,0,0,0,D,0,0,matched_secondary_full_career,0,0,0,0,0,0.6931471805599453,0,0.6931471805599453
2006-04-17_Manchester_United_Tottenham_Hotspur_195,2006-04-17,2005/06,Manchester United,Tottenham Hotspur,Premier League,domestic_league,A,0,0.78,21.1941,7741,194,42,34,958,0.2164948453608247,3.0,1,2,6,0,0,4,10,1,2,0.0,0.4,0.5,0.0,0.3,0.1,0.0925774582418976,0.1256491806685545,0,7,42.0,50,13,9,0.26,133,26,0.1954887218045112,13,25,0.8,1.0,1.6,0.2,5,5,1,0,0.2,0.2,0,3,2,0,0.4,0.4,0.4,1.4,0.2,5,1639.62,1484.26,155.37,5,91,17,0.1868131868131868,86,15,0.1744186046511628,4,Monday,0.7115,0,0,0,0,0,0,2,1,W,0,1,matched_secondary_full_career,0,0,0,0,0,1.791759469228055,0,1.791759469228055
2006-04-29_Manchester_United_Chelsea_196,2006-04-29,2005/06,Manchester United,Chelsea,Premier League,domestic_league,A,0,0.78,21.227,7753,195,42,35,958,0.2153846153846154,12.0,0,1,4,0,0,3,10,1,3,0.0,0.3,0.5,0.0,0.2,0.1,0.0648042207693283,0.3879544264679881,0,8,54.0,51,13,10,0.2549019607843137,134,26,0.1940298507462686,13,28,0.8,1.0,1.4,0.4,5,6,0,1,0.0,0.0,0,1,2,3,1.8333333333333333,0.8333333333333334,1.1666666666666667,0.6666666666666666,0.3333333333333333,6,1645.43,1533.35,112.08,6,92,17,0.1847826086956521,87,15,0.1724137931034483,4,Saturday,0.7445,0,0,0,0,0,0,0,3,L,0,0,matched_secondary_full_career,0,0,0,0,0,1.9459101490553132,0,1.9459101490553132
2006-05-01_Manchester_United_Middlesbrough_197,2006-05-01,2005/06,Manchester United,Middlesbrough,Premier League,domestic_league,H,0,0.78,21.2325,7755,196,42,35,958,0.2142857142857142,2.0,1,2,5,0,0,1,8,1,3,0.0,0.1,0.4,0.0,0.1,0.0,0.0453629545385298,0.2715680985275917,0,9,56.0,52,13,10,0.25,135,26,0.1925925925925926,10,25,0.6,0.8,1.2,1.0,5,5,1,1,0.2,0.2,1,2,1,2,1.4,0.6,1.6,1.8,0.0,5,1632.31,1514.1,118.21,5,93,17,0.1827956989247312,102,22,0.2156862745098039,5,Monday,0.75,0,0,0,0,0,0,0,0,D,0,0,matched_secondary_full_career,0,0,0,0,0,1.791759469228055,0,1.791759469228055
2006-05-07_Manchester_United_Charlton_Athletic_198,2006-05-07,2005/06,Manchester United,Charlton Athletic,Premier League,domestic_league,H,0,0.78,21.2489,7761,197,42,35,958,0.2131979695431472,6.0,1,2,5,0,0,0,8,1,3,0.0,0.0,0.4,0.0,0.0,0.0,0.0317540681769708,0.1900976689693141,0,10,62.0,53,13,10,0.2452830188679245,136,26,0.1911764705882352,8,23,0.4,0.8,0.8,0.8,5,3,0,0,0.0,0.0,0,3,0,0,0.0,0.0,0.3333333333333333,2.333333333333333,0.0,3,1629.03,1476.22,152.82,3,94,17,0.1808510638297872,103,22,0.2135922330097087,5,Sunday,0.7665,0,0,0,1,0,1,4,0,W,1,0,matched_secondary_full_career,0,0,0,0,0,1.3862943611198906,0,1.3862943611198906
2006-05-27_Portugal_Cape_Verde_199,2006-05-27,2005/06,Portugal,Cape Verde,International Friendly,international,H,1,0.35,21.3037,7781,198,43,35,957,0.2171717171717171,20.0,0,0,3,1,1,1,9,1,3,0.2,0.1,0.45,0.2,0.1,0.0,0.3222278477238796,0.1330683682785199,1,0,20.0,54,14,10,0.2592592592592592,30,11,0.3666666666666666,13,24,0.8,1.0,2.2,0.4,5,0,0,0,0.0,0.0,0,0,0,0,0.0,0.0,0.0,0.0,0.0,0,1607.57,1500.0,107.57,0,12,2,0.1666666666666666,104,23,0.2211538461538461,5,Saturday,0.8214,0,1,0,0,0,0,4,1,W,0,0,matched_secondary_full_career,1,0,0,0,1,0.0,1,0.0
2006-06-03_Portugal_Luxembourg_200,2006-06-03,2005/06,Portugal,Luxembourg,International Friendly,international,N,1,0.35,21.3228,7788,199,43,35,957,0.2160804020100502,7.0,1,1,2,1,1,1,9,1,2,0.2,0.1,0.45,0.2,0.1,0.0,0.2255594934067157,0.0931478577949639,0,1,27.0,55,14,10,0.2545454545454545,31,11,0.3548387096774194,13,26,0.8,1.0,2.6,0.4,5,3,1,0,0.3333333333333333,0.3333333333333333,1,3,0,0,0.0,0.0,0.0,4.666666666666667,0.0,3,1614.57,1474.8,139.77,3,13,2,0.1538461538461538,6,5,0.8333333333333334,6,Saturday,0.8407,0,1,0,0,0,0,3,0,W,0,0,matched_secondary_full_career,0,0,0,0,0,1.3862943611198906,0,1.3862943611198906
2006-06-11_Portugal_Angola_201,2006-06-11,2005/06,Portugal,Angola,World Cup,international,N,1,1.0,21.3447,7796,200,43,35,957,0.215,8.0,0,1,2,1,1,1,9,0,1,0.2,0.1,0.45,0.2,0.1,0.0,0.1578916453847009,0.0652035004564747,0,2,35.0,56,14,10,0.25,32,11,0.34375,13,26,0.8,1.0,2.6,0.4,5,0,0,0,0.0,0.0,0,0,0,0,0.0,0.0,0.0,0.0,0.0,0,1620.75,1500.0,120.75,0,0,0,0.0,7,5,0.7142857142857143,6,Sunday,0.8626,0,1,0,0,0,0,1,0,W,0,0,matched_secondary_full_career,1,0,0,0,1,0.0,1,0.0
2006-06-17_Portugal_Iran_202,2006-06-17,2005/06,Portugal,Iran,World Cup,international,N,1,1.0,21.3612,7802,201,43,35,957,0.2139303482587064,6.0,1,2,3,0,1,1,9,0,1,0.2,0.1,0.45,0.2,0.1,0.0,0.1105241517692906,0.0456424503195323,0,3,41.0,57,14,10,0.2456140350877192,33,11,0.3333333333333333,13,26,0.8,1.0,2.4,0.4,5,0,0,0,0.0,0.0,0,0,0,0,0.0,0.0,0.0,0.0,0.0,0,1627.41,1500.0,127.41,0,1,0,0.0,8,5,0.625,6,Saturday,0.8791,0,1,0,1,0,1,2,0,W,1,0,matched_secondary_full_career,1,0,0,0,1,0.0,1,0.0
2006-06-25_Portugal_Netherlands_203,2006-06-25,2005/06,Portugal,Netherlands,World Cup,international,N,1,1.0,21.3831,7810,202,44,35,956,0.2178217821782178,8.0,0,2,4,1,2,2,8,0,1,0.4,0.2,0.4,0.4,0.2,0.0,0.3773669062385034,0.0319497152236726,1,0,8.0,58,15,10,0.2586206896551724,34,12,0.3529411764705882,15,26,1.0,1.0,2.6,0.2,5,1,1,1,1.0,1.0,1,1,0,0,0.0,0.0,1.0,2.0,0.0,1,1633.89,1490.99,142.9,1,2,1,0.5,9,6,0.6666666666666666,6,Sunday,0.9011,0,1,0,0,0,0,1,0,W,0,0,matched_secondary_full_career,0,0,0,0,0,0.6931471805599453,0,0.6931471805599453
2006-07-01_Portugal_England_204,2006-07-01,2005/06,Portugal,England,World Cup,international,N,1,1.0,21.3995,7816,203,44,35,956,0.2167487684729064,6.0,1,2,4,1,1,2,6,0,1,0.2,0.2,0.3,0.2,0.2,0.0,0.2641568343669523,0.0223648006565708,0,1,14.0,59,15,10,0.2542372881355932,35,12,0.3428571428571428,15,28,1.0,1.0,2.2,0.2,5,2,0,0,0.0,0.0,0,0,2,0,1.0,1.0,1.5,1.5,0.0,2,1640.0,1501.57,138.43,2,3,1,0.3333333333333333,10,6,0.6,7,Saturday,0.9176,0,1,0,0,0,0,0,0,D,0,0,matched_secondary_full_career,0,0,0,0,0,1.0986122886681098,0,1.0986122886681098
2006-07-05_Portugal_France_205,2006-07-05,2005/06,Portugal,France,World Cup,international,N,1,1.0,21.4104,7820,204,44,35,956,0.2156862745098039,4.0,1,2,4,1,1,2,6,0,1,0.2,0.2,0.3,0.2,0.2,0.0,0.1849097840568666,0.0156553604595995,0,2,18.0,60,15,10,0.25,36,12,0.3333333333333333,13,26,0.8,1.0,1.4,0.0,5,0,0,0,0.0,0.0,0,0,0,0,0.0,0.0,0.0,0.0,0.0,0,1636.21,1500.0,136.21,0,4,1,0.25,11,6,0.5454545454545454,7,Wednesday,0.9286,0,1,0,0,0,0,0,1,L,0,0,matched_secondary_full_career,1,0,0,0,1,0.0,1,0.0
2006-07-08_Portugal_Germany_206,2006-07-08,2005/06,Portugal,Germany,World Cup,international,A,1,1.0,21.4186,7823,205,44,35,956,0.2146341463414634,3.0,2,3,5,0,1,2,5,0,0,0.2,0.2,0.25,0.2,0.2,0.0,0.1294368488398066,0.0109587523217197,0,3,21.0,61,15,10,0.2459016393442623,37,12,0.3243243243243243,10,23,0.6,0.8,0.8,0.2,5,0,0,0,0.0,0.0,0,0,0,0,0.0,0.0,0.0,0.0,0.0,0,1622.48,1500.0,122.48,0,5,1,0.2,88,15,0.1704545454545454,7,Saturday,0.9368,0,1,0,0,0,0,1,3,L,0,0,matched_secondary_full_career,1,0,0,0,1,0.0,1,0.0
2006-08-20_Manchester_United_Fulham_207,2006-08-20,2006/07,Manchester United,Fulham,Premier League,domestic_league,H,0,0.78,21.5364,7866,206,44,35,956,0.2135922330097087,43.0,0,0,0,0,1,2,3,0,0,0.2,0.2,0.15,0.2,0.2,0.0,0.0906057941878646,0.0076711266252037,0,4,64.0,0,0,0,0.0,137,27,0.1970802919708029,8,23,0.4,0.8,1.2,0.8,5,7,3,2,0.4285714285714285,0.2857142857142857,3,4,2,1,0.7142857142857143,0.4285714285714285,1.4285714285714286,1.8571428571428568,0.0,7,1634.9,1485.89,149.01,7,95,18,0.1894736842105263,105,23,0.219047619047619,8,Sunday,0.0522,1,0,0,1,0,1,5,1,W,1,0,matched_secondary_full_career,0,0,0,0,0,2.0794415416798357,0,2.0794415416798357
2006-08-23_Manchester_United_Charlton_Athletic_208,2006-08-23,2006/07,Manchester United,Charlton Athletic,Premier League,domestic_league,A,0,0.78,21.5446,7869,207,45,35,955,0.217391304347826,3.0,1,1,1,1,1,3,3,0,0,0.2,0.3,0.15,0.2,0.3,0.0,0.3634240559315052,0.0053697886376426,1,0,3.0,1,1,0,1.0,138,28,0.2028985507246377,10,23,0.6,0.8,2.2,1.0,5,4,1,0,0.25,0.25,1,4,0,0,0.0,0.0,0.25,2.75,0.0,4,1640.85,1470.35,170.5,4,96,19,0.1979166666666666,89,15,0.1685393258426966,8,Wednesday,0.0604,1,0,0,0,0,0,3,0,W,0,0,matched_secondary_full_career,0,0,0,0,0,1.6094379124341003,0,1.6094379124341003
2006-08-26_Manchester_United_Watford_209,2006-08-26,2006/07,Manchester United,Watford,Premier League,domestic_league,A,0,0.78,21.5528,7872,208,45,35,955,0.2163461538461538,3.0,2,2,2,1,1,2,3,0,0,0.2,0.2,0.15,0.2,0.2,0.0,0.2543968391520536,0.0037588520463498,0,1,6.0,2,1,0,0.5,139,28,0.2014388489208633,10,23,0.6,0.8,2.4,0.8,5,0,0,0,0.0,0.0,0,0,0,0,0.0,0.0,0.0,0.0,0.0,0,1646.31,1500.0,146.31,0,97,19,0.1958762886597938,90,15,0.1666666666666666,8,Saturday,0.0687,1,0,0,0,0,0,2,1,W,0,0,matched_secondary_full_career,1,0,0,0,1,0.0,1,0.0
2006-09-01_Portugal_Denmark_210,2006-09-01,2006/07,Portugal,Denmark,International Friendly,international,A,1,0.35,21.5692,7878,209,45,35,955,0.215311004784689,6.0,1,3,3,1,1,2,3,0,0,0.2,0.2,0.15,0.2,0.2,0.0,0.1780777874064375,0.0026311964324449,0,2,12.0,3,1,0,0.3333333333333333,38,12,0.3157894736842105,7,20,0.4,0.6,0.8,0.8,5,0,0,0,0.0,0.0,0,0,0,0,0.0,0.0,0.0,0.0,0.0,0,1609.1,1500.0,109.1,0,14,2,0.1428571428571428,91,15,0.1648351648351648,9,Friday,0.0852,1,0,0,0,0,0,2,4,L,0,1,matched_secondary_full_career,1,0,0,0,1,0.0,1,0.0
2006-09-06_Portugal_Finland_211,2006-09-06,2006/07,Portugal,Finland,Euros Qualifier,international,A,1,0.76,21.5829,7883,210,45,36,955,0.2142857142857142,5.0,1,3,4,0,1,2,3,1,1,0.2,0.2,0.15,0.2,0.2,0.0,0.1246544511845062,0.3018418375027114,0,3,17.0,4,1,1,0.25,39,12,0.3076923076923077,4,19,0.2,0.4,0.8,1.6,5,0,0,0,0.0,0.0,0,0,0,0,0.0,0.0,0.0,0.0,0.0,0,1596.05,1500.0,96.05,0,0,0,0.0,92,15,0.1630434782608695,9,Wednesday,0.0989,1,0,0,0,0,0,1,1,D,0,0,matched_secondary_full_career,1,0,0,0,1,0.0,1,0.0
2006-09-09_Manchester_United_Tottenham_Hotspur_212,2006-09-09,2006/07,Manchester United,Tottenham Hotspur,Premier League,domestic_league,H,0,0.78,21.5911,7886,211,45,36,955,0.2132701421800948,3.0,1,3,5,0,1,2,3,1,1,0.2,0.2,0.15,0.2,0.2,0.0,0.0872581158291543,0.211289286251898,0,4,20.0,5,1,1,0.2,140,28,0.2,13,23,0.8,1.0,2.8,0.4,5,6,1,1,0.1666666666666666,0.1666666666666666,0,4,2,0,0.3333333333333333,0.3333333333333333,0.5,1.5,0.1666666666666666,6,1652.33,1478.45,173.87,6,98,19,0.1938775510204081,106,24,0.2264150943396226,9,Saturday,0.1071,1,0,0,0,0,0,1,0,W,0,0,matched_secondary_full_career,0,0,0,0,0,1.9459101490553132,0,1.9459101490553132
2006-09-17_Manchester_United_Arsenal_213,2006-09-17,2006/07,Manchester United,Arsenal,Premier League,domestic_league,H,0,0.78,21.613,7894,212,45,36,955,0.2122641509433962,8.0,0,2,6,0,0,1,3,1,1,0.0,0.1,0.15,0.0,0.1,0.0,0.061080681080408,0.1479025003763286,0,5,28.0,6,1,1,0.1666666666666666,141,28,0.1985815602836879,15,23,1.0,1.0,3.0,0.4,5,7,2,0,0.2857142857142857,0.1428571428571428,0,4,3,0,0.4285714285714285,0.4285714285714285,0.2857142857142857,1.2857142857142858,0.4285714285714285,7,1657.7,1480.79,176.91,7,99,19,0.1919191919191919,107,24,0.2242990654205607,9,Sunday,0.1291,1,0,0,0,0,0,0,1,L,0,0,matched_secondary_full_career,0,0,0,0,0,2.0794415416798357,0,2.0794415416798357
2006-09-23_Manchester_United_Reading_214,2006-09-23,2006/07,Manchester United,Reading,Premier League,domestic_league,A,0,0.78,21.6295,7900,213,45,36,955,0.2112676056338028,6.0,1,2,5,0,0,1,3,1,1,0.0,0.1,0.15,0.0,0.1,0.0,0.0427564767562856,0.10353175026343,0,6,34.0,7,1,1,0.1428571428571428,142,28,0.1971830985915492,12,20,0.8,0.8,2.2,0.6,5,0,0,0,0.0,0.0,0,0,0,0,0.0,0.0,0.0,0.0,0.0,0,1643.01,1500.0,143.01,0,100,19,0.19,93,15,0.1612903225806451,9,Saturday,0.1456,1,0,0,1,0,1,1,1,D,1,0,matched_secondary_full_career,1,0,0,0,1,0.0,1,0.0
2006-09-26_Manchester_United_Benfica_215,2006-09-26,2006/07,Manchester United,Benfica,UEFA Champions League,continental_club,A,0,0.94,21.6377,7903,214,46,36,954,0.2149532710280373,3.0,1,2,5,1,1,2,4,1,1,0.2,0.2,0.2,0.2,0.2,0.0,0.3299295337293999,0.072472225184401,1,0,3.0,8,2,1,0.25,143,29,0.2027972027972027,10,20,0.6,0.8,1.4,0.6,5,3,0,0,0.0,0.0,0,1,0,1,1.5,0.5,1.5,1.5,0.0,2,1639.11,1517.08,122.03,3,18,0,0.0,94,16,0.1702127659574468,9,Tuesday,0.1538,1,0,0,0,0,0,1,0,W,0,1,matched_secondary_full_career,0,0,0,0,0,1.3862943611198906,0,1.3862943611198906
2006-10-01_Manchester_United_Newcastle_United_216,2006-10-01,2006/07,Manchester United,Newcastle United,Premier League,domestic_league,H,0,0.78,21.6514,7908,215,46,37,954,0.213953488372093,5.0,1,3,6,1,1,2,4,1,2,0.2,0.2,0.2,0.2,0.2,0.0,0.2309506736105799,0.3507305576290807,0,1,8.0,9,2,2,0.2222222222222222,144,29,0.2013888888888889,10,20,0.6,0.8,1.0,0.6,5,6,1,2,0.1666666666666666,0.1666666666666666,0,6,0,0,0.0,0.0,0.6666666666666666,2.5,0.0,6,1645.74,1458.68,187.05,6,101,20,0.198019801980198,108,24,0.2222222222222222,10,Sunday,0.1676,1,0,0,0,0,0,2,0,W,0,0,matched_secondary_full_career,0,0,0,0,0,1.9459101490553132,0,1.9459101490553132
2006-10-07_Portugal_Azerbaijan_217,2006-10-07,2006/07,Portugal,Azerbaijan,Euros Qualifier,international,H,1,0.76,21.6678,7914,216,46,37,954,0.2129629629629629,6.0,1,3,5,1,1,2,4,1,2,0.2,0.2,0.2,0.2,0.2,0.0,0.1616654715274059,0.2455113903403564,0,2,14.0,10,2,2,0.2,40,12,0.3,2,17,0.0,0.4,0.8,1.8,5,0,0,0,0.0,0.0,0,0,0,0,0.0,0.0,0.0,0.0,0.0,0,1593.36,1500.0,93.36,0,1,0,0.0,109,24,0.2201834862385321,10,Saturday,0.1841,1,0,0,1,1,2,3,0,W,2,0,matched_secondary_full_career,1,0,0,0,1,0.0,1,0.0
2006-10-11_Portugal_Poland_218,2006-10-11,2006/07,Portugal,Poland,Euros Qualifier,international,A,1,0.76,21.6787,7918,217,48,37,952,0.2211981566820276,4.0,1,2,5,2,3,3,6,1,2,0.6,0.3,0.3,0.4,0.2,0.1,0.7131658300691841,0.1718579732382495,1,0,4.0,11,4,2,0.3636363636363636,41,14,0.3414634146341463,4,17,0.2,0.4,1.4,1.8,5,0,0,0,0.0,0.0,0,0,0,0,0.0,0.0,0.0,0.0,0.0,0,1600.73,1500.0,100.73,0,2,2,1.0,95,16,0.1684210526315789,10,Wednesday,0.1951,1,0,0,0,0,0,1,2,L,0,0,matched_secondary_full_career,1,0,0,0,1,0.0,1,0.0
2006-10-17_Manchester_United_FC_Copenhagen_219,2006-10-17,2006/07,Manchester United,FC Copenhagen,UEFA Champions League,continental_club,H,0,0.94,21.6952,7924,218,48,37,952,0.2201834862385321,6.0,1,2,6,2,3,3,5,1,2,0.6,0.3,0.25,0.4,0.2,0.1,0.4992160810484288,0.1203005812667746,0,1,10.0,12,4,2,0.3333333333333333,145,29,0.2,10,23,0.6,0.8,1.0,0.4,5,0,0,0,0.0,0.0,0,0,0,0,0.0,0.0,0.0,0.0,0.0,0,1650.82,1500.0,150.82,0,19,0,0.0,110,26,0.2363636363636363,10,Tuesday,0.2115,0,0,0,0,0,0,3,0,W,0,1,matched_secondary_full_career,1,0,0,0,1,0.0,1,0.0
2006-10-28_Manchester_United_Bolton_Wanderers_220,2006-10-28,2006/07,Manchester United,Bolton Wanderers,Premier League,domestic_league,A,0,0.78,21.7253,7935,219,48,38,952,0.2191780821917808,11.0,0,1,4,2,2,3,5,2,3,0.4,0.3,0.25,0.2,0.2,0.1,0.3494512567339001,0.3842104068867422,0,2,21.0,13,4,3,0.3076923076923077,146,29,0.1986301369863013,10,25,0.6,0.8,1.4,0.4,5,5,2,1,0.4,0.2,2,4,1,0,0.2,0.2,0.8,2.8,0.0,5,1656.73,1473.8,182.93,5,102,20,0.196078431372549,96,16,0.1666666666666666,10,Saturday,0.2418,0,0,0,1,0,1,4,0,W,1,0,matched_secondary_full_career,0,0,0,0,0,1.791759469228055,0,1.791759469228055
2006-11-01_Manchester_United_FC_Copenhagen_221,2006-11-01,2006/07,Manchester United,FC Copenhagen,UEFA Champions League,continental_club,A,0,0.94,21.7362,7939,220,49,38,951,0.2227272727272727,4.0,1,1,4,1,3,4,6,1,2,0.6,0.4,0.3,0.4,0.3,0.1,0.54461587971373,0.2689472848207195,1,0,4.0,14,5,3,0.3571428571428571,147,30,0.2040816326530612,13,25,0.8,1.0,2.2,0.2,5,1,0,1,0.0,0.0,0,1,0,0,0.0,0.0,0.0,3.0,0.0,1,1661.9,1494.09,167.82,1,20,0,0.0,97,17,0.1752577319587628,11,Wednesday,0.2527,0,0,0,0,0,0,0,1,L,0,0,matched_secondary_full_career,0,0,0,0,0,0.6931471805599453,0,0.6931471805599453
2006-11-04_Manchester_United_Portsmouth_222,2006-11-04,2006/07,Manchester United,Portsmouth,Premier League,domestic_league,H,0,0.78,21.7445,7942,221,49,38,951,0.2217194570135746,3.0,2,2,5,1,3,4,6,1,2,0.6,0.4,0.3,0.4,0.3,0.1,0.381231115799611,0.1882630993745036,0,1,7.0,15,5,3,0.3333333333333333,148,30,0.2027027027027027,12,22,0.8,0.8,2.0,0.2,5,6,3,2,0.5,0.3333333333333333,2,4,0,2,1.0,0.3333333333333333,0.8333333333333334,1.8333333333333333,0.3333333333333333,6,1647.42,1494.87,152.55,6,103,21,0.203883495145631,111,26,0.2342342342342342,11,Saturday,0.261,0,0,0,1,0,1,3,0,W,1,0,matched_secondary_full_career,0,0,0,0,0,1.9459101490553132,0,1.9459101490553132
2006-11-07_Manchester_United_Southend_United_223,2006-11-07,2006/07,Manchester United,Southend United,League Cup,domestic_or_other_cup,A,0,0.72,21.7527,7945,222,50,38,950,0.2252252252252252,3.0,2,3,5,2,2,5,6,1,2,0.4,0.5,0.3,0.4,0.4,0.1,0.5668617810597276,0.1317841695621525,1,0,3.0,16,6,3,0.375,149,31,0.2080536912751678,12,22,0.8,0.8,2.4,0.2,5,0,0,0,0.0,0.0,0,0,0,0,0.0,0.0,0.0,0.0,0.0,0,1653.29,1500.0,153.29,0,7,2,0.2857142857142857,98,17,0.173469387755102,11,Tuesday,0.2692,0,0,0,0,0,0,0,1,L,0,0,matched_secondary_full_career,1,0,0,0,1,0.0,1,0.0
2006-11-11_Manchester_United_Blackburn_Rovers_224,2006-11-11,2006/07,Manchester United,Blackburn Rovers,Premier League,domestic_league,A,0,0.78,21.7636,7949,223,50,38,950,0.2242152466367713,4.0,2,4,5,1,2,5,6,1,2,0.4,0.5,0.3,0.4,0.4,0.1,0.3968032467418093,0.0922489186935067,0,1,7.0,17,6,3,0.3529411764705882,150,31,0.2066666666666666,9,19,0.6,0.6,2.0,0.4,5,6,0,1,0.0,0.0,0,1,3,2,1.5,0.8333333333333334,1.5,1.3333333333333333,0.1666666666666666,6,1639.14,1526.85,112.29,6,104,22,0.2115384615384615,99,17,0.1717171717171717,11,Saturday,0.2802,0,0,0,0,0,0,1,0,W,0,0,matched_secondary_full_career,0,0,0,0,0,1.9459101490553132,0,1.9459101490553132
2006-11-15_Portugal_Kazakhstan_225,2006-11-15,2006/07,Portugal,Kazakhstan,Euros Qualifier,international,H,1,0.76,21.7746,7953,224,50,38,950,0.2232142857142857,4.0,1,4,6,1,2,4,6,0,2,0.4,0.4,0.3,0.4,0.3,0.1,0.2777622727192665,0.0645742430854547,0,2,11.0,18,6,3,0.3333333333333333,42,14,0.3333333333333333,4,14,0.2,0.4,1.6,2.0,5,1,0,0,0.0,0.0,0,1,0,0,0.0,0.0,0.0,1.0,0.0,1,1587.91,1490.0,97.91,1,3,2,0.6666666666666666,112,27,0.2410714285714285,11,Wednesday,0.2912,0,0,0,1,0,1,3,0,W,1,0,matched_secondary_full_career,0,0,0,0,0,0.6931471805599453,0,0.6931471805599453
2006-11-18_Manchester_United_Sheffield_United_226,2006-11-18,2006/07,Manchester United,Sheffield United,Premier League,domestic_league,A,0,0.78,21.7828,7956,225,51,38,949,0.2266666666666666,3.0,2,4,6,1,2,5,7,0,1,0.4,0.5,0.35,0.4,0.4,0.1,0.4944335909034865,0.0452019701598183,1,0,3.0,19,7,3,0.3684210526315789,151,31,0.2052980132450331,9,19,0.6,0.6,1.6,0.4,5,0,0,0,0.0,0.0,0,0,0,0,0.0,0.0,0.0,0.0,0.0,0,1646.02,1500.0,146.02,0,105,22,0.2095238095238095,100,17,0.17,11,Saturday,0.2995,0,0,0,0,0,0,2,1,W,0,0,matched_secondary_full_career,1,0,0,0,1,0.0,1,0.0
2006-11-21_Manchester_United_Celtic_227,2006-11-21,2006/07,Manchester United,Celtic,UEFA Champions League,continental_club,A,0,0.94,21.791,7959,226,51,38,949,0.2256637168141592,3.0,2,4,7,1,2,5,7,0,1,0.4,0.5,0.35,0.4,0.4,0.1,0.3461035136324406,0.0316413791118728,0,1,6.0,20,7,3,0.35,152,31,0.2039473684210526,9,22,0.6,0.6,1.2,0.6,5,0,0,0,0.0,0.0,0,0,0,0,0.0,0.0,0.0,0.0,0.0,0,1652.05,1500.0,152.05,0,21,0,0.0,101,17,0.1683168316831683,11,Tuesday,0.3077,0,0,0,0,0,0,0,1,L,0,0,matched_secondary_full_career,1,0,0,0,1,0.0,1,0.0
2006-11-26_Manchester_United_Chelsea_228,2006-11-26,2006/07,Manchester United,Chelsea,Premier League,domestic_league,H,0,0.78,21.8047,7964,227,51,38,949,0.224669603524229,5.0,1,3,8,1,1,3,6,0,1,0.2,0.3,0.3,0.2,0.3,0.0,0.2422724595427083,0.0221489653783109,0,2,11.0,21,7,3,0.3333333333333333,153,31,0.2026143790849673,9,21,0.6,0.6,1.2,0.6,5,7,0,1,0.0,0.0,0,1,2,4,2.0,0.8571428571428571,1.4285714285714286,0.5714285714285714,0.4285714285714285,7,1637.93,1546.47,91.46,7,106,22,0.2075471698113207,113,28,0.247787610619469,11,Sunday,0.3214,0,0,0,0,0,0,1,1,D,0,0,matched_secondary_full_career,0,0,0,0,0,2.0794415416798357,0,2.0794415416798357
2006-11-29_Manchester_United_Everton_229,2006-11-29,2006/07,Manchester United,Everton,Premier League,domestic_league,H,0,0.78,21.8129,7967,228,51,38,949,0.2236842105263158,3.0,1,4,8,0,1,3,6,0,1,0.2,0.3,0.3,0.2,0.3,0.0,0.1695907216798958,0.0155042757648176,0,3,14.0,22,7,3,0.3181818181818182,154,31,0.2012987012987013,7,19,0.4,0.6,0.8,0.8,5,6,1,3,0.1666666666666666,0.1666666666666666,1,3,2,1,0.8333333333333334,0.5,1.1666666666666667,1.6666666666666667,0.3333333333333333,6,1635.36,1498.34,137.02,6,107,22,0.205607476635514,114,28,0.2456140350877192,11,Wednesday,0.3297,0,0,0,1,0,1,3,0,W,1,0,matched_secondary_full_career,0,0,0,0,0,1.9459101490553132,0,1.9459101490553132
2006-12-02_Manchester_United_Middlesbrough_230,2006-12-02,2006/07,Manchester United,Middlesbrough,Premier League,domestic_league,A,0,0.78,21.8211,7970,229,52,38,948,0.2270742358078602,3.0,2,4,8,1,2,4,7,0,0,0.4,0.4,0.35,0.4,0.4,0.0,0.4187135051759271,0.0108529930353723,1,0,3.0,23,8,3,0.3478260869565217,155,32,0.2064516129032258,10,19,0.6,0.8,1.4,0.6,5,6,1,1,0.1666666666666666,0.1666666666666666,1,2,2,2,1.3333333333333333,0.6666666666666666,1.3333333333333333,1.5,0.1666666666666666,6,1641.61,1517.37,124.23,6,108,23,0.2129629629629629,102,17,0.1666666666666666,12,Saturday,0.3379,0,0,1,0,0,0,2,1,W,0,0,matched_secondary_full_career,0,0,0,0,0,1.9459101490553132,0,1.9459101490553132
2006-12-06_Manchester_United_Benfica_231,2006-12-06,2006/07,Manchester United,Benfica,UEFA Champions League,continental_club,H,0,0.94,21.8321,7974,230,52,38,948,0.2260869565217391,4.0,2,3,8,1,1,3,7,0,0,0.2,0.3,0.35,0.2,0.3,0.0,0.2930994536231489,0.0075970951247606,0,1,7.0,24,8,3,0.3333333333333333,156,32,0.2051282051282051,10,19,0.6,0.8,1.6,0.8,5,4,0,1,0.0,0.0,0,2,0,1,1.0,0.3333333333333333,1.0,1.3333333333333333,0.0,3,1648.18,1510.45,137.72,4,22,0,0.0,115,29,0.2521739130434782,12,Wednesday,0.3489,0,0,1,0,0,0,3,1,W,0,1,matched_secondary_full_career,0,0,0,0,0,1.6094379124341003,0,1.6094379124341003
2006-12-09_Manchester_United_Manchester_City_232,2006-12-09,2006/07,Manchester United,Manchester City,Premier League,domestic_league,H,0,0.78,21.8403,7977,231,52,39,948,0.2251082251082251,3.0,2,4,8,1,1,3,7,1,1,0.2,0.3,0.35,0.2,0.3,0.0,0.2051696175362042,0.3053179665873324,0,2,10.0,25,8,4,0.32,157,32,0.2038216560509554,10,19,0.6,0.8,1.8,0.8,5,6,1,0,0.1666666666666666,0.1666666666666666,0,3,1,2,1.1666666666666667,0.5,1.6666666666666667,1.8333333333333333,0.1666666666666666,6,1654.41,1505.67,148.73,6,109,23,0.2110091743119266,116,29,0.25,12,Saturday,0.3571,0,0,1,1,0,1,3,1,W,1,1,matched_secondary_full_career,0,0,0,0,0,1.9459101490553132,0,1.9459101490553132
2006-12-17_Manchester_United_West_Ham_United_233,2006-12-17,2006/07,Manchester United,West Ham United,Premier League,domestic_league,A,0,0.78,21.8622,7985,232,53,40,947,0.2284482758620689,8.0,0,2,7,1,2,3,8,2,2,0.4,0.3,0.4,0.4,0.3,0.0,0.443618732275343,0.5137225766111326,1,0,8.0,26,9,5,0.3461538461538461,158,33,0.2088607594936709,13,22,0.8,1.0,2.4,0.8,5,1,0,0,0.0,0.0,0,1,0,0,0.0,0.0,0.0,1.0,0.0,1,1660.37,1493.46,166.91,1,110,24,0.2181818181818181,103,17,0.1650485436893204,12,Sunday,0.3791,0,0,1,0,0,0,0,1,L,0,0,matched_secondary_full_career,0,0,0,0,0,0.6931471805599453,0,0.6931471805599453
2006-12-23_Manchester_United_Aston_Villa_234,2006-12-23,2006/07,Manchester United,Aston Villa,Premier League,domestic_league,A,0,0.78,21.8786,7991,233,53,40,947,0.2274678111587982,6.0,1,2,6,1,2,3,8,2,2,0.4,0.3,0.4,0.4,0.3,0.0,0.3105331125927401,0.3596058036277928,0,1,14.0,27,9,5,0.3333333333333333,159,33,0.2075471698113207,12,19,0.8,0.8,2.2,0.8,5,6,2,0,0.3333333333333333,0.3333333333333333,1,6,0,0,0.0,0.0,0.1666666666666666,2.1666666666666665,0.0,6,1645.9,1458.48,187.43,6,111,24,0.2162162162162162,104,17,0.1634615384615384,12,Saturday,0.3956,0,0,1,1,1,2,3,0,W,2,0,matched_secondary_full_career,0,0,0,0,0,1.9459101490553132,0,1.9459101490553132
2006-12-26_Manchester_United_Wigan_Athletic_235,2006-12-26,2006/07,Manchester United,Wigan Athletic,Premier League,domestic_league,H,0,0.78,21.8868,7994,234,55,40,945,0.235042735042735,3.0,1,2,7,3,3,5,9,2,2,0.6,0.5,0.45,0.4,0.4,0.1,0.817373178814918,0.2517240625394549,1,0,3.0,28,11,5,0.3928571428571428,160,35,0.21875,12,22,0.8,0.8,2.2,0.8,5,3,2,0,0.6666666666666666,0.6666666666666666,2,3,0,0,0.0,0.0,0.3333333333333333,3.333333333333333,0.0,3,1650.98,1478.85,172.13,3,112,26,0.2321428571428571,117,30,0.2564102564102564,12,Tuesday,0.4038,0,0,1,1,1,2,3,1,W,2,0,matched_secondary_full_career,0,0,0,0,0,1.3862943611198906,0,1.3862943611198906
2006-12-30_Manchester_United_Reading_236,2006-12-30,2006/07,Manchester United,Reading,Premier League,domestic_league,H,0,0.78,21.8978,7998,235,57,40,943,0.2425531914893617,4.0,2,3,6,4,5,6,11,2,2,1.0,0.6,0.55,0.6,0.4,0.2,1.1721612251704423,0.1762068437776184,2,0,4.0,29,13,5,0.4482758620689655,161,37,0.2298136645962732,12,22,0.8,0.8,2.4,0.8,5,1,1,0,1.0,1.0,1,0,1,0,1.0,1.0,1.0,1.0,0.0,1,1656.39,1503.9,152.49,1,113,28,0.247787610619469,118,32,0.2711864406779661,12,Saturday,0.4148,0,0,1,1,1,2,3,2,W,2,1,matched_secondary_full_career,0,0,0,0,0,0.6931471805599453,0,0.6931471805599453
2007-01-01_Manchester_United_Newcastle_United_237,2007-01-01,2006/07,Manchester United,Newcastle United,Premier League,domestic_league,A,0,0.78,21.9033,8000,236,59,41,941,0.25,2.0,2,3,7,6,7,8,13,2,3,1.4,0.8,0.65,0.8,0.5,0.3,1.4205128576193098,0.4233447906443329,3,0,2.0,30,15,6,0.5,162,39,0.2407407407407407,12,22,0.8,0.8,2.4,1.0,5,7,1,2,0.1428571428571428,0.1428571428571428,0,7,0,0,0.0,0.0,0.5714285714285714,2.4285714285714284,0.0,7,1662.27,1453.6,208.67,7,114,30,0.2631578947368421,105,19,0.1809523809523809,1,Monday,0.4203,0,0,1,0,0,0,2,2,D,0,1,matched_secondary_full_career,0,0,0,0,0,2.0794415416798357,0,2.0794415416798357
2007-01-07_Manchester_United_Aston_Villa_238,2007-01-07,2006/07,Manchester United,Aston Villa,FA Cup,domestic_or_other_cup,H,0,0.72,21.9197,8006,237,59,42,941,0.2489451476793249,6.0,1,3,6,4,6,8,11,2,4,1.2,0.8,0.55,0.6,0.5,0.3,0.9943590003335168,0.596341353451033,0,1,8.0,31,15,7,0.4838709677419355,163,39,0.2392638036809816,10,23,0.6,0.8,2.2,1.2,5,7,4,0,0.5714285714285714,0.4285714285714285,2,7,0,0,0.0,0.0,0.1428571428571428,2.2857142857142856,0.0,7,1656.89,1453.4,203.49,7,14,6,0.4285714285714285,119,34,0.2857142857142857,1,Sunday,0.4368,0,0,1,0,0,0,2,1,W,0,0,matched_secondary_full_career,0,0,0,0,0,2.0794415416798357,0,2.0794415416798357
2007-01-13_Manchester_United_Aston_Villa_239,2007-01-13,2006/07,Manchester United,Aston Villa,Premier League,domestic_league,H,0,0.78,21.9361,8012,238,59,42,941,0.2478991596638655,6.0,1,3,6,2,6,8,11,2,4,1.2,0.8,0.55,0.6,0.5,0.3,0.6960513002334617,0.417438947415723,0,2,14.0,32,15,7,0.46875,164,39,0.2378048780487804,13,25,0.8,1.0,2.6,1.2,5,8,4,0,0.5,0.375,2,8,0,0,0.0,0.0,0.25,2.25,0.0,8,1661.62,1448.67,212.95,8,115,30,0.2608695652173913,120,34,0.2833333333333333,1,Saturday,0.4533,0,0,1,1,0,1,3,1,W,1,0,matched_secondary_full_career,0,0,0,0,0,2.1972245773362196,0,2.1972245773362196
2007-01-21_Manchester_United_Arsenal_240,2007-01-21,2006/07,Manchester United,Arsenal,Premier League,domestic_league,A,0,0.78,21.958,8020,239,60,42,940,0.2510460251046025,8.0,0,2,6,1,5,8,12,2,4,1.0,0.8,0.6,0.6,0.5,0.3,0.7872359101634232,0.2922072631910061,1,0,8.0,33,16,7,0.4848484848484848,165,40,0.2424242424242424,13,25,0.8,1.0,2.6,1.4,5,8,2,0,0.25,0.125,0,4,3,1,0.75,0.5,0.375,1.125,0.5,8,1666.16,1495.48,170.68,8,116,31,0.2672413793103448,106,19,0.1792452830188679,1,Sunday,0.4753,0,0,1,0,0,0,1,2,L,0,0,matched_secondary_full_career,0,0,0,0,0,2.1972245773362196,0,2.1972245773362196
2007-01-31_Manchester_United_Watford_241,2007-01-31,2006/07,Manchester United,Watford,Premier League,domestic_league,H,0,0.78,21.9854,8030,240,60,42,940,0.25,10.0,0,1,4,1,3,8,11,2,4,0.6,0.8,0.55,0.4,0.5,0.3,0.5510651371143962,0.2045450842337043,0,1,18.0,34,16,7,0.4705882352941176,166,40,0.2409638554216867,10,22,0.6,0.8,2.2,1.6,5,1,0,0,0.0,0.0,0,1,0,0,0.0,0.0,1.0,2.0,0.0,1,1651.61,1493.98,157.63,1,117,31,0.2649572649572649,121,35,0.2892561983471074,1,Wednesday,0.5027,0,0,1,1,0,1,4,0,W,1,1,matched_secondary_full_career,0,0,0,0,0,0.6931471805599453,0,0.6931471805599453
2007-02-04_Manchester_United_Tottenham_Hotspur_242,2007-02-04,2006/07,Manchester United,Tottenham Hotspur,Premier League,domestic_league,A,0,0.78,21.9963,8034,241,61,43,939,0.2531120331950207,4.0,1,2,4,2,2,9,12,2,4,0.4,0.9,0.6,0.4,0.6,0.3,0.6857455959800773,0.443181558963593,1,0,4.0,35,17,8,0.4857142857142857,167,41,0.2455089820359281,10,22,0.6,0.8,2.4,1.2,5,7,1,1,0.1428571428571428,0.1428571428571428,0,5,2,0,0.2857142857142857,0.2857142857142857,0.4285714285714285,1.4285714285714286,0.1428571428571428,7,1657.36,1473.08,184.28,7,118,32,0.2711864406779661,107,19,0.1775700934579439,2,Sunday,0.5137,0,0,0,1,0,1,4,0,W,1,1,matched_secondary_full_career,0,0,0,0,0,2.0794415416798357,0,2.0794415416798357
2007-02-06_Portugal_Brazil_243,2007-02-06,2006/07,Portugal,Brazil,International Friendly,international,N,1,0.35,22.0018,8036,242,62,44,938,0.256198347107438,2.0,2,2,5,2,3,9,12,2,4,0.6,0.9,0.6,0.6,0.6,0.3,0.7800219171860541,0.6102270912745151,2,0,2.0,36,18,9,0.5,43,15,0.3488372093023256,7,14,0.4,0.6,2.0,1.4,5,0,0,0,0.0,0.0,0,0,0,0,0.0,0.0,0.0,0.0,0.0,0,1595.17,1500.0,95.17,0,15,2,0.1333333333333333,12,6,0.5,2,Tuesday,0.5192,0,0,0,0,0,0,2,0,W,0,0,matched_secondary_full_career,1,0,0,0,1,0.0,1,0.0
2007-02-17_Manchester_United_Reading_244,2007-02-17,2006/07,Manchester United,Reading,FA Cup,domestic_or_other_cup,H,0,0.72,22.0319,8047,243,62,44,938,0.2551440329218107,11.0,0,2,4,2,3,9,12,2,4,0.6,0.9,0.6,0.6,0.6,0.3,0.5460153420302378,0.4271589638921605,0,1,13.0,37,18,9,0.4864864864864865,168,42,0.25,12,22,0.8,0.8,2.8,0.8,5,2,3,1,1.5,1.0,3,1,1,0,0.5,0.5,1.5,2.0,0.0,2,1662.5,1498.03,164.48,2,15,6,0.4,122,36,0.2950819672131147,2,Saturday,0.5495,0,0,0,0,0,0,1,1,D,0,1,matched_secondary_full_career,0,0,0,0,0,1.0986122886681098,0,1.0986122886681098
2007-02-20_Manchester_United_Lille_245,2007-02-20,2006/07,Manchester United,Lille,UEFA Champions League,continental_club,A,0,0.94,22.0402,8050,244,62,45,938,0.2540983606557377,3.0,1,2,5,1,2,7,12,3,5,0.4,0.7,0.6,0.4,0.5,0.2,0.3822107394211664,0.5990112747245124,0,2,16.0,38,18,10,0.4736842105263157,169,42,0.2485207100591716,10,23,0.6,0.8,2.6,0.8,5,2,0,0,0.0,0.0,0,0,1,1,2.0,1.0,0.5,0.0,1.0,2,1658.09,1516.42,141.67,2,23,0,0.0,108,20,0.1851851851851851,2,Tuesday,0.5577,0,0,0,0,0,0,1,0,W,0,0,matched_secondary_full_career,0,0,0,0,0,1.0986122886681098,0,1.0986122886681098
2007-02-24_Manchester_United_Fulham_246,2007-02-24,2006/07,Manchester United,Fulham,Premier League,domestic_league,A,0,0.78,22.0511,8054,245,62,45,938,0.2530612244897959,4.0,2,2,5,0,2,5,11,3,5,0.4,0.5,0.55,0.4,0.4,0.1,0.2675475175948165,0.4193078923071587,0,3,20.0,39,18,10,0.4615384615384615,170,42,0.2470588235294117,10,23,0.6,0.8,2.2,0.6,5,8,4,2,0.5,0.375,3,5,2,1,0.625,0.375,1.375,2.25,0.0,8,1664.23,1479.93,184.3,8,119,33,0.2773109243697479,109,20,0.1834862385321101,2,Saturday,0.5687,0,0,0,1,0,1,2,1,W,1,0,matched_secondary_full_career,0,0,0,0,0,2.1972245773362196,0,2.1972245773362196
2007-02-27_Manchester_United_Reading_247,2007-02-27,2006/07,Manchester United,Reading,FA Cup,domestic_or_other_cup,A,0,0.72,22.0593,8057,246,63,45,937,0.2560975609756097,3.0,2,3,6,1,2,4,12,2,4,0.4,0.4,0.6,0.4,0.4,0.0,0.4872832623163715,0.293515524615011,1,0,3.0,40,19,10,0.475,171,43,0.2514619883040935,13,23,0.8,1.0,2.4,0.4,5,3,3,2,1.0,0.6666666666666666,3,1,2,0,0.6666666666666666,0.6666666666666666,1.3333333333333333,1.6666666666666667,0.0,3,1669.37,1502.44,166.93,3,16,6,0.375,110,21,0.1909090909090909,2,Tuesday,0.5769,0,0,0,0,0,0,3,2,W,0,0,matched_secondary_full_career,0,0,0,0,0,1.3862943611198906,0,1.3862943611198906
2007-03-03_Manchester_United_Liverpool_248,2007-03-03,2006/07,Manchester United,Liverpool,Premier League,domestic_league,A,0,0.78,22.0703,8061,247,63,45,937,0.2550607287449393,4.0,2,4,6,1,1,4,12,1,3,0.2,0.4,0.6,0.2,0.4,0.0,0.34109828362146,0.2054608672305077,0,1,7.0,41,19,10,0.4634146341463415,172,43,0.25,13,23,0.8,1.0,2.2,0.8,5,5,0,1,0.0,0.0,0,2,1,2,1.4,0.6,0.6,0.6,0.6,5,1674.9,1513.92,160.98,5,120,34,0.2833333333333333,111,21,0.1891891891891892,3,Saturday,0.5879,0,0,0,0,0,0,1,0,W,0,0,matched_secondary_full_career,0,0,0,0,0,1.791759469228055,0,1.791759469228055
2007-03-07_Manchester_United_Lille_249,2007-03-07,2006/07,Manchester United,Lille,UEFA Champions League,continental_club,H,0,0.94,22.0812,8065,248,63,45,937,0.2540322580645161,4.0,1,3,6,1,1,4,12,1,3,0.2,0.4,0.6,0.2,0.4,0.0,0.238768798535022,0.1438226070613554,0,2,11.0,42,19,10,0.4523809523809524,173,43,0.2485549132947976,13,25,0.8,1.0,1.6,0.8,5,3,0,0,0.0,0.0,0,1,1,1,1.3333333333333333,0.6666666666666666,0.3333333333333333,0.3333333333333333,0.6666666666666666,3,1680.58,1510.29,170.29,3,24,0,0.0,123,36,0.2926829268292683,3,Wednesday,0.5989,0,0,0,0,0,0,1,0,W,0,1,matched_secondary_full_career,0,0,0,0,0,1.3862943611198906,0,1.3862943611198906
2007-03-10_Manchester_United_Middlesbrough_250,2007-03-10,2006/07,Manchester United,Middlesbrough,FA Cup,domestic_or_other_cup,A,0,0.72,22.0894,8068,249,63,46,937,0.253012048192771,3.0,2,4,6,0,1,3,11,1,4,0.2,0.3,0.55,0.2,0.3,0.0,0.1671381589745154,0.4006758249429488,0,3,14.0,43,19,11,0.4418604651162791,174,43,0.2471264367816092,15,25,1.0,1.0,1.6,0.6,5,7,1,1,0.1428571428571428,0.1428571428571428,1,3,2,2,1.1428571428571428,0.5714285714285714,1.2857142857142858,1.5714285714285714,0.1428571428571428,7,1686.03,1510.81,175.23,7,17,6,0.3529411764705882,112,21,0.1875,3,Saturday,0.6071,0,0,0,1,0,1,2,2,D,1,0,matched_secondary_full_career,0,0,0,0,0,2.0794415416798357,0,2.0794415416798357
2007-03-17_Manchester_United_Bolton_Wanderers_251,2007-03-17,2006/07,Manchester United,Bolton Wanderers,Premier League,domestic_league,H,0,0.78,22.1086,8075,250,64,46,936,0.256,7.0,1,3,7,1,2,4,12,1,4,0.4,0.4,0.6,0.4,0.4,0.0,0.4169967112821607,0.2804730774600641,1,0,7.0,44,20,11,0.4545454545454545,175,44,0.2514285714285714,13,23,0.8,1.0,1.8,1.0,5,6,3,1,0.5,0.3333333333333333,3,5,1,0,0.1666666666666666,0.1666666666666666,0.6666666666666666,3.0,0.0,6,1681.38,1468.63,212.75,6,121,34,0.2809917355371901,124,36,0.2903225806451613,3,Saturday,0.6264,0,0,0,0,0,0,4,1,W,0,2,matched_secondary_full_career,0,0,0,0,0,1.9459101490553132,0,1.9459101490553132
2007-03-19_Manchester_United_Middlesbrough_252,2007-03-19,2006/07,Manchester United,Middlesbrough,FA Cup,domestic_or_other_cup,H,0,0.72,22.1141,8077,251,64,48,936,0.2549800796812749,2.0,1,3,8,1,1,3,12,3,5,0.2,0.3,0.6,0.2,0.3,0.0,0.2918976978975125,0.7963311542220448,0,1,9.0,45,20,13,0.4444444444444444,176,44,0.25,13,26,0.8,1.0,2.2,1.0,5,8,2,1,0.25,0.25,1,3,3,2,1.125,0.625,1.375,1.625,0.125,8,1685.92,1515.46,170.46,8,18,7,0.3888888888888889,125,36,0.288,3,Monday,0.6319,0,0,0,1,0,1,1,0,W,1,0,matched_secondary_full_career,0,0,0,0,0,2.1972245773362196,0,2.1972245773362196
2007-03-24_Portugal_Belgium_253,2007-03-24,2006/07,Portugal,Belgium,Euros Qualifier,international,H,1,0.76,22.1278,8082,252,65,48,935,0.2579365079365079,5.0,2,3,7,2,2,3,12,3,4,0.4,0.3,0.6,0.4,0.3,0.0,0.5043283885282588,0.5574318079554313,1,0,5.0,46,21,13,0.4565217391304347,44,15,0.3409090909090909,10,14,0.6,0.8,2.0,0.6,5,0,0,0,0.0,0.0,0,0,0,0,0.0,0.0,0.0,0.0,0.0,0,1602.49,1500.0,102.49,0,4,3,0.75,126,37,0.2936507936507936,3,Saturday,0.6456,0,0,0,1,1,2,4,0,W,2,1,matched_secondary_full_career,1,0,0,0,1,0.0,1,0.0
2007-03-28_Portugal_Serbia_254,2007-03-28,2006/07,Portugal,Serbia,Euros Qualifier,international,A,1,0.76,22.1387,8086,253,67,49,933,0.2648221343873518,4.0,1,3,7,3,4,5,14,4,5,0.8,0.5,0.7,0.6,0.4,0.1,0.9530298719697812,0.6902022655688019,2,0,4.0,47,23,14,0.4893617021276595,45,17,0.3777777777777777,12,14,0.8,0.8,2.6,0.4,5,0,0,0,0.0,0.0,0,0,0,0,0.0,0.0,0.0,0.0,0.0,0,1609.63,1500.0,109.63,0,5,5,1.0,113,22,0.1946902654867256,3,Wednesday,0.6566,0,0,0,0,0,0,1,1,D,0,0,matched_secondary_full_career,1,0,0,0,1,0.0,1,0.0
2007-03-31_Manchester_United_Blackburn_Rovers_255,2007-03-31,2006/07,Manchester United,Blackburn Rovers,Premier League,domestic_league,H,0,0.78,22.1469,8089,254,67,49,933,0.2637795275590551,3.0,2,4,7,3,4,5,12,3,4,0.8,0.5,0.6,0.6,0.4,0.1,0.6671209103788468,0.4831415858981613,0,1,7.0,48,23,14,0.4791666666666667,177,45,0.2542372881355932,13,26,0.8,1.0,1.8,0.6,5,7,0,1,0.0,0.0,0,2,3,2,1.2857142857142858,0.7142857142857143,1.2857142857142858,1.2857142857142858,0.1428571428571428,7,1691.37,1519.97,171.4,7,122,34,0.2786885245901639,127,39,0.3070866141732283,3,Saturday,0.6648,0,0,0,0,0,0,4,1,W,0,0,matched_secondary_full_career,0,0,0,0,0,2.0794415416798357,0,2.0794415416798357
2007-04-04_Manchester_United_AS_Roma_256,2007-04-04,2006/07,Manchester United,AS Roma,UEFA Champions League,continental_club,A,0,0.94,22.1579,8093,255,67,49,933,0.2627450980392157,4.0,2,3,7,2,3,5,10,3,4,0.6,0.5,0.5,0.4,0.4,0.1,0.4669846372651927,0.3381991101287129,0,2,11.0,49,23,14,0.4693877551020408,178,45,0.2528089887640449,13,26,0.8,1.0,2.4,0.8,5,0,0,0,0.0,0.0,0,0,0,0,0.0,0.0,0.0,0.0,0.0,0,1696.8,1500.0,196.8,0,25,0,0.0,114,22,0.1929824561403508,4,Wednesday,0.6758,0,0,0,0,0,0,1,2,L,0,0,matched_secondary_full_career,1,0,0,0,1,0.0,1,0.0
2007-04-07_Manchester_United_Portsmouth_257,2007-04-07,2006/07,Manchester United,Portsmouth,Premier League,domestic_league,A,0,0.78,22.1661,8096,256,67,49,933,0.26171875,3.0,2,4,7,0,3,4,8,1,4,0.6,0.4,0.4,0.4,0.3,0.1,0.3268892460856349,0.236739377090099,0,3,14.0,50,23,14,0.46,179,45,0.2513966480446927,10,25,0.6,0.8,2.4,1.2,5,7,4,2,0.5714285714285714,0.4285714285714285,3,5,0,2,0.8571428571428571,0.2857142857142857,0.7142857142857143,2.0,0.2857142857142857,7,1681.68,1489.0,192.68,7,123,34,0.2764227642276423,115,22,0.1913043478260869,4,Saturday,0.6841,0,0,0,0,0,0,1,2,L,0,0,matched_secondary_full_career,0,0,0,0,0,2.0794415416798357,0,2.0794415416798357
2007-04-10_Manchester_United_AS_Roma_258,2007-04-10,2006/07,Manchester United,AS Roma,UEFA Champions League,continental_club,H,0,0.94,22.1743,8099,257,67,49,933,0.2607003891050584,3.0,2,4,7,0,2,4,8,1,4,0.4,0.4,0.4,0.2,0.3,0.1,0.2288224722599444,0.1657175639630693,0,4,17.0,51,23,14,0.4509803921568627,180,45,0.25,9,22,0.6,0.6,2.2,1.2,5,1,0,0,0.0,0.0,0,0,0,1,3.0,1.0,2.0,1.0,0.0,1,1666.64,1515.13,151.51,1,26,0,0.0,128,39,0.3046875,4,Tuesday,0.6923,0,0,0,1,1,2,7,1,W,2,1,matched_secondary_full_career,0,0,0,0,0,0.6931471805599453,0,0.6931471805599453
2007-04-14_Manchester_United_Watford_259,2007-04-14,2006/07,Manchester United,Watford,FA Cup,domestic_or_other_cup,N,0,0.72,22.1853,8103,258,69,50,931,0.2674418604651162,4.0,2,4,8,2,2,6,10,1,5,0.4,0.6,0.5,0.2,0.4,0.2,0.7601757305819611,0.4160022947741485,1,0,4.0,52,25,15,0.4807692307692308,181,47,0.2596685082872928,9,22,0.6,0.6,2.8,1.2,5,2,1,1,0.5,0.5,1,2,0,0,0.0,0.0,0.5,3.0,0.0,2,1672.53,1488.23,184.31,2,19,8,0.4210526315789473,13,6,0.4615384615384615,4,Saturday,0.7033,0,0,0,1,0,1,4,1,W,1,0,matched_secondary_full_career,0,0,0,0,0,1.0986122886681098,0,1.0986122886681098
2007-04-17_Manchester_United_Sheffield_United_260,2007-04-17,2006/07,Manchester United,Sheffield United,Premier League,domestic_league,H,0,0.78,22.1935,8106,259,70,50,930,0.2702702702702703,3.0,2,4,8,3,3,7,10,1,4,0.6,0.7,0.5,0.4,0.5,0.2,0.8321230114073728,0.2912016063419039,2,0,3.0,53,26,15,0.490566037735849,182,48,0.2637362637362637,9,22,0.6,0.6,3.4,1.4,5,1,0,0,0.0,0.0,0,1,0,0,0.0,0.0,1.0,2.0,0.0,1,1677.68,1493.97,183.7,1,124,34,0.2741935483870967,129,41,0.3178294573643411,4,Tuesday,0.7115,0,0,0,0,0,0,2,0,W,0,1,matched_secondary_full_career,0,0,0,0,0,0.6931471805599453,0,0.6931471805599453
2007-04-21_Manchester_United_Middlesbrough_261,2007-04-21,2006/07,Manchester United,Middlesbrough,Premier League,domestic_league,H,0,0.78,22.2044,8110,260,70,51,930,0.2692307692307692,4.0,2,4,8,3,3,6,10,2,5,0.6,0.6,0.5,0.4,0.4,0.2,0.5824861079851609,0.5038411244393327,0,1,7.0,54,26,16,0.4814814814814814,183,48,0.2622950819672131,9,22,0.6,0.6,3.0,1.2,5,9,3,1,0.3333333333333333,0.3333333333333333,2,4,3,2,1.0,0.5555555555555556,1.2222222222222223,1.5555555555555556,0.1111111111111111,9,1682.83,1510.01,172.82,9,125,34,0.272,130,41,0.3153846153846154,4,Saturday,0.7225,0,0,0,0,0,0,1,1,D,0,0,matched_secondary_full_career,0,0,0,0,0,2.302585092994046,0,2.302585092994046
2007-04-24_Manchester_United_AC_Milan_262,2007-04-24,2006/07,Manchester United,AC Milan,UEFA Champions League,continental_club,H,0,0.94,22.2126,8113,261,70,51,930,0.2681992337164751,3.0,2,4,8,1,3,6,9,2,3,0.6,0.6,0.45,0.4,0.4,0.2,0.4077402755896125,0.3526887871075329,0,2,10.0,55,26,16,0.4727272727272727,184,48,0.2608695652173913,10,20,0.6,0.8,3.0,1.0,5,2,0,0,0.0,0.0,0,0,0,2,3.0,1.0,1.0,0.0,1.0,2,1678.23,1527.63,150.61,2,27,2,0.074074074074074,131,41,0.3129770992366412,4,Tuesday,0.7308,0,0,0,1,0,1,3,2,W,1,0,matched_secondary_full_career,0,0,0,0,0,1.0986122886681098,0,1.0986122886681098
2007-04-28_Manchester_United_Everton_263,2007-04-28,2006/07,Manchester United,Everton,Premier League,domestic_league,A,0,0.78,22.2236,8117,262,71,51,929,0.2709923664122137,4.0,2,4,8,1,4,6,9,2,3,0.8,0.6,0.45,0.6,0.4,0.2,0.5854181929127288,0.246882150975273,1,0,4.0,56,27,16,0.4821428571428571,185,49,0.2648648648648649,13,22,0.8,1.0,3.4,1.0,5,7,2,3,0.2857142857142857,0.2857142857142857,1,4,2,1,0.7142857142857143,0.4285714285714285,1.0,1.8571428571428568,0.2857142857142857,7,1684.15,1492.09,192.06,7,126,34,0.2698412698412698,116,22,0.1896551724137931,4,Saturday,0.7418,0,0,0,0,0,0,4,2,W,0,0,matched_secondary_full_career,0,0,0,0,0,2.0794415416798357,0,2.0794415416798357
2007-05-02_Manchester_United_AC_Milan_264,2007-05-02,2006/07,Manchester United,AC Milan,UEFA Champions League,continental_club,A,0,0.94,22.2345,8121,263,71,51,929,0.2699619771863117,4.0,1,3,8,1,2,4,9,1,2,0.4,0.4,0.45,0.4,0.3,0.1,0.4097927350389101,0.172817505682691,0,1,8.0,57,27,16,0.4736842105263157,186,49,0.2634408602150537,13,22,0.8,1.0,2.8,1.2,5,3,1,0,0.3333333333333333,0.3333333333333333,1,1,0,2,2.0,0.6666666666666666,1.3333333333333333,1.0,0.6666666666666666,3,1689.12,1521.71,167.41,3,28,3,0.1071428571428571,117,22,0.188034188034188,5,Wednesday,0.7527,0,0,0,0,0,0,0,3,L,0,0,matched_secondary_full_career,0,0,0,0,0,1.3862943611198906,0,1.3862943611198906
2007-05-05_Manchester_United_Manchester_City_265,2007-05-05,2006/07,Manchester United,Manchester City,Premier League,domestic_league,A,0,0.78,22.2428,8124,264,71,51,929,0.2689393939393939,3.0,2,4,8,1,1,4,9,1,2,0.2,0.4,0.45,0.2,0.3,0.1,0.286854914527237,0.1209722539778837,0,2,11.0,58,27,16,0.4655172413793103,187,49,0.2620320855614973,10,19,0.6,0.8,2.0,1.6,5,7,2,1,0.2857142857142857,0.2857142857142857,1,4,1,2,1.0,0.4285714285714285,1.5714285714285714,2.0,0.1428571428571428,7,1674.65,1499.71,174.93,7,127,34,0.2677165354330709,118,22,0.1864406779661017,5,Saturday,0.761,0,0,0,1,0,1,1,0,W,1,0,matched_secondary_full_career,0,0,0,0,0,2.0794415416798357,0,2.0794415416798357
2007-05-13_Manchester_United_West_Ham_United_266,2007-05-13,2006/07,Manchester United,West Ham United,Premier League,domestic_league,H,0,0.78,22.2647,8132,265,72,51,928,0.2716981132075471,8.0,0,2,7,1,2,5,10,0,2,0.4,0.5,0.5,0.4,0.4,0.1,0.5007984401690659,0.0846805777845186,1,0,8.0,59,28,16,0.4745762711864407,188,50,0.2659574468085106,10,19,0.6,0.8,1.8,1.6,5,2,0,0,0.0,0.0,0,1,0,1,1.5,0.5,0.5,0.5,0.5,2,1680.0,1507.93,172.07,2,128,35,0.2734375,132,42,0.3181818181818182,5,Sunday,0.783,0,0,0,0,0,0,0,1,L,0,0,matched_secondary_full_career,0,0,0,0,0,1.0986122886681098,0,1.0986122886681098
2007-05-19_Manchester_United_Chelsea_267,2007-05-19,2006/07,Manchester United,Chelsea,FA Cup,domestic_or_other_cup,N,0,0.72,22.2811,8138,266,72,51,928,0.2706766917293233,6.0,1,2,6,1,2,5,9,0,2,0.4,0.5,0.45,0.4,0.4,0.1,0.3505589081183461,0.059276404449163,0,1,14.0,60,28,16,0.4666666666666667,189,50,0.2645502645502645,9,19,0.6,0.6,1.6,1.6,5,8,0,1,0.0,0.0,0,1,3,4,1.875,0.875,1.375,0.625,0.375,8,1665.41,1549.04,116.37,8,20,9,0.45,14,7,0.5,5,Saturday,0.7995,0,0,0,0,0,0,0,1,L,0,0,matched_secondary_full_career,0,0,0,0,0,2.1972245773362196,0,2.1972245773362196
2007-08-05_Manchester_United_Chelsea_268,2007-08-05,2007/08,Manchester United,Chelsea,FA Community Shield,domestic_or_other_cup,N,0,0.72,22.4946,8216,267,72,51,928,0.2696629213483146,78.0,0,0,0,1,1,5,9,0,2,0.2,0.5,0.45,0.2,0.4,0.1,0.2453912356828422,0.0414934831144141,0,2,92.0,0,0,0,0.0,190,50,0.2631578947368421,6,19,0.4,0.4,1.0,1.4,5,9,0,1,0.0,0.0,0,1,3,5,2.0,0.8888888888888888,1.3333333333333333,0.5555555555555556,0.4444444444444444,9,1652.18,1562.27,89.91,9,0,0,0.0,15,7,0.4666666666666667,8,Sunday,0.011,1,0,0,0,0,0,1,1,D,0,0,matched_secondary_full_career,0,0,0,0,0,2.302585092994046,0,2.302585092994046
2007-08-12_Manchester_United_Reading_269,2007-08-12,2007/08,Manchester United,Reading,Premier League,domestic_league,H,0,0.78,22.5138,8223,268,72,51,928,0.2686567164179104,7.0,1,1,1,0,1,3,9,0,1,0.2,0.3,0.45,0.2,0.3,0.0,0.1717738649779895,0.0290454381800898,0,3,99.0,1,0,0,0.0,191,50,0.2617801047120419,4,17,0.2,0.4,0.4,1.2,5,4,3,2,0.75,0.5,2,2,2,0,0.5,0.5,1.5,2.0,0.0,4,1649.65,1496.9,152.75,4,129,35,0.2713178294573643,133,42,0.3157894736842105,8,Sunday,0.0301,1,0,0,0,0,0,0,0,D,0,0,matched_secondary_full_career,0,0,0,0,0,1.6094379124341003,0,1.6094379124341003
2007-08-15_Manchester_United_Portsmouth_270,2007-08-15,2007/08,Manchester United,Portsmouth,Premier League,domestic_league,A,0,0.78,22.522,8226,269,72,51,928,0.2676579925650557,3.0,1,2,2,0,1,2,9,0,1,0.2,0.2,0.45,0.2,0.2,0.0,0.1202417054845926,0.0203318067260629,0,4,102.0,2,0,0,0.0,192,50,0.2604166666666667,5,15,0.2,0.6,0.4,0.6,5,8,4,2,0.5,0.375,3,5,0,3,1.125,0.375,0.875,1.875,0.25,8,1645.52,1504.04,141.48,8,130,35,0.2692307692307692,119,23,0.1932773109243697,8,Wednesday,0.0384,1,0,0,0,0,0,1,1,D,0,0,matched_secondary_full_career,0,0,0,0,0,2.1972245773362196,0,2.1972245773362196
2007-08-22_Portugal_Armenia_271,2007-08-22,2007/08,Portugal,Armenia,Euros Qualifier,international,A,1,0.76,22.5412,8233,270,72,51,928,0.2666666666666666,7.0,1,2,3,0,0,2,8,0,0,0.0,0.2,0.4,0.0,0.2,0.0,0.0841691938392148,0.014232264708244,0,5,109.0,3,0,0,0.0,46,17,0.3695652173913043,10,14,0.6,0.8,2.2,0.6,5,0,0,0,0.0,0.0,0,0,0,0,0.0,0.0,0.0,0.0,0.0,0,1606.57,1500.0,106.57,0,6,5,0.8333333333333334,120,23,0.1916666666666666,8,Wednesday,0.0575,1,0,0,1,0,1,1,1,D,1,0,matched_secondary_full_career,1,0,0,0,1,0.0,1,0.0
2007-09-08_Portugal_Poland_272,2007-09-08,2007/08,Portugal,Poland,Euros Qualifier,international,H,1,0.76,22.5877,8250,271,73,51,927,0.2693726937269373,17.0,0,0,3,1,1,3,9,0,0,0.2,0.3,0.45,0.2,0.3,0.0,0.3589184356874504,0.0099625852957708,1,0,17.0,4,1,0,0.25,47,18,0.3829787234042553,11,15,0.6,1.0,2.2,0.4,5,1,0,0,0.0,0.0,0,0,0,1,3.0,1.0,2.0,1.0,0.0,1,1603.6,1512.82,90.78,1,7,6,0.8571428571428571,134,42,0.3134328358208955,9,Saturday,0.1041,1,0,0,1,0,1,2,2,D,1,0,matched_secondary_full_career,0,0,0,0,0,0.6931471805599453,0,0.6931471805599453
2007-09-12_Portugal_Serbia_273,2007-09-12,2007/08,Portugal,Serbia,Euros Qualifier,international,H,1,0.76,22.5987,8254,272,74,51,926,0.2720588235294117,4.0,1,1,3,2,2,3,9,0,0,0.4,0.3,0.45,0.4,0.3,0.0,0.5512429049812153,0.0069738097070395,2,0,4.0,5,2,0,0.4,48,19,0.3958333333333333,9,16,0.4,1.0,2.0,0.8,5,1,0,0,0.0,0.0,0,0,1,0,1.0,1.0,1.0,1.0,0.0,1,1601.04,1503.05,97.99,1,8,7,0.875,135,43,0.3185185185185185,9,Wednesday,0.1151,1,0,0,0,0,0,1,1,D,0,0,matched_secondary_full_career,0,0,0,0,0,0.6931471805599453,0,0.6931471805599453
2007-09-15_Manchester_United_Everton_274,2007-09-15,2007/08,Manchester United,Everton,Premier League,domestic_league,A,0,0.78,22.6069,8257,273,74,51,926,0.271062271062271,3.0,2,2,3,2,2,3,7,0,0,0.4,0.3,0.35,0.4,0.3,0.0,0.3858700334868506,0.0048816667949277,0,1,7.0,6,2,0,0.3333333333333333,193,50,0.2590673575129533,3,13,0.0,0.6,0.4,0.8,5,8,2,3,0.25,0.25,1,5,2,1,0.625,0.375,1.125,2.125,0.25,8,1641.66,1487.12,154.54,8,131,35,0.2671755725190839,121,24,0.1983471074380165,9,Saturday,0.1233,1,0,0,0,0,0,1,0,W,0,0,matched_secondary_full_career,0,0,0,0,0,2.1972245773362196,0,2.1972245773362196
2007-09-19_Manchester_United_Sporting_CP_275,2007-09-19,2007/08,Manchester United,Sporting CP,UEFA Champions League,continental_club,A,0,0.94,22.6178,8261,274,74,51,926,0.2700729927007299,4.0,2,3,4,1,2,3,7,0,0,0.4,0.3,0.35,0.4,0.3,0.0,0.2701090234407954,0.0034171667564493,0,2,11.0,7,2,0,0.2857142857142857,194,50,0.2577319587628865,6,15,0.2,0.8,0.6,0.6,5,0,0,0,0.0,0.0,0,0,0,0,0.0,0.0,0.0,0.0,0.0,0,1647.48,1509.95,137.53,31,29,3,0.1034482758620689,122,24,0.1967213114754098,9,Wednesday,0.1342,1,0,0,1,0,1,1,0,W,1,0,matched_secondary_full_career,1,0,0,0,0,3.4657359027997265,1,0.0
2007-09-23_Manchester_United_Chelsea_276,2007-09-23,2007/08,Manchester United,Chelsea,Premier League,domestic_league,H,0,0.78,22.6288,8265,275,75,51,925,0.2727272727272727,4.0,1,3,4,1,3,3,8,0,0,0.6,0.3,0.4,0.6,0.3,0.0,0.4890763164085568,0.0023920167295145,1,0,4.0,8,3,0,0.375,195,51,0.2615384615384615,9,15,0.4,1.0,0.8,0.4,5,10,0,1,0.0,0.0,0,1,4,5,1.9,0.9,1.3,0.6,0.4,10,1653.72,1564.81,88.91,10,132,35,0.2651515151515151,136,43,0.3161764705882353,9,Sunday,0.1452,1,0,0,0,0,0,2,0,W,0,0,matched_secondary_full_career,0,0,0,0,0,2.3978952727983707,0,2.3978952727983707
2007-09-29_Manchester_United_Birmingham_City_277,2007-09-29,2007/08,Manchester United,Birmingham City,Premier League,domestic_league,A,0,0.78,22.6452,8271,276,75,51,925,0.2717391304347826,6.0,1,3,5,1,2,3,8,0,0,0.4,0.3,0.4,0.4,0.3,0.0,0.3423534214859897,0.0016744117106602,0,1,10.0,9,3,0,0.3333333333333333,196,51,0.2602040816326531,11,15,0.6,1.0,1.0,0.2,5,6,1,3,0.1666666666666666,0.1666666666666666,0,4,2,0,0.3333333333333333,0.3333333333333333,0.6666666666666666,2.0,0.1666666666666666,6,1661.21,1479.89,181.32,6,133,35,0.2631578947368421,123,25,0.2032520325203252,9,Saturday,0.1616,1,0,0,1,0,1,1,0,W,1,0,matched_secondary_full_career,0,0,0,0,0,1.9459101490553132,0,1.9459101490553132
2007-10-02_Manchester_United_AS_Roma_278,2007-10-02,2007/08,Manchester United,AS Roma,UEFA Champions League,continental_club,H,0,0.94,22.6534,8274,277,76,51,924,0.2743682310469314,3.0,1,3,6,2,2,4,9,0,0,0.4,0.4,0.45,0.4,0.4,0.0,0.5396473950401928,0.0011720881974621,1,0,3.0,10,4,0,0.4,197,52,0.2639593908629442,13,18,0.8,1.0,1.2,0.2,5,2,2,1,1.0,0.5,2,1,0,1,1.5,0.5,1.5,4.0,0.0,2,1666.42,1509.23,157.19,2,30,4,0.1333333333333333,137,43,0.3138686131386861,10,Tuesday,0.1699,1,0,0,0,0,0,1,0,W,0,0,matched_secondary_full_career,0,0,0,0,0,1.0986122886681098,0,1.0986122886681098
2007-10-06_Manchester_United_Wigan_Athletic_279,2007-10-06,2007/08,Manchester United,Wigan Athletic,Premier League,domestic_league,H,0,0.78,22.6644,8278,278,76,51,924,0.2733812949640288,4.0,2,3,7,1,2,4,7,0,0,0.4,0.4,0.35,0.4,0.4,0.0,0.3777531765281349,0.0008204617382234,0,1,7.0,11,4,0,0.3636363636363636,198,52,0.2626262626262626,15,18,1.0,1.0,1.2,0.0,5,4,4,0,1.0,0.75,4,4,0,0,0.0,0.0,0.5,3.25,0.0,4,1672.18,1473.43,198.75,4,134,36,0.2686567164179104,138,43,0.3115942028985507,10,Saturday,0.1808,1,0,0,1,1,2,4,0,W,2,0,matched_secondary_full_career,0,0,0,0,0,1.6094379124341003,0,1.6094379124341003
2007-10-13_Portugal_Azerbaijan_280,2007-10-13,2007/08,Portugal,Azerbaijan,Euros Qualifier,international,A,1,0.76,22.6836,8285,279,78,51,922,0.2795698924731182,7.0,1,3,6,3,4,6,8,0,0,0.8,0.6,0.4,0.6,0.5,0.1,0.8644272235696944,0.0005743232167564,1,0,7.0,12,6,0,0.5,49,19,0.3877551020408163,7,17,0.2,1.0,1.8,1.0,5,1,2,0,2.0,1.0,2,1,0,0,0.0,0.0,0.0,3.0,0.0,1,1598.3,1492.62,105.67,1,9,7,0.7777777777777778,124,26,0.2096774193548387,10,Saturday,0.2,1,0,0,0,0,0,2,0,W,0,0,matched_secondary_full_career,0,0,0,0,0,0.6931471805599453,0,0.6931471805599453
2007-10-17_Portugal_Kazakhstan_281,2007-10-17,2007/08,Portugal,Kazakhstan,Euros Qualifier,international,A,1,0.76,22.6945,8289,280,78,51,922,0.2785714285714286,4.0,1,2,6,2,3,6,8,0,0,0.6,0.6,0.4,0.4,0.5,0.1,0.605099056498786,0.0004020262517295,0,1,11.0,13,6,0,0.4615384615384615,50,19,0.38,7,19,0.2,1.0,1.4,1.0,5,2,1,0,0.5,0.5,1,2,0,0,0.0,0.0,0.0,2.0,0.0,2,1605.34,1482.75,122.6,2,10,7,0.7,125,26,0.208,10,Wednesday,0.211,0,0,0,1,0,1,2,1,W,1,0,matched_secondary_full_career,0,0,0,0,0,1.0986122886681098,0,1.0986122886681098
2007-10-20_Manchester_United_Aston_Villa_282,2007-10-20,2007/08,Manchester United,Aston Villa,Premier League,domestic_league,A,0,0.78,22.7027,8292,281,79,51,921,0.2811387900355871,3.0,2,3,6,3,4,6,9,0,0,0.8,0.6,0.45,0.6,0.5,0.1,0.7235693395491503,0.0002814183762106,1,0,3.0,14,7,0,0.5,199,54,0.271356783919598,15,21,1.0,1.0,1.8,0.0,5,9,5,0,0.5555555555555556,0.4444444444444444,3,9,0,0,0.0,0.0,0.3333333333333333,2.333333333333333,0.0,9,1677.01,1444.13,232.88,9,135,38,0.2814814814814815,126,27,0.2142857142857142,10,Saturday,0.2192,0,0,0,0,0,0,4,1,W,0,0,matched_secondary_full_career,0,0,0,0,0,2.302585092994046,0,2.302585092994046
2007-10-23_Manchester_United_Dynamo_Kyiv_283,2007-10-23,2007/08,Manchester United,Dynamo Kyiv,UEFA Champions League,continental_club,A,0,0.94,22.7109,8295,282,79,51,921,0.2801418439716312,3.0,2,3,7,1,3,5,8,0,0,0.6,0.5,0.4,0.4,0.4,0.1,0.5064985376844051,0.0001969928633474,0,1,6.0,15,7,0,0.4666666666666667,200,54,0.27,15,24,1.0,1.0,2.4,0.2,5,0,0,0,0.0,0.0,0,0,0,0,0.0,0.0,0.0,0.0,0.0,0,1681.16,1500.0,181.16,0,31,4,0.1290322580645161,127,27,0.2125984251968504,10,Tuesday,0.2274,0,0,0,1,1,2,4,2,W,2,0,matched_secondary_full_career,1,0,0,0,1,0.0,1,0.0
2007-10-27_Manchester_United_Middlesbrough_284,2007-10-27,2007/08,Manchester United,Middlesbrough,Premier League,domestic_league,H,0,0.78,22.7219,8299,283,81,51,919,0.2862190812720848,4.0,2,4,7,3,5,7,10,0,0,1.0,0.7,0.5,0.6,0.5,0.2,0.9545489763790836,0.0001378950043432,1,0,4.0,16,9,0,0.5625,201,56,0.2786069651741293,15,26,1.0,1.0,2.8,0.6,5,10,3,1,0.3,0.3,2,4,4,2,1.0,0.6,1.2,1.5,0.1,10,1686.37,1514.61,171.76,10,136,38,0.2794117647058823,139,45,0.3237410071942446,10,Saturday,0.2384,0,0,0,0,0,0,4,1,W,0,0,matched_secondary_full_career,0,0,0,0,0,2.3978952727983707,0,2.3978952727983707
2007-11-03_Manchester_United_Arsenal_285,2007-11-03,2007/08,Manchester United,Arsenal,Premier League,domestic_league,A,0,0.78,22.7411,8306,284,81,51,919,0.2852112676056338,7.0,1,3,6,2,3,7,10,0,0,0.6,0.7,0.5,0.4,0.5,0.2,0.6681842834653584,9.652650304025644e-05,0,1,11.0,17,9,0,0.5294117647058824,202,56,0.2772277227722772,15,28,1.0,1.0,3.4,0.8,5,9,2,0,0.2222222222222222,0.1111111111111111,0,4,3,2,1.0,0.5555555555555556,0.5555555555555556,1.1111111111111112,0.4444444444444444,9,1691.8,1510.03,181.76,9,137,38,0.2773722627737226,128,29,0.2265625,11,Saturday,0.2575,0,0,0,1,0,1,2,2,D,1,0,matched_secondary_full_career,0,0,0,0,0,2.302585092994046,0,2.302585092994046
2007-11-07_Manchester_United_Dynamo_Kyiv_286,2007-11-07,2007/08,Manchester United,Dynamo Kyiv,UEFA Champions League,continental_club,H,0,0.94,22.752,8310,285,82,51,918,0.287719298245614,4.0,1,2,6,3,4,7,10,0,0,0.8,0.7,0.5,0.6,0.5,0.2,0.7677289984257508,6.756855212817951e-05,1,0,4.0,18,10,0,0.5555555555555556,203,57,0.2807881773399014,13,28,0.8,1.0,3.6,1.2,5,1,2,0,2.0,1.0,2,1,0,0,0.0,0.0,2.0,4.0,0.0,1,1687.0,1494.79,192.21,1,32,6,0.1875,140,45,0.3214285714285714,11,Wednesday,0.2685,0,0,0,1,0,1,4,0,W,1,0,matched_secondary_full_career,0,0,0,0,0,0.6931471805599453,0,0.6931471805599453
2007-11-11_Manchester_United_Blackburn_Rovers_287,2007-11-11,2007/08,Manchester United,Blackburn Rovers,Premier League,domestic_league,H,0,0.78,22.763,8314,286,83,51,917,0.2902097902097902,4.0,1,2,7,2,4,8,11,0,0,0.8,0.8,0.55,0.6,0.6,0.2,0.8374102988980254,4.729798648972565e-05,2,0,4.0,19,11,0,0.5789473684210527,204,58,0.284313725490196,13,28,0.8,1.0,3.6,1.2,5,8,0,1,0.0,0.0,0,3,3,2,1.125,0.625,1.25,1.625,0.125,8,1691.97,1514.54,177.43,8,138,39,0.2826086956521739,141,46,0.3262411347517731,11,Sunday,0.2795,0,0,0,1,1,2,2,0,W,2,0,matched_secondary_full_career,0,0,0,0,0,2.1972245773362196,0,2.1972245773362196
2007-11-17_Portugal_Armenia_288,2007-11-17,2007/08,Portugal,Armenia,Euros Qualifier,international,H,1,0.76,22.7794,8320,287,85,51,915,0.2961672473867596,6.0,1,3,6,4,6,9,13,0,0,1.2,0.9,0.65,0.8,0.6,0.3,1.186187209228618,3.3108590542807955e-05,3,0,6.0,20,13,0,0.65,51,20,0.392156862745098,9,19,0.4,1.0,1.6,1.0,5,1,1,0,1.0,1.0,1,0,1,0,1.0,1.0,1.0,1.0,0.0,1,1611.96,1502.97,108.98,1,11,8,0.7272727272727273,142,48,0.3380281690140845,11,Saturday,0.2959,0,0,0,0,0,0,1,0,W,0,0,matched_secondary_full_career,0,0,0,0,0,0.6931471805599453,0,0.6931471805599453
2007-11-21_Portugal_Finland_289,2007-11-21,2007/08,Portugal,Finland,Euros Qualifier,international,H,1,0.76,22.7903,8324,288,85,51,915,0.2951388888888889,4.0,1,3,6,3,4,9,13,0,0,0.8,0.9,0.65,0.6,0.6,0.3,0.8303310464600324,2.317601337996557e-05,0,1,10.0,21,13,0,0.6190476190476191,52,20,0.3846153846153846,11,22,0.6,1.0,1.6,0.8,5,1,0,0,0.0,0.0,0,0,1,0,1.0,1.0,1.0,1.0,0.0,1,1618.92,1502.7,116.22,1,12,8,0.6666666666666666,143,48,0.3356643356643357,11,Wednesday,0.3068,0,0,0,0,0,0,0,0,D,0,0,matched_secondary_full_career,0,0,0,0,0,0.6931471805599453,0,0.6931471805599453
2007-11-27_Manchester_United_Sporting_CP_290,2007-11-27,2007/08,Manchester United,Sporting CP,UEFA Champions League,continental_club,H,0,0.94,22.8068,8330,289,85,51,915,0.2941176470588235,6.0,1,2,5,2,4,7,13,0,0,0.8,0.7,0.65,0.6,0.5,0.2,0.5812317325220226,1.6223209365975898e-05,0,2,16.0,22,13,0,0.5909090909090909,205,60,0.2926829268292683,13,28,0.8,1.0,3.2,1.0,5,1,1,0,1.0,1.0,1,1,0,0,0.0,0.0,0.0,1.0,0.0,1,1697.26,1503.71,193.55,32,33,7,0.2121212121212121,144,48,0.3333333333333333,11,Tuesday,0.3233,0,0,0,1,0,1,2,1,W,1,1,matched_secondary_full_career,0,0,0,0,0,3.4965075614664802,0,0.6931471805599453
2007-12-03_Manchester_United_Fulham_291,2007-12-03,2007/08,Manchester United,Fulham,Premier League,domestic_league,H,0,0.78,22.8232,8336,290,86,52,914,0.296551724137931,6.0,1,2,6,1,4,8,14,1,1,0.8,0.8,0.7,0.6,0.6,0.2,0.7068622127654158,0.3000113562465561,1,0,6.0,23,14,1,0.6086956521739131,206,61,0.2961165048543689,13,28,0.8,1.0,2.8,0.8,5,9,5,2,0.5555555555555556,0.4444444444444444,4,6,2,1,0.5555555555555556,0.3333333333333333,1.3333333333333333,2.2222222222222223,0.0,9,1702.2,1474.79,227.42,9,139,41,0.2949640287769784,145,49,0.3379310344827586,12,Monday,0.3397,0,0,1,1,1,2,2,0,W,2,0,matched_secondary_full_career,0,0,0,0,0,2.302585092994046,0,2.302585092994046
2007-12-08_Manchester_United_Derby_County_292,2007-12-08,2007/08,Manchester United,Derby County,Premier League,domestic_league,H,0,0.78,22.8369,8341,291,88,52,912,0.3024054982817869,5.0,1,2,5,3,5,9,15,1,1,1.0,0.9,0.75,0.6,0.6,0.3,1.094803548935791,0.2100079493725893,2,0,5.0,24,16,1,0.6666666666666666,207,63,0.3043478260869565,13,28,0.8,1.0,2.4,0.6,5,0,0,0,0.0,0.0,0,0,0,0,0.0,0.0,0.0,0.0,0.0,0,1706.46,1500.0,206.46,0,140,43,0.3071428571428571,146,51,0.3493150684931507,12,Saturday,0.3534,0,0,1,1,0,1,4,1,W,1,0,matched_secondary_full_career,1,0,0,0,1,0.0,1,0.0
2007-12-16_Manchester_United_Liverpool_293,2007-12-16,2007/08,Manchester United,Liverpool,Premier League,domestic_league,A,0,0.78,22.8588,8349,292,89,52,911,0.3047945205479452,8.0,0,2,5,4,4,10,15,1,1,0.8,1.0,0.75,0.6,0.7,0.3,1.0663624842550536,0.1470055645608125,3,0,8.0,25,17,1,0.68,208,64,0.3076923076923077,15,28,1.0,1.0,2.8,0.4,5,6,0,1,0.0,0.0,0,3,1,2,1.1666666666666667,0.5,0.5,0.6666666666666666,0.5,6,1711.13,1508.25,202.87,6,141,44,0.3120567375886525,129,30,0.2325581395348837,12,Sunday,0.3753,0,0,1,0,0,0,1,0,W,0,0,matched_secondary_full_career,0,0,0,0,0,1.9459101490553132,0,1.9459101490553132
2007-12-23_Manchester_United_Everton_294,2007-12-23,2007/08,Manchester United,Everton,Premier League,domestic_league,H,0,0.78,22.878,8356,293,89,52,911,0.3037542662116041,7.0,1,1,4,3,4,8,15,1,1,0.8,0.8,0.75,0.6,0.6,0.2,0.7464537389785375,0.1029038951925687,0,1,15.0,26,17,1,0.6538461538461539,209,64,0.3062200956937799,15,28,1.0,1.0,2.2,0.4,5,9,2,3,0.2222222222222222,0.2222222222222222,1,6,2,1,0.5555555555555556,0.3333333333333333,1.0,2.0,0.2222222222222222,9,1715.87,1481.29,234.58,9,142,44,0.3098591549295774,147,52,0.3537414965986394,12,Sunday,0.3945,0,0,1,1,1,2,2,1,W,2,0,matched_secondary_full_career,0,0,0,0,0,2.302585092994046,0,2.302585092994046
2007-12-26_Manchester_United_Sunderland_295,2007-12-26,2007/08,Manchester United,Sunderland,Premier League,domestic_league,A,0,0.78,22.8862,8359,294,91,52,909,0.3095238095238095,3.0,1,2,5,3,6,10,17,1,1,1.2,1.0,0.85,0.8,0.7,0.3,1.1225176172849762,0.0720327266347981,1,0,3.0,27,19,1,0.7037037037037037,210,66,0.3142857142857143,15,28,1.0,1.0,2.2,0.6,5,2,0,0,0.0,0.0,0,1,1,0,0.5,0.5,0.5,1.5,0.5,2,1719.99,1497.43,222.56,2,143,46,0.3216783216783216,130,30,0.2307692307692307,12,Wednesday,0.4027,0,0,1,1,0,1,4,0,W,1,0,matched_secondary_full_career,0,0,0,0,0,1.0986122886681098,0,1.0986122886681098
2007-12-29_Manchester_United_West_Ham_United_296,2007-12-29,2007/08,Manchester United,West Ham United,Premier League,domestic_league,A,0,0.78,22.8944,8362,295,92,52,908,0.311864406779661,3.0,2,3,5,3,6,10,17,0,1,1.2,1.0,0.85,0.8,0.7,0.3,1.0857623320994834,0.0504229086443586,2,0,3.0,28,20,1,0.7142857142857143,211,67,0.3175355450236967,15,28,1.0,1.0,2.6,0.4,5,3,0,0,0.0,0.0,0,1,0,2,2.0,0.6666666666666666,0.6666666666666666,0.3333333333333333,0.6666666666666666,3,1724.34,1522.51,201.83,3,144,47,0.3263888888888889,131,31,0.2366412213740458,12,Saturday,0.411,0,0,1,1,0,1,1,2,L,1,0,matched_secondary_full_career,0,0,0,0,0,1.3862943611198906,0,1.3862943611198906
2008-01-01_Manchester_United_Birmingham_City_297,2008-01-01,2007/08,Manchester United,Birmingham City,Premier League,domestic_league,H,0,0.78,22.9026,8365,296,93,52,907,0.3141891891891892,3.0,2,3,6,4,5,10,18,0,1,1.0,1.0,0.9,0.8,0.7,0.3,1.0600336324696382,0.035296036051051,3,0,3.0,29,21,1,0.7241379310344828,212,68,0.320754716981132,12,25,0.8,0.8,2.4,0.8,5,7,2,3,0.2857142857142857,0.2857142857142857,1,5,2,0,0.2857142857142857,0.2857142857142857,0.5714285714285714,1.8571428571428568,0.1428571428571428,7,1709.1,1474.68,234.42,7,145,48,0.3310344827586207,148,54,0.3648648648648648,1,Tuesday,0.4192,0,0,1,0,0,0,1,0,W,0,1,matched_secondary_full_career,0,0,0,0,0,2.0794415416798357,0,2.0794415416798357
2008-01-05_Manchester_United_Aston_Villa_298,2008-01-05,2007/08,Manchester United,Aston Villa,FA Cup,domestic_or_other_cup,A,0,0.72,22.9135,8369,297,93,53,907,0.3131313131313131,4.0,2,4,6,2,4,8,17,1,2,0.8,0.8,0.85,0.6,0.6,0.2,0.7420235427287467,0.3247072252357357,0,1,7.0,30,21,2,0.7,213,68,0.3192488262910798,12,27,0.8,0.8,1.8,0.6,5,10,5,0,0.5,0.4,1,10,0,0,0.0,0.0,0.4,2.5,0.0,10,1713.22,1439.98,273.24,10,21,9,0.4285714285714285,132,32,0.2424242424242424,1,Saturday,0.4301,0,0,1,1,0,1,2,0,W,1,0,matched_secondary_full_career,0,0,0,0,0,2.3978952727983707,0,2.3978952727983707
2008-01-12_Manchester_United_Newcastle_United_299,2008-01-12,2007/08,Manchester United,Newcastle United,Premier League,domestic_league,H,0,0.78,22.9327,8376,298,94,53,906,0.3154362416107382,7.0,1,3,6,2,5,9,18,1,2,1.0,0.9,0.9,0.8,0.7,0.2,0.8194164799101227,0.227295057665015,1,0,7.0,31,22,2,0.7096774193548387,214,69,0.322429906542056,12,27,0.8,0.8,2.0,0.6,5,8,1,3,0.125,0.125,0,7,1,0,0.125,0.125,0.75,2.375,0.0,8,1716.66,1458.97,257.68,8,146,48,0.3287671232876712,149,54,0.3624161073825503,1,Saturday,0.4493,0,0,1,1,1,3,6,0,W,3,0,matched_secondary_full_career,0,0,0,0,0,2.1972245773362196,0,2.1972245773362196
2008-01-19_Manchester_United_Reading_300,2008-01-19,2007/08,Manchester United,Reading,Premier League,domestic_league,A,0,0.78,22.9519,8383,299,97,53,903,0.3244147157190635,7.0,1,2,6,4,6,12,19,1,2,1.2,1.2,0.95,0.8,0.8,0.3,1.4735915359370857,0.1591065403655105,2,0,7.0,32,25,2,0.78125,215,72,0.3348837209302325,12,27,0.8,0.8,2.8,0.4,5,5,3,2,0.6,0.4,0,2,3,0,0.6,0.6,1.2,1.6,0.2,5,1720.36,1501.04,219.32,5,147,51,0.3469387755102041,133,33,0.2481203007518796,1,Saturday,0.4685,0,0,1,1,0,1,2,0,W,1,0,matched_secondary_full_career,0,0,0,0,0,1.791759469228055,0,1.791759469228055
2008-01-27_Manchester_United_Tottenham_Hotspur_301,2008-01-27,2007/08,Manchester United,Tottenham Hotspur,FA Cup,domestic_or_other_cup,H,0,0.72,22.9738,8391,300,98,53,902,0.3266666666666666,8.0,0,1,5,5,6,12,20,1,1,1.2,1.2,1.0,0.8,0.8,0.3,1.33151407515596,0.1113745782558573,3,0,8.0,33,26,2,0.7878787878787878,216,73,0.3379629629629629,12,27,0.8,0.8,2.4,0.4,5,8,2,2,0.25,0.25,1,6,2,0,0.25,0.25,0.375,1.75,0.125,8,1724.77,1467.93,256.83,8,22,10,0.4545454545454545,150,57,0.38,1,Sunday,0.4904,0,0,1,1,1,2,3,1,W,2,0,matched_secondary_full_career,0,0,0,0,0,2.1972245773362196,0,2.1972245773362196
2008-01-30_Manchester_United_Portsmouth_302,2008-01-30,2007/08,Manchester United,Portsmouth,Premier League,domestic_league,H,0,0.78,22.982,8394,301,100,53,900,0.3322259136212624,3.0,1,2,5,6,7,12,21,1,1,1.4,1.2,1.05,0.8,0.8,0.3,1.532059852609172,0.0779622047791001,4,0,3.0,34,28,2,0.8235294117647058,217,75,0.3456221198156682,15,27,1.0,1.0,2.8,0.2,5,9,4,2,0.4444444444444444,0.3333333333333333,1,5,1,3,1.1111111111111112,0.4444444444444444,0.8888888888888888,1.7777777777777777,0.2222222222222222,9,1728.48,1507.9,220.58,9,148,52,0.3513513513513513,151,59,0.390728476821192,1,Wednesday,0.4986,0,0,1,1,1,2,2,0,W,2,0,matched_secondary_full_career,0,0,0,0,0,2.302585092994046,0,2.302585092994046
2008-02-02_Manchester_United_Tottenham_Hotspur_303,2008-02-02,2007/08,Manchester United,Tottenham Hotspur,Premier League,domestic_league,A,0,0.78,22.9902,8397,302,102,53,898,0.3377483443708609,3.0,2,3,5,5,9,13,23,0,1,1.8,1.3,1.15,1.0,0.8,0.4,1.6724418968264203,0.05457354334537,5,0,3.0,35,30,2,0.8571428571428571,218,77,0.3532110091743119,15,27,1.0,1.0,3.0,0.2,5,9,4,2,0.4444444444444444,0.3333333333333333,3,7,2,0,0.2222222222222222,0.2222222222222222,0.4444444444444444,1.8888888888888888,0.1111111111111111,9,1732.87,1464.22,268.64,9,149,54,0.3624161073825503,134,34,0.2537313432835821,2,Saturday,0.5068,0,0,0,0,0,0,1,1,D,0,0,matched_secondary_full_career,0,0,0,0,0,2.302585092994046,0,2.302585092994046
2008-02-06_Portugal_Italy_304,2008-02-06,2007/08,Portugal,Italy,International Friendly,international,H,1,0.35,23.0012,8401,303,102,53,898,0.3366336633663366,4.0,2,3,5,4,8,13,21,0,1,1.6,1.3,1.05,0.8,0.8,0.4,1.170709327778494,0.038201480341759,0,1,7.0,36,30,2,0.8333333333333334,53,20,0.3773584905660377,11,20,0.6,1.0,1.2,0.4,5,1,0,0,0.0,0.0,0,0,0,1,3.0,1.0,2.0,1.0,0.0,1,1615.69,1510.55,105.14,1,16,2,0.125,152,61,0.4013157894736842,2,Wednesday,0.5178,0,0,0,0,0,0,1,3,L,0,0,matched_secondary_full_career,0,0,0,0,0,0.6931471805599453,0,0.6931471805599453
2008-02-10_Manchester_United_Manchester_City_305,2008-02-10,2007/08,Manchester United,Manchester City,Premier League,domestic_league,H,0,0.78,23.0121,8405,304,102,53,898,0.3355263157894737,4.0,1,4,6,2,5,11,21,0,1,1.0,1.1,1.05,0.6,0.7,0.3,0.8194965294449459,0.0267410362392313,0,2,11.0,37,30,2,0.8108108108108109,219,77,0.3515981735159817,13,25,0.8,1.0,2.8,0.4,5,8,3,1,0.375,0.375,2,5,1,2,0.875,0.375,1.375,1.875,0.125,8,1726.38,1494.36,232.02,8,150,54,0.36,153,61,0.3986928104575163,2,Sunday,0.5288,0,0,0,0,0,0,1,2,L,0,0,matched_secondary_full_career,0,0,0,0,0,2.1972245773362196,0,2.1972245773362196
2008-02-20_Manchester_United_Lyon_306,2008-02-20,2007/08,Manchester United,Lyon,UEFA Champions League,continental_club,A,0,0.94,23.0395,8415,305,102,53,898,0.3344262295081967,10.0,0,2,5,0,4,10,20,0,1,0.8,1.0,1.0,0.4,0.6,0.3,0.5736475706114621,0.0187187253674619,0,3,21.0,38,30,2,0.7894736842105263,220,77,0.35,10,22,0.6,0.8,1.8,0.8,5,2,0,1,0.0,0.0,0,1,1,0,0.5,0.5,1.5,2.0,0.0,2,1710.54,1495.27,215.28,2,34,8,0.2352941176470588,135,34,0.2518518518518518,2,Wednesday,0.5562,0,0,0,0,0,0,1,1,D,0,0,matched_secondary_full_career,0,0,0,0,0,1.0986122886681098,0,1.0986122886681098
2008-02-23_Manchester_United_Newcastle_United_307,2008-02-23,2007/08,Manchester United,Newcastle United,Premier League,domestic_league,A,0,0.78,23.0477,8418,306,102,53,898,0.3333333333333333,3.0,1,2,6,0,2,9,19,0,1,0.4,0.9,0.95,0.2,0.5,0.3,0.4015532994280234,0.0131031077572233,0,4,24.0,39,30,2,0.7692307692307693,221,77,0.3484162895927601,8,20,0.4,0.8,1.6,1.0,5,9,4,3,0.4444444444444444,0.2222222222222222,3,8,1,0,0.1111111111111111,0.1111111111111111,0.6666666666666666,2.7777777777777777,0.0,9,1705.03,1455.28,249.76,9,151,54,0.3576158940397351,136,34,0.25,2,Saturday,0.5644,0,0,0,1,1,2,5,1,W,2,1,matched_secondary_full_career,0,0,0,0,0,2.302585092994046,0,2.302585092994046
2008-03-01_Manchester_United_Fulham_308,2008-03-01,2007/08,Manchester United,Fulham,Premier League,domestic_league,A,0,0.78,23.0669,8425,307,104,54,896,0.3387622149837133,7.0,1,2,5,2,2,11,19,1,1,0.4,1.1,0.95,0.2,0.6,0.4,0.8810873095996163,0.3091721754300563,1,0,7.0,40,32,3,0.8,222,79,0.3558558558558558,8,23,0.4,0.8,2.0,1.0,5,10,7,2,0.7,0.5,4,7,2,1,0.5,0.3,1.2,2.2,0.0,10,1708.87,1470.54,238.34,10,152,56,0.3684210526315789,137,36,0.2627737226277372,3,Saturday,0.5836,0,0,0,0,0,0,3,0,W,0,0,matched_secondary_full_career,0,0,0,0,0,2.3978952727983707,0,2.3978952727983707
2008-03-04_Manchester_United_Lyon_309,2008-03-04,2007/08,Manchester United,Lyon,UEFA Champions League,continental_club,H,0,0.94,23.0751,8428,308,104,54,896,0.3376623376623376,3.0,1,3,5,2,2,10,19,1,1,0.4,1.0,0.95,0.2,0.5,0.4,0.6167611167197314,0.2164205228010394,0,1,10.0,41,32,3,0.7804878048780488,223,79,0.3542600896860987,8,23,0.4,0.8,2.2,1.0,5,3,0,1,0.0,0.0,0,1,2,0,0.6666666666666666,0.6666666666666666,1.3333333333333333,1.6666666666666667,0.0,3,1712.92,1500.78,212.14,3,35,8,0.2285714285714285,154,61,0.3961038961038961,3,Tuesday,0.5918,0,0,0,1,0,1,1,0,W,1,0,matched_secondary_full_career,0,0,0,0,0,1.3862943611198906,0,1.3862943611198906
2008-03-08_Manchester_United_Portsmouth_310,2008-03-08,2007/08,Manchester United,Portsmouth,FA Cup,domestic_or_other_cup,H,0,0.72,23.086,8432,309,105,54,895,0.3398058252427184,4.0,2,3,5,3,3,8,20,1,1,0.6,0.8,1.0,0.4,0.5,0.3,0.731732781703812,0.1514943659607275,1,0,4.0,42,33,3,0.7857142857142857,224,80,0.3571428571428571,10,23,0.6,0.8,2.2,0.8,5,10,6,2,0.6,0.4,2,6,1,3,1.0,0.4,0.8,1.8,0.2,10,1717.47,1503.52,213.96,10,23,12,0.5217391304347826,155,62,0.4,3,Saturday,0.6027,0,0,0,0,0,0,0,1,L,0,0,matched_secondary_full_career,0,0,0,0,0,2.3978952727983707,0,2.3978952727983707
2008-03-15_Manchester_United_Derby_County_311,2008-03-15,2007/08,Manchester United,Derby County,Premier League,domestic_league,A,0,0.78,23.1052,8439,310,105,54,895,0.3387096774193548,7.0,1,3,5,1,3,7,19,1,1,0.6,0.7,0.95,0.4,0.4,0.3,0.5122129471926683,0.1060460561725093,0,1,11.0,43,33,3,0.7674418604651163,225,80,0.3555555555555555,10,20,0.6,0.8,2.0,0.6,5,1,1,0,1.0,1.0,1,1,0,0,0.0,0.0,1.0,4.0,0.0,1,1701.99,1495.33,206.66,1,153,56,0.3660130718954248,138,36,0.2608695652173913,3,Saturday,0.6219,0,0,0,1,0,1,1,0,W,1,0,matched_secondary_full_career,0,0,0,0,0,0.6931471805599453,0,0.6931471805599453
2008-03-19_Manchester_United_Bolton_Wanderers_312,2008-03-19,2007/08,Manchester United,Bolton Wanderers,Premier League,domestic_league,H,0,0.78,23.1161,8443,311,106,54,894,0.3408360128617363,4.0,1,2,6,2,4,6,18,1,1,0.8,0.6,0.9,0.6,0.4,0.2,0.6585490630348678,0.0742322393207565,1,0,4.0,44,34,3,0.7727272727272727,226,81,0.3584070796460177,12,20,0.8,0.8,2.0,0.4,5,7,3,3,0.4285714285714285,0.2857142857142857,1,6,1,0,0.1428571428571428,0.1428571428571428,0.7142857142857143,3.142857142857143,0.0,7,1706.66,1464.09,242.57,7,154,57,0.3701298701298701,156,62,0.3974358974358974,3,Wednesday,0.6329,0,0,0,1,1,2,2,0,W,2,0,matched_secondary_full_career,0,0,0,0,0,2.0794415416798357,0,2.0794415416798357
2008-03-23_Manchester_United_Liverpool_313,2008-03-23,2007/08,Manchester United,Liverpool,Premier League,domestic_league,H,0,0.78,23.1271,8447,312,108,54,892,0.3461538461538461,4.0,1,2,6,3,4,6,19,0,1,0.8,0.6,0.95,0.6,0.4,0.2,1.0609843441244071,0.0519625675245295,2,0,4.0,45,36,3,0.8,227,83,0.3656387665198238,12,20,0.8,0.8,1.4,0.2,5,7,0,1,0.0,0.0,0,4,1,2,1.0,0.4285714285714285,0.4285714285714285,0.7142857142857143,0.4285714285714285,7,1710.63,1503.51,207.12,7,155,59,0.3806451612903225,157,64,0.4076433121019108,3,Sunday,0.6438,0,0,0,1,0,1,3,0,W,1,0,matched_secondary_full_career,0,0,0,0,0,2.0794415416798357,0,2.0794415416798357
2008-03-29_Manchester_United_Aston_Villa_314,2008-03-29,2007/08,Manchester United,Aston Villa,Premier League,domestic_league,H,0,0.78,23.1435,8453,313,109,54,891,0.3482428115015974,6.0,1,3,6,4,5,7,20,0,1,1.0,0.7,1.0,0.8,0.5,0.2,1.042689040887085,0.0363737972671706,3,0,6.0,46,37,3,0.8043478260869565,228,84,0.3684210526315789,12,20,0.8,0.8,1.4,0.2,5,11,6,0,0.5454545454545454,0.4545454545454545,2,11,0,0,0.0,0.0,0.3636363636363636,2.4545454545454546,0.0,11,1715.28,1436.55,278.73,11,156,60,0.3846153846153846,158,65,0.4113924050632911,3,Saturday,0.6603,0,0,0,1,0,1,4,0,W,1,3,matched_secondary_full_career,0,0,0,0,0,2.4849066497880004,0,2.4849066497880004
2008-04-01_Manchester_United_AS_Roma_315,2008-04-01,2007/08,Manchester United,AS Roma,UEFA Champions League,continental_club,A,0,0.94,23.1517,8456,314,110,57,890,0.3503184713375796,3.0,1,3,6,4,5,8,19,3,4,1.0,0.8,0.95,0.8,0.6,0.2,1.0298823286209595,0.9254616580870194,4,0,3.0,47,38,6,0.8085106382978723,229,85,0.37117903930131,12,22,0.8,0.8,2.0,0.2,5,3,2,1,0.6666666666666666,0.3333333333333333,2,2,0,1,1.0,0.3333333333333333,1.0,3.0,0.0,3,1718.63,1503.47,215.16,3,36,9,0.25,139,37,0.2661870503597122,4,Tuesday,0.6685,0,0,0,1,0,1,2,0,W,1,0,matched_secondary_full_career,0,0,0,0,0,1.3862943611198906,0,1.3862943611198906
2008-04-06_Manchester_United_Middlesbrough_316,2008-04-06,2007/08,Manchester United,Middlesbrough,Premier League,domestic_league,A,0,0.78,23.1654,8461,315,111,57,889,0.3523809523809524,5.0,1,3,6,3,6,9,19,3,4,1.2,0.9,0.95,1.0,0.7,0.2,1.0209176300346716,0.6478231606609135,5,0,5.0,48,39,6,0.8125,230,86,0.3739130434782609,15,25,1.0,1.0,2.4,0.0,5,11,3,1,0.2727272727272727,0.2727272727272727,1,5,4,2,0.9090909090909092,0.5454545454545454,1.181818181818182,1.7272727272727273,0.0909090909090909,11,1723.12,1509.19,213.94,11,157,61,0.3885350318471338,140,38,0.2714285714285714,4,Sunday,0.6822,0,0,0,1,0,1,2,2,D,1,0,matched_secondary_full_career,0,0,0,0,0,2.4849066497880004,0,2.4849066497880004
2008-04-13_Manchester_United_Arsenal_317,2008-04-13,2007/08,Manchester United,Arsenal,Premier League,domestic_league,H,0,0.78,23.1846,8468,316,112,57,888,0.3544303797468354,7.0,1,2,6,3,6,10,19,3,4,1.2,1.0,0.95,1.0,0.8,0.2,1.01464234102427,0.4534762124626394,6,0,7.0,49,40,6,0.8163265306122449,231,87,0.3766233766233766,13,25,0.8,1.0,2.6,0.4,5,10,3,0,0.3,0.2,1,4,4,2,1.0,0.6,0.7,1.2,0.4,10,1717.64,1514.84,202.81,10,158,62,0.3924050632911392,159,66,0.4150943396226415,4,Sunday,0.7014,0,0,0,1,0,1,2,1,W,1,0,matched_secondary_full_career,0,0,0,0,0,2.3978952727983707,0,2.3978952727983707
2008-04-19_Manchester_United_Blackburn_Rovers_318,2008-04-19,2007/08,Manchester United,Blackburn Rovers,Premier League,domestic_league,A,0,0.78,23.201,8474,317,113,57,887,0.3564668769716088,6.0,1,2,5,3,5,9,20,3,3,1.0,0.9,1.0,1.0,0.8,0.1,1.010249638716989,0.3174333487238476,7,0,6.0,50,41,6,0.82,232,88,0.3793103448275862,13,25,0.8,1.0,2.6,0.6,5,9,2,1,0.2222222222222222,0.1111111111111111,2,4,3,2,1.0,0.5555555555555556,1.1111111111111112,1.6666666666666667,0.1111111111111111,9,1722.39,1509.25,213.14,9,159,63,0.3962264150943396,141,39,0.2765957446808511,4,Saturday,0.7178,0,0,0,0,0,0,1,1,D,0,0,matched_secondary_full_career,0,0,0,0,0,2.302585092994046,0,2.302585092994046
2008-04-23_Manchester_United_Barcelona_319,2008-04-23,2007/08,Manchester United,Barcelona,UEFA Champions League,continental_club,A,0,0.94,23.212,8478,318,113,57,887,0.3553459119496855,4.0,1,2,5,2,4,9,19,3,3,0.8,0.9,0.95,0.8,0.8,0.1,0.7071747471018923,0.2222033441066933,0,1,10.0,51,41,6,0.803921568627451,233,88,0.3776824034334764,11,23,0.6,1.0,2.2,0.8,5,0,0,0,0.0,0.0,0,0,0,0,0.0,0.0,0.0,0.0,0.0,0,1716.92,1500.0,216.92,0,37,10,0.2702702702702703,142,39,0.2746478873239437,4,Wednesday,0.7288,0,0,0,0,0,0,0,0,D,0,0,matched_secondary_full_career,1,0,0,0,1,0.0,1,0.0
2008-04-26_Manchester_United_Chelsea_320,2008-04-26,2007/08,Manchester United,Chelsea,Premier League,domestic_league,A,0,0.78,23.2202,8481,319,113,57,887,0.3542319749216301,3.0,2,3,6,1,3,8,16,0,3,0.6,0.8,0.8,0.6,0.7,0.1,0.4950223229713246,0.1555423408746853,0,2,13.0,52,41,6,0.7884615384615384,234,88,0.376068376068376,9,21,0.4,1.0,1.4,0.8,5,11,0,1,0.0,0.0,0,2,4,5,1.7272727272727273,0.8181818181818182,1.181818181818182,0.7272727272727273,0.3636363636363636,11,1711.38,1557.31,154.07,11,160,63,0.39375,143,39,0.2727272727272727,4,Saturday,0.737,0,0,0,0,0,0,1,2,L,0,0,matched_secondary_full_career,0,0,0,0,0,2.4849066497880004,0,2.4849066497880004
2008-04-29_Manchester_United_Barcelona_321,2008-04-29,2007/08,Manchester United,Barcelona,UEFA Champions League,continental_club,H,0,0.94,23.2284,8484,320,113,57,887,0.353125,3.0,2,3,6,0,2,8,15,0,3,0.4,0.8,0.75,0.4,0.7,0.1,0.3465156260799272,0.1088796386122797,0,3,16.0,53,41,6,0.7735849056603774,235,88,0.3744680851063829,6,21,0.2,0.8,1.2,1.2,5,1,0,0,0.0,0.0,0,0,1,0,1.0,1.0,0.0,0.0,1.0,1,1697.22,1505.54,191.67,1,38,10,0.2631578947368421,160,67,0.41875,4,Tuesday,0.7452,0,0,0,0,0,0,1,0,W,0,0,matched_secondary_full_career,0,0,0,0,0,0.6931471805599453,0,0.6931471805599453
2008-05-03_Manchester_United_West_Ham_United_322,2008-05-03,2007/08,Manchester United,West Ham United,Premier League,domestic_league,H,0,0.78,23.2394,8488,321,113,57,887,0.35202492211838,4.0,2,4,6,0,1,7,13,0,3,0.2,0.7,0.65,0.2,0.6,0.1,0.242560938255949,0.0762157470285957,0,4,20.0,54,41,6,0.7592592592592593,236,88,0.3728813559322034,8,21,0.4,0.8,1.0,0.8,5,4,1,0,0.25,0.25,1,1,0,3,2.25,0.75,1.0,0.5,0.5,4,1702.2,1537.74,164.46,4,161,63,0.391304347826087,161,67,0.4161490683229814,5,Saturday,0.7562,0,0,0,1,1,2,4,1,W,2,1,matched_secondary_full_career,0,0,0,0,0,1.6094379124341003,0,1.6094379124341003
2008-05-11_Manchester_United_Wigan_Athletic_323,2008-05-11,2007/08,Manchester United,Wigan Athletic,Premier League,domestic_league,A,0,0.78,23.2613,8496,322,115,58,885,0.3571428571428571,8.0,0,2,6,2,2,7,13,1,4,0.4,0.7,0.65,0.2,0.6,0.1,0.7697926567791643,0.353351022920017,1,0,8.0,55,43,7,0.7818181818181819,237,90,0.379746835443038,8,21,0.4,0.8,1.4,0.8,5,5,6,0,1.2,0.8,5,5,0,0,0.0,0.0,0.4,3.4,0.0,5,1707.79,1468.6,239.19,5,162,65,0.4012345679012346,144,39,0.2708333333333333,5,Sunday,0.7781,0,0,0,1,0,1,2,0,W,1,0,matched_secondary_full_career,0,0,0,0,0,1.791759469228055,0,1.791759469228055
2008-05-21_Manchester_United_Chelsea_324,2008-05-21,2007/08,Manchester United,Chelsea,UEFA Champions League,continental_club,N,0,0.94,23.2886,8506,323,116,58,884,0.3591331269349845,10.0,0,1,5,3,3,7,14,1,4,0.6,0.7,0.7,0.4,0.6,0.1,0.8388548597454151,0.2473457160440119,2,0,10.0,56,44,7,0.7857142857142857,238,91,0.3823529411764705,10,21,0.6,0.8,1.6,0.6,5,12,0,1,0.0,0.0,0,2,4,6,1.8333333333333333,0.8333333333333334,1.25,0.75,0.3333333333333333,12,1711.82,1571.48,140.34,12,39,10,0.2564102564102564,16,7,0.4375,5,Wednesday,0.8055,0,1,0,1,0,1,1,1,D,1,0,matched_secondary_full_career,0,0,0,0,0,2.5649493574615367,0,2.5649493574615367
2008-05-31_Portugal_Georgia_325,2008-05-31,2007/08,Portugal,Georgia,International Friendly,international,H,1,0.35,23.316,8516,324,117,58,883,0.3611111111111111,10.0,0,1,3,4,4,7,15,1,1,0.8,0.7,0.75,0.6,0.6,0.1,0.8871984018217904,0.1731420012308083,3,0,10.0,57,45,7,0.7894736842105263,54,20,0.3703703703703703,10,17,0.6,0.8,1.2,0.8,5,0,0,0,0.0,0.0,0,0,0,0,0.0,0.0,0.0,0.0,0.0,0,1602.75,1500.0,102.75,0,17,2,0.1176470588235294,162,69,0.4259259259259259,5,Saturday,0.8329,0,1,0,0,0,0,2,0,W,0,0,matched_secondary_full_career,1,0,0,0,1,0.0,1,0.0
2008-06-07_Portugal_Türkiye_326,2008-06-07,2007/08,Portugal,Türkiye,Euro Championship,international,H,1,0.95,23.3352,8523,325,117,58,883,0.36,7.0,1,1,3,2,4,6,15,1,1,0.8,0.6,0.75,0.6,0.5,0.1,0.6210388812752533,0.1211994008615658,0,1,17.0,58,45,7,0.7758620689655172,55,20,0.3636363636363636,10,17,0.6,0.8,1.2,0.8,5,0,0,0,0.0,0.0,0,0,0,0,0.0,0.0,0.0,0.0,0.0,0,1609.88,1500.0,109.88,0,6,2,0.3333333333333333,163,69,0.4233128834355828,6,Saturday,0.8521,0,1,0,0,0,0,2,0,W,0,0,matched_secondary_full_career,1,0,0,0,1,0.0,1,0.0
2008-06-11_Portugal_Czech_Republic_327,2008-06-11,2007/08,Portugal,Czech Republic,Euro Championship,international,A,1,0.95,23.3461,8527,326,117,58,883,0.3588957055214724,4.0,1,2,3,1,4,5,15,1,1,0.8,0.5,0.75,0.6,0.4,0.1,0.4347272168926773,0.084839580603096,0,2,21.0,59,45,7,0.7627118644067796,56,20,0.3571428571428571,10,19,0.6,0.8,1.2,0.6,5,0,0,0,0.0,0.0,0,0,0,0,0.0,0.0,0.0,0.0,0.0,0,1616.82,1500.0,116.82,0,7,2,0.2857142857142857,145,40,0.2758620689655172,6,Wednesday,0.863,0,1,0,1,0,1,3,1,W,1,1,matched_secondary_full_career,1,0,0,0,1,0.0,1,0.0
2008-06-19_Portugal_Germany_328,2008-06-19,2007/08,Portugal,Germany,Euro Championship,international,H,1,0.95,23.368,8535,327,118,59,882,0.3608562691131498,8.0,0,2,4,1,3,5,14,1,2,0.6,0.5,0.7,0.6,0.4,0.1,0.6043090518248742,0.3593877064221672,1,0,8.0,60,46,8,0.7666666666666667,57,21,0.3684210526315789,10,21,0.6,0.8,1.6,0.8,5,1,0,0,0.0,0.0,0,0,0,1,3.0,1.0,3.0,1.0,0.0,1,1623.58,1513.39,110.19,1,8,3,0.375,164,69,0.4207317073170731,6,Thursday,0.8849,0,1,0,0,0,0,2,3,L,0,0,matched_secondary_full_career,0,0,0,0,0,0.6931471805599453,0,0.6931471805599453
2008-09-17_Manchester_United_Villarreal_329,2008-09-17,2008/09,Manchester United,Villarreal,UEFA Champions League,continental_club,H,0,0.94,23.6144,8625,328,118,59,882,0.3597560975609756,90.0,0,0,0,1,2,5,14,1,2,0.4,0.5,0.7,0.4,0.4,0.1,0.4230163362774118,0.251571394495517,0,1,98.0,0,0,0,0.0,239,92,0.3849372384937238,10,19,0.6,0.8,1.8,0.8,5,2,0,0,0.0,0.0,0,0,2,0,1.0,1.0,0.0,0.0,1.0,2,1707.99,1506.47,201.51,2,40,11,0.275,165,69,0.4181818181818181,9,Wednesday,0.1291,1,0,0,0,0,0,0,0,D,0,0,matched_secondary_full_career,0,0,0,0,0,1.0986122886681098,0,1.0986122886681098
2008-09-21_Manchester_United_Chelsea_330,2008-09-21,2008/09,Manchester United,Chelsea,Premier League,domestic_league,A,0,0.78,23.6254,8629,329,118,59,882,0.3586626139817629,4.0,1,1,1,1,1,5,13,1,2,0.2,0.5,0.65,0.2,0.4,0.1,0.2961114353941882,0.1760999761468619,0,2,102.0,1,0,0,0.0,240,92,0.3833333333333333,11,17,0.6,1.0,1.6,0.4,5,13,1,1,0.0769230769230769,0.0769230769230769,1,2,5,6,1.7692307692307692,0.8461538461538461,1.2307692307692308,0.7692307692307693,0.3076923076923077,13,1702.76,1575.31,127.45,13,163,66,0.4049079754601227,146,41,0.2808219178082192,9,Sunday,0.1401,1,0,0,0,0,0,1,1,D,0,0,matched_secondary_full_career,0,0,0,0,0,2.6390573296152584,0,2.6390573296152584
2008-09-23_Manchester_United_Middlesbrough_331,2008-09-23,2008/09,Manchester United,Middlesbrough,League Cup,domestic_or_other_cup,H,0,0.72,23.6309,8631,330,118,59,882,0.3575757575757576,2.0,2,2,2,0,1,5,13,1,2,0.2,0.5,0.65,0.2,0.4,0.1,0.2072780047759317,0.1232699833028033,0,3,104.0,2,0,0,0.0,241,92,0.3817427385892116,9,17,0.4,1.0,1.6,0.6,5,12,4,1,0.3333333333333333,0.3333333333333333,1,5,5,2,0.9166666666666666,0.5833333333333334,1.25,1.75,0.0833333333333333,12,1699.25,1514.67,184.58,12,8,2,0.25,166,69,0.4156626506024096,9,Tuesday,0.1456,1,0,0,1,0,1,3,1,W,1,0,matched_secondary_full_career,0,0,0,0,0,2.5649493574615367,0,2.5649493574615367
2008-09-27_Manchester_United_Bolton_Wanderers_332,2008-09-27,2008/09,Manchester United,Bolton Wanderers,Premier League,domestic_league,H,0,0.78,23.6418,8635,331,119,59,881,0.3595166163141994,4.0,2,3,3,1,2,6,13,1,2,0.4,0.6,0.65,0.4,0.5,0.1,0.4450946033431522,0.0862889883119623,1,0,4.0,3,1,0,0.3333333333333333,242,93,0.384297520661157,9,17,0.4,1.0,1.4,0.6,5,8,5,3,0.625,0.375,3,7,1,0,0.125,0.125,0.625,3.0,0.0,8,1704.38,1460.12,244.27,8,164,66,0.4024390243902439,167,70,0.4191616766467065,9,Saturday,0.1566,1,0,0,1,0,1,2,0,W,1,1,matched_secondary_full_career,0,0,0,0,0,2.1972245773362196,0,2.1972245773362196
2008-09-30_Manchester_United_Aalborg_333,2008-09-30,2008/09,Manchester United,Aalborg,UEFA Champions League,continental_club,A,0,0.94,23.65,8638,332,120,60,880,0.3614457831325301,3.0,2,4,4,2,2,5,12,1,2,0.4,0.5,0.6,0.4,0.5,0.0,0.6115662223402065,0.3604022918183736,2,0,3.0,4,2,1,0.5,243,94,0.3868312757201646,9,19,0.4,1.0,1.4,0.6,5,0,0,0,0.0,0.0,0,0,0,0,0.0,0.0,0.0,0.0,0.0,0,1708.32,1500.0,208.32,0,41,11,0.2682926829268293,147,41,0.2789115646258503,9,Tuesday,0.1648,1,0,0,0,0,0,3,0,W,0,1,matched_secondary_full_career,1,0,0,0,1,0.0,1,0.0
2008-10-04_Manchester_United_Blackburn_Rovers_334,2008-10-04,2008/09,Manchester United,Blackburn Rovers,Premier League,domestic_league,A,0,0.78,23.661,8642,333,120,61,880,0.3603603603603603,4.0,2,4,5,2,2,4,11,2,3,0.4,0.4,0.55,0.4,0.4,0.0,0.4280963556381445,0.5522816042728615,0,1,7.0,5,2,2,0.4,244,94,0.3852459016393442,11,21,0.6,1.0,1.8,0.4,5,10,2,1,0.2,0.1,2,4,4,2,1.0,0.6,1.1,1.6,0.1,10,1712.95,1514.71,198.24,10,165,67,0.406060606060606,148,41,0.277027027027027,10,Saturday,0.1758,1,0,0,0,0,0,2,0,W,0,1,matched_secondary_full_career,0,0,0,0,0,2.3978952727983707,0,2.3978952727983707
2008-10-11_Portugal_Sweden_335,2008-10-11,2008/09,Portugal,Sweden,World Cup - Qualification Europe,international,A,1,0.76,23.6802,8649,334,120,62,880,0.3592814371257485,7.0,1,3,6,1,2,3,10,3,4,0.4,0.3,0.5,0.4,0.3,0.0,0.2996674489467011,0.6865971229910031,0,2,14.0,6,2,3,0.3333333333333333,58,21,0.3620689655172414,9,20,0.6,0.6,2.0,1.4,5,1,0,1,0.0,0.0,0,0,1,0,1.0,1.0,2.0,2.0,0.0,1,1610.51,1500.25,110.26,1,12,7,0.5833333333333334,149,41,0.2751677852348993,10,Saturday,0.1951,1,0,0,0,0,0,0,0,D,0,0,matched_secondary_full_career,0,0,0,0,0,0.6931471805599453,0,0.6931471805599453
2008-10-15_Portugal_Albania_336,2008-10-15,2008/09,Portugal,Albania,World Cup - Qualification Europe,international,H,1,0.76,23.6911,8653,335,120,62,880,0.3582089552238806,4.0,1,2,7,0,2,3,9,3,4,0.4,0.3,0.45,0.4,0.3,0.0,0.2097672142626908,0.4806179860937021,0,3,18.0,7,2,3,0.2857142857142857,59,21,0.3559322033898305,10,20,0.6,0.8,1.8,0.8,5,1,0,0,0.0,0.0,0,1,0,0,0.0,0.0,3.0,5.0,0.0,1,1607.44,1490.29,117.15,1,13,7,0.5384615384615384,168,71,0.4226190476190476,10,Wednesday,0.206,0,0,0,0,0,0,0,0,D,0,0,matched_secondary_full_career,0,0,0,0,0,0.6931471805599453,0,0.6931471805599453
2008-10-18_Manchester_United_West_Bromwich_Albion_337,2008-10-18,2008/09,Manchester United,West Bromwich Albion,Premier League,domestic_league,H,0,0.78,23.6993,8656,336,120,62,880,0.3571428571428571,3.0,2,3,7,0,1,3,8,3,4,0.2,0.3,0.4,0.2,0.3,0.0,0.1468370499838835,0.3364325902655914,0,4,21.0,8,2,3,0.25,245,94,0.3836734693877551,13,24,0.8,1.0,2.2,0.4,5,5,1,1,0.2,0.2,1,3,1,1,0.8,0.4,1.0,1.8,0.2,5,1717.8,1493.01,224.79,5,166,67,0.4036144578313253,169,71,0.4201183431952662,10,Saturday,0.2143,0,0,0,1,0,1,4,0,W,1,0,matched_secondary_full_career,0,0,0,0,0,1.791759469228055,0,1.791759469228055
2008-10-21_Manchester_United_Celtic_338,2008-10-21,2008/09,Manchester United,Celtic,UEFA Champions League,continental_club,H,0,0.94,23.7075,8659,337,121,62,879,0.3590504451038576,3.0,2,3,8,1,1,3,8,2,3,0.2,0.3,0.4,0.2,0.3,0.0,0.4027859349887184,0.235502813185914,1,0,3.0,9,3,3,0.3333333333333333,246,95,0.3861788617886179,15,24,1.0,1.0,2.8,0.2,5,1,0,0,0.0,0.0,0,0,0,1,3.0,1.0,1.0,0.0,1.0,1,1722.1,1514.12,207.98,1,42,11,0.2619047619047619,170,72,0.4235294117647059,10,Tuesday,0.2225,0,0,0,0,0,0,3,0,W,0,0,matched_secondary_full_career,0,0,0,0,0,0.6931471805599453,0,0.6931471805599453
2008-10-25_Manchester_United_Everton_339,2008-10-25,2008/09,Manchester United,Everton,Premier League,domestic_league,A,0,0.78,23.7185,8663,338,121,62,879,0.3579881656804733,4.0,2,4,7,1,1,3,8,1,3,0.2,0.3,0.4,0.2,0.3,0.0,0.2819501544921029,0.1648519692301398,0,1,7.0,10,3,3,0.3,247,95,0.3846153846153846,15,24,1.0,1.0,2.8,0.0,5,10,4,3,0.4,0.3,2,7,2,1,0.5,0.3,1.0,2.0,0.2,10,1726.74,1477.18,249.56,10,167,68,0.4071856287425149,150,41,0.2733333333333333,10,Saturday,0.2335,0,0,0,0,0,0,1,1,D,0,0,matched_secondary_full_career,0,0,0,0,0,2.3978952727983707,0,2.3978952727983707
2008-10-29_Manchester_United_West_Ham_United_340,2008-10-29,2008/09,Manchester United,West Ham United,Premier League,domestic_league,H,0,0.78,23.7294,8667,339,121,62,879,0.3569321533923303,4.0,1,4,7,1,1,3,8,0,3,0.2,0.3,0.4,0.2,0.3,0.0,0.197365108144472,0.1153963784610978,0,2,11.0,11,3,3,0.2727272727272727,248,95,0.3830645161290322,13,22,0.8,1.0,2.6,0.2,5,5,3,1,0.6,0.4,3,2,0,3,1.8,0.6,1.0,1.2,0.4,5,1720.58,1532.15,188.43,5,168,68,0.4047619047619047,171,72,0.4210526315789473,10,Wednesday,0.2445,0,0,0,1,1,2,2,0,W,2,0,matched_secondary_full_career,0,0,0,0,0,1.791759469228055,0,1.791759469228055
2008-11-01_Manchester_United_Hull_City_341,2008-11-01,2008/09,Manchester United,Hull City,Premier League,domestic_league,H,0,0.78,23.7377,8670,340,123,62,877,0.3617647058823529,3.0,2,4,7,2,3,5,10,0,3,0.6,0.5,0.5,0.4,0.4,0.1,0.7381555757011304,0.0807774649227685,1,0,3.0,12,5,3,0.4166666666666667,249,97,0.3895582329317269,13,24,0.8,1.0,2.4,0.2,5,0,0,0,0.0,0.0,0,0,0,0,0.0,0.0,0.0,0.0,0.0,0,1725.63,1500.0,225.63,0,169,70,0.4142011834319526,172,74,0.4302325581395348,11,Saturday,0.2527,0,0,0,1,1,2,4,3,W,2,0,matched_secondary_full_career,1,0,0,0,1,0.0,1,0.0
2008-11-05_Manchester_United_Celtic_342,2008-11-05,2008/09,Manchester United,Celtic,UEFA Champions League,continental_club,A,0,0.94,23.7486,8674,341,125,62,875,0.3665689149560117,4.0,2,3,7,4,5,6,12,0,3,1.0,0.6,0.6,0.6,0.4,0.2,1.1167089029907913,0.0565442254459379,2,0,4.0,13,7,3,0.5384615384615384,250,99,0.396,13,26,0.8,1.0,2.8,0.8,5,2,0,0,0.0,0.0,0,1,0,1,1.5,0.5,0.5,1.5,0.5,2,1729.92,1509.48,220.44,2,43,11,0.2558139534883721,151,41,0.271523178807947,11,Wednesday,0.2637,0,0,0,0,0,0,1,1,D,0,0,matched_secondary_full_career,0,0,0,0,0,1.0986122886681098,0,1.0986122886681098
2008-11-08_Manchester_United_Arsenal_343,2008-11-08,2008/09,Manchester United,Arsenal,Premier League,domestic_league,A,0,0.78,23.7568,8677,342,125,62,875,0.3654970760233918,3.0,2,4,8,4,4,5,10,0,2,0.8,0.5,0.5,0.4,0.3,0.2,0.7816962320935539,0.0395809578121565,0,1,7.0,14,7,3,0.5,251,99,0.3944223107569721,11,26,0.6,1.0,2.2,1.0,5,11,4,0,0.3636363636363636,0.2727272727272727,2,5,4,2,0.9090909090909092,0.5454545454545454,0.7272727272727273,1.2727272727272727,0.3636363636363636,11,1724.31,1510.09,214.22,11,170,72,0.4235294117647059,152,41,0.2697368421052631,11,Saturday,0.272,0,0,0,0,0,0,1,2,L,0,0,matched_secondary_full_career,0,0,0,0,0,2.4849066497880004,0,2.4849066497880004
2008-11-15_Manchester_United_Stoke_City_344,2008-11-15,2008/09,Manchester United,Stoke City,Premier League,domestic_league,H,0,0.78,23.776,8684,343,125,62,875,0.3644314868804664,7.0,1,3,7,2,4,5,9,0,1,0.8,0.5,0.45,0.4,0.3,0.2,0.5471873624654877,0.0277066704685095,0,2,14.0,15,7,3,0.4666666666666667,252,99,0.3928571428571428,8,23,0.4,0.8,1.8,1.4,5,0,0,0,0.0,0.0,0,0,0,0,0.0,0.0,0.0,0.0,0.0,0,1708.82,1500.0,208.82,0,171,72,0.4210526315789473,173,76,0.4393063583815029,11,Saturday,0.2912,0,0,0,1,1,2,5,0,W,2,1,matched_secondary_full_career,1,0,0,0,1,0.0,1,0.0
2008-11-20_Portugal_Brazil_345,2008-11-20,2008/09,Portugal,Brazil,International Friendly,international,A,1,0.35,23.7897,8689,344,127,63,873,0.3691860465116279,5.0,1,2,7,2,6,7,10,1,1,1.2,0.7,0.5,0.6,0.4,0.3,0.9830311537258414,0.3193946693279567,1,0,5.0,16,9,4,0.5625,60,21,0.35,8,18,0.4,0.8,1.4,0.8,5,1,0,0,0.0,0.0,0,1,0,0,0.0,0.0,0.0,2.0,0.0,1,1604.19,1492.67,111.52,1,18,2,0.1111111111111111,153,41,0.2679738562091503,11,Thursday,0.3049,0,0,0,0,0,0,2,6,L,0,0,matched_secondary_full_career,0,0,0,0,0,0.6931471805599453,0,0.6931471805599453
2008-11-22_Manchester_United_Aston_Villa_346,2008-11-22,2008/09,Manchester United,Aston Villa,Premier League,domestic_league,A,0,0.78,23.7951,8691,345,127,63,873,0.3681159420289855,2.0,2,3,7,2,4,7,10,1,1,0.8,0.7,0.5,0.4,0.4,0.3,0.6881218076080889,0.2235762685295696,0,1,7.0,17,9,4,0.5294117647058824,253,101,0.3992094861660079,10,23,0.6,0.8,2.6,1.2,5,12,7,3,0.5833333333333334,0.5,2,12,0,0,0.0,0.0,0.3333333333333333,2.583333333333333,0.0,12,1713.44,1433.2,280.24,12,172,74,0.4302325581395348,154,41,0.2662337662337662,11,Saturday,0.3104,0,0,0,0,0,0,0,0,D,0,0,matched_secondary_full_career,0,0,0,0,0,2.5649493574615367,0,2.5649493574615367
2008-11-25_Manchester_United_Villarreal_347,2008-11-25,2008/09,Manchester United,Villarreal,UEFA Champions League,continental_club,A,0,0.94,23.8034,8694,346,127,63,873,0.3670520231213873,3.0,2,3,7,2,2,7,10,1,1,0.4,0.7,0.5,0.2,0.4,0.3,0.4816852653256622,0.1565033879706987,0,2,10.0,18,9,4,0.5,254,101,0.3976377952755905,8,21,0.4,0.8,2.2,1.2,5,3,0,0,0.0,0.0,0,0,3,0,1.0,1.0,0.0,0.0,1.0,3,1706.77,1511.7,195.06,3,44,11,0.25,155,41,0.2645161290322581,11,Tuesday,0.3187,0,0,0,0,0,0,0,0,D,0,0,matched_secondary_full_career,0,0,0,0,0,1.3862943611198906,0,1.3862943611198906
2008-11-30_Manchester_United_Manchester_City_348,2008-11-30,2008/09,Manchester United,Manchester City,Premier League,domestic_league,A,0,0.78,23.8171,8699,347,127,63,873,0.3659942363112392,5.0,1,3,7,0,2,6,9,1,1,0.4,0.6,0.45,0.2,0.3,0.3,0.3371796857279635,0.1095523715794891,0,3,15.0,19,9,4,0.4736842105263157,255,101,0.396078431372549,6,19,0.2,0.8,1.4,0.6,5,9,3,1,0.3333333333333333,0.3333333333333333,2,5,1,3,1.1111111111111112,0.4444444444444444,1.4444444444444444,1.7777777777777777,0.1111111111111111,9,1701.68,1510.2,191.48,9,173,74,0.4277456647398844,156,41,0.2628205128205128,11,Sunday,0.3324,0,0,0,0,0,0,1,0,W,0,0,matched_secondary_full_career,0,0,0,0,0,2.302585092994046,0,2.302585092994046
2008-12-06_Manchester_United_Sunderland_349,2008-12-06,2008/09,Manchester United,Sunderland,Premier League,domestic_league,H,0,0.78,23.8335,8705,348,127,63,873,0.3649425287356322,6.0,1,3,6,0,2,6,9,1,1,0.4,0.6,0.45,0.2,0.3,0.3,0.2360257800095744,0.0766866601056423,0,4,21.0,20,9,4,0.45,256,101,0.39453125,8,19,0.4,0.8,1.4,0.4,5,3,1,0,0.3333333333333333,0.3333333333333333,1,2,1,0,0.3333333333333333,0.3333333333333333,0.3333333333333333,2.333333333333333,0.3333333333333333,3,1706.66,1493.09,213.58,3,174,74,0.425287356321839,174,78,0.4482758620689655,12,Saturday,0.3489,0,0,1,0,0,0,1,0,W,0,0,matched_secondary_full_career,0,0,0,0,0,1.3862943611198906,0,1.3862943611198906
2008-12-13_Manchester_United_Tottenham_Hotspur_350,2008-12-13,2008/09,Manchester United,Tottenham Hotspur,Premier League,domestic_league,A,0,0.78,23.8526,8712,349,127,63,873,0.3638968481375358,7.0,1,2,6,0,0,6,9,0,1,0.0,0.6,0.45,0.0,0.3,0.3,0.1652180460067021,0.0536806620739496,0,5,28.0,21,9,4,0.4285714285714285,257,101,0.3929961089494163,11,19,0.6,1.0,1.4,0.0,5,10,4,2,0.4,0.3,3,7,3,0,0.3,0.3,0.5,1.8,0.1,10,1711.19,1470.71,240.48,10,175,74,0.4228571428571429,157,41,0.2611464968152866,12,Saturday,0.3681,0,0,1,0,0,0,0,0,D,0,0,matched_secondary_full_career,0,0,0,0,0,2.3978952727983707,0,2.3978952727983707
2008-12-18_Manchester_United_Gamba_Osaka_351,2008-12-18,2008/09,Manchester United,Gamba Osaka,FIFA Club World Cup,continental_club,N,0,1.0,23.8663,8717,350,127,63,873,0.3628571428571429,5.0,1,2,6,0,0,4,9,0,1,0.0,0.4,0.45,0.0,0.2,0.2,0.1156526322046914,0.0375764634517647,0,6,33.0,22,9,4,0.4090909090909091,258,101,0.3914728682170542,9,19,0.4,1.0,0.4,0.0,5,0,0,0,0.0,0.0,0,0,0,0,0.0,0.0,0.0,0.0,0.0,0,1705.19,1500.0,205.19,0,0,0,0.0,17,8,0.4705882352941176,12,Thursday,0.3819,0,0,1,1,0,1,5,3,W,1,0,matched_secondary_full_career,1,0,0,0,1,0.0,1,0.0
2008-12-21_Manchester_United_Liga_de_Quito_352,2008-12-21,2008/09,Manchester United,Liga de Quito,FIFA Club World Cup,continental_club,N,0,1.0,23.8745,8720,351,128,63,872,0.3646723646723647,3.0,1,2,6,1,1,3,9,0,1,0.2,0.3,0.45,0.2,0.2,0.1,0.380956842543284,0.0263035244162353,1,0,3.0,23,10,4,0.4347826086956521,259,102,0.3938223938223938,11,19,0.6,1.0,1.4,0.6,5,0,0,0,0.0,0.0,0,0,0,0,0.0,0.0,0.0,0.0,0.0,0,1709.89,1500.0,209.89,0,1,1,1.0,18,9,0.5,12,Sunday,0.3901,0,0,1,0,0,0,1,0,W,0,1,matched_secondary_full_career,1,0,0,0,1,0.0,1,0.0
2008-12-26_Manchester_United_Stoke_City_353,2008-12-26,2008/09,Manchester United,Stoke City,Premier League,domestic_league,A,0,0.78,23.8882,8725,352,128,64,872,0.3636363636363636,5.0,1,3,5,1,1,3,8,1,2,0.2,0.3,0.4,0.2,0.2,0.1,0.2666697897802987,0.3184124670913647,0,1,8.0,24,10,5,0.4166666666666667,260,102,0.3923076923076923,13,19,0.8,1.0,1.6,0.6,5,1,2,1,2.0,1.0,2,1,0,0,0.0,0.0,0.0,5.0,0.0,1,1714.49,1495.38,219.11,1,176,74,0.4204545454545454,158,41,0.2594936708860759,12,Friday,0.4038,0,0,1,0,0,0,1,0,W,0,0,matched_secondary_full_career,0,0,0,0,0,0.6931471805599453,0,0.6931471805599453
2008-12-29_Manchester_United_Middlesbrough_354,2008-12-29,2008/09,Manchester United,Middlesbrough,Premier League,domestic_league,H,0,0.78,23.8965,8728,353,128,64,872,0.3626062322946176,3.0,1,3,6,1,1,3,8,1,2,0.2,0.3,0.4,0.2,0.2,0.1,0.1866688528462091,0.2228887269639552,0,2,11.0,25,10,5,0.4,261,102,0.3908045977011494,13,21,0.8,1.0,1.6,0.6,5,13,5,1,0.3846153846153846,0.3846153846153846,2,6,5,2,0.8461538461538461,0.5384615384615384,1.2307692307692308,1.8461538461538465,0.0769230769230769,13,1718.91,1509.53,209.37,13,177,74,0.4180790960451977,175,78,0.4457142857142857,12,Monday,0.4121,0,0,1,0,0,0,1,0,W,0,0,matched_secondary_full_career,0,0,0,0,0,2.6390573296152584,0,2.6390573296152584
2009-01-07_Manchester_United_Derby_County_355,2009-01-07,2008/09,Manchester United,Derby County,League Cup,domestic_or_other_cup,A,0,0.72,23.9211,8737,354,128,64,872,0.3615819209039548,9.0,0,2,5,0,1,1,8,1,1,0.2,0.1,0.4,0.2,0.1,0.0,0.1306681969923463,0.1560221088747687,0,3,20.0,26,10,5,0.3846153846153846,262,102,0.3893129770992366,13,24,0.8,1.0,1.6,0.6,5,2,2,0,1.0,1.0,2,2,0,0,0.0,0.0,0.5,2.5,0.0,2,1723.52,1490.66,232.85,2,9,3,0.3333333333333333,159,41,0.2578616352201258,1,Wednesday,0.4368,0,0,1,0,0,0,0,1,L,0,0,matched_secondary_full_career,0,0,0,0,0,1.0986122886681098,0,1.0986122886681098
2009-01-11_Manchester_United_Chelsea_356,2009-01-11,2008/09,Manchester United,Chelsea,Premier League,domestic_league,H,0,0.78,23.932,8741,355,128,64,872,0.3605633802816901,4.0,1,2,6,0,1,1,8,1,1,0.2,0.1,0.4,0.2,0.1,0.0,0.0914677378946424,0.109215476212338,0,4,24.0,27,10,5,0.3703703703703703,263,102,0.3878326996197718,12,21,0.8,0.8,1.6,0.8,5,14,1,1,0.0714285714285714,0.0714285714285714,1,2,6,6,1.7142857142857142,0.8571428571428571,1.2142857142857142,0.7857142857142857,0.2857142857142857,14,1707.67,1578.82,128.84,14,178,74,0.4157303370786517,176,78,0.4431818181818182,1,Sunday,0.4478,0,0,1,0,0,0,3,0,W,0,1,matched_secondary_full_career,0,0,0,0,0,2.70805020110221,0,2.70805020110221
2009-01-14_Manchester_United_Wigan_Athletic_357,2009-01-14,2008/09,Manchester United,Wigan Athletic,Premier League,domestic_league,H,0,0.78,23.9403,8744,356,128,65,872,0.3595505617977528,3.0,2,2,6,0,0,1,8,2,2,0.0,0.1,0.4,0.0,0.1,0.0,0.0640274165262497,0.3764508333486366,0,5,27.0,28,10,6,0.3571428571428571,264,102,0.3863636363636363,12,23,0.8,0.8,1.2,0.2,5,6,7,0,1.1666666666666667,0.8333333333333334,5,6,0,0,0.0,0.0,0.3333333333333333,3.1666666666666665,0.0,6,1714.12,1464.57,249.55,6,179,74,0.4134078212290503,177,78,0.4406779661016949,1,Wednesday,0.456,0,0,1,0,0,0,1,0,W,0,1,matched_secondary_full_career,0,0,0,0,0,1.9459101490553132,0,1.9459101490553132
2009-01-17_Manchester_United_Bolton_Wanderers_358,2009-01-17,2008/09,Manchester United,Bolton Wanderers,Premier League,domestic_league,A,0,0.78,23.9485,8747,357,128,66,872,0.3585434173669468,3.0,2,3,7,0,0,1,7,2,3,0.0,0.1,0.35,0.0,0.1,0.0,0.0448191915683748,0.5635155833440456,0,6,30.0,29,10,7,0.3448275862068966,265,102,0.3849056603773585,12,25,0.8,0.8,1.2,0.2,5,9,6,4,0.6666666666666666,0.4444444444444444,3,8,1,0,0.1111111111111111,0.1111111111111111,0.5555555555555556,2.888888888888889,0.0,9,1717.96,1456.18,261.78,9,180,74,0.4111111111111111,160,41,0.25625,1,Saturday,0.4643,0,0,1,0,0,0,1,0,W,0,0,matched_secondary_full_career,0,0,0,0,0,2.302585092994046,0,2.302585092994046
2009-01-20_Manchester_United_Derby_County_359,2009-01-20,2008/09,Manchester United,Derby County,League Cup,domestic_or_other_cup,H,0,0.72,23.9567,8750,358,128,66,872,0.3575418994413408,3.0,2,4,7,0,0,1,7,2,3,0.0,0.1,0.35,0.0,0.1,0.0,0.0313734340978623,0.3944609083408319,0,7,33.0,30,10,7,0.3333333333333333,266,102,0.3834586466165413,12,25,0.8,0.8,1.2,0.2,5,3,2,0,0.6666666666666666,0.6666666666666666,2,2,0,1,1.0,0.3333333333333333,0.6666666666666666,1.6666666666666667,0.3333333333333333,3,1721.59,1506.51,215.07,3,10,3,0.3,178,78,0.4382022471910112,1,Tuesday,0.4725,0,0,1,1,0,1,4,2,W,1,0,matched_secondary_full_career,0,0,0,0,0,1.3862943611198906,0,1.3862943611198906
2009-01-24_Manchester_United_Tottenham_Hotspur_360,2009-01-24,2008/09,Manchester United,Tottenham Hotspur,FA Cup,domestic_or_other_cup,H,0,0.72,23.9676,8754,359,129,66,871,0.3593314763231198,4.0,2,4,7,1,1,2,8,2,3,0.2,0.2,0.4,0.2,0.2,0.0,0.3219614038685036,0.2761226358385823,1,0,4.0,31,11,7,0.3548387096774194,267,103,0.3857677902621723,12,25,0.8,0.8,1.8,0.6,5,11,4,2,0.3636363636363636,0.2727272727272727,2,7,4,0,0.3636363636363636,0.3636363636363636,0.4545454545454545,1.6363636363636365,0.1818181818181818,11,1726.08,1476.7,249.38,11,24,12,0.5,179,79,0.441340782122905,1,Saturday,0.4835,0,0,1,0,0,0,2,1,W,0,0,matched_secondary_full_career,0,0,0,0,0,2.4849066497880004,0,2.4849066497880004
2009-01-27_Manchester_United_West_Bromwich_Albion_361,2009-01-27,2008/09,Manchester United,West Bromwich Albion,Premier League,domestic_league,A,0,0.78,23.9759,8757,360,129,66,871,0.3583333333333333,3.0,2,4,7,1,1,2,6,2,3,0.2,0.2,0.3,0.2,0.2,0.0,0.2253729827079525,0.1932858450870076,0,1,7.0,32,11,7,0.34375,268,103,0.3843283582089552,15,27,1.0,1.0,2.2,0.6,5,6,2,1,0.3333333333333333,0.3333333333333333,2,4,1,1,0.6666666666666666,0.3333333333333333,0.8333333333333334,2.1666666666666665,0.1666666666666666,6,1729.93,1488.71,241.22,6,181,74,0.4088397790055249,161,41,0.2546583850931677,1,Tuesday,0.4918,0,0,1,1,1,2,5,0,W,2,0,matched_secondary_full_career,0,0,0,0,0,1.9459101490553132,0,1.9459101490553132
2009-01-31_Manchester_United_Everton_362,2009-01-31,2008/09,Manchester United,Everton,Premier League,domestic_league,H,0,0.78,23.9868,8761,361,131,66,869,0.3628808864265928,4.0,2,4,7,3,3,3,6,1,3,0.6,0.3,0.3,0.4,0.2,0.1,0.7577610878955667,0.1353000915609053,1,0,4.0,33,13,7,0.3939393939393939,269,105,0.3903345724907063,15,27,1.0,1.0,2.6,0.6,5,11,4,3,0.3636363636363636,0.2727272727272727,2,7,3,1,0.5454545454545454,0.3636363636363636,1.0,1.9090909090909087,0.1818181818181818,11,1733.92,1483.34,250.58,11,182,76,0.4175824175824176,180,79,0.4388888888888889,1,Saturday,0.5027,0,0,1,1,0,1,1,0,W,1,0,matched_secondary_full_career,0,0,0,0,0,2.4849066497880004,0,2.4849066497880004
2009-02-08_Manchester_United_West_Ham_United_363,2009-02-08,2008/09,Manchester United,West Ham United,Premier League,domestic_league,A,0,0.78,24.0087,8769,362,132,66,868,0.3646408839779005,8.0,0,2,7,3,4,4,7,0,2,0.8,0.4,0.35,0.6,0.3,0.1,0.8304327615268967,0.0947100640926337,2,0,8.0,34,14,7,0.4117647058823529,270,106,0.3925925925925926,15,27,1.0,1.0,2.6,0.6,5,6,5,1,0.8333333333333334,0.5,5,3,0,3,1.5,0.5,0.8333333333333334,1.3333333333333333,0.3333333333333333,6,1737.74,1527.1,210.64,6,183,77,0.4207650273224044,162,43,0.2654320987654321,2,Sunday,0.5247,0,0,0,0,0,0,1,0,W,0,0,matched_secondary_full_career,0,0,0,0,0,1.9459101490553132,0,1.9459101490553132
2009-02-11_Portugal_Finland_364,2009-02-11,2008/09,Portugal,Finland,International Friendly,international,H,1,0.35,24.0169,8772,363,132,66,868,0.3636363636363636,3.0,1,2,7,3,4,4,7,0,2,0.8,0.4,0.35,0.6,0.3,0.1,0.5813029330688276,0.0662970448648435,0,1,11.0,35,14,7,0.4,61,21,0.3442622950819672,5,15,0.2,0.6,1.4,2.0,5,2,0,0,0.0,0.0,0,0,2,0,1.0,1.0,0.5,0.5,0.5,2,1591.08,1505.92,85.16,2,19,2,0.1052631578947368,181,80,0.4419889502762431,2,Wednesday,0.533,0,0,0,1,0,1,1,0,W,1,0,matched_secondary_full_career,0,0,0,0,0,1.0986122886681098,0,1.0986122886681098
2009-02-15_Manchester_United_Derby_County_365,2009-02-15,2008/09,Manchester United,Derby County,FA Cup,domestic_or_other_cup,A,0,0.72,24.0279,8776,364,133,66,867,0.3653846153846153,4.0,2,2,7,2,4,5,6,0,2,0.8,0.5,0.3,0.6,0.4,0.1,0.7069120531481793,0.0464079314053905,1,0,4.0,36,15,7,0.4166666666666667,271,106,0.3911439114391143,15,27,1.0,1.0,2.6,0.6,5,4,3,0,0.75,0.75,2,3,0,1,0.75,0.25,1.0,2.25,0.25,4,1742.33,1502.02,240.31,4,25,12,0.48,163,43,0.263803680981595,2,Sunday,0.544,0,0,0,1,0,1,4,1,W,1,0,matched_secondary_full_career,0,0,0,0,0,1.6094379124341003,0,1.6094379124341003
2009-02-18_Manchester_United_Fulham_366,2009-02-18,2008/09,Manchester United,Fulham,Premier League,domestic_league,H,0,0.78,24.0361,8779,365,134,66,866,0.3671232876712328,3.0,2,3,7,2,5,6,7,0,2,1.0,0.6,0.35,0.8,0.5,0.1,0.7948384372037254,0.0324855519837733,2,0,3.0,37,16,7,0.4324324324324324,272,107,0.3933823529411764,15,27,1.0,1.0,2.6,0.4,5,11,7,2,0.6363636363636364,0.4545454545454545,3,8,2,1,0.4545454545454545,0.2727272727272727,1.0909090909090908,2.272727272727273,0.0,11,1746.34,1466.49,279.85,11,184,77,0.4184782608695652,182,81,0.445054945054945,2,Wednesday,0.5522,0,0,0,0,0,0,3,0,W,0,0,matched_secondary_full_career,0,0,0,0,0,2.4849066497880004,0,2.4849066497880004
2009-02-21_Manchester_United_Blackburn_Rovers_367,2009-02-21,2008/09,Manchester United,Blackburn Rovers,Premier League,domestic_league,H,0,0.78,24.0443,8782,366,134,66,866,0.366120218579235,3.0,2,4,7,2,3,6,7,0,1,0.6,0.6,0.35,0.6,0.5,0.1,0.5563869060426078,0.0227398863886413,0,1,6.0,38,16,7,0.4210526315789473,273,107,0.3919413919413919,15,30,1.0,1.0,2.8,0.2,5,11,2,2,0.1818181818181818,0.0909090909090909,2,5,4,2,0.9090909090909092,0.5454545454545454,1.0,1.6363636363636365,0.0909090909090909,11,1749.67,1509.87,239.8,11,185,77,0.4162162162162162,183,81,0.4426229508196721,2,Saturday,0.5604,0,0,0,1,0,1,2,1,W,1,0,matched_secondary_full_career,0,0,0,0,0,2.4849066497880004,0,2.4849066497880004
2009-02-24_Manchester_United_Inter_Milan_368,2009-02-24,2008/09,Manchester United,Inter Milan,UEFA Champions League,continental_club,A,0,0.94,24.0525,8785,367,135,66,865,0.3678474114441417,3.0,2,4,7,2,3,7,8,0,0,0.6,0.7,0.4,0.6,0.6,0.1,0.6894708342298255,0.0159179204720489,1,0,3.0,39,17,7,0.4358974358974359,274,108,0.3941605839416058,15,30,1.0,1.0,2.2,0.4,5,1,0,0,0.0,0.0,0,0,0,0,0.0,0.0,0.0,0.0,0.0,0,1753.69,1500.0,253.69,1,45,11,0.2444444444444444,164,44,0.2682926829268293,2,Tuesday,0.5687,0,0,0,0,0,0,0,0,D,0,0,matched_secondary_full_career,1,0,0,0,0,0.6931471805599453,0,0.6931471805599453
2009-03-01_Manchester_United_Tottenham_Hotspur_369,2009-03-01,2008/09,Manchester United,Tottenham Hotspur,League Cup,domestic_or_other_cup,N,0,0.72,24.0662,8790,368,135,66,865,0.3668478260869565,5.0,1,4,7,1,3,7,8,0,0,0.6,0.7,0.4,0.6,0.6,0.1,0.4826295839608778,0.0111425443304342,0,1,8.0,40,17,7,0.425,275,108,0.3927272727272727,13,28,0.8,1.0,2.0,0.4,5,12,4,2,0.3333333333333333,0.25,0,8,4,0,0.3333333333333333,0.3333333333333333,0.5,1.6666666666666667,0.1666666666666666,12,1747.45,1472.86,274.6,12,11,4,0.3636363636363636,19,9,0.4736842105263157,3,Sunday,0.5824,0,0,0,0,0,0,0,0,D,0,0,matched_secondary_full_career,0,0,0,0,0,2.5649493574615367,0,2.5649493574615367
2009-03-04_Manchester_United_Newcastle_United_370,2009-03-04,2008/09,Manchester United,Newcastle United,Premier League,domestic_league,A,0,0.78,24.0744,8793,369,135,66,865,0.3658536585365853,3.0,1,4,7,1,2,6,8,0,0,0.4,0.6,0.4,0.4,0.5,0.1,0.3378407087726144,0.0077997810313039,0,2,11.0,41,17,7,0.4146341463414634,276,108,0.391304347826087,11,26,0.6,1.0,1.8,0.4,5,10,6,4,0.6,0.3,5,9,1,0,0.1,0.1,0.7,3.0,0.0,10,1740.87,1451.44,289.43,10,186,78,0.4193548387096774,165,44,0.2666666666666666,3,Wednesday,0.5907,0,0,0,0,0,0,2,1,W,0,0,matched_secondary_full_career,0,0,0,0,0,2.3978952727983707,0,2.3978952727983707
2009-03-11_Manchester_United_Inter_Milan_371,2009-03-11,2008/09,Manchester United,Inter Milan,UEFA Champions League,continental_club,H,0,0.94,24.0936,8800,370,135,66,865,0.3648648648648648,7.0,1,2,7,0,1,6,8,0,0,0.2,0.6,0.4,0.2,0.5,0.1,0.2364884961408301,0.0054598467219127,0,3,18.0,42,17,7,0.4047619047619047,277,108,0.3898916967509025,11,26,0.6,1.0,1.4,0.4,5,2,0,0,0.0,0.0,0,0,1,0,1.0,1.0,0.0,0.0,1.0,1,1744.05,1506.23,237.82,2,46,11,0.2391304347826087,184,82,0.4456521739130434,3,Wednesday,0.6099,0,0,0,1,0,1,2,0,W,1,0,matched_secondary_full_career,0,0,0,0,0,1.0986122886681098,0,1.0986122886681098
2009-03-14_Manchester_United_Liverpool_372,2009-03-14,2008/09,Manchester United,Liverpool,Premier League,domestic_league,H,0,0.78,24.1018,8803,371,136,66,864,0.3665768194070081,3.0,1,3,7,1,2,5,8,0,0,0.4,0.5,0.4,0.4,0.5,0.0,0.465541947298581,0.0038218927053389,1,0,3.0,43,18,7,0.4186046511627907,278,109,0.3920863309352518,11,26,0.6,1.0,1.2,0.4,5,8,1,1,0.125,0.125,1,5,1,2,0.875,0.375,0.375,1.0,0.375,8,1748.1,1498.85,249.25,8,187,78,0.4171122994652406,185,83,0.4486486486486487,3,Saturday,0.6181,0,0,0,1,0,1,1,4,L,1,0,matched_secondary_full_career,0,0,0,0,0,2.1972245773362196,0,2.1972245773362196
2009-03-21_Manchester_United_Fulham_373,2009-03-21,2008/09,Manchester United,Fulham,Premier League,domestic_league,A,0,0.78,24.121,8810,372,137,66,863,0.3682795698924731,7.0,1,2,6,2,2,5,9,0,0,0.4,0.5,0.45,0.4,0.5,0.0,0.6258793631090067,0.0026753248937372,2,0,7.0,44,19,7,0.4318181818181818,279,110,0.3942652329749104,8,23,0.4,0.8,1.0,1.0,5,12,7,2,0.5833333333333334,0.4166666666666667,2,9,2,1,0.4166666666666667,0.25,1.0,2.333333333333333,0.0,12,1731.95,1463.16,268.79,12,188,79,0.4202127659574468,166,44,0.2650602409638554,3,Saturday,0.6374,0,0,0,0,0,0,0,2,L,0,0,matched_secondary_full_career,0,0,0,0,0,2.5649493574615367,0,2.5649493574615367
2009-03-28_Portugal_Sweden_374,2009-03-28,2008/09,Portugal,Sweden,World Cup - Qualification Europe,international,H,1,0.76,24.1401,8817,373,137,66,863,0.3672922252010724,7.0,1,2,5,2,2,5,9,0,0,0.4,0.5,0.45,0.4,0.5,0.0,0.4381155541763046,0.001872727425616,0,1,14.0,45,19,7,0.4222222222222222,62,22,0.3548387096774194,5,15,0.2,0.6,1.0,1.8,5,2,0,1,0.0,0.0,0,0,2,0,1.0,1.0,1.0,1.0,0.5,2,1598.68,1503.32,95.36,2,14,7,0.5,186,84,0.4516129032258064,3,Saturday,0.6566,0,0,0,0,0,0,0,0,D,0,0,matched_secondary_full_career,0,0,0,0,0,1.0986122886681098,0,1.0986122886681098
2009-03-31_Portugal_South_Africa_375,2009-03-31,2008/09,Portugal,South Africa,International Friendly,international,N,1,0.35,24.1483,8820,374,137,66,863,0.3663101604278075,3.0,1,2,6,1,2,4,9,0,0,0.4,0.4,0.45,0.4,0.4,0.0,0.3066808879234132,0.0013109091979312,0,2,17.0,46,19,7,0.4130434782608695,63,22,0.3492063492063492,6,15,0.2,0.8,0.6,1.2,5,0,0,0,0.0,0.0,0,0,0,0,0.0,0.0,0.0,0.0,0.0,0,1596.0,1500.0,96.0,0,20,3,0.15,20,9,0.45,3,Tuesday,0.6648,0,0,0,0,0,0,2,0,W,0,0,matched_secondary_full_career,1,0,0,0,1,0.0,1,0.0
2009-04-05_Manchester_United_Aston_Villa_376,2009-04-05,2008/09,Manchester United,Aston Villa,Premier League,domestic_league,H,0,0.78,24.162,8825,375,137,66,863,0.3653333333333333,5.0,1,2,5,0,2,3,9,0,0,0.4,0.3,0.45,0.4,0.3,0.0,0.2146766215463892,0.0009176364385518,0,3,22.0,47,19,7,0.4042553191489361,280,110,0.3928571428571428,7,20,0.4,0.6,1.0,1.4,5,13,7,3,0.5384615384615384,0.4615384615384615,2,12,1,0,0.0769230769230769,0.0769230769230769,0.3076923076923077,2.3846153846153846,0.0769230769230769,13,1715.46,1439.88,275.58,13,189,79,0.4179894179894179,187,84,0.4491978609625668,4,Sunday,0.6786,0,0,0,1,1,2,3,2,W,2,0,matched_secondary_full_career,0,0,0,0,0,2.6390573296152584,0,2.6390573296152584
2009-04-07_Manchester_United_FC_Porto_377,2009-04-07,2008/09,Manchester United,FC Porto,UEFA Champions League,continental_club,H,0,0.94,24.1675,8827,376,139,66,861,0.3696808510638298,2.0,2,3,6,2,3,5,11,0,0,0.6,0.5,0.55,0.4,0.4,0.1,0.7502736350824725,0.0006423455069863,1,0,2.0,48,21,7,0.4375,281,112,0.398576512455516,9,20,0.6,0.6,1.6,1.8,5,4,0,0,0.0,0.0,0,0,1,1,2.0,1.0,1.5,1.0,0.0,2,1718.86,1534.03,184.82,4,47,12,0.2553191489361702,188,86,0.4574468085106383,4,Tuesday,0.6841,0,0,0,0,0,0,2,2,D,0,0,matched_secondary_full_career,0,0,0,0,0,1.6094379124341003,0,1.6094379124341003
2009-04-11_Manchester_United_Sunderland_378,2009-04-11,2008/09,Manchester United,Sunderland,Premier League,domestic_league,A,0,0.78,24.1785,8831,377,139,66,861,0.3687002652519894,4.0,2,4,6,2,2,4,11,0,0,0.4,0.4,0.55,0.2,0.3,0.1,0.5251915445577306,0.0004496418548904,0,1,6.0,49,21,7,0.4285714285714285,282,112,0.3971631205673759,7,18,0.4,0.6,1.6,2.0,5,4,1,0,0.25,0.25,1,3,1,0,0.25,0.25,0.25,2.0,0.25,4,1713.99,1488.56,225.43,4,190,81,0.4263157894736842,167,44,0.2634730538922156,4,Saturday,0.6951,0,0,0,0,0,0,2,1,W,0,0,matched_secondary_full_career,0,0,0,0,0,1.6094379124341003,0,1.6094379124341003
2009-04-15_Manchester_United_FC_Porto_379,2009-04-15,2008/09,Manchester United,FC Porto,UEFA Champions League,continental_club,A,0,0.94,24.1894,8835,378,139,66,861,0.3677248677248677,4.0,1,3,6,2,2,4,11,0,0,0.4,0.4,0.55,0.2,0.3,0.1,0.3676340811904114,0.0003147492984232,0,2,10.0,50,21,7,0.42,283,112,0.3957597173144876,7,18,0.4,0.6,1.6,2.2,5,5,0,0,0.0,0.0,0,0,2,1,1.6666666666666667,1.0,1.6666666666666667,1.3333333333333333,0.0,3,1718.28,1538.9,179.38,5,48,12,0.25,168,44,0.2619047619047619,4,Wednesday,0.706,0,0,0,1,0,1,1,0,W,1,0,matched_secondary_full_career,0,0,0,0,0,1.791759469228055,0,1.791759469228055
2009-04-22_Manchester_United_Portsmouth_380,2009-04-22,2008/09,Manchester United,Portsmouth,Premier League,domestic_league,H,0,0.78,24.2086,8842,379,140,66,860,0.3693931398416886,7.0,1,2,6,1,3,5,11,0,0,0.6,0.5,0.55,0.4,0.4,0.1,0.557343856833288,0.0002203245088963,1,0,7.0,51,22,7,0.4313725490196078,284,113,0.397887323943662,10,18,0.6,0.8,1.6,1.4,5,11,6,2,0.5454545454545454,0.3636363636363636,2,6,1,4,1.181818181818182,0.4545454545454545,0.8181818181818182,1.6363636363636365,0.2727272727272727,11,1723.53,1519.0,204.53,11,191,81,0.4240837696335078,189,86,0.455026455026455,4,Wednesday,0.7253,0,0,0,0,0,0,2,0,W,0,0,matched_secondary_full_career,0,0,0,0,0,2.4849066497880004,0,2.4849066497880004
2009-04-25_Manchester_United_Tottenham_Hotspur_381,2009-04-25,2008/09,Manchester United,Tottenham Hotspur,Premier League,domestic_league,H,0,0.78,24.2168,8845,380,140,66,860,0.3684210526315789,3.0,1,3,7,1,3,5,11,0,0,0.6,0.5,0.55,0.4,0.4,0.1,0.3901406997833015,0.0001542271562274,0,1,10.0,52,22,7,0.4230769230769231,285,113,0.3964912280701754,13,20,0.8,1.0,2.0,1.0,5,13,4,2,0.3076923076923077,0.2307692307692307,0,8,5,0,0.3846153846153846,0.3846153846153846,0.4615384615384615,1.5384615384615383,0.2307692307692307,13,1728.24,1479.44,248.8,13,192,81,0.421875,190,86,0.4526315789473684,4,Saturday,0.7335,0,0,0,1,1,2,5,2,W,2,1,matched_secondary_full_career,0,0,0,0,0,2.6390573296152584,0,2.6390573296152584
2009-04-29_Manchester_United_Arsenal_382,2009-04-29,2008/09,Manchester United,Arsenal,UEFA Champions League,continental_club,H,0,0.94,24.2277,8849,381,142,67,858,0.3727034120734908,4.0,2,3,7,3,3,6,11,1,1,0.6,0.6,0.55,0.4,0.4,0.2,0.8730984898483111,0.3001079590093591,1,0,4.0,53,24,8,0.4528301886792453,286,115,0.4020979020979021,13,22,0.8,1.0,2.4,1.0,5,12,4,0,0.3333333333333333,0.25,2,5,4,3,1.0833333333333333,0.5833333333333334,0.8333333333333334,1.25,0.3333333333333333,12,1732.1,1525.58,206.52,12,49,13,0.2653061224489796,191,88,0.4607329842931937,4,Wednesday,0.7445,0,0,0,0,0,0,1,0,W,0,0,matched_secondary_full_career,0,0,0,0,0,2.5649493574615367,0,2.5649493574615367
2009-05-05_Manchester_United_Arsenal_383,2009-05-05,2008/09,Manchester United,Arsenal,UEFA Champions League,continental_club,A,0,0.94,24.2442,8855,382,142,67,858,0.3717277486910995,6.0,1,3,7,2,3,5,10,1,1,0.6,0.5,0.5,0.4,0.3,0.2,0.6111689428938177,0.2100755713065514,0,1,10.0,54,24,8,0.4444444444444444,287,115,0.4006968641114982,15,22,1.0,1.0,2.2,0.6,5,13,4,0,0.3076923076923077,0.2307692307692307,1,6,4,3,1.0,0.5384615384615384,0.7692307692307693,1.2307692307692308,0.3076923076923077,13,1736.77,1520.91,215.86,13,50,13,0.26,169,45,0.2662721893491124,5,Tuesday,0.761,0,0,0,1,1,2,3,1,W,2,1,matched_secondary_full_career,0,0,0,0,0,2.6390573296152584,0,2.6390573296152584
2009-05-10_Manchester_United_Manchester_City_384,2009-05-10,2008/09,Manchester United,Manchester City,Premier League,domestic_league,H,0,0.78,24.2579,8860,383,144,68,856,0.3759791122715404,5.0,1,2,6,4,5,7,12,2,2,1.0,0.7,0.6,0.6,0.4,0.3,1.0278182600256724,0.4470528999145859,1,0,5.0,55,26,9,0.4727272727272727,288,117,0.40625,15,22,1.0,1.0,2.4,0.6,5,10,3,1,0.3,0.3,1,6,1,3,1.0,0.4,1.3,1.7,0.1,10,1741.25,1505.21,236.04,10,193,83,0.4300518134715025,192,88,0.4583333333333333,5,Sunday,0.7747,0,0,0,1,0,1,2,0,W,1,0,matched_secondary_full_career,0,0,0,0,0,2.3978952727983707,0,2.3978952727983707
2009-05-13_Manchester_United_Wigan_Athletic_385,2009-05-13,2008/09,Manchester United,Wigan Athletic,Premier League,domestic_league,A,0,0.78,24.2661,8863,384,145,68,855,0.3776041666666667,3.0,1,3,6,3,5,8,12,2,2,1.0,0.8,0.6,0.6,0.5,0.3,1.0194727820179708,0.3129370299402101,2,0,3.0,56,27,9,0.4821428571428571,289,118,0.4083044982698962,15,25,1.0,1.0,2.6,0.6,5,7,7,1,1.0,0.7142857142857143,3,7,0,0,0.0,0.0,0.2857142857142857,2.857142857142857,0.0,7,1745.33,1460.73,284.61,7,194,84,0.4329896907216495,170,47,0.2764705882352941,5,Wednesday,0.783,0,0,0,0,0,0,2,1,W,0,0,matched_secondary_full_career,0,0,0,0,0,2.0794415416798357,0,2.0794415416798357
2009-05-16_Manchester_United_Arsenal_386,2009-05-16,2008/09,Manchester United,Arsenal,Premier League,domestic_league,H,0,0.78,24.2743,8866,385,145,68,855,0.3766233766233766,3.0,2,3,6,3,5,8,11,2,2,1.0,0.8,0.55,0.6,0.5,0.3,0.7136309474125795,0.2190559209581471,0,1,6.0,57,27,9,0.4736842105263157,290,118,0.4068965517241379,15,28,1.0,1.0,2.6,0.8,5,14,6,1,0.4285714285714285,0.2857142857142857,2,7,4,3,0.9285714285714286,0.5,0.7857142857142857,1.3571428571428572,0.2857142857142857,14,1748.59,1516.43,232.16,14,195,84,0.4307692307692308,193,89,0.4611398963730569,5,Saturday,0.7912,0,0,0,0,0,0,0,0,D,0,0,matched_secondary_full_career,0,0,0,0,0,2.70805020110221,0,2.70805020110221
2009-05-27_Manchester_United_Barcelona_387,2009-05-27,2008/09,Manchester United,Barcelona,UEFA Champions League,continental_club,N,0,0.94,24.3044,8877,386,145,68,855,0.3756476683937824,11.0,0,2,5,1,3,6,11,1,2,0.6,0.6,0.55,0.4,0.4,0.2,0.4995416631888056,0.1533391446707029,0,2,17.0,58,27,9,0.4655172413793103,291,118,0.4054982817869416,13,26,0.8,1.0,1.6,0.4,5,2,0,0,0.0,0.0,0,1,1,0,0.5,0.5,0.0,0.5,0.5,2,1742.75,1500.56,242.19,2,51,15,0.2941176470588235,21,9,0.4285714285714285,5,Wednesday,0.8214,0,1,0,0,0,0,0,2,L,0,0,matched_secondary_full_career,0,0,0,0,0,1.0986122886681098,0,1.0986122886681098
2009-06-06_Portugal_Albania_388,2009-06-06,2008/09,Portugal,Albania,World Cup - Qualification Europe,international,A,1,0.76,24.3318,8887,387,145,68,855,0.3746770025839793,10.0,0,1,4,0,3,6,10,1,2,0.6,0.6,0.5,0.4,0.4,0.2,0.3496791642321639,0.107337401269492,0,3,27.0,59,27,9,0.4576271186440678,64,22,0.34375,8,18,0.4,0.8,1.0,1.2,5,2,0,0,0.0,0.0,0,1,1,0,0.5,0.5,1.5,2.5,0.5,2,1603.31,1493.54,109.77,2,15,7,0.4666666666666667,171,47,0.2748538011695906,6,Saturday,0.8489,0,1,0,0,0,0,2,1,W,0,0,matched_secondary_full_career,0,0,0,0,0,1.0986122886681098,0,1.0986122886681098
2009-08-29_Real_Madrid_Deportivo_La_Coruna_389,2009-08-29,2009/10,Real Madrid,Deportivo La Coruna,La Liga,domestic_league,H,0,0.78,24.5618,8971,388,145,68,855,0.3737113402061855,84.0,0,0,0,0,1,6,10,0,2,0.2,0.6,0.5,0.2,0.4,0.2,0.2447754149625147,0.0751361808886444,0,4,111.0,0,0,0,0.0,0,0,0.0,0,0,0.0,0.0,0.0,0.0,0,0,0,0,0.0,0.0,0,0,0,0,0.0,0.0,0.0,0.0,0.0,0,1500.0,1500.0,0.0,0,0,0,0.0,194,89,0.4587628865979381,8,Saturday,0.0769,1,0,0,1,0,1,3,2,W,1,0,matched_secondary_full_career,1,1,0,0,1,0.0,1,0.0
2009-09-05_Portugal_Denmark_390,2009-09-05,2009/10,Portugal,Denmark,World Cup - Qualification Europe,international,A,1,0.76,24.5809,8978,389,146,68,854,0.3753213367609254,7.0,1,1,1,1,1,6,11,0,2,0.2,0.6,0.55,0.2,0.4,0.2,0.4713427904737602,0.0525953266220511,1,0,7.0,1,1,0,1.0,65,22,0.3384615384615385,10,18,0.6,0.8,1.4,1.4,5,1,0,1,0.0,0.0,0,0,0,1,3.0,1.0,4.0,2.0,0.0,1,1610.25,1513.04,97.21,1,16,7,0.4375,172,47,0.2732558139534883,9,Saturday,0.0962,1,0,0,0,0,0,1,1,D,0,0,matched_secondary_full_career,0,0,0,0,0,0.6931471805599453,0,0.6931471805599453
2009-09-09_Portugal_Hungary_391,2009-09-09,2009/10,Portugal,Hungary,World Cup - Qualification Europe,international,A,1,0.76,24.5919,8982,390,146,68,854,0.3743589743589743,4.0,1,2,2,1,1,6,11,0,2,0.2,0.6,0.55,0.2,0.4,0.2,0.3299399533316322,0.0368167286354357,0,1,11.0,2,1,0,0.5,66,22,0.3333333333333333,11,16,0.6,1.0,1.2,0.4,5,0,0,0,0.0,0.0,0,0,0,0,0.0,0.0,0.0,0.0,0.0,0,1607.52,1500.0,107.52,0,17,7,0.4117647058823529,173,47,0.2716763005780346,9,Wednesday,0.1071,1,0,0,0,0,0,1,0,W,0,0,matched_secondary_full_career,1,0,0,0,1,0.0,1,0.0
2009-09-12_Real_Madrid_Espanyol_392,2009-09-12,2009/10,Real Madrid,Espanyol,La Liga,domestic_league,A,0,0.78,24.6001,8985,391,146,68,854,0.3734015345268542,3.0,2,3,3,1,1,4,10,0,1,0.2,0.4,0.5,0.2,0.3,0.1,0.2309579673321425,0.025771710044805,0,2,14.0,3,1,0,0.3333333333333333,1,1,1.0,3,3,1.0,1.0,3.0,2.0,1,0,0,0,0.0,0.0,0,0,0,0,0.0,0.0,0.0,0.0,0.0,0,1510.0,1500.0,10.0,0,1,1,1.0,174,47,0.2701149425287356,9,Saturday,0.1154,1,0,0,1,0,1,3,0,W,1,0,matched_secondary_full_career,1,0,0,0,1,0.0,1,0.0
2009-09-15_Real_Madrid_FC_Zurich_393,2009-09-15,2009/10,Real Madrid,FC Zurich,UEFA Champions League,continental_club,A,0,0.94,24.6083,8988,392,147,68,853,0.375,3.0,2,3,4,1,2,5,10,0,1,0.4,0.5,0.5,0.4,0.4,0.1,0.4616705771324997,0.0180401970313635,1,0,3.0,4,2,0,0.5,2,2,1.0,6,6,1.0,1.0,3.0,1.0,2,0,0,0,0.0,0.0,0,0,0,0,0.0,0.0,0.0,0.0,0.0,0,1519.71,1500.0,19.71,0,52,15,0.2884615384615384,175,48,0.2742857142857143,9,Tuesday,0.1236,1,0,0,1,1,2,5,2,W,2,0,matched_secondary_full_career,1,0,0,0,1,0.0,1,0.0
2009-09-20_Real_Madrid_Xerez_394,2009-09-20,2009/10,Real Madrid,Xerez,La Liga,domestic_league,H,0,0.78,24.622,8993,393,149,68,851,0.3791348600508906,5.0,1,3,5,3,4,5,12,0,0,0.8,0.5,0.6,0.6,0.4,0.1,0.9231694039927498,0.0126281379219544,2,0,5.0,5,4,0,0.8,3,4,1.3333333333333333,9,9,1.0,1.0,3.6666666666666665,1.3333333333333333,3,0,0,0,0.0,0.0,0,0,0,0,0.0,0.0,0.0,0.0,0.0,0,1529.15,1500.0,29.15,0,2,2,1.0,195,90,0.4615384615384615,9,Sunday,0.1374,1,0,0,1,1,2,5,0,W,2,0,matched_secondary_full_career,1,0,0,0,1,0.0,1,0.0
2009-09-23_Real_Madrid_Villarreal_395,2009-09-23,2009/10,Real Madrid,Villarreal,La Liga,domestic_league,A,0,0.78,24.6302,8996,394,151,68,849,0.383248730964467,3.0,1,4,6,5,5,6,14,0,0,1.0,0.6,0.7,0.6,0.4,0.2,1.2462185827949248,0.0088396965453681,3,0,3.0,6,6,0,1.0,4,6,1.5,12,12,1.0,1.0,4.0,1.0,4,4,0,0,0.0,0.0,0,0,0,0,0.0,0.0,0.0,0.0,0.0,0,1538.31,1516.79,21.52,4,3,4,1.3333333333333333,176,50,0.2840909090909091,9,Wednesday,0.1456,1,0,0,1,0,1,2,0,W,1,0,matched_secondary_full_career,1,0,0,0,0,1.6094379124341003,0,1.6094379124341003
2009-09-26_Real_Madrid_Tenerife_396,2009-09-26,2009/10,Real Madrid,Tenerife,La Liga,domestic_league,H,0,0.78,24.6384,8999,395,152,68,848,0.3848101265822785,3.0,2,4,7,5,6,7,15,0,0,1.2,0.7,0.75,0.8,0.5,0.2,1.1723530079564473,0.0061877875817576,4,0,3.0,7,7,0,1.0,5,7,1.4,15,15,1.0,1.0,3.6,0.8,5,0,0,0,0.0,0.0,0,0,0,0,0.0,0.0,0.0,0.0,0.0,0,1547.69,1500.0,47.69,0,4,5,1.25,196,92,0.4693877551020408,9,Saturday,0.1538,1,0,0,0,0,0,3,0,W,0,0,matched_secondary_full_career,1,0,0,0,1,0.0,1,0.0
2009-09-30_Real_Madrid_Marseille_397,2009-09-30,2009/10,Real Madrid,Marseille,UEFA Champions League,continental_club,H,0,0.94,24.6494,9003,396,152,68,848,0.3838383838383838,4.0,2,3,7,3,6,7,13,0,0,1.2,0.7,0.65,0.8,0.5,0.2,0.820647105569513,0.0043314513072303,0,1,7.0,8,7,0,0.875,6,7,1.1666666666666667,15,18,1.0,1.0,3.6,0.4,5,0,0,0,0.0,0.0,0,0,0,0,0.0,0.0,0.0,0.0,0.0,0,1556.33,1500.0,56.33,0,53,17,0.320754716981132,197,92,0.467005076142132,9,Wednesday,0.1648,1,0,0,1,1,2,3,0,W,2,0,matched_secondary_full_career,1,0,0,0,1,0.0,1,0.0
2009-10-10_Portugal_Hungary_398,2009-10-10,2009/10,Portugal,Hungary,World Cup - Qualification Europe,international,H,1,0.76,24.6768,9013,397,154,68,846,0.3879093198992443,10.0,0,2,6,3,7,9,15,0,0,1.4,0.9,0.75,0.8,0.6,0.3,1.174452973898659,0.0030320159150612,1,0,10.0,9,9,0,1.0,67,22,0.3283582089552239,11,16,0.6,1.0,1.2,0.4,5,1,0,0,0.0,0.0,0,1,0,0,0.0,0.0,0.0,1.0,0.0,1,1614.52,1493.0,121.52,1,18,7,0.3888888888888889,198,94,0.4747474747474747,10,Saturday,0.1923,1,0,0,0,0,0,3,0,W,0,0,matched_secondary_full_career,0,0,0,0,0,0.6931471805599453,0,0.6931471805599453
2009-11-25_Real_Madrid_FC_Zurich_399,2009-11-25,2009/10,Real Madrid,FC Zurich,UEFA Champions League,continental_club,H,0,0.94,24.8027,9059,398,154,68,846,0.3869346733668342,46.0,0,0,0,2,5,9,15,0,0,1.0,0.9,0.75,0.6,0.6,0.3,0.8221170817290613,0.0021224111405428,0,1,56.0,10,9,0,0.9,7,9,1.2857142857142858,15,21,1.0,1.0,3.6,0.4,5,1,2,0,2.0,1.0,2,1,0,0,0.0,0.0,2.0,5.0,0.0,1,1564.72,1490.57,74.15,1,54,19,0.3518518518518518,199,94,0.4723618090452261,11,Wednesday,0.3187,0,0,0,0,0,0,1,0,W,0,0,matched_secondary_full_career,0,0,0,0,0,0.6931471805599453,0,0.6931471805599453
2009-11-29_Real_Madrid_Barcelona_400,2009-11-29,2009/10,Real Madrid,Barcelona,La Liga,domestic_league,A,0,0.78,24.8137,9063,399,154,68,846,0.3859649122807017,4.0,1,1,1,2,3,8,14,0,0,0.6,0.8,0.7,0.4,0.5,0.3,0.5754819572103429,0.00148568779838,0,2,60.0,11,9,0,0.8181818181818182,8,9,1.125,15,24,1.0,1.0,2.8,0.0,5,3,0,0,0.0,0.0,0,0,0,0,0.0,0.0,0.0,0.0,0.0,0,1572.62,1516.58,56.03,3,5,5,1.0,177,51,0.288135593220339,11,Sunday,0.3297,0,0,0,0,0,0,0,1,L,0,0,matched_secondary_full_career,1,0,0,0,0,1.3862943611198906,0,1.3862943611198906
2009-12-05_Real_Madrid_Almeria_401,2009-12-05,2009/10,Real Madrid,Almeria,La Liga,domestic_league,H,0,0.78,24.8301,9069,400,154,68,846,0.385,6.0,1,2,2,0,2,8,14,0,0,0.4,0.8,0.7,0.2,0.5,0.3,0.40283737004724,0.001039981458866,0,3,66.0,12,9,0,0.75,9,9,1.0,12,24,0.8,0.8,1.8,0.2,5,0,0,0,0.0,0.0,0,0,0,0,0.0,0.0,0.0,0.0,0.0,0,1561.02,1500.0,61.02,0,6,5,0.8333333333333334,200,94,0.47,12,Saturday,0.3462,0,0,1,1,0,1,4,2,W,1,1,matched_secondary_full_career,1,0,0,0,1,0.0,1,0.0
2009-12-08_Real_Madrid_Marseille_402,2009-12-08,2009/10,Real Madrid,Marseille,UEFA Champions League,continental_club,A,0,0.94,24.8383,9072,401,155,69,845,0.3865336658354115,3.0,1,3,3,1,3,9,13,1,1,0.6,0.9,0.65,0.4,0.6,0.3,0.5819861590330679,0.3007279870212062,1,0,3.0,13,10,1,0.7692307692307693,10,10,1.0,12,27,0.8,0.8,2.2,0.6,5,1,2,0,2.0,1.0,2,1,0,0,0.0,0.0,0.0,3.0,0.0,1,1569.28,1491.61,77.67,1,55,19,0.3454545454545454,178,51,0.2865168539325842,12,Tuesday,0.3544,0,0,1,1,1,2,3,1,W,2,1,matched_secondary_full_career,0,0,0,0,0,0.6931471805599453,0,0.6931471805599453
2009-12-19_Real_Madrid_Real_Zaragoza_403,2009-12-19,2009/10,Real Madrid,Real Zaragoza,La Liga,domestic_league,H,0,0.78,24.8684,9083,402,157,70,843,0.390547263681592,11.0,0,2,4,3,3,10,15,2,2,0.6,1.0,0.75,0.4,0.6,0.4,1.0073903113231475,0.5105095909148443,2,0,11.0,14,12,2,0.8571428571428571,11,12,1.0909090909090908,12,27,0.8,0.8,2.2,0.8,5,0,0,0,0.0,0.0,0,0,0,0,0.0,0.0,0.0,0.0,0.0,0,1577.08,1500.0,77.08,0,7,6,0.8571428571428571,201,95,0.472636815920398,12,Saturday,0.3846,0,0,1,1,0,1,6,0,W,1,0,matched_secondary_full_career,1,0,0,0,1,0.0,1,0.0
2010-01-03_Real_Madrid_Osasuna_404,2010-01-03,2009/10,Real Madrid,Osasuna,La Liga,domestic_league,A,0,0.78,24.9095,9098,403,158,70,842,0.3920595533498759,15.0,0,0,3,4,4,9,14,2,2,0.8,0.9,0.7,0.6,0.6,0.3,1.0051732179262032,0.3573567136403909,3,0,15.0,15,13,2,0.8666666666666667,12,13,1.0833333333333333,12,27,0.8,0.8,2.8,0.8,5,0,0,0,0.0,0.0,0,0,0,0,0.0,0.0,0.0,0.0,0.0,0,1584.9,1500.0,84.9,0,8,7,0.875,179,53,0.2960893854748603,1,Sunday,0.4258,0,0,1,0,0,0,0,0,D,0,0,matched_secondary_full_career,1,0,0,0,1,0.0,1,0.0
2010-01-10_Real_Madrid_Mallorca_405,2010-01-10,2009/10,Real Madrid,Mallorca,La Liga,domestic_league,H,0,0.78,24.9286,9105,404,158,70,842,0.3910891089108911,7.0,1,1,2,3,4,7,13,2,2,0.8,0.7,0.65,0.6,0.5,0.2,0.7036212525483422,0.2501496995482736,0,1,22.0,16,13,2,0.8125,13,13,1.0,10,25,0.6,0.8,2.6,0.8,5,0,0,0,0.0,0.0,0,0,0,0,0.0,0.0,0.0,0.0,0.0,0,1582.5,1500.0,82.5,0,9,7,0.7777777777777778,202,96,0.4752475247524752,1,Sunday,0.4451,0,0,1,0,0,0,2,0,W,0,0,matched_secondary_full_career,1,0,0,0,1,0.0,1,0.0
2010-01-16_Real_Madrid_Athletic_Club_406,2010-01-16,2009/10,Real Madrid,Athletic Club,La Liga,domestic_league,A,0,0.78,24.9451,9111,405,158,70,842,0.3901234567901234,6.0,1,2,3,1,4,6,13,2,2,0.8,0.6,0.65,0.6,0.4,0.2,0.4925348767838395,0.1751047896837915,0,2,28.0,17,13,2,0.7647058823529411,14,13,0.9285714285714286,13,25,0.8,1.0,3.0,0.6,5,0,0,0,0.0,0.0,0,0,0,0,0.0,0.0,0.0,0.0,0.0,0,1590.17,1500.0,90.17,0,10,7,0.7,180,53,0.2944444444444444,1,Saturday,0.4615,0,0,1,0,0,0,0,1,L,0,0,matched_secondary_full_career,1,0,0,0,1,0.0,1,0.0
2010-01-24_Real_Madrid_Malaga_407,2010-01-24,2009/10,Real Madrid,Malaga,La Liga,domestic_league,H,0,0.78,24.967,9119,406,158,70,842,0.3891625615763547,8.0,0,2,3,0,3,6,13,1,2,0.6,0.6,0.65,0.4,0.4,0.2,0.3447744137486876,0.122573352778654,0,3,36.0,18,13,2,0.7222222222222222,15,13,0.8666666666666667,10,22,0.6,0.8,2.2,0.4,5,0,0,0,0.0,0.0,0,0,0,0,0.0,0.0,0.0,0.0,0.0,0,1577.63,1500.0,77.63,0,11,7,0.6363636363636364,203,96,0.4729064039408867,1,Sunday,0.4835,0,0,1,1,1,2,2,0,W,2,0,matched_secondary_full_career,1,0,0,0,1,0.0,1,0.0
2010-02-13_Real_Madrid_Xerez_408,2010-02-13,2009/10,Real Madrid,Xerez,La Liga,domestic_league,A,0,0.78,25.0217,9139,407,160,70,840,0.3931203931203931,20.0,0,0,2,2,3,6,15,0,2,0.6,0.6,0.75,0.4,0.4,0.2,0.8413420896240813,0.0858013469450578,1,0,20.0,19,15,2,0.7894736842105263,16,15,0.9375,10,22,0.6,0.8,2.0,0.2,5,1,2,0,2.0,1.0,2,1,0,0,0.0,0.0,0.0,5.0,0.0,1,1585.43,1490.84,94.6,1,12,9,0.75,181,53,0.292817679558011,2,Saturday,0.5385,0,0,0,1,1,2,3,0,W,2,0,matched_secondary_full_career,0,0,0,0,0,0.6931471805599453,0,0.6931471805599453
2010-02-16_Real_Madrid_Lyon_409,2010-02-16,2009/10,Real Madrid,Lyon,UEFA Champions League,continental_club,A,0,0.94,25.0299,9142,408,162,70,838,0.3970588235294117,3.0,1,1,2,4,4,8,17,0,2,0.8,0.8,0.85,0.4,0.5,0.3,1.1889394627368568,0.0600609428615404,2,0,3.0,20,17,2,0.85,17,17,1.0,10,22,0.6,0.8,1.4,0.2,5,4,1,1,0.25,0.25,1,0,0,0,0.0,0.0,0.0,0.0,0.0,0,1592.78,1496.22,96.55,4,56,21,0.375,182,55,0.3021978021978022,2,Tuesday,0.5467,0,0,0,0,0,0,0,1,L,0,0,matched_secondary_full_career,1,0,0,0,0,1.6094379124341003,0,1.6094379124341003
2010-02-21_Real_Madrid_Villarreal_410,2010-02-21,2009/10,Real Madrid,Villarreal,La Liga,domestic_league,H,0,0.78,25.0436,9147,409,162,70,838,0.3960880195599022,5.0,1,2,3,4,4,8,16,0,2,0.8,0.8,0.8,0.4,0.5,0.3,0.8322576239157997,0.0420426600030783,0,1,8.0,21,17,2,0.8095238095238095,18,17,0.9444444444444444,9,19,0.6,0.6,1.4,0.4,5,5,1,0,0.2,0.2,1,1,0,0,0.0,0.0,0.0,2.0,0.0,1,1580.07,1507.41,72.66,5,13,11,0.8461538461538461,204,98,0.4803921568627451,2,Sunday,0.5604,0,0,0,1,0,1,6,2,W,1,2,matched_secondary_full_career,0,0,0,0,0,1.791759469228055,0,1.791759469228055
2010-02-27_Real_Madrid_Tenerife_411,2010-02-27,2009/10,Real Madrid,Tenerife,La Liga,domestic_league,A,0,0.78,25.0601,9153,410,163,72,837,0.3975609756097561,6.0,1,3,3,3,5,9,17,2,4,1.0,0.9,0.85,0.6,0.6,0.3,0.8825803367410598,0.6294298620021548,1,0,6.0,22,18,4,0.8181818181818182,19,18,0.9473684210526316,9,22,0.6,0.6,2.2,0.8,5,1,0,0,0.0,0.0,0,1,0,0,0.0,0.0,0.0,3.0,0.0,1,1588.01,1491.36,96.64,1,14,12,0.8571428571428571,183,55,0.3005464480874317,2,Saturday,0.5769,0,0,0,1,0,1,5,1,W,1,0,matched_secondary_full_career,0,0,0,0,0,0.6931471805599453,0,0.6931471805599453
2010-03-03_Portugal_China_412,2010-03-03,2009/10,Portugal,China,International Friendly,international,H,1,0.35,25.071,9157,411,164,72,836,0.3990267639902676,4.0,1,2,4,2,6,9,18,2,3,1.2,0.9,0.9,0.8,0.6,0.3,0.9178062357187418,0.4406009034015083,2,0,4.0,23,19,4,0.8260869565217391,68,22,0.3235294117647059,13,19,0.8,1.0,1.8,0.4,5,0,0,0,0.0,0.0,0,0,0,0,0.0,0.0,0.0,0.0,0.0,0,1621.16,1500.0,121.16,0,21,3,0.1428571428571428,205,99,0.4829268292682926,3,Wednesday,0.5879,0,0,0,0,0,0,2,0,W,0,1,matched_secondary_full_career,1,0,0,0,1,0.0,1,0.0
2010-03-06_Real_Madrid_Sevilla_413,2010-03-06,2009/10,Real Madrid,Sevilla,La Liga,domestic_league,H,0,0.78,25.0792,9160,412,164,73,836,0.3980582524271844,3.0,2,3,5,2,4,7,17,3,3,0.8,0.7,0.85,0.6,0.5,0.2,0.6424643650031192,0.6084206323810558,0,1,7.0,24,19,5,0.7916666666666666,20,19,0.95,12,22,0.8,0.8,3.2,0.8,5,0,0,0,0.0,0.0,0,0,0,0,0.0,0.0,0.0,0.0,0.0,0,1595.29,1500.0,95.29,0,15,13,0.8666666666666667,206,99,0.4805825242718446,3,Saturday,0.5962,0,0,0,1,0,1,3,2,W,1,0,matched_secondary_full_career,1,0,0,0,1,0.0,1,0.0
2010-03-10_Real_Madrid_Lyon_414,2010-03-10,2009/10,Real Madrid,Lyon,UEFA Champions League,continental_club,H,0,0.94,25.0902,9164,413,165,73,835,0.3995157384987893,4.0,2,3,6,2,3,7,16,3,3,0.6,0.7,0.8,0.6,0.5,0.2,0.7497250555021834,0.425894442666739,1,0,4.0,25,20,5,0.8,21,20,0.9523809523809524,12,22,0.8,0.8,3.4,1.2,5,5,1,1,0.2,0.2,1,0,0,1,3.0,1.0,1.0,0.0,1.0,1,1602.62,1508.93,93.69,5,57,21,0.3684210526315789,207,100,0.4830917874396135,3,Wednesday,0.6071,0,0,0,1,0,1,1,1,D,1,0,matched_secondary_full_career,0,0,0,0,0,1.791759469228055,0,1.791759469228055
2010-03-14_Real_Madrid_Real_Valladolid_415,2010-03-14,2009/10,Real Madrid,Real Valladolid,La Liga,domestic_league,A,0,0.78,25.1011,9168,414,166,73,834,0.4009661835748792,4.0,1,3,7,2,4,8,15,3,3,0.8,0.8,0.75,0.8,0.6,0.2,0.8248075388515284,0.2981261098667173,2,0,4.0,26,21,5,0.8076923076923077,22,21,0.9545454545454546,10,20,0.6,0.8,3.0,1.4,5,0,0,0,0.0,0.0,0,0,0,0,0.0,0.0,0.0,0.0,0.0,0,1599.98,1500.0,99.98,0,16,14,0.875,184,56,0.3043478260869565,3,Sunday,0.6181,0,0,0,1,0,1,4,1,W,1,1,matched_secondary_full_career,1,0,0,0,1,0.0,1,0.0
2010-03-20_Real_Madrid_Sporting_Gijon_416,2010-03-20,2009/10,Real Madrid,Sporting Gijon,La Liga,domestic_league,H,0,0.78,25.1176,9174,415,167,74,833,0.4024096385542168,6.0,1,3,6,3,4,9,15,2,4,0.8,0.9,0.75,0.8,0.7,0.2,0.8773652771960698,0.508688276906702,3,0,6.0,27,22,6,0.8148148148148148,23,22,0.9565217391304348,13,22,0.8,1.0,3.8,1.4,5,0,0,0,0.0,0.0,0,0,0,0,0.0,0.0,0.0,0.0,0.0,0,1607.18,1500.0,107.18,0,17,15,0.8823529411764706,208,101,0.4855769230769231,3,Saturday,0.6346,0,0,0,0,0,0,3,1,W,0,1,matched_secondary_full_career,1,0,0,0,1,0.0,1,0.0
2010-03-25_Real_Madrid_Getafe_417,2010-03-25,2009/10,Real Madrid,Getafe,La Liga,domestic_league,A,0,0.78,25.1312,9179,416,167,75,833,0.4014423076923077,5.0,1,2,6,2,3,9,15,3,5,0.6,0.9,0.75,0.6,0.7,0.2,0.6141556940372488,0.6560817938346915,0,1,11.0,28,22,7,0.7857142857142857,24,22,0.9166666666666666,13,22,0.8,1.0,3.2,1.2,5,0,0,0,0.0,0.0,0,0,0,0,0.0,0.0,0.0,0.0,0.0,0,1614.19,1500.0,114.19,0,18,15,0.8333333333333334,185,57,0.3081081081081081,3,Thursday,0.6484,0,0,0,1,1,2,4,2,W,2,0,matched_secondary_full_career,1,0,0,0,1,0.0,1,0.0
2010-03-28_Real_Madrid_Atletico_Madrid_418,2010-03-28,2009/10,Real Madrid,Atletico Madrid,La Liga,domestic_league,H,0,0.78,25.1395,9182,417,169,75,831,0.4052757793764988,3.0,1,3,7,3,5,9,15,2,5,1.0,0.9,0.75,0.8,0.7,0.2,1.0299089858260742,0.459257255684284,1,0,3.0,29,24,7,0.8275862068965517,25,24,0.96,13,25,0.8,1.0,3.0,1.4,5,0,0,0,0.0,0.0,0,0,0,0,0.0,0.0,0.0,0.0,0.0,0,1621.02,1500.0,121.02,0,19,17,0.8947368421052632,209,101,0.4832535885167464,3,Sunday,0.6566,0,0,0,0,0,0,3,2,W,0,0,matched_secondary_full_career,1,0,0,0,1,0.0,1,0.0
2010-04-04_Real_Madrid_Racing_Santander_419,2010-04-04,2009/10,Real Madrid,Racing Santander,La Liga,domestic_league,A,0,0.78,25.1586,9189,418,169,75,831,0.4043062200956938,7.0,1,2,6,2,4,7,15,2,5,0.8,0.7,0.75,0.6,0.6,0.1,0.7209362900782519,0.3214800789789988,0,1,10.0,30,24,7,0.8,26,24,0.9230769230769232,13,25,0.8,1.0,3.0,1.4,5,0,0,0,0.0,0.0,0,0,0,0,0.0,0.0,0.0,0.0,0.0,0,1627.67,1500.0,127.67,0,20,17,0.85,186,59,0.3172043010752688,4,Sunday,0.6758,0,0,0,1,0,1,2,0,W,1,0,matched_secondary_full_career,1,0,0,0,1,0.0,1,0.0
2010-04-10_Real_Madrid_Barcelona_420,2010-04-10,2009/10,Real Madrid,Barcelona,La Liga,domestic_league,H,0,0.78,25.1751,9195,419,170,75,830,0.4057279236276849,6.0,1,2,5,3,4,8,16,2,5,0.8,0.8,0.8,0.6,0.7,0.1,0.8046554030547763,0.2250360552852991,1,0,6.0,31,25,7,0.8064516129032258,27,25,0.925925925925926,15,25,1.0,1.0,3.2,1.2,5,4,0,0,0.0,0.0,0,0,0,1,3.0,1.0,1.0,0.0,1.0,1,1634.15,1528.18,105.97,4,21,18,0.8571428571428571,210,101,0.4809523809523809,4,Saturday,0.6923,0,0,0,0,0,0,0,2,L,0,0,matched_secondary_full_career,0,0,0,0,0,1.6094379124341003,0,1.6094379124341003
2010-04-15_Real_Madrid_Almeria_421,2010-04-15,2009/10,Real Madrid,Almeria,La Liga,domestic_league,A,0,0.78,25.1887,9200,420,170,75,830,0.4047619047619047,5.0,1,2,5,1,3,7,16,1,3,0.6,0.7,0.8,0.4,0.6,0.1,0.5632587821383434,0.1575252386997093,0,1,11.0,32,25,7,0.78125,28,25,0.8928571428571429,12,25,0.8,0.8,2.4,1.4,5,1,1,1,1.0,1.0,1,1,0,0,0.0,0.0,2.0,4.0,0.0,1,1621.19,1491.74,129.46,1,22,18,0.8181818181818182,187,60,0.320855614973262,4,Thursday,0.706,0,0,0,1,0,1,2,1,W,1,0,matched_secondary_full_career,0,0,0,0,0,0.6931471805599453,0,0.6931471805599453
2010-04-18_Real_Madrid_Valencia_422,2010-04-18,2009/10,Real Madrid,Valencia,La Liga,domestic_league,H,0,0.78,25.197,9203,421,171,75,829,0.4061757719714964,3.0,1,3,6,2,4,7,16,0,3,0.8,0.7,0.8,0.6,0.6,0.1,0.6942811474968403,0.1102676670897965,1,0,3.0,33,26,7,0.7878787878787878,29,26,0.896551724137931,12,25,0.8,0.8,2.2,1.4,5,0,0,0,0.0,0.0,0,0,0,0,0.0,0.0,0.0,0.0,0.0,0,1627.63,1500.0,127.63,0,23,19,0.8260869565217391,211,101,0.4786729857819905,4,Sunday,0.7143,0,0,0,1,0,1,2,0,W,1,0,matched_secondary_full_career,1,0,0,0,1,0.0,1,0.0
2010-04-24_Real_Madrid_Real_Zaragoza_423,2010-04-24,2009/10,Real Madrid,Real Zaragoza,La Liga,domestic_league,A,0,0.78,25.2134,9209,422,172,75,828,0.4075829383886256,6.0,1,3,6,2,3,8,15,0,2,0.6,0.8,0.75,0.6,0.7,0.1,0.7859968032477882,0.0771873669628575,2,0,6.0,34,27,7,0.7941176470588235,30,27,0.9,12,25,0.8,0.8,1.8,1.0,5,1,1,0,1.0,1.0,1,1,0,0,0.0,0.0,0.0,6.0,0.0,1,1634.11,1492.18,141.93,1,24,20,0.8333333333333334,188,61,0.324468085106383,4,Saturday,0.7308,0,0,0,0,0,0,2,1,W,0,2,matched_secondary_full_career,0,0,0,0,0,0.6931471805599453,0,0.6931471805599453
2010-05-02_Real_Madrid_Osasuna_424,2010-05-02,2009/10,Real Madrid,Osasuna,La Liga,domestic_league,H,0,0.78,25.2353,9217,423,172,77,828,0.4066193853427896,8.0,0,2,5,2,3,7,14,2,4,0.6,0.7,0.7,0.6,0.6,0.1,0.5501977622734517,0.6540311568740003,0,1,14.0,35,27,9,0.7714285714285715,31,27,0.8709677419354839,12,25,0.8,0.8,1.6,0.8,5,1,0,0,0.0,0.0,0,0,1,0,1.0,1.0,0.0,0.0,1.0,1,1640.24,1502.4,137.85,1,25,20,0.8,212,102,0.4811320754716981,5,Sunday,0.7527,0,0,0,1,1,2,3,2,W,2,0,matched_secondary_full_career,0,0,0,0,0,0.6931471805599453,0,0.6931471805599453
2010-05-05_Real_Madrid_Mallorca_425,2010-05-05,2009/10,Real Madrid,Mallorca,La Liga,domestic_league,A,0,0.78,25.2435,9220,424,174,77,826,0.410377358490566,3.0,1,2,5,3,4,8,16,2,4,0.8,0.8,0.8,0.6,0.6,0.2,0.9851384335914162,0.4578218098118001,1,0,3.0,36,29,9,0.8055555555555556,32,29,0.90625,12,27,0.8,0.8,1.8,1.2,5,1,0,0,0.0,0.0,0,1,0,0,0.0,0.0,0.0,2.0,0.0,1,1646.47,1492.33,154.14,1,26,22,0.8461538461538461,189,61,0.3227513227513227,5,Wednesday,0.761,0,0,0,1,1,3,4,1,W,3,0,matched_secondary_full_career,0,0,0,0,0,0.6931471805599453,0,0.6931471805599453
2010-05-08_Real_Madrid_Athletic_Club_426,2010-05-08,2009/10,Real Madrid,Athletic Club,La Liga,domestic_league,H,0,0.78,25.2517,9223,425,177,77,823,0.4164705882352941,3.0,2,3,6,5,7,10,19,2,3,1.4,1.0,0.95,0.8,0.6,0.3,1.5895969035139912,0.3204752668682601,2,0,3.0,37,32,9,0.8648648648648649,33,32,0.9696969696969696,15,27,1.0,1.0,2.6,1.0,5,1,0,0,0.0,0.0,0,0,0,1,3.0,1.0,1.0,0.0,1.0,1,1652.3,1512.54,139.77,1,27,25,0.925925925925926,213,104,0.488262910798122,5,Saturday,0.7692,0,0,0,1,0,1,5,1,W,1,0,matched_secondary_full_career,0,0,0,0,0,0.6931471805599453,0,0.6931471805599453
2010-05-16_Real_Madrid_Malaga_427,2010-05-16,2009/10,Real Madrid,Malaga,La Liga,domestic_league,A,0,0.78,25.2736,9231,426,178,77,822,0.4178403755868544,8.0,0,3,5,6,7,11,20,2,2,1.4,1.1,1.0,0.8,0.7,0.3,1.4127178324597938,0.224332686807782,3,0,8.0,38,33,9,0.868421052631579,34,33,0.9705882352941176,15,27,1.0,1.0,3.2,1.0,5,1,2,0,2.0,1.0,2,1,0,0,0.0,0.0,0.0,2.0,0.0,1,1658.49,1492.2,166.29,1,28,26,0.9285714285714286,190,64,0.3368421052631579,5,Sunday,0.7912,0,0,0,0,0,0,1,1,D,0,0,matched_secondary_full_career,0,0,0,0,0,0.6931471805599453,0,0.6931471805599453
2010-05-24_Portugal_Cape_Verde_428,2010-05-24,2009/10,Portugal,Cape Verde,International Friendly,international,H,1,0.35,25.2955,9239,427,178,77,822,0.4168618266978923,8.0,0,1,5,4,6,9,18,2,2,1.2,0.9,0.9,0.6,0.6,0.2,0.9889024827218555,0.1570328807654474,0,1,16.0,39,33,9,0.8461538461538461,69,22,0.3188405797101449,13,21,0.8,1.0,1.8,0.4,5,1,0,0,0.0,0.0,0,1,0,0,0.0,0.0,1.0,4.0,0.0,1,1627.81,1493.0,134.81,1,22,3,0.1363636363636363,214,105,0.4906542056074766,5,Monday,0.8132,0,1,0,0,0,0,0,0,D,0,0,matched_secondary_full_career,0,0,0,0,0,0.6931471805599453,0,0.6931471805599453
2010-06-01_Portugal_Cameroon_429,2010-06-01,2009/10,Portugal,Cameroon,International Friendly,international,H,1,0.35,25.3174,9247,428,178,77,822,0.4158878504672897,8.0,0,1,5,1,6,9,16,0,2,1.2,0.9,0.8,0.6,0.6,0.2,0.6922317379052988,0.1099230165358132,0,2,24.0,40,33,9,0.825,70,22,0.3142857142857143,11,21,0.6,1.0,1.4,0.2,5,0,0,0,0.0,0.0,0,0,0,0,0.0,0.0,0.0,0.0,0.0,0,1624.11,1500.0,124.11,0,23,3,0.1304347826086956,215,105,0.4883720930232558,6,Tuesday,0.8352,0,1,0,0,0,0,3,1,W,0,1,matched_secondary_full_career,1,0,0,0,1,0.0,1,0.0
2010-06-08_Portugal_Mozambique_430,2010-06-08,2009/10,Portugal,Mozambique,International Friendly,international,N,1,0.35,25.3366,9254,429,178,78,822,0.4149184149184149,7.0,1,1,3,0,4,8,16,1,3,0.8,0.8,0.8,0.4,0.5,0.2,0.4845622165337091,0.3769461115750692,0,3,31.0,41,33,10,0.8048780487804879,71,22,0.3098591549295774,13,24,0.8,1.0,1.8,0.2,5,0,0,0,0.0,0.0,0,0,0,0,0.0,0.0,0.0,0.0,0.0,0,1630.68,1500.0,130.68,0,24,3,0.125,22,9,0.4090909090909091,6,Tuesday,0.8544,0,1,0,0,0,0,3,0,W,0,0,matched_secondary_full_career,1,0,0,0,1,0.0,1,0.0
2010-06-15_Portugal_Ivory_Coast_431,2010-06-15,2009/10,Portugal,Ivory Coast,World Cup,international,A,1,1.0,25.3558,9261,430,178,78,822,0.413953488372093,7.0,1,2,4,0,1,8,15,1,3,0.2,0.8,0.75,0.2,0.5,0.2,0.3391935515735964,0.2638622781025485,0,4,38.0,42,33,10,0.7857142857142857,72,22,0.3055555555555556,13,24,0.8,1.0,2.2,0.2,5,0,0,0,0.0,0.0,0,0,0,0,0.0,0.0,0.0,0.0,0.0,0,1637.09,1500.0,137.09,0,6,1,0.1666666666666666,191,64,0.3350785340314136,6,Tuesday,0.8736,0,1,0,0,0,0,0,0,D,0,0,matched_secondary_full_career,1,0,0,0,1,0.0,1,0.0
2010-06-21_Portugal_North_Korea_432,2010-06-21,2009/10,Portugal,North Korea,World Cup,international,H,1,1.0,25.3722,9267,431,178,78,822,0.4129930394431554,6.0,1,2,4,0,0,7,14,1,3,0.0,0.7,0.7,0.0,0.4,0.2,0.2374354861015174,0.1847035946717839,0,5,44.0,43,33,10,0.7674418604651163,73,22,0.3013698630136986,11,24,0.6,1.0,1.6,0.2,5,0,0,0,0.0,0.0,0,0,0,0,0.0,0.0,0.0,0.0,0.0,0,1633.34,1500.0,133.34,0,7,1,0.1428571428571428,216,105,0.4861111111111111,6,Monday,0.8901,0,1,0,1,0,1,7,0,W,1,1,matched_secondary_full_career,1,0,0,0,1,0.0,1,0.0
2010-06-25_Portugal_Brazil_433,2010-06-25,2009/10,Portugal,Brazil,World Cup,international,H,1,1.0,25.3831,9271,432,179,79,821,0.4143518518518518,4.0,1,2,4,1,1,7,15,2,4,0.2,0.7,0.75,0.2,0.4,0.2,0.4662048402710622,0.4292925162702487,1,0,4.0,44,34,11,0.7727272727272727,74,23,0.3108108108108108,11,24,0.6,1.0,2.6,0.2,5,2,0,0,0.0,0.0,0,1,0,1,1.5,0.5,3.0,2.0,0.0,2,1639.68,1505.78,133.9,2,8,2,0.25,217,106,0.488479262672811,6,Friday,0.9011,0,1,0,0,0,0,0,0,D,0,0,matched_secondary_full_career,0,0,0,0,0,1.0986122886681098,0,1.0986122886681098
2010-06-29_Portugal_Spain_434,2010-06-29,2009/10,Portugal,Spain,World Cup,international,A,1,1.0,25.3941,9275,433,179,79,821,0.4133949191685912,4.0,1,3,5,1,1,7,14,2,2,0.2,0.7,0.7,0.2,0.4,0.2,0.3263433881897435,0.3005047613891741,0,1,8.0,45,34,11,0.7555555555555555,75,23,0.3066666666666666,11,22,0.6,1.0,2.6,0.2,5,1,0,0,0.0,0.0,0,1,0,0,0.0,0.0,0.0,1.0,0.0,1,1636.0,1490.76,145.25,1,9,2,0.2222222222222222,192,64,0.3333333333333333,6,Tuesday,0.9121,0,1,0,0,0,0,0,1,L,0,0,matched_secondary_full_career,0,0,0,0,0,0.6931471805599453,0,0.6931471805599453
2010-08-29_Real_Madrid_Mallorca_435,2010-08-29,2010/11,Real Madrid,Mallorca,La Liga,domestic_league,A,0,0.78,25.5611,9336,434,179,79,821,0.412442396313364,61.0,0,0,0,1,1,5,13,1,2,0.2,0.5,0.65,0.2,0.3,0.1,0.2284403717328204,0.2103533329724218,0,2,69.0,0,0,0,0.0,35,33,0.9428571428571428,13,25,0.8,1.0,3.0,1.2,5,2,3,0,1.5,0.5,3,2,0,0,0.0,0.0,0.5,3.0,0.0,2,1654.03,1486.5,167.54,2,29,26,0.896551724137931,193,64,0.3316062176165803,8,Sunday,0.0769,1,0,0,0,0,0,0,0,D,0,0,matched_secondary_full_career,0,0,0,0,0,1.0986122886681098,0,1.0986122886681098
2010-09-11_Real_Madrid_Osasuna_436,2010-09-11,2010/11,Real Madrid,Osasuna,La Liga,domestic_league,H,0,0.78,25.5967,9349,435,179,79,821,0.4114942528735632,13.0,0,1,1,0,1,2,12,1,2,0.2,0.2,0.6,0.2,0.2,0.0,0.1599082602129743,0.1472473330806953,0,3,82.0,1,0,0,0.0,36,33,0.9166666666666666,11,23,0.6,1.0,2.6,1.0,5,2,2,0,1.0,0.5,2,1,1,0,0.5,0.5,1.0,1.5,0.5,2,1649.55,1496.17,153.39,2,30,26,0.8666666666666667,218,106,0.4862385321100917,9,Saturday,0.1126,1,0,0,0,0,0,1,0,W,0,1,matched_secondary_full_career,0,0,0,0,0,1.0986122886681098,0,1.0986122886681098
2010-09-15_Real_Madrid_Ajax_437,2010-09-15,2010/11,Real Madrid,Ajax,UEFA Champions League,continental_club,H,0,0.94,25.6076,9353,436,179,80,821,0.4105504587155963,4.0,1,1,2,0,1,1,12,2,3,0.2,0.1,0.6,0.2,0.1,0.0,0.111935782149082,0.4030731331564867,0,4,86.0,2,0,1,0.0,37,33,0.8918918918918919,11,23,0.6,1.0,2.2,0.6,5,0,0,0,0.0,0.0,0,0,0,0,0.0,0.0,0.0,0.0,0.0,0,1655.41,1500.0,155.41,0,58,22,0.3793103448275862,219,106,0.4840182648401826,9,Wednesday,0.1236,1,0,0,0,0,0,2,0,W,0,0,matched_secondary_full_career,1,0,0,0,1,0.0,1,0.0
2010-09-18_Real_Madrid_Real_Sociedad_438,2010-09-18,2010/11,Real Madrid,Real Sociedad,La Liga,domestic_league,A,0,0.78,25.6159,9356,437,179,80,821,0.4096109839816934,3.0,2,2,3,0,0,1,10,1,3,0.0,0.1,0.5,0.0,0.1,0.0,0.0783550475043574,0.2821511932095407,0,5,89.0,3,0,1,0.0,38,33,0.868421052631579,11,26,0.6,1.0,1.8,0.4,5,0,0,0,0.0,0.0,0,0,0,0,0.0,0.0,0.0,0.0,0.0,0,1661.21,1500.0,161.21,0,31,26,0.8387096774193549,194,64,0.3298969072164948,9,Saturday,0.1319,1,0,0,0,0,0,2,1,W,0,1,matched_secondary_full_career,1,0,0,0,1,0.0,1,0.0
2010-09-21_Real_Madrid_Espanyol_439,2010-09-21,2010/11,Real Madrid,Espanyol,La Liga,domestic_league,H,0,0.78,25.6241,9359,438,179,81,821,0.408675799086758,3.0,2,3,4,0,0,1,10,2,4,0.0,0.1,0.5,0.0,0.1,0.0,0.0548485332530501,0.4975058352466784,0,6,92.0,4,0,2,0.0,39,33,0.8461538461538461,11,26,0.6,1.0,1.2,0.4,5,1,1,0,1.0,1.0,1,1,0,0,0.0,0.0,0.0,3.0,0.0,1,1666.88,1490.29,176.59,1,32,26,0.8125,220,106,0.4818181818181818,9,Tuesday,0.1401,1,0,0,1,0,1,3,0,W,1,1,matched_secondary_full_career,0,0,0,0,0,0.6931471805599453,0,0.6931471805599453
2010-09-25_Real_Madrid_Levante_440,2010-09-25,2010/11,Real Madrid,Levante,La Liga,domestic_league,A,0,0.78,25.635,9363,439,180,82,820,0.4100227790432801,4.0,2,4,5,1,1,2,10,3,4,0.2,0.2,0.5,0.2,0.2,0.0,0.3383939732771351,0.6482540846726749,1,0,4.0,5,1,3,0.2,40,34,0.85,13,26,0.8,1.0,1.6,0.2,5,0,0,0,0.0,0.0,0,0,0,0,0.0,0.0,0.0,0.0,0.0,0,1672.19,1500.0,172.19,0,33,27,0.8181818181818182,195,64,0.3282051282051282,9,Saturday,0.1511,1,0,0,0,0,0,0,0,D,0,0,matched_secondary_full_career,1,0,0,0,1,0.0,1,0.0
2010-09-28_Real_Madrid_Auxerre_441,2010-09-28,2010/11,Real Madrid,Auxerre,UEFA Champions League,continental_club,A,0,0.94,25.6432,9366,440,180,82,820,0.4090909090909091,3.0,2,4,6,1,1,2,10,3,4,0.2,0.2,0.5,0.2,0.2,0.0,0.2368757812939945,0.4537778592708724,0,1,7.0,6,1,3,0.1666666666666666,41,34,0.8292682926829268,13,24,0.8,1.0,1.6,0.2,5,0,0,0,0.0,0.0,0,0,0,0,0.0,0.0,0.0,0.0,0.0,0,1667.6,1500.0,167.6,0,59,22,0.3728813559322034,196,64,0.3265306122448979,9,Tuesday,0.1593,1,0,0,0,0,0,1,0,W,0,0,matched_secondary_full_career,1,0,0,0,1,0.0,1,0.0
2010-10-03_Real_Madrid_Deportivo_La_Coruna_442,2010-10-03,2010/11,Real Madrid,Deportivo La Coruna,La Liga,domestic_league,H,0,0.78,25.6569,9371,441,180,82,820,0.4081632653061224,5.0,1,3,6,1,1,2,9,2,4,0.2,0.2,0.45,0.2,0.2,0.0,0.1658130469057961,0.3176445014896106,0,2,12.0,7,1,3,0.1428571428571428,42,34,0.8095238095238095,13,24,0.8,1.0,1.6,0.2,5,1,1,0,1.0,1.0,1,1,0,0,0.0,0.0,2.0,3.0,0.0,1,1673.12,1490.0,183.12,1,34,27,0.7941176470588235,221,107,0.4841628959276018,10,Sunday,0.1731,1,0,0,1,1,2,6,1,W,2,0,matched_secondary_full_career,0,0,0,0,0,0.6931471805599453,0,0.6931471805599453
2010-10-08_Portugal_Denmark_443,2010-10-08,2010/11,Portugal,Denmark,Euros Qualifier,international,H,1,0.76,25.6706,9376,442,182,82,818,0.4117647058823529,5.0,1,3,7,2,3,3,10,2,3,0.6,0.3,0.5,0.4,0.2,0.1,0.7160691328340573,0.2223511510427274,1,0,5.0,8,3,3,0.375,76,23,0.3026315789473684,8,21,0.4,0.8,2.0,0.2,5,2,0,1,0.0,0.0,0,0,1,1,2.0,1.0,2.5,1.5,0.0,2,1622.05,1515.77,106.28,2,13,8,0.6153846153846154,222,109,0.4909909909909909,10,Friday,0.1868,1,0,0,1,0,1,3,1,W,1,1,matched_secondary_full_career,0,0,0,0,0,1.0986122886681098,0,1.0986122886681098
2010-10-12_Portugal_Iceland_444,2010-10-12,2010/11,Portugal,Iceland,Euros Qualifier,international,A,1,0.76,25.6816,9380,443,183,83,817,0.4130925507900677,4.0,1,3,7,3,4,4,11,2,4,0.8,0.4,0.55,0.6,0.3,0.1,0.8012483929838401,0.4556458057299092,2,0,4.0,9,4,4,0.4444444444444444,77,24,0.3116883116883117,8,21,0.4,0.8,2.0,0.4,5,0,0,0,0.0,0.0,0,0,0,0,0.0,0.0,0.0,0.0,0.0,0,1629.08,1500.0,129.08,0,14,9,0.6428571428571429,197,64,0.3248730964467005,10,Tuesday,0.1978,1,0,0,1,0,1,3,1,W,1,0,matched_secondary_full_career,1,0,0,0,1,0.0,1,0.0
2010-10-16_Real_Madrid_Malaga_445,2010-10-16,2010/11,Real Madrid,Malaga,La Liga,domestic_league,A,0,0.78,25.6925,9384,444,184,83,816,0.4144144144144144,4.0,1,3,7,4,4,5,10,1,4,0.8,0.5,0.5,0.6,0.4,0.1,0.860873875088688,0.3189520640109364,3,0,4.0,10,5,4,0.5,43,36,0.8372093023255814,13,24,0.8,1.0,2.4,0.4,5,2,2,0,1.0,0.5,2,1,1,0,0.5,0.5,0.5,1.5,0.0,2,1678.29,1496.65,181.64,2,35,29,0.8285714285714286,198,65,0.3282828282828283,10,Saturday,0.2088,0,0,0,1,1,2,4,1,W,2,2,matched_secondary_full_career,0,0,0,0,0,1.0986122886681098,0,1.0986122886681098
2010-10-19_Real_Madrid_AC_Milan_446,2010-10-19,2010/11,Real Madrid,AC Milan,UEFA Champions League,continental_club,H,0,0.94,25.7007,9387,445,186,85,814,0.4179775280898876,3.0,2,3,7,4,6,7,9,3,6,1.2,0.7,0.45,0.8,0.5,0.2,1.2026117125620814,0.8232664448076554,4,0,3.0,11,7,6,0.6363636363636364,44,38,0.8636363636363636,13,24,0.8,1.0,2.8,0.4,5,4,1,0,0.25,0.25,1,0,0,0,0.0,0.0,0.0,0.0,0.0,0,1683.49,1536.19,147.31,4,60,22,0.3666666666666666,223,110,0.4932735426008968,10,Tuesday,0.217,0,0,0,1,0,1,2,0,W,1,1,matched_secondary_full_career,1,0,0,0,0,1.6094379124341003,0,1.6094379124341003
2010-10-23_Real_Madrid_Racing_Santander_447,2010-10-23,2010/11,Real Madrid,Racing Santander,La Liga,domestic_league,H,0,0.78,25.7117,9391,446,187,86,813,0.4192825112107623,4.0,2,3,7,4,7,8,9,4,6,1.4,0.8,0.45,1.0,0.6,0.2,1.1418281987934569,0.8762865113653588,5,0,4.0,12,8,7,0.6666666666666666,45,39,0.8666666666666667,13,26,0.8,1.0,2.6,0.4,5,1,1,0,1.0,1.0,1,1,0,0,0.0,0.0,0.0,2.0,0.0,1,1689.49,1493.52,195.97,1,36,31,0.8611111111111112,224,111,0.4955357142857143,10,Saturday,0.228,0,0,0,1,1,4,6,1,W,4,0,matched_secondary_full_career,0,0,0,0,0,0.6931471805599453,0,0.6931471805599453
2010-10-26_Real_Madrid_Real_Murcia_448,2010-10-26,2010/11,Real Madrid,Real Murcia,Copa del Rey,domestic_or_other_cup,A,0,0.72,25.7199,9394,447,191,86,809,0.4272930648769575,3.0,2,4,7,7,9,12,13,4,6,1.8,1.2,0.65,1.0,0.7,0.3,1.99927973915542,0.6134005579557511,6,0,3.0,13,12,7,0.9230769230769232,46,43,0.9347826086956522,15,28,1.0,1.0,3.8,0.6,5,0,0,0,0.0,0.0,0,0,0,0,0.0,0.0,0.0,0.0,0.0,0,1694.38,1500.0,194.38,0,0,0,0.0,199,67,0.3366834170854271,10,Tuesday,0.2363,0,0,0,0,0,0,0,0,D,0,0,matched_secondary_full_career,1,0,0,0,1,0.0,1,0.0
2010-10-30_Real_Madrid_Hércules_449,2010-10-30,2010/11,Real Madrid,Hércules,La Liga,domestic_league,A,0,0.78,25.7309,9398,448,191,86,809,0.4263392857142857,4.0,2,4,7,5,8,12,13,3,5,1.6,1.2,0.65,0.8,0.7,0.3,1.3994958174087937,0.4293803905690257,0,1,7.0,14,12,7,0.8571428571428571,47,43,0.9148936170212766,13,26,0.8,1.0,3.6,0.6,5,0,0,0,0.0,0.0,0,0,0,0,0.0,0.0,0.0,0.0,0.0,0,1689.3,1500.0,189.3,0,37,35,0.945945945945946,200,67,0.335,10,Saturday,0.2473,0,0,0,1,1,2,3,1,W,2,0,matched_secondary_full_career,1,0,0,0,1,0.0,1,0.0
2010-11-03_Real_Madrid_AC_Milan_450,2010-11-03,2010/11,Real Madrid,AC Milan,UEFA Champions League,continental_club,A,0,0.94,25.7418,9402,449,193,86,807,0.4298440979955457,4.0,1,3,7,6,9,13,15,3,4,1.8,1.3,0.75,0.8,0.7,0.4,1.5796470721861555,0.300566273398318,1,0,4.0,15,14,7,0.9333333333333332,48,45,0.9375,13,26,0.8,1.0,3.0,0.6,5,5,2,1,0.4,0.4,2,1,0,0,0.0,0.0,0.0,2.0,0.0,1,1694.34,1530.19,164.15,5,61,23,0.3770491803278688,201,69,0.3432835820895522,11,Wednesday,0.2582,0,0,0,0,0,0,2,2,D,0,0,matched_secondary_full_career,0,0,0,0,0,1.791759469228055,0,1.791759469228055
2010-11-07_Real_Madrid_Atletico_Madrid_451,2010-11-07,2010/11,Real Madrid,Atletico Madrid,La Liga,domestic_league,H,0,0.78,25.7528,9406,450,193,86,807,0.4288888888888889,4.0,1,3,8,2,7,13,15,1,4,1.4,1.3,0.75,0.6,0.7,0.4,1.1057529505303088,0.2103963913788226,0,1,8.0,16,14,7,0.875,49,45,0.9183673469387756,11,24,0.6,1.0,2.6,0.8,5,1,0,0,0.0,0.0,0,1,0,0,0.0,0.0,2.0,3.0,0.0,1,1689.93,1493.35,196.59,1,38,37,0.9736842105263158,225,115,0.5111111111111111,11,Sunday,0.2692,0,0,0,0,0,0,2,0,W,0,0,matched_secondary_full_career,0,0,0,0,0,0.6931471805599453,0,0.6931471805599453
2010-11-10_Real_Madrid_Real_Murcia_452,2010-11-10,2010/11,Real Madrid,Real Murcia,Copa del Rey,domestic_or_other_cup,H,0,0.72,25.761,9409,451,193,86,807,0.4279379157427938,3.0,2,3,8,2,6,13,15,0,4,1.2,1.3,0.75,0.4,0.7,0.4,0.7740270653712161,0.1472774739651758,0,2,11.0,17,14,7,0.8235294117647058,50,45,0.9,11,24,0.6,1.0,2.6,0.8,5,1,0,0,0.0,0.0,0,0,1,0,1.0,1.0,0.0,0.0,1.0,1,1694.81,1505.08,189.74,1,1,0,0.0,226,115,0.5088495575221239,11,Wednesday,0.2775,0,0,0,1,0,1,5,1,W,1,0,matched_secondary_full_career,0,0,0,0,0,0.6931471805599453,0,0.6931471805599453
2010-11-14_Real_Madrid_Sporting_Gijon_453,2010-11-14,2010/11,Real Madrid,Sporting Gijon,La Liga,domestic_league,A,0,0.78,25.7719,9413,452,194,86,806,0.4292035398230088,4.0,2,3,8,1,3,12,15,0,4,0.6,1.2,0.75,0.4,0.7,0.3,0.8418189457598513,0.103094231775623,1,0,4.0,18,15,7,0.8333333333333334,51,46,0.9019607843137256,11,26,0.6,1.0,2.4,0.8,5,1,0,1,0.0,0.0,0,1,0,0,0.0,0.0,1.0,3.0,0.0,1,1699.84,1492.99,206.84,1,39,37,0.9487179487179488,202,69,0.3415841584158416,11,Sunday,0.2885,0,0,0,0,0,0,1,0,W,0,0,matched_secondary_full_career,0,0,0,0,0,0.6931471805599453,0,0.6931471805599453
2010-11-17_Portugal_Spain_454,2010-11-17,2010/11,Portugal,Spain,International Friendly,international,H,1,0.35,25.7801,9416,453,194,86,806,0.4282560706401766,3.0,2,4,8,1,3,11,15,0,3,0.6,1.1,0.75,0.4,0.6,0.3,0.5892732620318959,0.0721659622429361,0,1,7.0,19,15,7,0.7894736842105263,78,25,0.3205128205128205,10,21,0.6,0.8,2.6,0.6,5,2,0,0,0.0,0.0,0,1,0,1,1.5,0.5,0.5,0.5,0.5,2,1635.53,1504.71,130.82,2,25,3,0.12,227,116,0.5110132158590308,11,Wednesday,0.2967,0,0,0,0,0,0,4,0,W,0,0,matched_secondary_full_career,0,0,0,0,0,1.0986122886681098,0,1.0986122886681098
2010-11-20_Real_Madrid_Athletic_Club_455,2010-11-20,2010/11,Real Madrid,Athletic Club,La Liga,domestic_league,H,0,0.78,25.7883,9419,454,194,86,806,0.4273127753303964,3.0,2,4,8,1,1,10,15,0,3,0.2,1.0,0.75,0.2,0.5,0.3,0.4124912834223271,0.0505161735700553,0,2,10.0,20,15,7,0.75,52,46,0.8846153846153846,13,26,0.8,1.0,2.6,0.8,5,2,1,0,0.5,0.5,1,1,0,1,1.5,0.5,1.0,2.5,0.5,2,1704.5,1506.36,198.14,2,40,37,0.925,228,116,0.5087719298245614,11,Saturday,0.3049,0,0,0,1,1,3,5,1,W,3,0,matched_secondary_full_career,0,0,0,0,0,1.0986122886681098,0,1.0986122886681098
2010-11-23_Real_Madrid_Ajax_456,2010-11-23,2010/11,Real Madrid,Ajax,UEFA Champions League,continental_club,A,0,0.94,25.7966,9422,455,197,86,803,0.432967032967033,3.0,2,4,8,3,4,11,18,0,1,0.8,1.1,0.9,0.4,0.5,0.3,1.1887438983956289,0.0353613214990387,1,0,3.0,21,18,7,0.8571428571428571,53,49,0.9245283018867924,13,26,0.8,1.0,3.0,0.8,5,1,0,0,0.0,0.0,0,1,0,0,0.0,0.0,0.0,2.0,0.0,1,1709.34,1494.2,215.15,1,62,23,0.3709677419354839,203,69,0.3399014778325123,11,Tuesday,0.3132,0,0,0,1,1,2,4,0,W,2,0,matched_secondary_full_career,0,0,0,0,0,0.6931471805599453,0,0.6931471805599453
2010-11-29_Real_Madrid_Barcelona_457,2010-11-29,2010/11,Real Madrid,Barcelona,La Liga,domestic_league,A,0,0.78,25.813,9428,456,199,86,801,0.4364035087719298,6.0,1,3,8,5,6,12,20,0,0,1.2,1.2,1.0,0.6,0.5,0.4,1.4321207288769402,0.024752925049327,2,0,6.0,22,20,7,0.9090909090909092,54,51,0.9444444444444444,15,26,1.0,1.0,3.4,0.4,5,5,0,0,0.0,0.0,0,0,0,2,3.0,1.0,1.5,0.0,1.0,2,1713.84,1541.14,172.69,5,41,40,0.975609756097561,204,71,0.3480392156862745,11,Monday,0.3297,0,0,0,0,0,0,0,5,L,0,0,matched_secondary_full_career,0,0,0,0,0,1.791759469228055,0,1.791759469228055
2010-12-04_Real_Madrid_Valencia_458,2010-12-04,2010/11,Real Madrid,Valencia,La Liga,domestic_league,H,0,0.78,25.8267,9433,457,199,86,801,0.4354485776805251,5.0,1,3,7,5,5,8,20,0,0,1.0,0.8,1.0,0.4,0.4,0.3,1.002484510213858,0.0173270475345289,0,1,11.0,23,20,7,0.8695652173913043,55,51,0.9272727272727272,12,23,0.8,0.8,3.0,1.4,5,1,1,0,1.0,1.0,1,1,0,0,0.0,0.0,0.0,2.0,0.0,1,1699.24,1493.52,205.72,1,42,40,0.9523809523809524,229,119,0.519650655021834,12,Saturday,0.3434,0,0,1,1,1,2,2,0,W,2,0,matched_secondary_full_career,0,0,0,0,0,0.6931471805599453,0,0.6931471805599453
2010-12-08_Real_Madrid_Auxerre_459,2010-12-08,2010/11,Real Madrid,Auxerre,UEFA Champions League,continental_club,H,0,0.94,25.8376,9437,458,201,86,799,0.4388646288209607,4.0,1,2,7,4,7,10,22,0,0,1.4,1.0,1.1,0.6,0.5,0.4,1.3017391571497006,0.0121289332741702,1,0,4.0,24,22,7,0.9166666666666666,56,53,0.9464285714285714,12,23,0.8,0.8,2.4,1.2,5,1,0,0,0.0,0.0,0,1,0,0,0.0,0.0,0.0,1.0,0.0,1,1703.92,1494.48,209.44,1,63,25,0.3968253968253968,230,121,0.5260869565217391,12,Wednesday,0.3544,0,0,1,1,0,1,4,0,W,1,1,matched_secondary_full_career,0,0,0,0,0,0.6931471805599453,0,0.6931471805599453
2010-12-12_Real_Madrid_Real_Zaragoza_460,2010-12-12,2010/11,Real Madrid,Real Zaragoza,La Liga,domestic_league,A,0,0.78,25.8486,9441,459,202,87,798,0.4400871459694989,4.0,1,3,7,3,8,9,22,1,1,1.6,0.9,1.1,0.8,0.5,0.3,1.2112174100047903,0.3084902532919192,2,0,4.0,25,23,8,0.92,57,54,0.9473684210526316,12,25,0.8,0.8,3.0,1.2,5,2,1,2,0.5,0.5,1,2,0,0,0.0,0.0,0.5,4.0,0.0,2,1708.53,1486.05,222.48,2,43,42,0.9767441860465116,205,71,0.3463414634146341,12,Sunday,0.3654,0,0,1,1,0,1,3,1,W,1,0,matched_secondary_full_career,0,0,0,0,0,1.0986122886681098,0,1.0986122886681098
2010-12-19_Real_Madrid_Sevilla_461,2010-12-19,2010/11,Real Madrid,Sevilla,La Liga,domestic_league,H,0,0.78,25.8677,9448,460,203,87,797,0.4413043478260869,7.0,1,2,6,4,6,10,23,1,1,1.2,1.0,1.15,0.8,0.6,0.3,1.1478521870033531,0.2159431773043434,3,0,7.0,26,24,8,0.9230769230769232,58,55,0.9482758620689656,12,25,0.8,0.8,2.6,1.2,5,1,1,0,1.0,1.0,1,1,0,0,0.0,0.0,2.0,3.0,0.0,1,1712.88,1492.68,220.21,1,44,43,0.9772727272727272,231,122,0.5281385281385281,12,Sunday,0.3846,0,0,1,0,0,0,1,0,W,0,0,matched_secondary_full_career,0,0,0,0,0,0.6931471805599453,0,0.6931471805599453
2010-12-22_Real_Madrid_Levante_462,2010-12-22,2010/11,Real Madrid,Levante,Copa del Rey,domestic_or_other_cup,H,0,0.72,25.876,9451,461,203,87,797,0.4403470715835141,3.0,1,3,6,2,4,10,23,1,1,0.8,1.0,1.15,0.6,0.6,0.3,0.8034965309023472,0.1511602241130404,0,1,10.0,27,24,8,0.8888888888888888,59,55,0.9322033898305084,12,27,0.8,0.8,2.0,1.2,5,1,0,0,0.0,0.0,0,0,1,0,1.0,1.0,0.0,0.0,1.0,1,1717.28,1504.59,212.69,1,2,1,0.5,232,122,0.5258620689655172,12,Wednesday,0.3929,0,0,1,1,1,3,8,0,W,3,1,matched_secondary_full_career,0,0,0,0,0,0.6931471805599453,0,0.6931471805599453
2011-01-03_Real_Madrid_Getafe_463,2011-01-03,2010/11,Real Madrid,Getafe,La Liga,domestic_league,A,0,0.78,25.9088,9463,462,206,88,794,0.4458874458874459,12.0,0,1,5,4,7,12,24,2,2,1.4,1.2,1.2,0.8,0.6,0.4,1.462447571631643,0.4058121568791282,1,0,12.0,28,27,9,0.9642857142857144,60,58,0.9666666666666668,15,27,1.0,1.0,3.6,0.2,5,1,2,0,2.0,1.0,2,1,0,0,0.0,0.0,2.0,4.0,0.0,1,1721.82,1493.17,228.65,1,45,43,0.9555555555555556,206,72,0.3495145631067961,1,Monday,0.4258,0,0,1,1,1,2,3,2,W,2,0,matched_secondary_full_career,0,0,0,0,0,0.6931471805599453,0,0.6931471805599453
2011-01-09_Real_Madrid_Villarreal_464,2011-01-09,2010/11,Real Madrid,Villarreal,La Liga,domestic_league,H,0,0.78,25.9252,9469,463,208,88,792,0.4492440604751619,6.0,1,1,4,5,7,14,25,2,2,1.4,1.4,1.25,0.8,0.7,0.5,1.6237133001421502,0.2840685098153898,2,0,6.0,29,29,9,1.0,61,60,0.9836065573770492,15,27,1.0,1.0,3.8,0.6,5,6,2,2,0.3333333333333333,0.3333333333333333,2,2,0,0,0.0,0.0,1.0,4.0,0.0,2,1726.05,1499.47,226.58,6,46,45,0.9782608695652174,233,125,0.5364806866952789,1,Sunday,0.4423,0,0,1,1,1,3,4,2,W,3,1,matched_secondary_full_career,0,0,0,0,0,1.9459101490553132,0,1.9459101490553132
2011-01-13_Real_Madrid_Atletico_Madrid_465,2011-01-13,2010/11,Real Madrid,Atletico Madrid,Copa del Rey,domestic_or_other_cup,H,0,0.72,25.9362,9473,464,211,89,789,0.4547413793103448,4.0,1,2,4,8,9,17,27,2,3,1.8,1.7,1.35,0.8,0.8,0.6,2.036599310099505,0.4988479568707728,3,0,4.0,30,32,10,1.0666666666666669,62,63,1.0161290322580645,15,27,1.0,1.0,3.8,1.0,5,2,0,0,0.0,0.0,0,2,0,0,0.0,0.0,1.0,2.5,0.0,2,1730.32,1488.47,241.85,2,3,4,1.3333333333333333,234,128,0.5470085470085471,1,Thursday,0.4533,0,0,1,1,0,1,3,1,W,1,0,matched_secondary_full_career,0,0,0,0,0,1.0986122886681098,0,1.0986122886681098
2011-01-16_Real_Madrid_Almeria_466,2011-01-16,2010/11,Real Madrid,Almeria,La Liga,domestic_league,A,0,0.78,25.9444,9476,465,212,89,788,0.4559139784946237,3.0,2,3,5,6,9,15,26,2,3,1.8,1.5,1.3,0.8,0.8,0.5,1.7256195170696536,0.3491935698095409,4,0,3.0,31,33,10,1.064516129032258,63,64,1.0158730158730158,15,27,1.0,1.0,3.8,1.0,5,2,2,1,1.0,1.0,2,2,0,0,0.0,0.0,1.5,3.0,0.0,2,1734.3,1485.3,249.0,2,47,48,1.0212765957446808,207,74,0.357487922705314,1,Sunday,0.4615,0,0,1,0,0,0,1,1,D,0,0,matched_secondary_full_career,0,0,0,0,0,1.0986122886681098,0,1.0986122886681098
2011-01-20_Real_Madrid_Atletico_Madrid_467,2011-01-20,2010/11,Real Madrid,Atletico Madrid,Copa del Rey,domestic_or_other_cup,A,0,0.72,25.9554,9480,466,212,89,788,0.4549356223175965,4.0,2,3,5,4,9,13,25,2,3,1.8,1.3,1.25,0.8,0.7,0.4,1.2079336619487575,0.2444354988666786,0,1,7.0,32,33,10,1.03125,64,64,1.0,13,25,0.8,1.0,3.8,1.2,5,3,1,0,0.3333333333333333,0.3333333333333333,1,3,0,0,0.0,0.0,1.0,2.6666666666666665,0.0,3,1728.15,1484.49,243.66,3,4,5,1.25,208,74,0.3557692307692308,1,Thursday,0.4725,0,0,1,1,0,1,1,0,W,1,0,matched_secondary_full_career,0,0,0,0,0,1.3862943611198906,0,1.3862943611198906
2011-01-23_Real_Madrid_Mallorca_468,2011-01-23,2010/11,Real Madrid,Mallorca,La Liga,domestic_league,H,0,0.78,25.9636,9483,467,213,89,787,0.45610278372591,3.0,2,4,5,2,7,14,22,1,3,1.4,1.4,1.1,0.8,0.8,0.4,1.1455535633641305,0.171104849206675,1,0,3.0,33,34,10,1.0303030303030305,65,65,1.0,13,28,0.8,1.0,2.4,1.2,5,3,3,0,1.0,0.3333333333333333,3,2,1,0,0.3333333333333333,0.3333333333333333,0.3333333333333333,2.0,0.3333333333333333,3,1732.1,1490.98,241.12,3,48,48,1.0,235,129,0.548936170212766,1,Sunday,0.4808,0,0,1,0,0,0,1,0,W,0,0,matched_secondary_full_career,0,0,0,0,0,1.3862943611198906,0,1.3862943611198906
2011-01-26_Real_Madrid_Sevilla_469,2011-01-26,2010/11,Real Madrid,Sevilla,Copa del Rey,domestic_or_other_cup,A,0,0.72,25.9718,9486,468,213,89,787,0.4551282051282051,3.0,2,4,6,1,5,12,22,1,3,1.0,1.2,1.1,0.6,0.7,0.3,0.8018874943548912,0.1197733944446725,0,1,6.0,34,34,10,1.0,66,65,0.9848484848484848,13,28,0.8,1.0,2.0,0.8,5,2,1,0,0.5,0.5,1,2,0,0,0.0,0.0,1.0,2.0,0.0,2,1736.09,1488.28,247.81,2,5,6,1.2,209,75,0.3588516746411483,1,Wednesday,0.489,0,0,1,0,0,0,1,0,W,0,0,matched_secondary_full_career,0,0,0,0,0,1.0986122886681098,0,1.0986122886681098
2011-01-30_Real_Madrid_Osasuna_470,2011-01-30,2010/11,Real Madrid,Osasuna,La Liga,domestic_league,A,0,0.78,25.9827,9490,469,213,89,787,0.4541577825159915,4.0,2,4,7,1,2,11,20,0,2,0.4,1.1,1.0,0.4,0.6,0.3,0.5613212460484238,0.0838413761112707,0,2,10.0,35,34,10,0.9714285714285714,67,65,0.9701492537313432,13,28,0.8,1.0,1.4,0.4,5,3,2,1,0.6666666666666666,0.3333333333333333,2,2,1,0,0.3333333333333333,0.3333333333333333,0.6666666666666666,1.3333333333333333,0.3333333333333333,3,1739.97,1490.32,249.65,3,49,48,0.979591836734694,210,75,0.3571428571428571,1,Sunday,0.5,0,0,1,0,0,0,0,1,L,0,0,matched_secondary_full_career,0,0,0,0,0,1.3862943611198906,0,1.3862943611198906
2011-02-02_Real_Madrid_Sevilla_471,2011-02-02,2010/11,Real Madrid,Sevilla,Copa del Rey,domestic_or_other_cup,H,0,0.72,25.991,9493,470,213,89,787,0.4531914893617021,3.0,2,4,8,0,1,10,20,0,2,0.2,1.0,1.0,0.2,0.5,0.3,0.3929248722338966,0.0586889632778895,0,3,13.0,36,34,10,0.9444444444444444,68,65,0.9558823529411764,10,25,0.6,0.8,0.8,0.4,5,3,1,0,0.3333333333333333,0.3333333333333333,1,3,0,0,0.0,0.0,0.6666666666666666,1.6666666666666667,0.0,3,1723.81,1484.41,239.4,3,6,6,1.0,236,129,0.5466101694915254,2,Wednesday,0.5082,0,0,0,0,0,0,2,0,W,0,0,matched_secondary_full_career,0,0,0,0,0,1.3862943611198906,0,1.3862943611198906
2011-02-06_Real_Madrid_Real_Sociedad_472,2011-02-06,2010/11,Real Madrid,Real Sociedad,La Liga,domestic_league,H,0,0.78,26.0019,9497,471,213,89,787,0.4522292993630573,4.0,2,4,8,0,1,10,20,0,2,0.2,1.0,1.0,0.2,0.5,0.3,0.2750474105637276,0.0410822742945226,0,4,17.0,37,34,10,0.918918918918919,69,65,0.9420289855072465,12,25,0.8,0.8,1.0,0.2,5,1,0,1,0.0,0.0,0,1,0,0,0.0,0.0,1.0,2.0,0.0,1,1727.83,1494.33,233.5,1,50,48,0.96,237,129,0.5443037974683544,2,Sunday,0.5192,0,0,0,1,1,2,4,1,W,2,0,matched_secondary_full_career,0,0,0,0,0,0.6931471805599453,0,0.6931471805599453
2011-02-09_Portugal_Argentina_473,2011-02-09,2010/11,Portugal,Argentina,International Friendly,international,N,1,0.35,26.0101,9500,472,215,89,785,0.4555084745762712,3.0,2,4,8,2,2,9,21,0,1,0.4,0.9,1.05,0.2,0.5,0.3,0.7925331873946093,0.0287575920061658,1,0,3.0,38,36,10,0.9473684210526316,79,25,0.3164556962025316,10,21,0.6,0.8,2.0,0.6,5,0,0,0,0.0,0.0,0,0,0,0,0.0,0.0,0.0,0.0,0.0,0,1641.93,1500.0,141.93,0,26,3,0.1153846153846153,23,9,0.391304347826087,2,Wednesday,0.5275,0,0,0,1,0,1,1,2,L,1,0,matched_secondary_full_career,1,0,0,0,1,0.0,1,0.0
2011-02-13_Real_Madrid_Espanyol_474,2011-02-13,2010/11,Real Madrid,Espanyol,La Liga,domestic_league,A,0,0.78,26.0211,9504,473,216,89,784,0.4566596194503171,4.0,2,4,8,3,3,8,22,0,1,0.6,0.8,1.1,0.4,0.5,0.2,0.8547732311762264,0.0201303144043161,2,0,4.0,39,37,10,0.9487179487179488,70,67,0.9571428571428572,12,25,0.8,0.8,1.6,0.4,5,2,2,1,1.0,1.0,2,2,0,0,0.0,0.0,0.0,3.0,0.0,2,1731.97,1484.97,246.99,2,51,50,0.9803921568627452,211,75,0.3554502369668246,2,Sunday,0.5385,0,0,0,0,0,0,1,0,W,0,1,matched_secondary_full_career,0,0,0,0,0,1.0986122886681098,0,1.0986122886681098
2011-02-19_Real_Madrid_Levante_475,2011-02-19,2010/11,Real Madrid,Levante,La Liga,domestic_league,H,0,0.78,26.0375,9510,474,216,90,784,0.4556962025316455,6.0,1,3,8,3,3,5,22,1,1,0.6,0.5,1.1,0.4,0.4,0.1,0.5983412618233585,0.3140912200830212,0,1,10.0,40,37,11,0.925,71,67,0.943661971830986,12,25,0.8,0.8,1.6,0.4,5,2,3,1,1.5,0.5,3,1,1,0,0.5,0.5,0.0,4.0,0.5,2,1735.86,1500.04,235.81,2,52,50,0.9615384615384616,238,131,0.5504201680672269,2,Saturday,0.5549,0,0,0,0,0,0,2,0,W,0,1,matched_secondary_full_career,0,0,0,0,0,1.0986122886681098,0,1.0986122886681098
2011-02-22_Real_Madrid_Lyon_476,2011-02-22,2010/11,Real Madrid,Lyon,UEFA Champions League,continental_club,A,0,0.94,26.0457,9513,475,216,91,784,0.4547368421052631,3.0,1,3,8,1,3,4,19,2,2,0.6,0.4,0.95,0.4,0.3,0.1,0.4188388832763509,0.5198638540581149,0,2,13.0,41,37,12,0.902439024390244,72,67,0.9305555555555556,12,25,0.8,0.8,1.8,0.4,5,6,2,1,0.3333333333333333,0.3333333333333333,2,0,1,1,2.0,1.0,1.0,0.5,0.5,2,1739.95,1511.56,228.38,6,64,26,0.40625,212,75,0.3537735849056603,2,Tuesday,0.5632,0,0,0,0,0,0,1,1,D,0,1,matched_secondary_full_career,0,0,0,0,0,1.9459101490553132,0,1.9459101490553132
2011-02-26_Real_Madrid_Deportivo_La_Coruna_477,2011-02-26,2010/11,Real Madrid,Deportivo La Coruna,La Liga,domestic_league,A,0,0.78,26.0567,9517,476,216,92,784,0.453781512605042,4.0,2,3,7,0,3,4,17,3,3,0.6,0.4,0.85,0.4,0.3,0.1,0.2931872182934456,0.6639046978406804,0,3,17.0,42,37,13,0.8809523809523809,73,67,0.9178082191780822,13,23,0.8,1.0,2.0,0.4,5,2,3,0,1.5,1.0,3,2,0,0,0.0,0.0,1.5,4.5,0.0,2,1734.18,1484.83,249.35,2,53,50,0.9433962264150944,213,75,0.352112676056338,2,Saturday,0.5742,0,0,0,0,0,0,0,0,D,0,0,matched_secondary_full_career,0,0,0,0,0,1.0986122886681098,0,1.0986122886681098
2011-03-03_Real_Madrid_Malaga_478,2011-03-03,2010/11,Real Madrid,Malaga,La Liga,domestic_league,H,0,0.78,26.0704,9522,477,216,92,784,0.4528301886792453,5.0,1,3,7,0,1,3,17,3,3,0.2,0.3,0.85,0.2,0.2,0.1,0.2052310528054119,0.4647332884884762,0,4,22.0,43,37,13,0.8604651162790697,74,67,0.9054054054054054,11,23,0.6,1.0,1.6,0.4,5,3,4,2,1.3333333333333333,0.6666666666666666,4,2,1,0,0.3333333333333333,0.3333333333333333,0.6666666666666666,2.333333333333333,0.0,3,1728.03,1491.45,236.58,3,54,50,0.925925925925926,239,131,0.5481171548117155,3,Thursday,0.5879,0,0,0,1,1,3,7,0,W,3,0,matched_secondary_full_career,0,0,0,0,0,1.3862943611198906,0,1.3862943611198906
2011-03-16_Real_Madrid_Lyon_479,2011-03-16,2010/11,Real Madrid,Lyon,UEFA Champions League,continental_club,H,0,0.94,26.1059,9535,478,219,92,781,0.4581589958158996,13.0,0,1,4,3,3,6,18,3,3,0.6,0.6,0.9,0.2,0.3,0.2,1.0436617369637882,0.3253133019419333,1,0,13.0,44,40,13,0.9090909090909092,75,70,0.9333333333333332,11,23,0.6,1.0,2.2,0.2,5,7,2,2,0.2857142857142857,0.2857142857142857,1,0,2,1,1.6666666666666667,1.0,1.0,0.6666666666666666,0.3333333333333333,3,1732.11,1517.33,214.78,7,65,26,0.4,240,134,0.5583333333333333,3,Wednesday,0.6236,0,0,0,0,0,0,3,0,W,0,1,matched_secondary_full_career,0,0,0,0,0,2.0794415416798357,0,2.0794415416798357
2011-03-19_Real_Madrid_Atletico_Madrid_480,2011-03-19,2010/11,Real Madrid,Atletico Madrid,La Liga,domestic_league,A,0,0.78,26.1142,9538,479,219,93,781,0.4572025052192067,3.0,1,1,5,3,3,6,17,3,4,0.6,0.6,0.85,0.2,0.3,0.2,0.7305632158746517,0.5277193113593533,0,1,16.0,45,40,14,0.8888888888888888,76,70,0.9210526315789472,11,23,0.6,1.0,2.6,0.2,5,4,2,0,0.5,0.5,2,4,0,0,0.0,0.0,0.75,2.25,0.0,4,1736.61,1480.54,256.07,4,55,53,0.9636363636363636,214,75,0.3504672897196261,3,Saturday,0.6319,0,0,0,0,0,0,2,1,W,0,0,matched_secondary_full_career,0,0,0,0,0,1.6094379124341003,0,1.6094379124341003
2011-04-05_Real_Madrid_Tottenham_Hotspur_481,2011-04-05,2010/11,Real Madrid,Tottenham Hotspur,UEFA Champions League,continental_club,H,0,0.94,26.1607,9555,480,219,93,781,0.45625,17.0,0,0,2,3,3,6,16,2,4,0.6,0.6,0.8,0.2,0.3,0.2,0.5113942511122561,0.3694035179515473,0,2,33.0,46,40,14,0.8695652173913043,77,70,0.9090909090909092,11,23,0.6,1.0,2.6,0.4,5,14,6,3,0.4285714285714285,0.2857142857142857,2,0,0,0,0.0,0.0,0.0,0.0,0.0,0,1740.34,1475.59,264.75,14,66,26,0.3939393939393939,241,134,0.5560165975103735,4,Tuesday,0.6786,0,0,0,1,0,1,4,0,W,1,0,matched_secondary_full_career,1,0,0,0,0,2.70805020110221,0,2.70805020110221
2011-04-09_Real_Madrid_Athletic_Club_482,2011-04-09,2010/11,Real Madrid,Athletic Club,La Liga,domestic_league,A,0,0.78,26.1717,9559,481,220,93,780,0.4573804573804574,4.0,1,1,3,1,4,7,17,1,4,0.8,0.7,0.85,0.4,0.4,0.2,0.6579759757785792,0.2585824625660831,1,0,4.0,47,41,14,0.8723404255319149,78,71,0.9102564102564102,13,26,0.8,1.0,3.2,0.2,5,3,4,0,1.3333333333333333,0.6666666666666666,4,2,0,1,1.0,0.3333333333333333,1.0,3.333333333333333,0.3333333333333333,3,1743.91,1501.51,242.4,3,56,53,0.9464285714285714,215,75,0.3488372093023256,4,Saturday,0.6896,0,0,0,1,0,1,3,0,W,1,0,matched_secondary_full_career,0,0,0,0,0,1.3862943611198906,0,1.3862943611198906
2011-04-13_Real_Madrid_Tottenham_Hotspur_483,2011-04-13,2010/11,Real Madrid,Tottenham Hotspur,UEFA Champions League,continental_club,A,0,0.94,26.1826,9563,482,221,93,779,0.45850622406639,4.0,1,2,4,2,5,6,15,1,4,1.0,0.6,0.75,0.6,0.4,0.1,0.7605831830450054,0.1810077237962581,2,0,4.0,48,42,14,0.875,79,72,0.9113924050632912,15,26,1.0,1.0,3.8,0.2,5,15,7,3,0.4666666666666667,0.3333333333333333,3,1,0,0,0.0,0.0,0.0,4.0,0.0,1,1747.88,1472.01,275.87,15,67,27,0.4029850746268656,216,76,0.3518518518518518,4,Wednesday,0.7005,0,0,0,1,0,1,1,0,W,1,0,matched_secondary_full_career,0,0,0,0,0,2.772588722239781,0,2.772588722239781
2011-04-16_Real_Madrid_Barcelona_484,2011-04-16,2010/11,Real Madrid,Barcelona,La Liga,domestic_league,H,0,0.78,26.1908,9566,483,222,93,778,0.4596273291925465,3.0,2,3,4,3,3,6,14,1,4,0.6,0.6,0.7,0.6,0.4,0.1,0.8324082281315037,0.1267054066573807,3,0,3.0,49,43,14,0.8775510204081632,80,73,0.9125,15,26,1.0,1.0,2.6,0.2,5,6,0,0,0.0,0.0,0,0,0,3,3.0,1.0,2.6666666666666665,0.0,1.0,3,1751.28,1555.74,195.54,6,57,54,0.9473684210526316,242,135,0.5578512396694215,4,Saturday,0.7088,0,0,0,1,0,1,1,1,D,1,0,matched_secondary_full_career,0,0,0,0,0,1.9459101490553132,0,1.9459101490553132
2011-04-20_Real_Madrid_Barcelona_485,2011-04-20,2010/11,Real Madrid,Barcelona,Copa del Rey,domestic_or_other_cup,N,0,0.72,26.2018,9570,484,223,93,777,0.4607438016528926,4.0,2,3,4,3,4,7,12,0,3,0.8,0.7,0.6,0.8,0.5,0.1,0.8826857596920525,0.0886937846601664,4,0,4.0,50,44,14,0.88,81,74,0.9135802469135802,13,24,0.8,1.0,2.2,0.4,5,7,1,0,0.1428571428571428,0.1428571428571428,1,0,1,3,2.5,1.0,2.25,0.25,0.75,4,1746.18,1560.84,185.34,7,7,6,0.8571428571428571,24,10,0.4166666666666667,4,Wednesday,0.7198,0,0,0,1,0,1,1,0,W,1,0,matched_secondary_full_career,0,0,0,0,0,2.0794415416798357,0,2.0794415416798357
2011-04-23_Real_Madrid_Valencia_486,2011-04-23,2010/11,Real Madrid,Valencia,La Liga,domestic_league,A,0,0.78,26.21,9573,485,224,93,776,0.4618556701030928,3.0,2,4,5,3,5,8,12,0,2,1.0,0.8,0.6,1.0,0.6,0.1,0.9178800317844368,0.0620856492621165,5,0,3.0,51,45,14,0.8823529411764706,82,75,0.9146341463414634,13,24,0.8,1.0,2.0,0.2,5,2,3,0,1.5,1.0,3,2,0,0,0.0,0.0,0.0,2.0,0.0,2,1751.3,1488.83,262.47,2,58,55,0.9482758620689656,217,77,0.3548387096774194,4,Saturday,0.728,0,0,0,0,0,0,6,3,W,0,0,matched_secondary_full_career,0,0,0,0,0,1.0986122886681098,0,1.0986122886681098
2011-04-27_Real_Madrid_Barcelona_487,2011-04-27,2010/11,Real Madrid,Barcelona,UEFA Champions League,continental_club,H,0,0.94,26.2209,9577,486,224,93,776,0.4609053497942387,4.0,2,4,6,2,4,8,12,0,1,0.8,0.8,0.6,0.8,0.6,0.1,0.6425160222491056,0.0434599544834815,0,1,7.0,52,45,14,0.8653846153846154,83,75,0.9036144578313252,13,26,0.8,1.0,2.4,0.8,5,8,2,0,0.25,0.25,2,1,1,3,2.0,0.8,1.8,0.4,0.6,5,1754.91,1555.72,199.19,8,68,28,0.4117647058823529,243,136,0.5596707818930041,4,Wednesday,0.739,0,0,0,0,0,0,0,2,L,0,0,matched_secondary_full_career,0,0,0,0,0,2.1972245773362196,0,2.1972245773362196
2011-05-03_Real_Madrid_Barcelona_488,2011-05-03,2010/11,Real Madrid,Barcelona,UEFA Champions League,continental_club,A,0,0.94,26.2374,9583,487,224,93,776,0.459958932238193,6.0,1,3,7,1,3,8,11,0,1,0.6,0.8,0.55,0.6,0.6,0.1,0.4497612155743739,0.0304219681384371,0,2,13.0,53,45,14,0.8490566037735849,84,75,0.8928571428571429,10,25,0.6,0.8,1.8,1.2,5,9,2,0,0.2222222222222222,0.2222222222222222,2,1,1,4,2.1666666666666665,0.8333333333333334,1.8333333333333333,0.3333333333333333,0.6666666666666666,6,1739.73,1570.9,168.84,9,69,28,0.4057971014492754,218,77,0.3532110091743119,5,Tuesday,0.7555,0,0,0,0,0,0,1,1,D,0,0,matched_secondary_full_career,0,0,0,0,0,2.302585092994046,0,2.302585092994046
2011-05-07_Real_Madrid_Sevilla_489,2011-05-07,2010/11,Real Madrid,Sevilla,La Liga,domestic_league,A,0,0.78,26.2483,9587,488,224,93,776,0.4590163934426229,4.0,1,3,7,0,2,5,11,0,1,0.4,0.5,0.55,0.4,0.5,0.0,0.3148328509020617,0.0212953776969059,0,3,17.0,54,45,14,0.8333333333333334,85,75,0.8823529411764706,8,23,0.4,0.8,1.8,1.4,5,4,1,0,0.25,0.25,0,4,0,0,0.0,0.0,0.5,1.75,0.0,4,1735.22,1480.38,254.84,4,59,55,0.9322033898305084,219,77,0.3515981735159817,5,Saturday,0.7665,0,0,0,1,1,4,6,2,W,4,0,matched_secondary_full_career,0,0,0,0,0,1.6094379124341003,0,1.6094379124341003
2011-05-10_Real_Madrid_Getafe_490,2011-05-10,2010/11,Real Madrid,Getafe,La Liga,domestic_league,H,0,0.78,26.2565,9590,489,228,93,772,0.4662576687116564,3.0,2,3,7,4,5,9,15,0,0,1.0,0.9,0.75,0.4,0.6,0.1,1.420382995631443,0.0149067643878341,1,0,3.0,55,49,14,0.8909090909090909,86,79,0.9186046511627908,10,23,0.6,0.8,2.8,1.6,5,2,4,0,2.0,1.0,4,2,0,0,0.0,0.0,2.0,3.5,0.0,2,1738.97,1488.94,250.03,2,60,59,0.9833333333333332,244,136,0.5573770491803278,5,Tuesday,0.7747,0,0,0,1,1,3,4,0,W,3,0,matched_secondary_full_career,0,0,0,0,0,1.0986122886681098,0,1.0986122886681098
2011-05-15_Real_Madrid_Villarreal_491,2011-05-15,2010/11,Real Madrid,Villarreal,La Liga,domestic_league,A,0,0.78,26.2702,9595,490,231,93,769,0.4714285714285714,5.0,1,3,7,7,7,12,18,0,0,1.4,1.2,0.9,0.4,0.7,0.2,1.89426809694201,0.0104347350714839,2,0,5.0,56,52,14,0.9285714285714286,87,82,0.942528735632184,10,23,0.6,0.8,3.4,1.6,5,7,5,3,0.7142857142857143,0.4285714285714285,5,3,0,0,0.0,0.0,1.3333333333333333,4.0,0.0,3,1742.81,1495.2,247.6,7,61,62,1.0163934426229508,220,81,0.3681818181818181,5,Sunday,0.7885,0,0,0,1,1,2,3,1,W,2,0,matched_secondary_full_career,0,0,0,0,0,2.0794415416798357,0,2.0794415416798357
2011-05-21_Real_Madrid_Almeria_492,2011-05-21,2010/11,Real Madrid,Almeria,La Liga,domestic_league,H,0,0.78,26.2866,9601,491,233,93,767,0.4745417515274949,6.0,1,3,6,9,9,13,20,0,0,1.8,1.3,1.0,0.6,0.7,0.3,1.925987667859407,0.0073043145500387,3,0,6.0,57,54,14,0.9473684210526316,88,84,0.9545454545454546,10,23,0.6,0.8,2.8,1.2,5,3,2,1,0.6666666666666666,0.6666666666666666,2,2,1,0,0.3333333333333333,0.3333333333333333,1.3333333333333333,2.333333333333333,0.0,3,1746.68,1491.45,255.23,3,62,64,1.032258064516129,245,139,0.5673469387755102,5,Saturday,0.8049,0,1,0,1,1,2,8,1,W,2,3,matched_secondary_full_career,0,0,0,0,0,1.3862943611198906,0,1.3862943611198906
2011-06-04_Portugal_Norway_493,2011-06-04,2010/11,Portugal,Norway,Euros Qualifier,international,H,1,0.76,26.325,9615,492,235,96,765,0.4776422764227642,14.0,0,1,4,7,11,14,20,3,3,2.2,1.4,1.0,0.8,0.7,0.4,1.9481913675015847,0.905113020185027,4,0,14.0,58,56,17,0.9655172413793104,80,26,0.325,9,20,0.6,0.6,2.2,1.0,5,0,0,0,0.0,0.0,0,0,0,0,0.0,0.0,0.0,0.0,0.0,0,1628.06,1500.0,128.06,0,15,10,0.6666666666666666,246,141,0.573170731707317,6,Saturday,0.8434,0,1,0,0,0,0,1,0,W,0,0,matched_secondary_full_career,1,0,0,0,1,0.0,1,0.0
2011-08-10_Portugal_Luxembourg_494,2011-08-10,2011/12,Portugal,Luxembourg,International Friendly,international,H,1,0.35,26.5084,9682,493,235,96,765,0.4766734279918864,67.0,0,0,0,4,11,13,19,3,3,2.2,1.3,0.95,0.8,0.6,0.4,1.3637339572511091,0.6335791141295188,0,1,81.0,0,0,0,0.0,81,26,0.3209876543209876,12,20,0.8,0.8,2.4,0.8,5,4,1,0,0.25,0.25,1,4,0,0,0.0,0.0,0.0,4.25,0.0,4,1634.53,1468.62,165.92,4,27,4,0.1481481481481481,247,141,0.5708502024291497,8,Wednesday,0.0247,1,0,0,1,0,1,5,0,W,1,1,matched_secondary_full_career,0,0,0,0,0,1.6094379124341003,0,1.6094379124341003
2011-08-14_Real_Madrid_Barcelona_495,2011-08-14,2011/12,Real Madrid,Barcelona,Supercopa de Espana,domestic_or_other_cup,H,0,0.82,26.5194,9686,494,236,97,764,0.4777327935222672,4.0,1,1,1,3,8,13,20,4,4,1.6,1.3,1.0,0.8,0.6,0.4,1.2546137700757762,0.7435053798906631,1,0,4.0,1,1,1,1.0,89,86,0.9662921348314608,13,23,0.8,1.0,4.4,1.0,5,10,2,0,0.2,0.2,1,1,2,4,2.0,0.8571428571428571,1.7142857142857142,0.4285714285714285,0.5714285714285714,7,1750.42,1575.41,175.01,10,0,0,0.0,248,142,0.5725806451612904,8,Sunday,0.0356,1,0,0,0,0,0,2,2,D,0,0,matched_secondary_full_career,0,0,0,0,0,2.3978952727983707,0,2.3978952727983707
2011-08-17_Real_Madrid_Barcelona_496,2011-08-17,2011/12,Real Madrid,Barcelona,Supercopa de Espana,domestic_or_other_cup,A,0,0.82,26.5276,9689,495,236,97,764,0.4767676767676768,3.0,2,2,2,1,5,12,20,4,4,1.0,1.2,1.0,0.6,0.5,0.4,0.8782296390530433,0.5204537659234642,0,1,7.0,2,1,1,0.5,90,86,0.9555555555555556,13,21,0.8,1.0,4.6,1.2,5,11,2,0,0.1818181818181818,0.1818181818181818,0,1,3,4,1.875,0.875,1.75,0.625,0.5,8,1745.77,1580.06,165.71,11,1,0,0.0,221,83,0.3755656108597285,8,Wednesday,0.0438,1,0,0,1,0,1,2,3,L,1,0,matched_secondary_full_career,0,0,0,0,0,2.4849066497880004,0,2.4849066497880004
2011-08-28_Real_Madrid_Real_Zaragoza_497,2011-08-28,2011/12,Real Madrid,Real Zaragoza,La Liga,domestic_league,A,0,0.78,26.5577,9700,496,237,97,763,0.4778225806451613,11.0,0,2,3,2,4,13,21,4,4,0.8,1.3,1.05,0.6,0.6,0.4,0.9147607473371302,0.3643176361464249,1,0,11.0,3,2,1,0.6666666666666666,91,87,0.956043956043956,10,20,0.6,0.8,3.8,1.4,5,3,2,2,0.6666666666666666,0.6666666666666666,2,3,0,0,0.0,0.0,0.6666666666666666,3.6666666666666665,0.0,3,1731.33,1481.71,249.63,3,63,66,1.0476190476190477,222,84,0.3783783783783784,8,Sunday,0.074,1,0,0,1,1,3,6,0,W,3,0,matched_secondary_full_career,0,0,0,0,0,1.3862943611198906,0,1.3862943611198906
2011-09-02_Portugal_Cyprus_498,2011-09-02,2011/12,Portugal,Cyprus,Euros Qualifier,international,A,1,0.76,26.5714,9705,497,240,97,760,0.482897384305835,5.0,1,1,4,4,5,16,24,1,4,1.0,1.6,1.2,0.6,0.7,0.5,1.540332523135991,0.2550223453024974,2,0,5.0,4,5,1,1.25,82,27,0.3292682926829268,12,20,0.8,0.8,2.8,0.6,5,0,0,0,0.0,0.0,0,0,0,0,0.0,0.0,0.0,0.0,0.0,0,1640.09,1500.0,140.09,0,16,10,0.625,223,87,0.3901345291479821,9,Friday,0.0877,1,0,0,1,1,2,4,0,W,2,1,matched_secondary_full_career,1,0,0,0,1,0.0,1,0.0
2011-09-10_Real_Madrid_Getafe_499,2011-09-10,2011/12,Real Madrid,Getafe,La Liga,domestic_league,H,0,0.78,26.5933,9713,498,242,98,758,0.4859437751004016,8.0,0,2,4,6,7,18,23,2,5,1.4,1.8,1.15,0.8,0.8,0.6,1.6782327661951937,0.4785156417117481,3,0,8.0,5,7,2,1.4,92,90,0.9782608695652174,10,20,0.6,0.8,4.2,1.4,5,3,7,0,2.333333333333333,1.0,7,3,0,0,0.0,0.0,1.3333333333333333,3.6666666666666665,0.0,3,1735.18,1485.11,250.06,3,64,69,1.078125,249,142,0.570281124497992,9,Saturday,0.1096,1,0,0,1,0,1,4,2,W,1,1,matched_secondary_full_career,0,0,0,0,0,1.3862943611198906,0,1.3862943611198906
2011-09-14_Real_Madrid_Dinamo_Zagreb_500,2011-09-14,2011/12,Real Madrid,Dinamo Zagreb,UEFA Champions League,continental_club,A,0,0.94,26.6042,9717,499,243,99,757,0.4869739478957915,4.0,1,2,4,6,7,15,24,2,6,1.4,1.5,1.2,0.8,0.8,0.5,1.4747629363366357,0.6349609491982237,4,0,4.0,6,8,3,1.3333333333333333,93,91,0.978494623655914,10,20,0.6,0.8,4.4,1.6,5,0,0,0,0.0,0.0,0,0,0,0,0.0,0.0,0.0,0.0,0.0,0,1739.01,1500.0,239.01,0,70,28,0.4,224,89,0.3973214285714285,9,Wednesday,0.1205,1,0,0,0,0,0,1,0,W,0,0,matched_secondary_full_career,1,0,0,0,1,0.0,1,0.0
2011-09-18_Real_Madrid_Levante_501,2011-09-18,2011/12,Real Madrid,Levante,La Liga,domestic_league,A,0,0.78,26.6152,9721,500,243,99,757,0.486,4.0,1,2,4,3,7,12,24,2,6,1.4,1.2,1.2,0.8,0.7,0.4,1.0323340554356448,0.4444726644387565,0,1,8.0,7,8,3,1.1428571428571428,94,91,0.9680851063829788,10,23,0.6,0.8,3.0,1.4,5,3,3,2,1.0,0.3333333333333333,3,2,1,0,0.3333333333333333,0.3333333333333333,0.0,3.333333333333333,0.3333333333333333,3,1743.04,1495.95,247.09,3,65,70,1.0769230769230769,225,89,0.3955555555555555,9,Sunday,0.1315,1,0,0,0,0,0,0,1,L,0,0,matched_secondary_full_career,0,0,0,0,0,1.3862943611198906,0,1.3862943611198906
2011-09-21_Real_Madrid_Racing_Santander_502,2011-09-21,2011/12,Real Madrid,Racing Santander,La Liga,domestic_league,A,0,0.78,26.6234,9724,501,243,99,757,0.4850299401197604,3.0,2,3,5,1,6,10,23,2,6,1.2,1.0,1.15,0.6,0.6,0.3,0.7226338388049514,0.3111308651071295,0,2,11.0,8,8,3,1.0,95,91,0.9578947368421052,9,22,0.6,0.6,2.6,1.2,5,2,5,0,2.5,1.0,5,2,0,0,0.0,0.0,0.5,4.0,0.0,2,1726.93,1488.63,238.3,2,66,70,1.0606060606060606,226,89,0.3938053097345133,9,Wednesday,0.1397,1,0,0,0,0,0,0,0,D,0,0,matched_secondary_full_career,0,0,0,0,0,1.0986122886681098,0,1.0986122886681098
2011-09-24_Real_Madrid_Rayo_Vallecano_503,2011-09-24,2011/12,Real Madrid,Rayo Vallecano,La Liga,domestic_league,H,0,0.78,26.6316,9727,502,243,99,757,0.4840637450199203,3.0,2,4,6,0,3,8,22,2,3,0.6,0.8,1.1,0.4,0.5,0.2,0.505843687163466,0.2177916055749907,0,3,14.0,9,8,3,0.8888888888888888,96,91,0.9479166666666666,10,20,0.6,0.8,2.2,0.6,5,0,0,0,0.0,0.0,0,0,0,0,0.0,0.0,0.0,0.0,0.0,0,1720.97,1500.0,220.97,0,67,70,1.044776119402985,250,143,0.572,9,Saturday,0.1479,1,0,0,1,1,3,6,2,W,3,0,matched_secondary_full_career,1,0,0,0,1,0.0,1,0.0
2011-09-27_Real_Madrid_Ajax_504,2011-09-27,2011/12,Real Madrid,Ajax,UEFA Champions League,continental_club,H,0,0.94,26.6398,9730,503,246,99,754,0.489065606361829,3.0,2,4,7,3,4,11,24,1,3,0.8,1.1,1.2,0.4,0.6,0.3,1.254090581014426,0.1524541239024934,1,0,3.0,10,11,3,1.1,97,94,0.9690721649484536,10,20,0.6,0.8,2.2,1.0,5,2,2,0,1.0,0.5,2,2,0,0,0.0,0.0,0.0,3.0,0.0,2,1725.35,1489.7,235.65,2,71,28,0.3943661971830985,251,146,0.5816733067729084,9,Tuesday,0.1562,1,0,0,1,0,1,3,0,W,1,1,matched_secondary_full_career,0,0,0,0,0,1.0986122886681098,0,1.0986122886681098
2011-10-02_Real_Madrid_Espanyol_505,2011-10-02,2011/12,Real Madrid,Espanyol,La Liga,domestic_league,A,0,0.78,26.6535,9735,504,247,100,753,0.490079365079365,5.0,1,4,7,4,4,11,24,1,3,0.8,1.1,1.2,0.4,0.6,0.3,1.177863406710098,0.4067178867317454,2,0,5.0,11,12,4,1.0909090909090908,98,95,0.9693877551020408,10,20,0.6,0.8,2.0,0.6,5,3,2,2,0.6666666666666666,0.6666666666666666,2,3,0,0,0.0,0.0,0.0,2.333333333333333,0.0,3,1729.45,1481.09,248.36,3,68,73,1.0735294117647058,227,89,0.3920704845814978,10,Sunday,0.1699,1,0,0,0,0,0,4,0,W,0,2,matched_secondary_full_career,0,0,0,0,0,1.3862943611198906,0,1.3862943611198906
2011-10-07_Portugal_Iceland_506,2011-10-07,2011/12,Portugal,Iceland,Euros Qualifier,international,H,1,0.76,26.6672,9740,505,247,102,753,0.4891089108910891,5.0,1,3,7,4,4,11,23,3,5,0.8,1.1,1.15,0.4,0.6,0.3,0.8245043846970687,0.8847025207122218,0,1,10.0,12,12,6,1.0,83,29,0.3493975903614458,12,22,0.8,0.8,3.0,0.4,5,1,1,0,1.0,1.0,1,1,0,0,0.0,0.0,1.0,3.0,0.0,1,1646.26,1493.55,152.71,1,17,12,0.7058823529411765,252,147,0.5833333333333334,10,Friday,0.1836,1,0,0,0,0,0,5,3,W,0,0,matched_secondary_full_career,0,0,0,0,0,0.6931471805599453,0,0.6931471805599453
2011-10-11_Portugal_Denmark_507,2011-10-11,2011/12,Portugal,Denmark,Euros Qualifier,international,A,1,0.76,26.6782,9744,506,247,102,753,0.4881422924901186,4.0,1,3,7,1,4,10,23,3,5,0.8,1.0,1.15,0.4,0.5,0.3,0.5771530692879481,0.6192917644985552,0,2,14.0,13,12,6,0.9230769230769232,84,29,0.3452380952380952,12,22,0.8,0.8,3.2,1.0,5,3,1,2,0.3333333333333333,0.3333333333333333,1,1,1,1,1.3333333333333333,0.6666666666666666,2.0,2.0,0.0,3,1652.13,1508.73,143.4,3,18,12,0.6666666666666666,228,89,0.3903508771929824,10,Tuesday,0.1945,1,0,0,1,0,1,1,2,L,1,0,matched_secondary_full_career,0,0,0,0,0,1.3862943611198906,0,1.3862943611198906
2011-10-15_Real_Madrid_Real_Betis_508,2011-10-15,2011/12,Real Madrid,Real Betis,La Liga,domestic_league,H,0,0.78,26.6891,9748,507,248,102,752,0.4891518737672584,4.0,1,3,7,1,5,8,24,3,5,1.0,0.8,1.2,0.6,0.5,0.2,0.7040071485015635,0.4335042351489886,1,0,4.0,14,13,6,0.9285714285714286,99,95,0.9595959595959596,10,20,0.6,0.8,2.6,0.6,5,0,0,0,0.0,0.0,0,0,0,0,0.0,0.0,0.0,0.0,0.0,0,1733.31,1500.0,233.31,0,69,73,1.0579710144927537,253,147,0.5810276679841897,10,Saturday,0.2055,0,0,0,0,0,0,4,1,W,0,2,matched_secondary_full_career,1,0,0,0,1,0.0,1,0.0
2011-10-18_Real_Madrid_Lyon_509,2011-10-18,2011/12,Real Madrid,Lyon,UEFA Champions League,continental_club,H,0,0.94,26.6973,9751,508,248,104,752,0.4881889763779528,3.0,2,3,8,1,2,6,24,5,6,0.4,0.6,1.2,0.4,0.4,0.1,0.4928050039510944,0.903452964604292,0,1,7.0,15,13,8,0.8666666666666667,100,95,0.95,13,22,0.8,1.0,3.4,0.6,5,8,2,3,0.25,0.25,1,1,2,1,1.25,0.75,0.75,1.25,0.25,4,1737.45,1512.83,224.62,8,72,29,0.4027777777777778,254,147,0.5787401574803149,10,Tuesday,0.2137,0,0,0,0,0,0,4,0,W,0,1,matched_secondary_full_career,0,0,0,0,0,2.1972245773362196,0,2.1972245773362196
2011-10-22_Real_Madrid_Malaga_510,2011-10-22,2011/12,Real Madrid,Malaga,La Liga,domestic_league,A,0,0.78,26.7083,9755,509,248,105,752,0.487229862475442,4.0,2,3,7,1,1,5,20,5,6,0.2,0.5,1.0,0.2,0.3,0.1,0.3449635027657661,0.9324170752230044,0,2,11.0,16,13,9,0.8125,101,95,0.9405940594059404,15,25,1.0,1.0,4.2,0.6,5,4,7,2,1.75,0.75,5,3,1,0,0.25,0.25,0.5,3.5,0.0,4,1741.76,1487.37,254.39,4,70,73,1.042857142857143,229,90,0.3930131004366812,10,Saturday,0.2247,0,0,0,1,1,3,4,0,W,3,0,matched_secondary_full_career,0,0,0,0,0,1.6094379124341003,0,1.6094379124341003
2011-10-26_Real_Madrid_Villarreal_511,2011-10-26,2011/12,Real Madrid,Villarreal,La Liga,domestic_league,H,0,0.78,26.7192,9759,510,251,105,749,0.492156862745098,4.0,1,3,7,3,4,8,20,3,6,0.8,0.8,1.0,0.4,0.4,0.2,1.1414744519360362,0.652691952656103,1,0,4.0,17,16,9,0.9411764705882352,102,98,0.9607843137254902,15,25,1.0,1.0,3.8,0.2,5,8,7,3,0.875,0.5,6,4,0,0,0.0,0.0,1.25,3.75,0.0,4,1745.51,1491.33,254.19,8,71,76,1.0704225352112675,255,147,0.5764705882352941,10,Wednesday,0.2356,0,0,0,0,0,0,3,0,W,0,0,matched_secondary_full_career,0,0,0,0,0,2.1972245773362196,0,2.1972245773362196
2011-10-29_Real_Madrid_Real_Sociedad_512,2011-10-29,2011/12,Real Madrid,Real Sociedad,La Liga,domestic_league,A,0,0.78,26.7274,9762,511,251,105,749,0.4911937377690802,3.0,2,4,7,3,4,8,18,3,6,0.8,0.8,0.9,0.4,0.4,0.2,0.7990321163552253,0.4568843668592721,0,1,7.0,18,16,9,0.8888888888888888,103,98,0.9514563106796116,15,25,1.0,1.0,3.8,0.2,5,2,2,1,1.0,0.5,2,2,0,0,0.0,0.0,1.0,3.0,0.0,2,1749.27,1490.2,259.08,2,72,76,1.0555555555555556,230,93,0.4043478260869565,10,Saturday,0.2438,0,0,0,0,0,0,1,0,W,0,0,matched_secondary_full_career,0,0,0,0,0,1.0986122886681098,0,1.0986122886681098
2011-11-02_Real_Madrid_Lyon_513,2011-11-02,2011/12,Real Madrid,Lyon,UEFA Champions League,continental_club,A,0,0.94,26.7384,9766,512,251,105,749,0.490234375,4.0,2,3,7,3,3,8,16,3,6,0.6,0.8,0.8,0.2,0.4,0.2,0.5593224814486577,0.3198190568014904,0,2,11.0,19,16,9,0.8421052631578947,104,98,0.9423076923076924,15,25,1.0,1.0,3.2,0.2,5,9,2,4,0.2222222222222222,0.2222222222222222,0,2,2,1,1.0,0.6,0.6,1.8,0.2,5,1752.95,1508.52,244.43,9,73,29,0.3972602739726027,231,93,0.4025974025974026,11,Wednesday,0.2548,0,0,0,1,1,2,2,0,W,2,0,matched_secondary_full_career,0,0,0,0,0,2.302585092994046,0,2.302585092994046
2011-11-06_Real_Madrid_Osasuna_514,2011-11-06,2011/12,Real Madrid,Osasuna,La Liga,domestic_league,H,0,0.78,26.7494,9770,513,253,105,747,0.49317738791423,4.0,1,3,8,2,5,7,18,1,6,1.0,0.7,0.9,0.4,0.4,0.2,0.9915257370140604,0.2238733397610433,1,0,4.0,20,18,9,0.9,105,100,0.9523809523809524,15,28,1.0,1.0,2.8,0.0,5,4,2,1,0.5,0.25,2,2,1,1,1.0,0.5,0.75,1.0,0.5,4,1756.88,1506.48,250.41,4,73,76,1.0410958904109588,256,147,0.57421875,11,Sunday,0.2658,0,0,0,1,1,3,7,1,W,3,0,matched_secondary_full_career,0,0,0,0,0,1.6094379124341003,0,1.6094379124341003
2011-11-11_Portugal_Bosnia_&_Herzegovina_515,2011-11-11,2011/12,Portugal,Bosnia & Herzegovina,Euros Qualifier,international,A,1,0.76,26.763,9775,514,256,105,744,0.4980544747081712,5.0,1,3,7,5,8,9,20,0,5,1.6,0.9,1.0,0.6,0.4,0.3,1.5940680159098422,0.1567113378327302,2,0,5.0,21,21,9,1.0,85,30,0.3529411764705882,12,21,0.8,0.8,3.2,1.0,5,0,0,0,0.0,0.0,0,0,0,0,0.0,0.0,0.0,0.0,0.0,0,1638.22,1500.0,138.22,0,19,13,0.6842105263157895,232,95,0.4094827586206896,11,Friday,0.2795,0,0,0,0,0,0,0,0,D,0,0,matched_secondary_full_career,1,0,0,0,1,0.0,1,0.0
2011-11-15_Portugal_Bosnia_&_Herzegovina_516,2011-11-15,2011/12,Portugal,Bosnia & Herzegovina,Euros Qualifier,international,H,1,0.76,26.774,9779,515,256,105,744,0.4970873786407767,4.0,1,3,7,5,5,9,20,0,3,1.0,0.9,1.0,0.4,0.4,0.3,1.1158476111368894,0.1096979364829111,0,1,9.0,22,21,9,0.9545454545454546,86,30,0.3488372093023256,10,22,0.6,0.8,3.0,1.0,5,1,0,0,0.0,0.0,0,0,1,0,1.0,1.0,0.0,0.0,1.0,1,1634.44,1503.78,130.66,1,20,13,0.65,257,150,0.5836575875486382,11,Tuesday,0.2904,0,0,0,1,1,2,6,2,W,2,0,matched_secondary_full_career,0,0,0,0,0,0.6931471805599453,0,0.6931471805599453
2011-11-19_Real_Madrid_Valencia_517,2011-11-19,2011/12,Real Madrid,Valencia,La Liga,domestic_league,A,0,0.78,26.7849,9783,516,258,105,742,0.5,4.0,1,3,7,5,7,11,21,0,3,1.4,1.1,1.05,0.6,0.5,0.4,1.3810933277958224,0.0767885555380378,1,0,4.0,23,23,9,1.0,106,103,0.9716981132075472,15,30,1.0,1.0,3.4,0.2,5,3,3,0,1.0,0.6666666666666666,3,3,0,0,0.0,0.0,1.0,3.333333333333333,0.0,3,1760.71,1485.21,275.49,3,74,79,1.0675675675675675,233,95,0.407725321888412,11,Saturday,0.3014,0,0,0,1,0,1,3,2,W,1,0,matched_secondary_full_career,0,0,0,0,0,1.3862943611198906,0,1.3862943611198906
2011-11-26_Real_Madrid_Atletico_Madrid_518,2011-11-26,2011/12,Real Madrid,Atletico Madrid,La Liga,domestic_league,H,0,0.78,26.8041,9790,517,259,105,741,0.5009671179883946,7.0,1,2,6,3,8,11,19,0,3,1.6,1.1,0.95,0.8,0.5,0.4,1.2667653294570755,0.0537519888766264,2,0,7.0,24,24,9,1.0,107,104,0.97196261682243,15,30,1.0,1.0,3.2,0.6,5,5,2,0,0.4,0.4,2,5,0,0,0.0,0.0,0.8,2.2,0.0,5,1764.11,1476.82,287.29,5,75,80,1.0666666666666669,258,152,0.5891472868217055,11,Saturday,0.3205,0,0,0,1,1,2,4,1,W,2,1,matched_secondary_full_career,0,0,0,0,0,1.791759469228055,0,1.791759469228055
2011-12-03_Real_Madrid_Sporting_Gijon_519,2011-12-03,2011/12,Real Madrid,Sporting Gijon,La Liga,domestic_league,A,0,0.78,26.8233,9797,518,261,106,739,0.5038610038610039,7.0,1,2,5,5,8,13,19,1,2,1.6,1.3,0.95,0.8,0.6,0.5,1.486735730619953,0.3376263922136385,3,0,7.0,25,26,10,1.04,108,106,0.9814814814814816,15,30,1.0,1.0,3.4,0.8,5,2,0,1,0.0,0.0,0,2,0,0,0.0,0.0,0.5,2.0,0.0,2,1767.32,1488.33,278.99,2,76,82,1.0789473684210529,234,96,0.4102564102564102,12,Saturday,0.3397,0,0,1,1,0,1,3,0,W,1,0,matched_secondary_full_career,0,0,0,0,0,1.0986122886681098,0,1.0986122886681098
2011-12-10_Real_Madrid_Barcelona_520,2011-12-10,2011/12,Real Madrid,Barcelona,La Liga,domestic_league,H,0,0.78,26.8424,9804,519,262,106,738,0.5048169556840078,7.0,1,2,5,4,6,14,19,1,1,1.2,1.4,0.95,0.8,0.7,0.5,1.340715011433967,0.2363384745495469,4,0,7.0,26,27,10,1.0384615384615383,109,107,0.981651376146789,15,30,1.0,1.0,3.8,0.8,5,12,3,0,0.25,0.25,1,1,3,5,2.0,0.8888888888888888,1.8888888888888888,0.7777777777777778,0.4444444444444444,9,1770.66,1594.5,176.17,12,77,83,1.077922077922078,259,154,0.5945945945945946,12,Saturday,0.3589,0,0,1,0,0,0,1,3,L,0,0,matched_secondary_full_career,0,0,0,0,0,2.5649493574615367,0,2.5649493574615367
2011-12-13_Real_Madrid_SD_Ponferradina_521,2011-12-13,2011/12,Real Madrid,SD Ponferradina,Copa del Rey,domestic_or_other_cup,A,0,0.72,26.8507,9807,520,262,106,738,0.5038461538461538,3.0,1,2,5,3,6,11,19,1,1,1.2,1.1,0.95,0.8,0.6,0.4,0.9385005080037768,0.1654369321846828,0,1,10.0,27,27,10,1.0,110,107,0.9727272727272728,12,27,0.8,0.8,3.6,1.4,5,0,0,0,0.0,0.0,0,0,0,0,0.0,0.0,0.0,0.0,0.0,0,1755.99,1500.0,255.99,0,8,7,0.875,235,97,0.4127659574468085,12,Tuesday,0.3671,0,0,1,1,0,1,2,0,W,1,0,matched_secondary_full_career,1,0,0,0,1,0.0,1,0.0
2011-12-17_Real_Madrid_Sevilla_522,2011-12-17,2011/12,Real Madrid,Sevilla,La Liga,domestic_league,A,0,0.78,26.8616,9811,521,263,106,737,0.5047984644913628,4.0,2,3,5,2,5,12,20,1,1,1.0,1.2,1.0,0.8,0.7,0.4,0.9569503556026436,0.115805852529278,1,0,4.0,28,28,10,1.0,111,108,0.972972972972973,12,27,0.8,0.8,2.6,1.2,5,5,5,0,1.0,0.4,4,5,0,0,0.0,0.0,0.8,2.6,0.0,5,1759.71,1476.64,283.08,5,78,83,1.064102564102564,236,98,0.4152542372881356,12,Saturday,0.3781,0,0,1,1,1,3,6,2,W,3,0,matched_secondary_full_career,0,0,0,0,0,1.791759469228055,0,1.791759469228055
2012-01-03_Real_Madrid_Malaga_523,2012-01-03,2011/12,Real Madrid,Malaga,Copa del Rey,domestic_or_other_cup,H,0,0.72,26.9082,9828,522,266,106,734,0.5095785440613027,17.0,0,0,3,4,7,15,23,1,1,1.4,1.5,1.15,0.8,0.8,0.5,1.5698652489218503,0.0810640967704945,2,0,17.0,29,31,10,1.0689655172413792,112,111,0.9910714285714286,12,27,0.8,0.8,3.2,1.2,5,5,10,2,2.0,0.8,8,4,1,0,0.2,0.2,0.4,3.6,0.0,5,1762.99,1483.61,279.38,5,9,8,0.8888888888888888,260,154,0.5923076923076923,1,Tuesday,0.4247,0,0,1,0,0,0,3,2,W,0,0,matched_secondary_full_career,0,0,0,0,0,1.791759469228055,0,1.791759469228055
2012-01-07_Real_Madrid_Granada_CF_524,2012-01-07,2011/12,Real Madrid,Granada CF,La Liga,domestic_league,H,0,0.78,26.9191,9832,523,266,106,734,0.5086042065009561,4.0,1,1,4,4,5,13,20,0,1,1.0,1.3,1.0,0.6,0.7,0.4,1.0989056742452954,0.0567448677393462,0,1,21.0,30,31,10,1.0333333333333334,113,111,0.9823008849557522,12,27,0.8,0.8,3.0,1.4,5,0,0,0,0.0,0.0,0,0,0,0,0.0,0.0,0.0,0.0,0.0,0,1766.33,1500.0,266.33,0,79,86,1.0886075949367089,261,154,0.5900383141762452,1,Saturday,0.4356,0,0,1,1,0,1,5,1,W,1,0,matched_secondary_full_career,1,0,0,0,1,0.0,1,0.0
2012-01-10_Real_Madrid_Malaga_525,2012-01-10,2011/12,Real Madrid,Malaga,Copa del Rey,domestic_or_other_cup,A,0,0.72,26.9273,9835,524,267,106,733,0.5095419847328244,3.0,2,2,4,4,5,11,20,0,1,1.0,1.1,1.0,0.6,0.7,0.3,1.0692339719717068,0.0397214074175423,1,0,3.0,31,32,10,1.032258064516129,114,112,0.9824561403508772,12,27,0.8,0.8,3.4,1.6,5,6,10,2,1.6666666666666667,0.6666666666666666,6,5,1,0,0.1666666666666666,0.1666666666666666,0.6666666666666666,3.5,0.0,6,1769.88,1480.28,289.6,6,10,8,0.8,237,101,0.4261603375527426,1,Tuesday,0.4438,0,0,1,0,0,0,1,0,W,0,0,matched_secondary_full_career,0,0,0,0,0,1.9459101490553132,0,1.9459101490553132
2012-01-14_Real_Madrid_Mallorca_526,2012-01-14,2011/12,Real Madrid,Mallorca,La Liga,domestic_league,A,0,0.78,26.9383,9839,525,267,106,733,0.5085714285714286,4.0,2,3,4,1,5,11,20,0,1,1.0,1.1,1.0,0.6,0.7,0.3,0.7484637803801947,0.0278049851922796,0,1,7.0,32,32,10,1.0,115,112,0.9739130434782608,15,27,1.0,1.0,3.4,1.0,5,4,3,0,0.75,0.25,3,3,1,0,0.25,0.25,0.25,1.75,0.25,4,1773.06,1486.98,286.07,4,80,87,1.0875,238,101,0.4243697478991596,1,Saturday,0.4548,0,0,1,0,0,0,2,1,W,0,0,matched_secondary_full_career,0,0,0,0,0,1.6094379124341003,0,1.6094379124341003
2012-01-18_Real_Madrid_Barcelona_527,2012-01-18,2011/12,Real Madrid,Barcelona,Copa del Rey,domestic_or_other_cup,H,0,0.72,26.9492,9843,526,267,106,733,0.5076045627376425,4.0,1,3,4,1,4,9,20,0,1,0.8,0.9,1.0,0.4,0.6,0.2,0.5239246462661362,0.0194634896345957,0,2,11.0,33,32,10,0.9696969696969696,116,112,0.9655172413793104,15,27,1.0,1.0,3.4,1.2,5,13,3,0,0.2307692307692307,0.2307692307692307,1,1,3,6,2.1,0.9,2.0,0.8,0.4,10,1776.29,1609.17,167.11,13,11,8,0.7272727272727273,262,155,0.5916030534351145,1,Wednesday,0.4658,0,0,1,1,0,1,1,2,L,1,0,matched_secondary_full_career,0,0,0,0,0,2.6390573296152584,0,2.6390573296152584
2012-01-22_Real_Madrid_Athletic_Club_528,2012-01-22,2011/12,Real Madrid,Athletic Club,La Liga,domestic_league,H,0,0.78,26.9602,9847,527,268,106,732,0.50853889943074,4.0,1,3,5,1,2,9,20,0,1,0.4,0.9,1.0,0.4,0.6,0.2,0.6667472523862954,0.013624442744217,1,0,4.0,34,33,10,0.9705882352941176,117,113,0.9658119658119658,12,24,0.8,0.8,2.4,1.2,5,4,5,0,1.25,0.75,5,3,0,1,0.75,0.25,0.75,3.25,0.25,4,1761.82,1497.54,264.27,4,81,87,1.0740740740740742,263,156,0.5931558935361216,1,Sunday,0.4767,0,0,1,1,1,2,4,1,W,2,0,matched_secondary_full_career,0,0,0,0,0,1.6094379124341003,0,1.6094379124341003
2012-01-25_Real_Madrid_Barcelona_529,2012-01-25,2011/12,Real Madrid,Barcelona,Copa del Rey,domestic_or_other_cup,A,0,0.72,26.9684,9850,528,270,106,730,0.5113636363636364,3.0,2,3,6,3,4,9,22,0,0,0.8,0.9,1.1,0.6,0.6,0.2,1.0667230766704068,0.0095371099209519,2,0,3.0,35,35,10,1.0,118,115,0.9745762711864406,12,24,0.8,0.8,2.6,1.0,5,14,4,0,0.2857142857142857,0.2857142857142857,2,1,3,7,2.1818181818181817,0.9090909090909092,2.0,0.8181818181818182,0.3636363636363636,11,1765.4,1623.64,141.76,14,12,9,0.75,239,101,0.4225941422594142,1,Wednesday,0.4849,0,0,1,1,0,1,2,2,D,1,0,matched_secondary_full_career,0,0,0,0,0,2.70805020110221,0,2.70805020110221
2012-01-28_Real_Madrid_Real_Zaragoza_530,2012-01-28,2011/12,Real Madrid,Real Zaragoza,La Liga,domestic_league,H,0,0.78,26.9766,9853,529,271,106,729,0.5122873345935728,3.0,2,4,7,4,4,9,23,0,0,0.8,0.9,1.15,0.6,0.6,0.2,1.0467061536692848,0.0066759769446663,3,0,3.0,36,36,10,1.0,119,116,0.9747899159663864,10,22,0.6,0.8,2.0,1.2,5,4,5,2,1.25,0.75,4,4,0,0,0.0,0.0,0.5,4.25,0.0,4,1761.53,1477.87,283.67,4,82,89,1.0853658536585369,264,158,0.5984848484848485,1,Saturday,0.4932,0,0,1,1,0,1,3,1,W,1,0,matched_secondary_full_career,0,0,0,0,0,1.6094379124341003,0,1.6094379124341003
2012-02-04_Real_Madrid_Getafe_531,2012-02-04,2011/12,Real Madrid,Getafe,La Liga,domestic_league,A,0,0.78,26.9958,9860,530,272,106,728,0.5132075471698113,7.0,1,3,7,4,5,10,21,0,0,1.0,1.0,1.05,0.8,0.7,0.2,1.0326943075684991,0.0046731838612664,4,0,7.0,37,37,10,1.0,120,117,0.975,10,25,0.6,0.8,2.4,1.4,5,4,8,1,2.0,1.0,6,4,0,0,0.0,0.0,1.5,3.75,0.0,4,1764.8,1481.28,283.52,4,83,90,1.0843373493975903,240,102,0.425,2,Saturday,0.5123,0,0,0,0,0,0,1,0,W,0,0,matched_secondary_full_career,0,0,0,0,0,1.6094379124341003,0,1.6094379124341003
2012-02-12_Real_Madrid_Levante_532,2012-02-12,2011/12,Real Madrid,Levante,La Liga,domestic_league,H,0,0.78,27.0177,9868,531,272,106,728,0.512241054613936,8.0,0,1,6,2,5,9,21,0,0,1.0,0.9,1.05,0.8,0.6,0.2,0.7228860152979495,0.0032712287028865,0,1,15.0,38,37,10,0.9736842105263158,121,117,0.9669421487603306,10,25,0.6,0.8,2.2,1.2,5,4,3,2,0.75,0.25,3,2,1,1,1.0,0.5,0.25,2.5,0.5,4,1768.07,1512.06,256.01,4,84,90,1.0714285714285714,265,159,0.6,2,Sunday,0.5342,0,0,0,1,1,3,4,2,W,3,1,matched_secondary_full_career,0,0,0,0,0,1.6094379124341003,0,1.6094379124341003
2012-02-18_Real_Madrid_Racing_Santander_533,2012-02-18,2011/12,Real Madrid,Racing Santander,La Liga,domestic_league,H,0,0.78,27.0341,9874,532,275,107,725,0.5169172932330827,6.0,1,2,5,4,7,9,24,1,1,1.4,0.9,1.2,0.8,0.6,0.2,1.4060202107085646,0.3022898600920205,1,0,6.0,39,40,11,1.0256410256410255,122,120,0.9836065573770492,13,25,0.8,1.0,2.8,1.2,5,3,5,0,1.6666666666666667,0.6666666666666666,5,2,1,0,0.3333333333333333,0.3333333333333333,0.3333333333333333,2.6666666666666665,0.3333333333333333,3,1771.8,1494.58,277.22,3,85,93,1.0941176470588236,266,162,0.6090225563909775,2,Saturday,0.5507,0,0,0,1,0,1,4,0,W,1,0,matched_secondary_full_career,0,0,0,0,0,1.3862943611198906,0,1.3862943611198906
2012-02-21_Real_Madrid_CSKA_Moscow_534,2012-02-21,2011/12,Real Madrid,CSKA Moscow,UEFA Champions League,continental_club,A,0,0.94,27.0423,9877,533,276,107,724,0.5178236397748592,3.0,1,2,6,4,6,10,23,1,1,1.2,1.0,1.15,0.8,0.7,0.2,1.2842141474959952,0.2116029020644143,2,0,3.0,40,41,11,1.025,123,121,0.983739837398374,13,25,0.8,1.0,2.8,1.0,5,0,0,0,0.0,0.0,0,0,0,0,0.0,0.0,0.0,0.0,0.0,0,1775.17,1500.0,275.17,0,74,31,0.4189189189189189,241,102,0.4232365145228215,2,Tuesday,0.5589,0,0,0,1,0,1,1,1,D,1,0,matched_secondary_full_career,1,0,0,0,1,0.0,1,0.0
2012-02-26_Real_Madrid_Rayo_Vallecano_535,2012-02-26,2011/12,Real Madrid,Rayo Vallecano,La Liga,domestic_league,A,0,0.78,27.056,9882,534,277,107,723,0.5187265917602997,5.0,1,3,5,5,6,10,21,1,1,1.2,1.0,1.05,0.8,0.7,0.2,1.1989499032471966,0.14812203144509,3,0,5.0,41,42,11,1.024390243902439,124,122,0.9838709677419356,13,23,0.8,1.0,2.6,0.8,5,1,3,0,3.0,1.0,3,1,0,0,0.0,0.0,2.0,6.0,0.0,1,1768.58,1495.62,272.96,1,86,94,1.0930232558139534,242,103,0.4256198347107438,2,Sunday,0.5726,0,0,0,1,0,1,1,0,W,1,0,matched_secondary_full_career,0,0,0,0,0,0.6931471805599453,0,0.6931471805599453
2012-02-29_Portugal_Poland_536,2012-02-29,2011/12,Portugal,Poland,International Friendly,international,A,1,0.35,27.0642,9885,535,278,107,722,0.5196261682242991,3.0,1,3,5,3,6,11,22,1,1,1.2,1.1,1.1,0.8,0.8,0.2,1.1392649322730375,0.103685422011563,4,0,3.0,42,43,11,1.0238095238095235,87,32,0.367816091954023,10,22,0.6,0.8,3.2,1.4,5,2,1,0,0.5,0.5,1,0,1,1,2.0,1.0,2.0,1.5,0.0,2,1640.85,1515.38,125.47,2,28,5,0.1785714285714285,243,104,0.4279835390946502,2,Wednesday,0.5808,0,0,0,0,0,0,0,0,D,0,0,matched_secondary_full_career,0,0,0,0,0,1.0986122886681098,0,1.0986122886681098
2012-03-04_Real_Madrid_Espanyol_537,2012-03-04,2011/12,Real Madrid,Espanyol,La Liga,domestic_league,H,0,0.78,27.0752,9889,536,278,107,722,0.5186567164179104,4.0,2,3,6,2,6,11,20,1,1,1.2,1.1,1.0,0.8,0.8,0.2,0.7974854525911262,0.0725797954080941,0,1,7.0,43,43,11,1.0,125,123,0.984,13,23,0.8,1.0,2.2,0.6,5,4,2,4,0.5,0.5,1,4,0,0,0.0,0.0,0.0,2.75,0.0,4,1772.02,1477.22,294.79,4,87,95,1.091954022988506,267,163,0.6104868913857678,3,Sunday,0.5918,0,0,0,1,0,1,5,0,W,1,0,matched_secondary_full_career,0,0,0,0,0,1.6094379124341003,0,1.6094379124341003
2012-03-10_Real_Madrid_Real_Betis_538,2012-03-10,2011/12,Real Madrid,Real Betis,La Liga,domestic_league,A,0,0.78,27.0916,9895,537,279,107,721,0.5195530726256983,6.0,1,3,6,2,4,11,20,0,1,0.8,1.1,1.0,0.8,0.8,0.2,0.8582398168137884,0.0508058567856658,1,0,6.0,44,44,11,1.0,126,124,0.984126984126984,13,23,0.8,1.0,3.0,0.6,5,1,0,2,0.0,0.0,0,1,0,0,0.0,0.0,1.0,4.0,0.0,1,1775.11,1495.86,279.26,1,88,96,1.0909090909090908,244,104,0.4262295081967213,3,Saturday,0.6082,0,0,0,1,1,2,3,2,W,2,0,matched_secondary_full_career,0,0,0,0,0,0.6931471805599453,0,0.6931471805599453
2012-03-14_Real_Madrid_CSKA_Moscow_539,2012-03-14,2011/12,Real Madrid,CSKA Moscow,UEFA Champions League,continental_club,H,0,0.94,27.1025,9899,538,281,107,719,0.5223048327137546,4.0,1,3,6,3,5,11,20,0,1,1.0,1.1,1.0,0.8,0.8,0.2,1.200767871769652,0.0355640997499661,2,0,4.0,45,46,11,1.022222222222222,127,126,0.9921259842519684,13,26,0.8,1.0,2.8,0.6,5,1,1,0,1.0,1.0,1,0,1,0,1.0,1.0,1.0,1.0,0.0,1,1778.45,1506.6,271.86,1,75,32,0.4266666666666667,268,164,0.6119402985074627,3,Wednesday,0.6192,0,0,0,1,1,2,4,1,W,2,0,matched_secondary_full_career,0,0,0,0,0,0.6931471805599453,0,0.6931471805599453
2012-03-18_Real_Madrid_Malaga_540,2012-03-18,2011/12,Real Madrid,Malaga,La Liga,domestic_league,H,0,0.78,27.1135,9903,539,283,107,717,0.5250463821892394,4.0,1,3,7,5,6,12,21,0,1,1.2,1.2,1.05,0.8,0.8,0.3,1.4405375102387563,0.0248948698249762,3,0,4.0,46,48,11,1.0434782608695652,128,128,1.0,13,26,0.8,1.0,2.8,0.8,5,7,10,2,1.4285714285714286,0.5714285714285714,3,6,1,0,0.1428571428571428,0.1428571428571428,0.5714285714285714,3.142857142857143,0.0,7,1781.91,1477.1,304.81,7,89,98,1.101123595505618,269,166,0.6171003717472119,3,Sunday,0.6301,0,0,0,0,0,0,1,1,D,0,1,matched_secondary_full_career,0,0,0,0,0,2.0794415416798357,0,2.0794415416798357
2012-03-21_Real_Madrid_Villarreal_541,2012-03-21,2011/12,Real Madrid,Villarreal,La Liga,domestic_league,A,0,0.78,27.1217,9906,540,283,108,717,0.524074074074074,3.0,2,3,7,4,5,11,21,1,2,1.0,1.1,1.05,0.6,0.7,0.3,1.0083762571671293,0.3174264088774833,0,1,7.0,47,48,12,1.0212765957446808,129,128,0.992248062015504,13,26,0.8,1.0,2.8,0.8,5,9,7,3,0.7777777777777778,0.4444444444444444,5,5,0,0,0.0,0.0,1.0,3.6,0.0,5,1774.86,1487.57,287.29,9,90,98,1.0888888888888888,245,106,0.4326530612244898,3,Wednesday,0.6384,0,0,0,1,0,1,1,1,D,1,0,matched_secondary_full_career,0,0,0,0,0,2.302585092994046,0,2.302585092994046
2012-03-24_Real_Madrid_Real_Sociedad_542,2012-03-24,2011/12,Real Madrid,Real Sociedad,La Liga,domestic_league,H,0,0.78,27.1299,9909,541,284,108,716,0.5249537892791127,3.0,2,4,7,3,6,12,21,1,2,1.2,1.2,1.05,0.8,0.8,0.3,1.0058633800169905,0.2221984862142383,1,0,3.0,48,49,12,1.0208333333333333,130,129,0.9923076923076924,11,24,0.6,1.0,2.8,1.0,5,3,2,1,0.6666666666666666,0.3333333333333333,2,3,0,0,0.0,0.0,0.6666666666666666,2.333333333333333,0.0,3,1768.07,1486.52,281.55,3,91,99,1.0879120879120878,270,166,0.6148148148148148,3,Saturday,0.6466,0,0,0,1,1,2,5,1,W,2,0,matched_secondary_full_career,0,0,0,0,0,1.3862943611198906,0,1.3862943611198906
2012-03-27_Real_Madrid_Apoel_Nicosia_543,2012-03-27,2011/12,Real Madrid,Apoel Nicosia,UEFA Champions League,continental_club,A,0,0.94,27.1381,9912,542,286,108,714,0.5276752767527675,3.0,2,4,8,3,7,11,20,1,1,1.4,1.1,1.0,0.8,0.8,0.3,1.3041043660118934,0.1555389403499668,2,0,3.0,49,51,12,1.0408163265306123,131,131,1.0,11,24,0.6,1.0,2.8,1.2,5,0,0,0,0.0,0.0,0,0,0,0,0.0,0.0,0.0,0.0,0.0,0,1771.38,1500.0,271.38,0,76,34,0.4473684210526316,246,107,0.4349593495934959,3,Tuesday,0.6548,0,0,0,0,0,0,3,0,W,0,0,matched_secondary_full_career,1,0,0,0,1,0.0,1,0.0
2012-03-31_Real_Madrid_Osasuna_544,2012-03-31,2011/12,Real Madrid,Osasuna,La Liga,domestic_league,A,0,0.78,27.1491,9916,543,286,108,714,0.5267034990791897,4.0,2,4,7,3,5,10,20,1,1,1.0,1.0,1.0,0.6,0.7,0.3,0.9128730562083252,0.1088772582449767,0,1,7.0,50,51,12,1.02,132,131,0.9924242424242424,11,24,0.6,1.0,2.8,0.8,5,5,5,1,1.0,0.4,3,3,1,1,0.8,0.4,0.8,2.2,0.4,5,1774.84,1502.65,272.19,5,92,101,1.0978260869565215,247,107,0.4331983805668016,3,Saturday,0.6658,0,0,0,1,1,2,5,1,W,2,2,matched_secondary_full_career,0,0,0,0,0,1.791759469228055,0,1.791759469228055
2012-04-04_Real_Madrid_Apoel_Nicosia_545,2012-04-04,2011/12,Real Madrid,Apoel Nicosia,UEFA Champions League,continental_club,H,0,0.94,27.16,9920,544,288,110,712,0.5294117647058824,4.0,1,4,7,4,5,11,21,3,3,1.0,1.1,1.05,0.6,0.7,0.4,1.2390111393458276,0.6762140807714837,1,0,4.0,51,53,14,1.03921568627451,133,133,1.0,11,24,0.6,1.0,3.0,0.8,5,1,0,0,0.0,0.0,0,1,0,0,0.0,0.0,0.0,3.0,0.0,1,1778.3,1496.53,281.76,1,77,34,0.4415584415584415,271,168,0.6199261992619927,4,Wednesday,0.6767,0,0,0,1,1,2,5,2,W,2,0,matched_secondary_full_career,0,0,0,0,0,0.6931471805599453,0,0.6931471805599453
2012-04-08_Real_Madrid_Valencia_546,2012-04-08,2011/12,Real Madrid,Valencia,La Liga,domestic_league,H,0,0.78,27.171,9924,545,290,110,710,0.5321100917431193,4.0,1,3,8,4,7,12,23,2,3,1.4,1.2,1.15,0.8,0.7,0.5,1.4673077975420794,0.4733498565400386,2,0,4.0,52,55,14,1.0576923076923077,134,135,1.007462686567164,13,26,0.8,1.0,3.8,1.0,5,4,4,0,1.0,0.75,3,4,0,0,0.0,0.0,1.25,3.25,0.0,4,1781.59,1481.82,299.78,4,93,103,1.10752688172043,272,170,0.625,4,Sunday,0.6877,0,0,0,0,0,0,0,0,D,0,0,matched_secondary_full_career,0,0,0,0,0,1.6094379124341003,0,1.6094379124341003
2012-04-11_Real_Madrid_Atletico_Madrid_547,2012-04-11,2011/12,Real Madrid,Atletico Madrid,La Liga,domestic_league,A,0,0.78,27.1792,9927,546,290,110,710,0.5311355311355311,3.0,2,3,8,4,6,12,23,2,3,1.2,1.2,1.15,0.6,0.7,0.5,1.0271154582794555,0.331344899578027,0,1,7.0,53,55,14,1.0377358490566038,135,135,1.0,13,24,0.8,1.0,3.6,0.8,5,6,4,1,0.6666666666666666,0.5,3,6,0,0,0.0,0.0,0.8333333333333334,2.5,0.0,6,1774.62,1473.6,301.01,6,94,103,1.0957446808510638,248,109,0.439516129032258,4,Wednesday,0.6959,0,0,0,1,1,3,4,1,W,3,1,matched_secondary_full_career,0,0,0,0,0,1.9459101490553132,0,1.9459101490553132
2012-04-14_Real_Madrid_Sporting_Gijon_548,2012-04-14,2011/12,Real Madrid,Sporting Gijon,La Liga,domestic_league,H,0,0.78,27.1874,9930,547,293,111,707,0.5356489945155393,3.0,2,4,8,5,7,14,25,3,4,1.4,1.4,1.25,0.6,0.7,0.6,1.618980820795619,0.5319414297046189,1,0,3.0,54,58,15,1.0740740740740742,136,138,1.0147058823529411,13,24,0.8,1.0,3.4,0.8,5,3,1,1,0.3333333333333333,0.3333333333333333,1,3,0,0,0.0,0.0,0.3333333333333333,2.333333333333333,0.0,3,1777.62,1484.99,292.64,3,95,106,1.1157894736842104,273,170,0.6227106227106227,4,Saturday,0.7041,0,0,0,1,0,1,3,1,W,1,0,matched_secondary_full_career,0,0,0,0,0,1.3862943611198906,0,1.3862943611198906
2012-04-17_Real_Madrid_Bayern_Munich_549,2012-04-17,2011/12,Real Madrid,Bayern Munich,UEFA Champions League,continental_club,A,0,0.94,27.1956,9933,548,294,111,706,0.5364963503649635,3.0,2,4,9,4,8,13,24,3,4,1.6,1.3,1.2,0.8,0.7,0.5,1.433286574556933,0.3723590007932332,2,0,3.0,55,59,15,1.0727272727272728,137,139,1.0145985401459854,13,24,0.8,1.0,3.4,1.0,5,0,0,0,0.0,0.0,0,0,0,0,0.0,0.0,0.0,0.0,0.0,0,1780.75,1500.0,280.75,0,78,36,0.4615384615384615,249,112,0.4497991967871486,4,Tuesday,0.7123,0,0,0,0,0,0,1,2,L,0,1,matched_secondary_full_career,1,0,0,0,1,0.0,1,0.0
2012-04-21_Real_Madrid_Barcelona_550,2012-04-21,2011/12,Real Madrid,Barcelona,La Liga,domestic_league,A,0,0.78,27.2066,9937,549,294,112,706,0.5355191256830601,4.0,2,4,8,4,6,11,23,2,5,1.2,1.1,1.15,0.6,0.6,0.4,1.003300602189853,0.5606513005552631,0,1,7.0,56,59,16,1.0535714285714286,138,139,1.0072463768115942,10,21,0.6,0.8,2.6,1.2,5,15,5,0,0.3333333333333333,0.3333333333333333,2,1,4,7,2.083333333333333,0.9166666666666666,2.0,0.9166666666666666,0.3333333333333333,12,1764.07,1627.51,136.55,15,96,107,1.1145833333333333,250,112,0.448,4,Saturday,0.7233,0,0,0,1,0,1,2,1,W,1,0,matched_secondary_full_career,0,0,0,0,0,2.772588722239781,0,2.772588722239781
2012-04-25_Real_Madrid_Bayern_Munich_551,2012-04-25,2011/12,Real Madrid,Bayern Munich,UEFA Champions League,continental_club,H,0,0.94,27.2175,9941,550,295,112,705,0.5363636363636364,4.0,1,4,8,2,5,12,23,2,4,1.0,1.2,1.15,0.6,0.7,0.4,1.002310421532897,0.3924559103886841,1,0,4.0,57,60,16,1.0526315789473684,139,140,1.0071942446043165,10,23,0.6,0.8,2.0,1.0,5,1,0,1,0.0,0.0,0,0,0,1,3.0,1.0,2.0,1.0,0.0,1,1770.33,1516.69,253.64,1,79,36,0.4556962025316455,274,171,0.6240875912408759,4,Wednesday,0.7342,0,0,0,1,1,2,2,1,W,2,0,matched_secondary_full_career,0,0,0,0,0,0.6931471805599453,0,0.6931471805599453
2012-04-29_Real_Madrid_Sevilla_552,2012-04-29,2011/12,Real Madrid,Sevilla,La Liga,domestic_league,H,0,0.78,27.2285,9945,551,297,112,703,0.5390199637023594,4.0,1,3,8,3,7,13,25,2,4,1.4,1.3,1.25,0.8,0.7,0.5,1.301617295073028,0.2747191372720789,2,0,4.0,58,62,16,1.0689655172413792,140,142,1.0142857142857142,12,25,0.8,0.8,2.4,1.2,5,6,8,0,1.3333333333333333,0.5,7,6,0,0,0.0,0.0,1.0,3.1666666666666665,0.0,6,1774.1,1473.36,300.74,6,97,108,1.11340206185567,275,173,0.6290909090909091,4,Sunday,0.7452,0,0,0,1,0,1,3,0,W,1,0,matched_secondary_full_career,0,0,0,0,0,1.9459101490553132,0,1.9459101490553132
2012-05-02_Real_Madrid_Athletic_Club_553,2012-05-02,2011/12,Real Madrid,Athletic Club,La Liga,domestic_league,A,0,0.78,27.2367,9948,552,298,112,702,0.5398550724637681,3.0,2,3,8,4,5,12,23,1,4,1.0,1.2,1.15,0.8,0.7,0.4,1.2111321065511196,0.1923033960904552,3,0,3.0,59,63,16,1.0677966101694916,141,143,1.0141843971631206,12,25,0.8,0.8,2.2,1.0,5,5,7,0,1.4,0.8,6,4,0,1,0.6,0.2,0.8,3.4,0.2,5,1777.1,1493.96,283.15,5,98,109,1.1122448979591837,251,113,0.450199203187251,5,Wednesday,0.7534,0,0,0,1,0,1,3,0,W,1,1,matched_secondary_full_career,0,0,0,0,0,1.791759469228055,0,1.791759469228055
2012-05-05_Real_Madrid_Granada_CF_554,2012-05-05,2011/12,Real Madrid,Granada CF,La Liga,domestic_league,A,0,0.78,27.2449,9951,553,299,113,701,0.5406871609403255,3.0,2,4,8,4,5,13,23,2,5,1.0,1.3,1.15,0.8,0.8,0.4,1.1477924745857837,0.4346123772633186,4,0,3.0,60,64,17,1.0666666666666669,142,144,1.0140845070422535,12,25,0.8,0.8,2.2,0.8,5,1,1,0,1.0,1.0,1,1,0,0,0.0,0.0,1.0,5.0,0.0,1,1780.38,1496.45,283.93,1,99,110,1.1111111111111112,252,114,0.4523809523809524,5,Saturday,0.7616,0,0,0,1,0,1,2,1,W,1,0,matched_secondary_full_career,0,0,0,0,0,0.6931471805599453,0,0.6931471805599453
2012-05-13_Real_Madrid_Mallorca_555,2012-05-13,2011/12,Real Madrid,Mallorca,La Liga,domestic_league,H,0,0.78,27.2668,9959,554,300,113,700,0.5415162454873647,8.0,0,3,7,3,6,12,23,1,3,1.2,1.2,1.15,1.0,0.8,0.3,1.1034547322100483,0.304228664084323,5,0,8.0,61,65,17,1.0655737704918034,143,145,1.013986013986014,15,25,1.0,1.0,2.4,0.6,5,5,3,0,0.6,0.2,0,4,1,0,0.2,0.2,0.4,1.8,0.2,5,1783.65,1483.75,299.89,5,100,111,1.11,276,174,0.6304347826086957,5,Sunday,0.7836,0,0,0,1,0,1,4,1,W,1,0,matched_secondary_full_career,0,0,0,0,0,1.791759469228055,0,1.791759469228055
2012-05-26_Portugal_North_Macedonia_556,2012-05-26,2011/12,Portugal,North Macedonia,International Friendly,international,H,1,0.35,27.3024,9972,555,301,113,699,0.5423423423423424,13.0,0,1,4,3,6,11,23,1,3,1.2,1.1,1.15,1.0,0.8,0.2,1.072418312547034,0.2129600648590261,6,0,13.0,62,66,17,1.064516129032258,88,32,0.3636363636363636,8,20,0.4,0.8,2.4,1.4,5,0,0,0,0.0,0.0,0,0,0,0,0.0,0.0,0.0,0.0,0.0,0,1637.39,1500.0,137.39,0,29,5,0.1724137931034483,277,175,0.631768953068592,5,Saturday,0.8192,0,1,0,0,0,0,0,0,D,0,0,matched_secondary_full_career,1,0,0,0,1,0.0,1,0.0
2012-06-02_Portugal_Türkiye_557,2012-06-02,2011/12,Portugal,Türkiye,International Friendly,international,H,1,0.35,27.3216,9979,556,301,113,699,0.5413669064748201,7.0,1,1,3,2,4,11,23,1,3,0.8,1.1,1.15,0.8,0.8,0.2,0.7506928187829237,0.1490720454013182,0,1,20.0,63,66,17,1.0476190476190477,89,32,0.3595505617977528,6,18,0.2,0.8,1.4,0.8,5,1,0,0,0.0,0.0,0,1,0,0,0.0,0.0,0.0,2.0,0.0,1,1633.63,1493.06,140.57,1,30,5,0.1666666666666666,278,175,0.6294964028776978,6,Saturday,0.8384,0,1,0,0,0,0,1,3,L,0,1,matched_secondary_full_career,0,0,0,0,0,0.6931471805599453,0,0.6931471805599453
2012-06-09_Portugal_Germany_558,2012-06-09,2011/12,Portugal,Germany,Euro Championship,international,A,1,0.95,27.3407,9986,557,301,114,699,0.5403949730700179,7.0,1,2,3,1,3,8,22,2,3,0.6,0.8,1.1,0.6,0.7,0.1,0.5254849731480465,0.4043504317809228,0,2,27.0,64,66,18,1.03125,90,32,0.3555555555555555,6,18,0.2,0.8,1.4,1.0,5,2,0,0,0.0,0.0,0,0,0,2,3.0,1.0,3.0,1.5,0.0,2,1619.79,1526.46,93.33,2,9,3,0.3333333333333333,253,115,0.4545454545454545,6,Saturday,0.8575,0,1,0,0,0,0,0,1,L,0,0,matched_secondary_full_career,0,0,0,0,0,1.0986122886681098,0,1.0986122886681098
2012-06-13_Portugal_Denmark_559,2012-06-13,2011/12,Portugal,Denmark,Euro Championship,international,A,1,0.95,27.3517,9990,558,301,114,699,0.5394265232974911,4.0,1,2,3,0,2,7,20,1,3,0.4,0.7,1.0,0.4,0.6,0.1,0.3678394812036326,0.2830453022466459,0,3,31.0,65,66,18,1.015384615384615,91,32,0.3516483516483517,5,15,0.2,0.6,1.4,1.2,5,4,2,2,0.5,0.5,2,1,1,2,1.75,0.75,2.0,1.75,0.0,4,1607.17,1522.64,84.52,4,10,3,0.3,254,115,0.452755905511811,6,Wednesday,0.8685,0,1,0,0,0,0,3,2,W,0,0,matched_secondary_full_career,0,0,0,0,0,1.6094379124341003,0,1.6094379124341003
2012-06-17_Portugal_Netherlands_560,2012-06-17,2011/12,Portugal,Netherlands,Euro Championship,international,H,1,0.95,27.3626,9994,559,301,114,699,0.5384615384615384,4.0,1,2,4,0,1,7,18,1,2,0.2,0.7,0.9,0.2,0.6,0.1,0.2574876368425428,0.1981317115726521,0,4,35.0,66,66,18,1.0,92,32,0.3478260869565217,5,15,0.2,0.6,0.8,1.2,5,2,1,1,0.5,0.5,1,2,0,0,0.0,0.0,0.5,1.5,0.0,2,1614.78,1484.89,129.89,2,11,3,0.2727272727272727,279,175,0.6272401433691757,6,Sunday,0.8795,0,1,0,1,1,2,2,1,W,2,0,matched_secondary_full_career,0,0,0,0,0,1.0986122886681098,0,1.0986122886681098
2012-06-21_Portugal_Czech_Republic_561,2012-06-21,2011/12,Portugal,Czech Republic,Euro Championship,international,A,1,0.95,27.3736,9998,560,303,114,697,0.5410714285714285,4.0,1,3,5,2,2,8,20,1,2,0.4,0.8,1.0,0.2,0.6,0.2,0.7802413457897799,0.1386921981008564,1,0,4.0,67,68,18,1.0149253731343284,93,34,0.3655913978494624,7,15,0.4,0.6,1.2,1.4,5,1,1,1,1.0,1.0,1,1,0,0,0.0,0.0,1.0,3.0,0.0,1,1621.21,1493.24,127.96,1,12,5,0.4166666666666667,255,115,0.4509803921568627,6,Thursday,0.8904,0,1,0,1,0,1,1,0,W,1,0,matched_secondary_full_career,0,0,0,0,0,0.6931471805599453,0,0.6931471805599453
2012-06-27_Portugal_Spain_562,2012-06-27,2011/12,Portugal,Spain,Euro Championship,international,H,1,0.95,27.39,10004,561,304,114,696,0.5418894830659536,6.0,1,3,5,3,3,7,20,1,2,0.6,0.7,1.0,0.4,0.6,0.1,0.8461689420528458,0.0970845386705995,2,0,6.0,68,69,18,1.0147058823529411,94,35,0.3723404255319149,9,15,0.6,0.6,1.4,1.4,5,3,0,0,0.0,0.0,0,2,0,1,1.0,0.3333333333333333,0.3333333333333333,1.6666666666666667,0.3333333333333333,3,1627.68,1498.31,129.38,3,13,6,0.4615384615384615,280,177,0.6321428571428571,6,Wednesday,0.9068,0,1,0,0,0,0,0,0,D,0,0,matched_secondary_full_career,0,0,0,0,0,1.3862943611198906,0,1.3862943611198906
2012-08-15_Portugal_Panama_563,2012-08-15,2012/13,Portugal,Panama,International Friendly,international,H,1,0.35,27.5242,10053,562,304,114,696,0.5409252669039146,49.0,0,0,0,3,3,6,18,0,2,0.6,0.6,0.9,0.4,0.5,0.1,0.592318259436992,0.0679591770694196,0,1,55.0,0,0,0,0.0,95,35,0.3684210526315789,10,16,0.6,0.8,1.2,0.8,5,0,0,0,0.0,0.0,0,0,0,0,0.0,0.0,0.0,0.0,0.0,0,1624.12,1500.0,124.12,0,31,5,0.1612903225806451,281,177,0.6298932384341637,8,Wednesday,0.0385,1,0,0,1,0,1,2,0,W,1,0,matched_secondary_full_career,1,0,0,0,1,0.0,1,0.0
2012-08-19_Real_Madrid_Valencia_564,2012-08-19,2012/13,Real Madrid,Valencia,La Liga,domestic_league,H,0,0.78,27.5351,10057,563,305,114,695,0.5417406749555951,4.0,1,1,1,2,4,6,19,0,1,0.8,0.6,0.95,0.6,0.5,0.1,0.7146227816058943,0.0475714239485937,1,0,4.0,1,1,0,1.0,144,146,1.0138888888888888,15,25,1.0,1.0,2.8,0.6,5,5,4,0,0.8,0.6,1,4,1,0,0.2,0.2,1.0,2.6,0.2,5,1786.67,1488.79,297.87,5,101,112,1.108910891089109,282,178,0.6312056737588653,8,Sunday,0.0495,1,0,0,0,0,0,1,1,D,0,0,matched_secondary_full_career,0,0,0,0,0,1.791759469228055,0,1.791759469228055
2012-08-23_Real_Madrid_Barcelona_565,2012-08-23,2012/13,Real Madrid,Barcelona,Supercopa de Espana,domestic_or_other_cup,A,0,0.82,27.5461,10061,564,305,114,695,0.5407801418439716,4.0,1,2,2,1,4,5,17,0,1,0.8,0.5,0.85,0.6,0.4,0.1,0.500235947124126,0.0332999967640156,0,1,8.0,2,1,0,0.5,145,146,1.006896551724138,13,25,0.8,1.0,2.6,0.6,5,16,6,0,0.375,0.375,3,2,4,7,1.9230769230769231,0.8461538461538461,1.9230769230769231,1.0,0.3076923076923077,13,1779.72,1621.25,158.47,16,2,1,0.5,256,116,0.453125,8,Thursday,0.0604,1,0,0,1,0,1,2,3,L,1,0,matched_secondary_full_career,0,0,0,0,0,2.833213344056216,0,2.833213344056216
2012-08-26_Real_Madrid_Getafe_566,2012-08-26,2012/13,Real Madrid,Getafe,La Liga,domestic_league,A,0,0.78,27.5543,10064,565,306,114,694,0.5415929203539823,3.0,2,3,3,2,3,5,16,0,1,0.6,0.5,0.8,0.6,0.4,0.1,0.6501651629868881,0.0233099977348109,1,0,3.0,3,2,0,0.6666666666666666,146,147,1.0068493150684932,10,22,0.6,0.8,2.4,1.2,5,5,8,1,1.6,0.8,4,5,0,0,0.0,0.0,1.2,3.2,0.0,5,1765.45,1478.01,287.44,5,102,112,1.0980392156862746,257,117,0.4552529182879377,8,Sunday,0.0687,1,0,0,0,0,0,1,2,L,0,0,matched_secondary_full_career,0,0,0,0,0,1.791759469228055,0,1.791759469228055
2012-08-29_Real_Madrid_Barcelona_567,2012-08-29,2012/13,Real Madrid,Barcelona,Supercopa de Espana,domestic_or_other_cup,H,0,0.82,27.5625,10067,566,306,114,694,0.5406360424028268,3.0,2,4,4,1,2,5,16,0,1,0.4,0.5,0.8,0.4,0.4,0.1,0.4551156140908216,0.0163169984143676,0,1,6.0,4,2,0,0.5,147,147,1.0,7,19,0.4,0.6,2.0,1.6,5,17,7,0,0.4117647058823529,0.4117647058823529,3,2,4,8,2.0,0.8571428571428571,2.0,1.0714285714285714,0.2857142857142857,14,1748.66,1635.52,113.14,17,3,2,0.6666666666666666,283,178,0.6289752650176679,8,Wednesday,0.0769,1,0,0,1,0,1,2,1,W,1,0,matched_secondary_full_career,0,0,0,0,0,2.8903717578961645,0,2.8903717578961645
2012-09-02_Real_Madrid_Granada_CF_568,2012-09-02,2012/13,Real Madrid,Granada CF,La Liga,domestic_league,H,0,0.78,27.5735,10071,567,307,114,693,0.5414462081128748,4.0,2,4,5,2,3,6,14,0,0,0.6,0.6,0.7,0.6,0.5,0.1,0.6185809298635752,0.0114218988900573,1,0,4.0,5,3,0,0.6,148,148,1.0,7,22,0.4,0.6,2.0,1.6,5,2,2,0,1.0,1.0,2,2,0,0,0.0,0.0,1.0,3.5,0.0,2,1755.51,1493.18,262.33,2,103,112,1.087378640776699,284,179,0.6302816901408451,9,Sunday,0.0879,1,0,0,1,1,2,3,0,W,2,0,matched_secondary_full_career,0,0,0,0,0,1.0986122886681098,0,1.0986122886681098
2012-09-07_Portugal_Luxembourg_569,2012-09-07,2012/13,Portugal,Luxembourg,World Cup - Qualification Europe,international,A,1,0.76,27.5872,10076,568,309,114,691,0.5440140845070423,5.0,1,3,6,3,4,8,15,0,0,0.8,0.8,0.75,0.6,0.6,0.2,1.0330066509045026,0.0079953292230401,2,0,5.0,6,5,0,0.8333333333333334,96,36,0.375,13,18,0.8,1.0,1.6,0.6,5,5,2,1,0.4,0.4,1,5,0,0,0.0,0.0,0.0,4.4,0.0,5,1630.69,1463.06,167.63,5,19,7,0.3684210526315789,258,117,0.4534883720930232,9,Friday,0.1016,1,0,0,1,0,1,2,1,W,1,0,matched_secondary_full_career,0,0,0,0,0,1.791759469228055,0,1.791759469228055
2012-09-11_Portugal_Azerbaijan_570,2012-09-11,2012/13,Portugal,Azerbaijan,World Cup - Qualification Europe,international,H,1,0.76,27.5981,10080,569,310,114,690,0.5448154657293497,4.0,1,3,7,4,5,9,16,0,0,1.0,0.9,0.8,0.8,0.7,0.2,1.0231046556331518,0.0055967304561281,3,0,4.0,7,6,0,0.8571428571428571,97,37,0.3814432989690721,13,18,0.8,1.0,1.4,0.4,5,2,2,0,1.0,0.5,2,2,0,0,0.0,0.0,0.0,2.5,0.0,2,1636.21,1485.58,150.63,2,20,8,0.4,285,181,0.6350877192982456,9,Tuesday,0.1126,1,0,0,0,0,0,3,0,W,0,1,matched_secondary_full_career,0,0,0,0,0,1.0986122886681098,0,1.0986122886681098
2012-09-15_Real_Madrid_Sevilla_571,2012-09-15,2012/13,Real Madrid,Sevilla,La Liga,domestic_league,A,0,0.78,27.6091,10084,570,310,115,690,0.543859649122807,4.0,1,3,7,3,4,7,15,1,1,0.8,0.7,0.75,0.6,0.6,0.1,0.7161732589432062,0.3039177113192897,0,1,8.0,8,6,1,0.75,149,150,1.0067114093959733,7,22,0.4,0.6,1.8,1.4,5,7,9,0,1.2857142857142858,0.5714285714285714,8,7,0,0,0.0,0.0,0.8571428571428571,3.142857142857143,0.0,7,1759.13,1470.35,288.78,7,104,114,1.0961538461538465,259,118,0.4555984555984556,9,Saturday,0.1236,1,0,0,0,0,0,0,1,L,0,0,matched_secondary_full_career,0,0,0,0,0,2.0794415416798357,0,2.0794415416798357
2012-09-18_Real_Madrid_Manchester_City_572,2012-09-18,2012/13,Real Madrid,Manchester City,UEFA Champions League,continental_club,H,0,0.94,27.6173,10087,571,310,115,690,0.542907180385289,3.0,2,3,8,1,4,6,13,1,1,0.8,0.6,0.65,0.6,0.5,0.1,0.5013212812602443,0.2127423979235027,0,2,11.0,9,6,1,0.6666666666666666,150,150,1.0,6,19,0.4,0.4,1.6,1.4,5,11,4,1,0.3636363636363636,0.3636363636363636,1,0,0,0,0.0,0.0,0.0,0.0,0.0,0,1742.32,1501.12,241.2,11,80,38,0.475,286,181,0.6328671328671329,9,Tuesday,0.1319,1,0,0,1,0,1,3,2,W,1,0,matched_secondary_full_career,1,0,0,0,0,2.4849066497880004,0,2.4849066497880004
2012-09-24_Real_Madrid_Rayo_Vallecano_573,2012-09-24,2012/13,Real Madrid,Rayo Vallecano,La Liga,domestic_league,A,0,0.78,27.6337,10093,572,311,115,689,0.5437062937062938,6.0,1,3,7,1,4,7,13,1,1,0.8,0.7,0.65,0.6,0.6,0.1,0.650924896882171,0.1489196785464519,1,0,6.0,10,7,1,0.7,151,151,1.0,9,19,0.6,0.6,1.8,1.2,5,2,4,0,2.0,1.0,4,2,0,0,0.0,0.0,1.0,3.5,0.0,2,1746.31,1492.18,254.13,2,105,114,1.0857142857142856,260,118,0.4538461538461538,9,Monday,0.1484,1,0,0,1,0,1,2,0,W,1,0,matched_secondary_full_career,0,0,0,0,0,1.0986122886681098,0,1.0986122886681098
2012-09-30_Real_Madrid_Deportivo_La_Coruna_574,2012-09-30,2012/13,Real Madrid,Deportivo La Coruna,La Liga,domestic_league,H,0,0.78,27.6501,10099,573,312,115,688,0.5445026178010471,6.0,1,2,6,2,3,7,13,1,1,0.6,0.7,0.65,0.6,0.6,0.1,0.7556474278175197,0.1042437749825163,2,0,6.0,11,8,1,0.7272727272727273,152,152,1.0,12,19,0.8,0.8,2.0,0.8,5,3,3,0,1.0,0.6666666666666666,3,2,1,0,0.3333333333333333,0.3333333333333333,1.0,3.0,0.3333333333333333,3,1750.07,1490.99,259.09,3,106,115,1.0849056603773586,287,182,0.6341463414634146,9,Sunday,0.1648,1,0,0,1,1,3,5,1,W,3,0,matched_secondary_full_career,0,0,0,0,0,1.3862943611198906,0,1.3862943611198906
2012-10-03_Real_Madrid_Ajax_575,2012-10-03,2012/13,Real Madrid,Ajax,UEFA Champions League,continental_club,A,0,0.94,27.6583,10102,574,315,115,685,0.5487804878048781,3.0,1,2,6,5,5,10,15,1,1,1.0,1.0,0.75,0.6,0.7,0.2,1.4289531994722635,0.0729706424877614,3,0,3.0,12,11,1,0.9166666666666666,153,155,1.0130718954248366,12,19,0.8,0.8,2.6,0.8,5,3,3,1,1.0,0.6666666666666666,3,3,0,0,0.0,0.0,0.0,3.0,0.0,3,1753.75,1485.61,268.14,3,81,39,0.4814814814814814,261,119,0.4559386973180077,10,Wednesday,0.1731,1,0,0,1,1,3,4,1,W,3,0,matched_secondary_full_career,0,0,0,0,0,1.3862943611198906,0,1.3862943611198906
2012-10-07_Real_Madrid_Barcelona_576,2012-10-07,2012/13,Real Madrid,Barcelona,La Liga,domestic_league,A,0,0.78,27.6693,10106,575,318,115,682,0.5530434782608695,4.0,2,3,7,7,8,12,17,0,1,1.6,1.2,0.85,0.8,0.7,0.3,1.9002672396305844,0.051079449741433,4,0,4.0,13,14,1,1.0769230769230769,154,158,1.025974025974026,12,19,0.8,0.8,2.8,1.0,5,18,8,0,0.4444444444444444,0.4444444444444444,3,3,4,8,1.8666666666666667,0.8,1.933333333333333,1.1333333333333333,0.2666666666666666,15,1757.27,1628.67,128.6,18,107,118,1.102803738317757,262,122,0.465648854961832,10,Sunday,0.1841,1,0,0,1,1,2,2,2,D,2,0,matched_secondary_full_career,0,0,0,0,0,2.9444389791664403,0,2.9444389791664403
2012-10-12_Portugal_Russia_577,2012-10-12,2012/13,Portugal,Russia,World Cup - Qualification Europe,international,A,1,0.76,27.683,10111,576,320,115,680,0.5555555555555556,5.0,1,3,6,8,10,14,19,0,1,2.0,1.4,0.95,1.0,0.8,0.4,1.930187067741409,0.0357556148190031,5,0,5.0,14,16,1,1.1428571428571428,98,37,0.3775510204081632,13,20,0.8,1.0,1.6,0.2,5,3,2,2,0.6666666666666666,0.3333333333333333,2,2,1,0,0.3333333333333333,0.3333333333333333,0.3333333333333333,3.0,0.3333333333333333,3,1642.13,1485.0,157.13,3,21,8,0.3809523809523809,263,124,0.4714828897338403,10,Friday,0.1978,1,0,0,0,0,0,0,1,L,0,0,matched_secondary_full_career,0,0,0,0,0,1.3862943611198906,0,1.3862943611198906
2012-10-16_Portugal_Northern_Ireland_578,2012-10-16,2012/13,Portugal,Northern Ireland,World Cup - Qualification Europe,international,H,1,0.76,27.6939,10115,577,320,115,680,0.5545927209705372,4.0,1,3,6,5,9,13,19,0,1,1.8,1.3,0.95,0.8,0.7,0.4,1.3511309474189863,0.0250289303733021,0,1,9.0,15,16,1,1.0666666666666669,99,37,0.3737373737373737,10,19,0.6,0.8,1.4,0.4,5,1,0,0,0.0,0.0,0,0,1,0,1.0,1.0,1.0,1.0,0.0,1,1627.89,1502.89,125.0,1,22,8,0.3636363636363636,288,185,0.6423611111111112,10,Tuesday,0.2088,0,0,0,0,0,0,1,1,D,0,0,matched_secondary_full_career,0,0,0,0,0,0.6931471805599453,0,0.6931471805599453
2012-10-20_Real_Madrid_Celta_Vigo_579,2012-10-20,2012/13,Real Madrid,Celta Vigo,La Liga,domestic_league,H,0,0.78,27.7049,10119,578,320,115,680,0.5536332179930796,4.0,1,3,6,2,8,11,19,0,1,1.6,1.1,0.95,0.6,0.6,0.3,0.9457916631932904,0.0175202512613115,0,2,13.0,16,16,1,1.0,155,160,1.032258064516129,13,19,0.8,1.0,3.2,1.2,5,0,0,0,0.0,0.0,0,0,0,0,0.0,0.0,0.0,0.0,0.0,0,1753.73,1500.0,253.73,0,108,120,1.1111111111111112,289,185,0.6401384083044983,10,Saturday,0.2198,0,0,0,1,0,1,2,0,W,1,0,matched_secondary_full_career,1,0,0,0,1,0.0,1,0.0
2012-10-24_Real_Madrid_Borussia_Dortmund_580,2012-10-24,2012/13,Real Madrid,Borussia Dortmund,UEFA Champions League,continental_club,A,0,0.94,27.7158,10123,579,321,115,679,0.5544041450777202,4.0,1,3,7,1,6,11,20,0,1,1.2,1.1,1.0,0.6,0.6,0.3,0.9620541642353032,0.012264175882918,1,0,4.0,17,17,1,1.0,156,161,1.0320512820512822,13,22,0.8,1.0,3.0,0.8,5,0,0,0,0.0,0.0,0,0,0,0,0.0,0.0,0.0,0.0,0.0,0,1757.49,1500.0,257.49,0,82,42,0.5121951219512195,264,124,0.4696969696969697,10,Wednesday,0.2308,0,0,0,1,0,1,1,2,L,1,0,matched_secondary_full_career,1,0,0,0,1,0.0,1,0.0
2012-10-28_Real_Madrid_Mallorca_581,2012-10-28,2012/13,Real Madrid,Mallorca,La Liga,domestic_league,A,0,0.78,27.7268,10127,580,322,115,678,0.5551724137931034,4.0,1,3,7,2,4,12,19,0,0,0.8,1.2,0.95,0.6,0.7,0.3,0.973437914964712,0.0085849231180426,2,0,4.0,18,18,1,1.0,157,162,1.0318471337579618,10,22,0.6,0.8,2.8,1.2,5,6,4,0,0.6666666666666666,0.3333333333333333,1,5,1,0,0.1666666666666666,0.1666666666666666,0.5,2.1666666666666665,0.1666666666666666,6,1741.2,1480.73,260.47,6,109,121,1.110091743119266,265,125,0.4716981132075472,10,Sunday,0.2418,0,0,0,1,1,2,5,0,W,2,1,matched_secondary_full_career,0,0,0,0,0,1.9459101490553132,0,1.9459101490553132
2012-11-03_Real_Madrid_Real_Zaragoza_582,2012-11-03,2012/13,Real Madrid,Real Zaragoza,La Liga,domestic_league,H,0,0.78,27.7432,10133,581,324,116,676,0.5576592082616179,6.0,1,3,6,4,4,14,20,1,1,0.8,1.4,1.0,0.6,0.8,0.4,1.2814065404752983,0.3060094461826298,3,0,6.0,19,20,2,1.0526315789473684,158,164,1.0379746835443038,10,22,0.6,0.8,2.8,1.0,5,5,6,2,1.2,0.8,5,5,0,0,0.0,0.0,0.6,4.0,0.0,5,1744.85,1474.6,270.25,5,110,123,1.1181818181818182,290,186,0.6413793103448275,11,Saturday,0.2582,0,0,0,0,0,0,4,0,W,0,0,matched_secondary_full_career,0,0,0,0,0,1.791759469228055,0,1.791759469228055
2012-11-06_Real_Madrid_Borussia_Dortmund_583,2012-11-06,2012/13,Real Madrid,Borussia Dortmund,UEFA Champions League,continental_club,H,0,0.94,27.7514,10136,582,324,116,676,0.5567010309278351,3.0,1,3,7,3,4,13,20,1,1,0.8,1.3,1.0,0.6,0.7,0.4,0.8969845783327087,0.2142066123278408,0,1,9.0,20,20,2,1.0,159,164,1.0314465408805031,10,22,0.6,0.8,2.8,0.8,5,1,1,0,1.0,1.0,1,0,0,1,3.0,1.0,2.0,1.0,0.0,1,1748.33,1516.3,232.03,1,83,43,0.5180722891566265,291,186,0.6391752577319587,11,Tuesday,0.2665,0,0,0,0,0,0,2,2,D,0,0,matched_secondary_full_career,0,0,0,0,0,0.6931471805599453,0,0.6931471805599453
2012-11-11_Real_Madrid_Levante_584,2012-11-11,2012/13,Real Madrid,Levante,La Liga,domestic_league,A,0,0.78,27.7651,10141,583,324,116,676,0.5557461406518011,5.0,1,3,7,2,4,12,19,1,1,0.8,1.2,0.95,0.6,0.6,0.4,0.6278892048328961,0.1499446286294886,0,2,14.0,21,20,2,0.9523809523809524,160,164,1.025,10,23,0.6,0.8,2.8,0.8,5,5,6,3,1.2,0.4,3,3,1,1,0.8,0.4,0.6,2.8,0.4,5,1742.5,1508.34,234.16,5,111,123,1.108108108108108,266,127,0.4774436090225564,11,Sunday,0.2802,0,0,0,1,0,1,2,1,W,1,0,matched_secondary_full_career,0,0,0,0,0,1.791759469228055,0,1.791759469228055
2012-11-17_Real_Madrid_Athletic_Club_585,2012-11-17,2012/13,Real Madrid,Athletic Club,La Liga,domestic_league,H,0,0.78,27.7815,10147,584,325,116,675,0.5565068493150684,6.0,1,3,6,1,4,10,20,1,1,0.8,1.0,1.0,0.6,0.6,0.3,0.7395224433830272,0.104961240040642,1,0,6.0,22,21,2,0.9545454545454546,161,165,1.0248447204968945,10,23,0.6,0.8,2.8,1.0,5,6,8,1,1.3333333333333333,0.8333333333333334,4,5,0,1,0.5,0.1666666666666666,0.6666666666666666,3.333333333333333,0.1666666666666666,6,1746.62,1490.68,255.94,6,112,124,1.1071428571428572,292,186,0.636986301369863,11,Saturday,0.2967,0,0,0,0,0,0,5,1,W,0,0,matched_secondary_full_career,0,0,0,0,0,1.9459101490553132,0,1.9459101490553132
2012-11-21_Real_Madrid_Manchester_City_586,2012-11-21,2012/13,Real Madrid,Manchester City,UEFA Champions League,continental_club,A,0,0.94,27.7925,10151,585,325,116,675,0.5555555555555556,4.0,1,2,6,1,3,7,19,1,1,0.6,0.7,0.95,0.4,0.5,0.2,0.517665710368119,0.0734728680284494,0,1,10.0,23,21,2,0.9130434782608696,162,165,1.0185185185185186,13,23,0.8,1.0,3.6,0.8,5,12,5,1,0.4166666666666667,0.4166666666666667,2,1,0,0,0.0,0.0,2.0,3.0,0.0,1,1750.35,1497.13,253.22,12,84,43,0.5119047619047619,267,128,0.4794007490636704,11,Wednesday,0.3077,0,0,0,0,0,0,1,1,D,0,0,matched_secondary_full_career,0,0,0,0,0,2.5649493574615367,0,2.5649493574615367
2012-11-24_Real_Madrid_Real_Betis_587,2012-11-24,2012/13,Real Madrid,Real Betis,La Liga,domestic_league,A,0,0.78,27.8007,10154,586,325,116,675,0.5546075085324232,3.0,2,3,6,1,1,5,19,0,1,0.2,0.5,0.95,0.2,0.4,0.1,0.3623659972576833,0.0514310076199145,0,2,13.0,24,21,2,0.875,163,165,1.012269938650307,11,21,0.6,1.0,2.8,1.0,5,2,2,2,1.0,0.5,2,2,0,0,0.0,0.0,1.5,3.5,0.0,2,1744.13,1492.52,251.6,2,113,124,1.0973451327433628,268,128,0.4776119402985074,11,Saturday,0.3159,0,0,0,0,0,0,0,1,L,0,0,matched_secondary_full_career,0,0,0,0,0,1.0986122886681098,0,1.0986122886681098
2012-12-01_Real_Madrid_Atletico_Madrid_588,2012-12-01,2012/13,Real Madrid,Atletico Madrid,La Liga,domestic_league,H,0,0.78,27.8199,10161,587,325,116,675,0.5536626916524702,7.0,1,3,6,0,1,5,18,0,1,0.2,0.5,0.9,0.2,0.4,0.1,0.2536561980803783,0.0360017053339402,0,3,20.0,25,21,2,0.84,164,165,1.0060975609756098,8,18,0.4,0.8,2.0,1.2,5,7,7,2,1.0,0.5714285714285714,5,7,0,0,0.0,0.0,0.8571428571428571,2.7142857142857144,0.0,7,1727.93,1470.6,257.33,7,114,124,1.087719298245614,293,186,0.6348122866894198,12,Saturday,0.3352,0,0,1,1,0,1,2,0,W,1,1,matched_secondary_full_career,0,0,0,0,0,2.0794415416798357,0,2.0794415416798357
2012-12-04_Real_Madrid_Ajax_589,2012-12-04,2012/13,Real Madrid,Ajax,UEFA Champions League,continental_club,H,0,0.94,27.8281,10164,588,326,117,674,0.5544217687074829,3.0,1,3,6,1,2,6,17,1,2,0.4,0.6,0.85,0.4,0.5,0.1,0.4775593386562647,0.3252011937337581,1,0,3.0,26,22,3,0.8461538461538461,165,166,1.006060606060606,10,20,0.6,0.8,2.0,0.8,5,4,6,1,1.5,0.75,6,4,0,0,0.0,0.0,0.25,3.25,0.0,4,1731.64,1482.09,249.55,4,85,43,0.5058823529411764,294,187,0.6360544217687075,12,Tuesday,0.3434,0,0,1,1,0,1,4,1,W,1,1,matched_secondary_full_career,0,0,0,0,0,1.6094379124341003,0,1.6094379124341003
2012-12-08_Real_Madrid_Real_Valladolid_590,2012-12-08,2012/13,Real Madrid,Real Valladolid,La Liga,domestic_league,A,0,0.78,27.839,10168,589,327,118,673,0.5551782682512734,4.0,2,3,6,2,2,6,17,2,3,0.4,0.6,0.85,0.4,0.5,0.1,0.6342915370593853,0.5276408356136306,2,0,4.0,27,23,4,0.8518518518518519,166,167,1.0060240963855422,10,20,0.6,0.8,2.4,0.8,5,1,1,1,1.0,1.0,1,1,0,0,0.0,0.0,1.0,4.0,0.0,1,1735.48,1492.8,242.68,1,115,125,1.0869565217391304,269,128,0.4758364312267658,12,Saturday,0.3544,0,0,1,0,0,0,3,2,W,0,0,matched_secondary_full_career,0,0,0,0,0,0.6931471805599453,0,0.6931471805599453
2012-12-12_Real_Madrid_Celta_Vigo_591,2012-12-12,2012/13,Real Madrid,Celta Vigo,Copa del Rey,domestic_or_other_cup,A,0,0.72,27.85,10172,590,327,118,673,0.5542372881355933,4.0,1,3,6,2,2,5,17,2,3,0.4,0.5,0.85,0.4,0.4,0.1,0.4440040759415697,0.3693485849295414,0,1,8.0,28,23,4,0.8214285714285714,167,167,1.0,10,23,0.6,0.8,2.0,1.0,5,1,1,0,1.0,1.0,1,1,0,0,0.0,0.0,0.0,2.0,0.0,1,1739.44,1496.23,243.21,1,13,10,0.7692307692307693,270,128,0.4740740740740741,12,Wednesday,0.3654,0,0,1,1,0,1,1,2,L,1,0,matched_secondary_full_career,0,0,0,0,0,0.6931471805599453,0,0.6931471805599453
2012-12-16_Real_Madrid_Espanyol_592,2012-12-16,2012/13,Real Madrid,Espanyol,La Liga,domestic_league,H,0,0.78,27.8609,10176,591,328,118,672,0.5549915397631133,4.0,1,3,7,2,3,4,18,2,2,0.6,0.4,0.9,0.6,0.4,0.0,0.6108028531590988,0.2585440094506789,1,0,4.0,29,24,4,0.8275862068965517,168,168,1.0,9,20,0.6,0.6,2.0,1.2,5,5,3,4,0.6,0.6,1,5,0,0,0.0,0.0,0.0,3.2,0.0,5,1723.4,1474.13,249.27,5,116,125,1.0775862068965518,295,188,0.6372881355932203,12,Sunday,0.3764,0,0,1,1,0,1,2,2,D,1,1,matched_secondary_full_career,0,0,0,0,0,1.791759469228055,0,1.791759469228055
2012-12-22_Real_Madrid_Malaga_593,2012-12-22,2012/13,Real Madrid,Malaga,La Liga,domestic_league,A,0,0.78,27.8774,10182,592,329,119,671,0.5557432432432432,6.0,1,3,6,2,4,5,18,3,3,0.8,0.5,0.9,0.8,0.5,0.0,0.7275619972113692,0.4809808066154752,2,0,6.0,30,25,5,0.8333333333333334,169,169,1.0,10,18,0.6,0.8,2.4,1.4,5,8,10,3,1.25,0.5,0,6,2,0,0.25,0.25,0.625,2.875,0.0,8,1717.25,1484.15,233.1,8,117,126,1.0769230769230769,271,129,0.4760147601476014,12,Saturday,0.3929,0,0,1,0,0,0,2,3,L,0,0,matched_secondary_full_career,0,0,0,0,0,2.1972245773362196,0,2.1972245773362196
2013-01-06_Real_Madrid_Real_Sociedad_594,2013-01-06,2012/13,Real Madrid,Real Sociedad,La Liga,domestic_league,H,0,0.78,27.9184,10197,593,329,119,671,0.554806070826307,15.0,0,0,4,2,3,5,17,2,3,0.6,0.5,0.85,0.6,0.5,0.0,0.5092933980479584,0.3366865646308327,0,1,21.0,31,25,5,0.8064516129032258,170,169,0.9941176470588236,7,17,0.4,0.6,2.4,2.0,5,4,4,1,1.0,0.5,4,4,0,0,0.0,0.0,0.75,3.0,0.0,4,1701.39,1483.22,218.17,4,118,126,1.0677966101694916,296,189,0.6385135135135135,1,Sunday,0.4341,0,0,1,1,1,2,4,3,W,2,0,matched_secondary_full_career,0,0,0,0,0,1.6094379124341003,0,1.6094379124341003
2013-01-09_Real_Madrid_Celta_Vigo_595,2013-01-09,2012/13,Real Madrid,Celta Vigo,Copa del Rey,domestic_or_other_cup,H,0,0.72,27.9267,10200,594,331,119,669,0.5572390572390572,3.0,1,1,4,3,4,6,16,1,3,0.8,0.6,0.8,0.6,0.5,0.1,0.9565053786335708,0.2356805952415828,1,0,3.0,32,27,5,0.84375,171,171,1.0,7,17,0.4,0.6,2.4,2.4,5,2,2,0,1.0,1.0,2,1,0,1,1.5,0.5,1.0,1.5,0.0,2,1705.82,1512.28,193.55,2,14,11,0.7857142857142857,297,191,0.6430976430976431,1,Wednesday,0.4423,0,0,1,1,1,3,4,0,W,3,1,matched_secondary_full_career,0,0,0,0,0,1.0986122886681098,0,1.0986122886681098
2013-01-15_Real_Madrid_Valencia_596,2013-01-15,2012/13,Real Madrid,Valencia,Copa del Rey,domestic_or_other_cup,H,0,0.72,27.9431,10206,595,334,120,666,0.561344537815126,6.0,1,2,4,5,7,9,16,2,4,1.4,0.9,0.8,0.8,0.6,0.2,1.5695537650434996,0.4649764166691079,2,0,6.0,33,30,6,0.9090909090909092,172,174,1.0116279069767442,7,17,0.4,0.6,2.6,2.0,5,6,4,0,0.6666666666666666,0.5,1,4,2,0,0.3333333333333333,0.3333333333333333,1.0,2.333333333333333,0.1666666666666666,6,1710.77,1495.74,215.02,6,15,14,0.9333333333333332,298,194,0.6510067114093959,1,Tuesday,0.4588,0,0,1,0,0,0,2,0,W,0,0,matched_secondary_full_career,0,0,0,0,0,1.9459101490553132,0,1.9459101490553132
2013-01-20_Real_Madrid_Valencia_597,2013-01-20,2012/13,Real Madrid,Valencia,La Liga,domestic_league,A,0,0.78,27.9568,10211,596,334,120,666,0.5604026845637584,5.0,1,3,4,5,6,9,14,2,4,1.2,0.9,0.7,0.6,0.6,0.2,1.0986876355304496,0.3254834916683755,0,1,11.0,34,30,6,0.8823529411764706,173,174,1.0057803468208093,10,19,0.6,0.8,2.8,1.6,5,7,4,0,0.5714285714285714,0.4285714285714285,0,5,2,0,0.2857142857142857,0.2857142857142857,0.8571428571428571,2.2857142857142856,0.1428571428571428,7,1715.26,1491.24,224.02,7,119,128,1.0756302521008403,272,129,0.4742647058823529,1,Sunday,0.4725,0,0,1,1,1,2,5,0,W,2,1,matched_secondary_full_career,0,0,0,0,0,2.0794415416798357,0,2.0794415416798357
2013-01-23_Real_Madrid_Valencia_598,2013-01-23,2012/13,Real Madrid,Valencia,Copa del Rey,domestic_or_other_cup,A,0,0.72,27.965,10214,597,336,121,664,0.5628140703517588,3.0,1,3,4,5,7,11,16,2,5,1.4,1.1,0.8,0.6,0.7,0.3,1.3690813448713146,0.5278384441678629,1,0,3.0,35,32,7,0.9142857142857144,174,176,1.011494252873563,12,22,0.8,0.8,3.4,1.2,5,8,6,1,0.75,0.5,2,6,2,0,0.25,0.25,0.75,2.625,0.125,8,1719.58,1486.93,232.65,8,16,14,0.875,273,131,0.4798534798534798,1,Wednesday,0.4808,0,0,1,0,0,0,1,1,D,0,0,matched_secondary_full_career,0,0,0,0,0,2.1972245773362196,0,2.1972245773362196
2013-01-27_Real_Madrid_Getafe_599,2013-01-27,2012/13,Real Madrid,Getafe,La Liga,domestic_league,H,0,0.78,27.9759,10218,598,336,121,664,0.5618729096989966,4.0,2,3,5,2,7,10,16,2,4,1.4,1.0,0.8,0.6,0.6,0.3,0.95835694140992,0.3694869109175039,0,1,7.0,36,32,7,0.8888888888888888,175,176,1.0057142857142858,13,20,0.8,1.0,3.2,0.8,5,6,8,1,1.3333333333333333,0.6666666666666666,1,5,0,1,0.5,0.1666666666666666,1.3333333333333333,2.833333333333333,0.0,6,1713.73,1494.8,218.94,6,120,130,1.0833333333333333,299,194,0.6488294314381271,1,Sunday,0.4918,0,0,1,1,1,3,4,0,W,3,0,matched_secondary_full_career,0,0,0,0,0,1.9459101490553132,0,1.9459101490553132
2013-01-30_Real_Madrid_Barcelona_600,2013-01-30,2012/13,Real Madrid,Barcelona,Copa del Rey,domestic_or_other_cup,H,0,0.72,27.9841,10221,599,339,121,661,0.5659432387312187,3.0,2,3,6,5,8,12,18,2,3,1.6,1.2,0.9,0.6,0.6,0.4,1.570849858986944,0.2586408376422527,1,0,3.0,37,35,7,0.945945945945946,176,179,1.0170454545454546,13,20,0.8,1.0,3.2,0.2,5,19,10,0,0.5263157894736842,0.4736842105263157,4,3,5,8,1.8125,0.8125,1.9375,1.1875,0.25,16,1718.15,1632.21,85.94,19,17,14,0.8235294117647058,300,197,0.6566666666666666,1,Wednesday,0.5,0,0,1,0,0,0,1,1,D,0,0,matched_secondary_full_career,0,0,0,0,0,2.995732273553991,0,2.995732273553991
2013-02-02_Real_Madrid_Granada_CF_601,2013-02-02,2012/13,Real Madrid,Granada CF,La Liga,domestic_league,A,0,0.78,27.9924,10224,600,339,121,661,0.565,3.0,2,4,7,3,5,12,17,1,3,1.0,1.2,0.85,0.4,0.6,0.4,1.0995949012908608,0.1810485863495769,0,1,6.0,38,35,7,0.9210526315789472,177,179,1.0112994350282485,11,18,0.6,1.0,2.6,0.4,5,3,4,0,1.3333333333333333,1.0,4,3,0,0,0.0,0.0,0.6666666666666666,3.333333333333333,0.0,3,1715.73,1489.57,226.16,3,121,133,1.0991735537190082,274,131,0.4781021897810219,2,Saturday,0.5082,0,0,0,0,0,0,0,1,L,0,0,matched_secondary_full_career,0,0,0,0,0,1.3862943611198906,0,1.3862943611198906
2013-02-06_Portugal_Ecuador_602,2013-02-06,2012/13,Portugal,Ecuador,International Friendly,international,H,1,0.35,28.0033,10228,601,339,121,661,0.5640599001663894,4.0,2,4,7,3,5,11,15,1,3,1.0,1.1,0.75,0.4,0.5,0.4,0.7697164309036025,0.1267340104447038,0,2,10.0,39,35,7,0.8974358974358975,100,37,0.37,10,20,0.6,0.8,1.6,0.6,5,0,0,0,0.0,0.0,0,0,0,0,0.0,0.0,0.0,0.0,0.0,0,1624.44,1500.0,124.44,0,32,6,0.1875,301,197,0.654485049833887,2,Wednesday,0.5192,0,0,0,1,0,1,2,3,L,1,0,matched_secondary_full_career,1,0,0,0,1,0.0,1,0.0
2013-02-09_Real_Madrid_Sevilla_603,2013-02-09,2012/13,Real Madrid,Sevilla,La Liga,domestic_league,H,0,0.78,28.0115,10231,602,340,121,660,0.5647840531561462,3.0,2,4,7,1,4,11,16,0,2,0.8,1.1,0.8,0.4,0.5,0.4,0.8388015016325217,0.0887138073112926,1,0,3.0,40,36,7,0.9,178,179,1.0056179775280898,8,18,0.4,0.8,2.2,0.6,5,8,9,0,1.125,0.5,4,7,0,1,0.375,0.125,0.875,2.75,0.125,8,1700.0,1487.16,212.84,8,122,133,1.0901639344262295,302,198,0.6556291390728477,2,Saturday,0.5275,0,0,0,1,1,3,4,1,W,3,0,matched_secondary_full_career,0,0,0,0,0,2.1972245773362196,0,2.1972245773362196
2013-02-13_Real_Madrid_Manchester_United_604,2013-02-13,2012/13,Real Madrid,Manchester United,UEFA Champions League,continental_club,H,0,0.94,28.0225,10235,603,343,121,657,0.5688225538971807,4.0,2,4,8,4,7,14,19,0,2,1.4,1.4,0.95,0.6,0.6,0.5,1.487161051142765,0.0620996651179048,2,0,4.0,41,39,7,0.951219512195122,179,182,1.0167597765363128,8,20,0.4,0.8,2.0,0.8,5,0,0,0,0.0,0.0,0,0,0,0,0.0,0.0,0.0,0.0,0.0,0,1704.54,1726.73,-22.18,292,86,44,0.5116279069767442,303,201,0.6633663366336634,2,Wednesday,0.5385,0,0,0,1,0,1,1,1,D,1,0,matched_secondary_full_career,1,0,0,0,0,5.680172609017068,1,0.0
2013-02-17_Real_Madrid_Rayo_Vallecano_605,2013-02-17,2012/13,Real Madrid,Rayo Vallecano,La Liga,domestic_league,H,0,0.78,28.0334,10239,604,344,121,656,0.5695364238410596,4.0,1,3,8,5,5,13,19,0,2,1.0,1.3,0.95,0.6,0.6,0.4,1.3410127357999355,0.0434697655825334,3,0,4.0,42,40,7,0.9523809523809524,180,183,1.0166666666666666,8,21,0.4,0.8,2.0,0.8,5,3,5,0,1.6666666666666667,1.0,5,3,0,0,0.0,0.0,0.6666666666666666,3.0,0.0,3,1705.18,1488.42,216.76,3,123,136,1.1056910569105691,304,202,0.6644736842105263,2,Sunday,0.5495,0,0,0,0,0,0,2,0,W,0,0,matched_secondary_full_career,0,0,0,0,0,1.3862943611198906,0,1.3862943611198906
2013-02-23_Real_Madrid_Deportivo_La_Coruna_606,2013-02-23,2012/13,Real Madrid,Deportivo La Coruna,La Liga,domestic_league,A,0,0.78,28.0499,10245,605,344,121,656,0.5685950413223141,6.0,1,3,7,4,5,10,19,0,1,1.0,1.0,0.95,0.6,0.5,0.3,0.9387089150599548,0.0304288359077733,0,1,10.0,43,40,7,0.9302325581395348,181,183,1.011049723756906,8,21,0.4,0.8,1.6,0.8,5,4,6,0,1.5,0.75,5,3,1,0,0.25,0.25,1.0,3.5,0.25,4,1709.64,1487.31,222.33,4,124,136,1.096774193548387,275,131,0.4763636363636364,2,Saturday,0.5659,0,0,0,0,0,0,2,1,W,0,1,matched_secondary_full_career,0,0,0,0,0,1.6094379124341003,0,1.6094379124341003
2013-02-26_Real_Madrid_Barcelona_607,2013-02-26,2012/13,Real Madrid,Barcelona,Copa del Rey,domestic_or_other_cup,A,0,0.72,28.0581,10248,606,344,122,656,0.5676567656765676,3.0,1,3,8,1,5,10,19,1,2,1.0,1.0,0.95,0.6,0.5,0.3,0.6570962405419684,0.3213001851354413,0,2,13.0,44,40,8,0.9090909090909092,182,183,1.0054945054945057,10,21,0.6,0.8,1.8,0.8,5,20,10,0,0.5,0.45,3,3,6,8,1.7647058823529411,0.8235294117647058,1.8823529411764703,1.1764705882352942,0.2352941176470588,17,1714.0,1634.63,79.36,20,18,14,0.7777777777777778,276,131,0.4746376811594203,2,Tuesday,0.5742,0,0,0,1,1,2,3,1,W,2,0,matched_secondary_full_career,0,0,0,0,0,3.044522437723423,0,3.044522437723423
2013-03-02_Real_Madrid_Barcelona_608,2013-03-02,2012/13,Real Madrid,Barcelona,La Liga,domestic_league,H,0,0.78,28.069,10252,607,346,122,654,0.5700164744645799,4.0,2,3,7,2,6,10,21,1,1,1.2,1.0,1.05,0.6,0.5,0.3,1.0599673683793778,0.2249101295948089,1,0,4.0,45,42,8,0.9333333333333332,183,185,1.010928961748634,13,21,0.8,1.0,2.4,0.8,5,21,12,0,0.5714285714285714,0.4761904761904761,4,4,6,8,1.6666666666666667,0.7777777777777778,1.8333333333333333,1.2777777777777777,0.2222222222222222,18,1721.75,1626.88,94.87,21,125,136,1.088,305,202,0.6622950819672131,3,Saturday,0.5852,0,0,0,0,0,0,2,1,W,0,0,matched_secondary_full_career,0,0,0,0,0,3.091042453358316,0,3.091042453358316
2013-03-05_Real_Madrid_Manchester_United_609,2013-03-05,2012/13,Real Madrid,Manchester United,UEFA Champions League,continental_club,A,0,0.94,28.0772,10255,608,346,122,654,0.569078947368421,3.0,2,3,7,2,3,10,20,1,1,0.6,1.0,1.0,0.4,0.5,0.3,0.7419771578655644,0.1574370907163662,0,1,7.0,46,42,8,0.9130434782608696,184,185,1.0054347826086956,13,21,0.8,1.0,2.0,0.8,5,1,1,0,1.0,1.0,1,0,1,0,1.0,1.0,1.0,1.0,0.0,1,1729.09,1726.09,3.0,293,87,45,0.5172413793103449,277,133,0.4801444043321299,3,Tuesday,0.5934,0,0,0,1,0,1,2,1,W,1,0,matched_secondary_full_career,0,0,0,0,0,5.683579767338681,0,0.6931471805599453
2013-03-10_Real_Madrid_Celta_Vigo_610,2013-03-10,2012/13,Real Madrid,Celta Vigo,La Liga,domestic_league,A,0,0.78,28.0909,10260,609,347,122,653,0.5697865353037767,5.0,1,3,7,3,3,8,20,1,1,0.6,0.8,1.0,0.4,0.5,0.2,0.8193840105058949,0.1102059635014563,1,0,5.0,47,43,8,0.9148936170212766,185,186,1.0054054054054054,15,23,1.0,1.0,2.2,0.8,5,3,5,1,1.6666666666666667,1.0,5,2,0,1,1.0,0.3333333333333333,0.6666666666666666,2.333333333333333,0.0,3,1739.0,1507.33,231.67,3,126,136,1.0793650793650793,278,134,0.4820143884892086,3,Sunday,0.6071,0,0,0,1,1,2,2,1,W,2,0,matched_secondary_full_career,0,0,0,0,0,1.3862943611198906,0,1.3862943611198906
2013-03-16_Real_Madrid_Mallorca_611,2013-03-16,2012/13,Real Madrid,Mallorca,La Liga,domestic_league,H,0,0.78,28.1074,10266,610,349,122,651,0.5721311475409836,6.0,1,3,6,3,5,10,22,1,1,1.0,1.0,1.1,0.6,0.6,0.3,1.1735688073541264,0.0771441744510194,2,0,6.0,48,45,8,0.9375,186,188,1.010752688172043,15,23,1.0,1.0,2.2,1.0,5,7,6,1,0.8571428571428571,0.4285714285714285,3,6,1,0,0.1428571428571428,0.1428571428571428,0.4285714285714285,2.571428571428572,0.1428571428571428,7,1743.17,1477.08,266.09,7,127,138,1.0866141732283463,306,202,0.6601307189542484,3,Saturday,0.6236,0,0,0,1,0,1,5,2,W,1,0,matched_secondary_full_career,0,0,0,0,0,2.0794415416798357,0,2.0794415416798357
2013-03-22_Portugal_Israel_612,2013-03-22,2012/13,Portugal,Israel,World Cup - Qualification Europe,international,A,1,0.76,28.1238,10272,611,350,122,650,0.5728314238952537,6.0,1,2,6,4,6,11,22,0,1,1.2,1.1,1.1,0.8,0.7,0.3,1.1214981651478884,0.0540009221157136,3,0,6.0,49,46,8,0.9387755102040816,101,38,0.3762376237623762,7,20,0.4,0.6,1.6,1.2,5,0,0,0,0.0,0.0,0,0,0,0,0.0,0.0,0.0,0.0,0.0,0,1611.0,1500.0,111.0,0,23,8,0.3478260869565217,279,136,0.4874551971326165,3,Friday,0.6401,0,0,0,0,0,0,3,3,D,0,1,matched_secondary_full_career,1,0,0,0,1,0.0,1,0.0
2013-03-30_Real_Madrid_Real_Zaragoza_613,2013-03-30,2012/13,Real Madrid,Real Zaragoza,La Liga,domestic_league,A,0,0.78,28.1457,10280,612,350,123,650,0.5718954248366013,8.0,0,2,5,3,4,10,21,1,2,0.8,1.0,1.05,0.6,0.6,0.3,0.7850487156035219,0.3378006454809995,0,1,14.0,50,46,9,0.92,187,189,1.0106951871657754,15,25,1.0,1.0,2.8,1.2,5,6,6,2,1.0,0.6666666666666666,4,6,0,0,0.0,0.0,0.5,4.0,0.0,6,1746.73,1471.11,275.61,6,128,139,1.0859375,280,136,0.4857142857142857,3,Saturday,0.6621,0,0,0,1,0,1,1,1,D,1,0,matched_secondary_full_career,0,0,0,0,0,1.9459101490553132,0,1.9459101490553132
2013-04-03_Real_Madrid_Galatasaray_614,2013-04-03,2012/13,Real Madrid,Galatasaray,UEFA Champions League,continental_club,H,0,0.94,28.1566,10284,613,351,123,649,0.5725938009787929,4.0,1,2,5,2,5,8,22,1,2,1.0,0.8,1.1,0.8,0.6,0.2,0.8495341009224653,0.2364604518366996,1,0,4.0,51,47,9,0.9215686274509804,188,190,1.0106382978723405,13,26,0.8,1.0,2.4,1.2,5,0,0,0,0.0,0.0,0,0,0,0,0.0,0.0,0.0,0.0,0.0,0,1740.12,1500.0,240.12,0,88,46,0.5227272727272727,307,203,0.6612377850162866,4,Wednesday,0.6731,0,0,0,1,0,1,3,0,W,1,0,matched_secondary_full_career,1,0,0,0,1,0.0,1,0.0
2013-04-06_Real_Madrid_Levante_615,2013-04-06,2012/13,Real Madrid,Levante,La Liga,domestic_league,H,0,0.78,28.1648,10287,614,352,123,648,0.5732899022801303,3.0,2,2,5,2,5,8,21,1,2,1.0,0.8,1.05,0.8,0.6,0.2,0.8946738706457256,0.1655223162856897,2,0,3.0,52,48,9,0.9230769230769232,189,191,1.0105820105820107,13,26,0.8,1.0,2.6,1.0,5,6,7,3,1.1666666666666667,0.5,4,4,1,1,0.6666666666666666,0.3333333333333333,0.6666666666666666,2.6666666666666665,0.3333333333333333,6,1744.14,1504.21,239.92,6,129,140,1.0852713178294573,308,204,0.6623376623376623,4,Saturday,0.6813,0,0,0,1,0,1,5,1,W,1,1,matched_secondary_full_career,0,0,0,0,0,1.9459101490553132,0,1.9459101490553132
2013-04-09_Real_Madrid_Galatasaray_616,2013-04-09,2012/13,Real Madrid,Galatasaray,UEFA Champions League,continental_club,A,0,0.94,28.1731,10290,615,353,124,647,0.5739837398373984,3.0,2,3,6,3,4,9,19,2,3,0.8,0.9,0.95,0.8,0.7,0.2,0.926271709452008,0.4158656213999828,3,0,3.0,53,49,10,0.9245283018867924,190,192,1.0105263157894735,13,28,0.8,1.0,3.2,1.0,5,1,1,0,1.0,1.0,1,1,0,0,0.0,0.0,0.0,3.0,0.0,1,1748.15,1495.99,252.17,1,89,47,0.5280898876404494,281,137,0.4875444839857651,4,Tuesday,0.6896,0,0,0,1,1,2,2,3,L,2,0,matched_secondary_full_career,0,0,0,0,0,0.6931471805599453,0,0.6931471805599453
2013-04-14_Real_Madrid_Athletic_Club_617,2013-04-14,2012/13,Real Madrid,Athletic Club,La Liga,domestic_league,A,0,0.78,28.1868,10295,616,355,124,645,0.5762987012987013,5.0,1,3,6,4,5,11,21,2,2,1.0,1.1,1.05,0.8,0.8,0.3,1.2483901966164055,0.2911059349799879,4,0,5.0,54,51,10,0.9444444444444444,191,194,1.0157068062827226,10,25,0.6,0.8,3.2,1.4,5,7,8,1,1.1428571428571428,0.7142857142857143,3,6,0,1,0.4285714285714285,0.1428571428571428,0.7142857142857143,3.571428571428572,0.1428571428571428,7,1731.95,1486.95,245.0,7,130,141,1.0846153846153843,282,139,0.4929078014184397,4,Sunday,0.7033,0,0,0,1,1,2,3,0,W,2,1,matched_secondary_full_career,0,0,0,0,0,2.0794415416798357,0,2.0794415416798357
2013-04-20_Real_Madrid_Real_Betis_618,2013-04-20,2012/13,Real Madrid,Real Betis,La Liga,domestic_league,H,0,0.78,28.2032,10301,617,357,125,643,0.5786061588330632,6.0,1,3,6,5,7,11,21,2,3,1.4,1.1,1.05,1.0,0.8,0.3,1.4738731376314838,0.5037741544859915,5,0,6.0,55,53,11,0.9636363636363636,192,196,1.0208333333333333,10,25,0.6,0.8,2.8,1.0,5,3,2,2,0.6666666666666666,0.3333333333333333,2,2,0,1,1.0,0.3333333333333333,1.3333333333333333,2.333333333333333,0.3333333333333333,3,1735.87,1508.72,227.16,3,131,143,1.0916030534351144,309,205,0.6634304207119741,4,Saturday,0.7198,0,0,0,0,0,0,3,1,W,0,1,matched_secondary_full_career,0,0,0,0,0,1.3862943611198906,0,1.3862943611198906
2013-04-24_Real_Madrid_Borussia_Dortmund_619,2013-04-24,2012/13,Real Madrid,Borussia Dortmund,UEFA Champions League,continental_club,A,0,0.94,28.2141,10305,618,357,126,643,0.5776699029126213,4.0,1,2,6,4,6,11,21,3,4,1.2,1.1,1.05,0.8,0.8,0.3,1.031711196342039,0.652641908140194,0,1,10.0,56,53,12,0.9464285714285714,193,196,1.0155440414507773,12,25,0.8,0.8,3.2,1.0,5,2,1,0,0.5,0.5,1,0,1,1,2.0,1.0,2.0,1.5,0.0,2,1740.13,1522.13,218.0,2,90,49,0.5444444444444444,283,141,0.4982332155477031,4,Wednesday,0.7308,0,0,0,1,0,1,1,4,L,1,0,matched_secondary_full_career,0,0,0,0,0,1.0986122886681098,0,1.0986122886681098
2013-04-30_Real_Madrid_Borussia_Dortmund_620,2013-04-30,2012/13,Real Madrid,Borussia Dortmund,UEFA Champions League,continental_club,H,0,0.94,28.2306,10311,619,358,126,642,0.5783521809369951,6.0,1,2,6,3,6,11,19,3,4,1.2,1.1,0.95,0.8,0.8,0.3,1.022197837439427,0.4568493356981357,1,0,6.0,57,54,12,0.9473684210526316,194,197,1.0154639175257731,9,22,0.6,0.6,2.8,1.8,5,3,2,0,0.6666666666666666,0.6666666666666666,2,0,1,2,2.333333333333333,1.0,2.6666666666666665,1.3333333333333333,0.0,3,1724.57,1537.7,186.87,3,91,50,0.5494505494505495,310,205,0.6612903225806451,4,Tuesday,0.7473,0,0,0,0,0,0,2,0,W,0,0,matched_secondary_full_career,0,0,0,0,0,1.3862943611198906,0,1.3862943611198906
2013-05-04_Real_Madrid_Real_Valladolid_621,2013-05-04,2012/13,Real Madrid,Real Valladolid,La Liga,domestic_league,H,0,0.78,28.2415,10315,620,358,126,642,0.5774193548387097,4.0,1,3,6,1,5,9,19,2,4,1.0,0.9,0.95,0.6,0.7,0.2,0.7155384862075989,0.319794534988695,0,1,10.0,58,54,12,0.9310344827586208,195,197,1.0102564102564102,9,22,0.6,0.6,2.2,1.6,5,2,1,1,0.5,0.5,1,2,0,0,0.0,0.0,1.5,3.5,0.0,2,1729.65,1488.83,240.82,2,132,143,1.0833333333333333,311,205,0.6591639871382636,5,Saturday,0.7582,0,0,0,1,1,2,4,3,W,2,0,matched_secondary_full_career,0,0,0,0,0,1.0986122886681098,0,1.0986122886681098
2013-05-08_Real_Madrid_Malaga_622,2013-05-08,2012/13,Real Madrid,Malaga,La Liga,domestic_league,H,0,0.78,28.2525,10319,621,360,126,640,0.5797101449275363,4.0,1,3,6,3,5,10,21,2,4,1.0,1.0,1.05,0.6,0.7,0.3,1.1008769403453191,0.2238561744920864,1,0,4.0,59,56,12,0.9491525423728814,196,199,1.0153061224489797,12,22,0.8,0.8,2.6,1.6,5,9,10,3,1.1111111111111112,0.4444444444444444,0,6,2,1,0.5555555555555556,0.3333333333333333,0.8888888888888888,2.7777777777777777,0.0,9,1733.65,1500.01,233.65,9,133,145,1.0902255639097744,312,207,0.6634615384615384,5,Wednesday,0.7692,0,0,0,1,0,1,6,2,W,1,2,matched_secondary_full_career,0,0,0,0,0,2.302585092994046,0,2.302585092994046
2013-05-11_Real_Madrid_Espanyol_623,2013-05-11,2012/13,Real Madrid,Espanyol,La Liga,domestic_league,A,0,0.78,28.2607,10322,622,361,128,639,0.5803858520900321,3.0,2,3,6,3,4,11,21,3,5,0.8,1.1,1.05,0.6,0.8,0.3,1.0706138582417233,0.7566993221444605,2,0,3.0,60,57,14,0.95,197,200,1.015228426395939,12,22,0.8,0.8,3.2,2.0,5,6,4,5,0.6666666666666666,0.6666666666666666,2,5,1,0,0.1666666666666666,0.1666666666666666,0.3333333333333333,3.0,0.0,6,1737.79,1480.28,257.51,6,134,146,1.0895522388059702,284,142,0.5,5,Saturday,0.7775,0,0,0,0,0,0,1,1,D,0,0,matched_secondary_full_career,0,0,0,0,0,1.9459101490553132,0,1.9459101490553132
2013-05-17_Real_Madrid_Atletico_Madrid_624,2013-05-17,2012/13,Real Madrid,Atletico Madrid,Copa del Rey,domestic_or_other_cup,H,0,0.72,28.2771,10328,623,361,128,639,0.579454253611557,6.0,1,3,6,3,4,10,18,2,5,0.8,1.0,0.9,0.6,0.7,0.3,0.7494297007692062,0.5296895255011222,0,1,9.0,61,57,14,0.9344262295081968,198,200,1.0101010101010102,10,22,0.6,0.8,2.8,2.0,5,8,8,3,1.0,0.625,6,8,0,0,0.0,0.0,0.75,2.625,0.0,8,1731.49,1466.89,264.59,8,19,16,0.8421052631578947,313,208,0.6645367412140575,5,Friday,0.794,0,0,0,1,0,1,1,2,L,1,0,matched_secondary_full_career,0,0,0,0,0,2.1972245773362196,0,2.1972245773362196
2013-06-07_Portugal_Russia_625,2013-06-07,2012/13,Portugal,Russia,World Cup - Qualification Europe,international,H,1,0.76,28.3346,10349,624,362,128,638,0.5801282051282052,21.0,0,0,3,2,4,10,18,2,5,0.8,1.0,0.9,0.6,0.7,0.3,0.8246007905384443,0.3707826678507855,1,0,21.0,62,58,14,0.935483870967742,102,38,0.3725490196078431,5,18,0.2,0.6,1.8,1.6,5,4,2,2,0.5,0.25,2,2,1,1,1.0,0.5,0.5,2.25,0.5,4,1607.91,1499.24,108.68,4,24,8,0.3333333333333333,314,209,0.6656050955414012,6,Friday,0.8516,0,1,0,0,0,0,1,0,W,0,0,matched_secondary_full_career,0,0,0,0,0,1.6094379124341003,0,1.6094379124341003
2013-06-10_Portugal_Croatia_626,2013-06-10,2012/13,Portugal,Croatia,International Friendly,international,N,1,0.35,28.3428,10352,625,362,128,638,0.5792,3.0,1,1,3,1,4,9,18,2,4,0.8,0.9,0.9,0.6,0.6,0.3,0.5772205533769109,0.2595478674955498,0,1,24.0,63,58,14,0.9206349206349206,103,38,0.3689320388349514,5,18,0.2,0.6,1.4,1.6,5,1,0,1,0.0,0.0,0,1,0,0,0.0,0.0,0.0,2.0,0.0,1,1614.88,1492.69,122.19,1,33,7,0.2121212121212121,25,11,0.44,6,Monday,0.8599,0,1,0,1,0,1,1,0,W,1,0,matched_secondary_full_career,0,0,0,0,0,0.6931471805599453,0,0.6931471805599453
2013-08-14_Portugal_Netherlands_627,2013-08-14,2013/14,Portugal,Netherlands,International Friendly,international,H,1,0.35,28.5208,10417,626,363,128,637,0.5798722044728435,65.0,0,0,0,2,3,8,19,2,4,0.6,0.8,0.95,0.6,0.6,0.2,0.7040543873638376,0.1816835072468849,1,0,65.0,0,0,0,0.0,104,39,0.375,8,18,0.4,0.8,1.6,1.4,5,3,3,1,1.0,0.6666666666666666,3,3,0,0,0.0,0.0,0.6666666666666666,1.6666666666666667,0.0,3,1621.5,1478.46,143.04,3,34,8,0.2352941176470588,315,209,0.6634920634920635,8,Wednesday,0.0357,1,0,0,1,0,1,1,1,D,1,0,matched_secondary_full_career,0,0,0,0,0,1.3862943611198906,0,1.3862943611198906
2013-08-18_Real_Madrid_Real_Betis_628,2013-08-18,2013/14,Real Madrid,Real Betis,La Liga,domestic_league,H,0,0.78,28.5317,10421,627,364,128,636,0.580542264752791,4.0,1,1,1,2,3,7,18,0,3,0.6,0.7,0.9,0.6,0.6,0.1,0.7928380711546863,0.1271784550728194,2,0,4.0,1,1,0,1.0,199,201,1.0100502512562817,10,19,0.6,0.8,2.8,1.6,5,4,2,3,0.5,0.25,2,3,0,1,0.75,0.25,1.25,2.5,0.25,4,1715.07,1504.46,210.61,4,135,146,1.0814814814814817,316,210,0.6645569620253164,8,Sunday,0.0467,1,0,0,0,0,0,2,1,W,0,0,matched_secondary_full_career,0,0,0,0,0,1.6094379124341003,0,1.6094379124341003
2013-08-26_Real_Madrid_Granada_CF_629,2013-08-26,2013/14,Real Madrid,Granada CF,La Liga,domestic_league,A,0,0.78,28.5536,10429,628,364,128,636,0.5796178343949044,8.0,0,2,2,2,3,7,18,0,2,0.6,0.7,0.9,0.6,0.6,0.1,0.5549866498082804,0.0890249185509735,0,1,12.0,2,1,0,0.5,200,201,1.005,10,19,0.6,0.8,2.8,1.8,5,4,4,0,1.0,0.75,3,3,0,1,0.75,0.25,0.75,2.5,0.25,4,1719.65,1505.29,214.36,4,136,146,1.0735294117647058,285,142,0.4982456140350877,8,Monday,0.0687,1,0,0,0,0,0,1,0,W,0,1,matched_secondary_full_career,0,0,0,0,0,1.6094379124341003,0,1.6094379124341003
2013-09-01_Real_Madrid_Athletic_Club_630,2013-09-01,2013/14,Real Madrid,Athletic Club,La Liga,domestic_league,H,0,0.78,28.5701,10435,629,364,129,636,0.5786963434022258,6.0,1,2,3,1,2,6,17,1,3,0.4,0.6,0.85,0.4,0.5,0.1,0.3884906548657962,0.3623174429856814,0,2,18.0,3,1,1,0.3333333333333333,201,201,1.0,10,22,0.6,0.8,2.2,1.2,5,8,10,2,1.25,0.75,3,7,0,1,0.375,0.125,0.625,3.5,0.125,8,1724.16,1483.03,241.14,8,137,146,1.0656934306569343,317,210,0.6624605678233438,9,Sunday,0.0852,1,0,0,1,0,1,3,1,W,1,0,matched_secondary_full_career,0,0,0,0,0,2.1972245773362196,0,2.1972245773362196
2013-09-06_Portugal_Northern_Ireland_631,2013-09-06,2013/14,Portugal,Northern Ireland,World Cup - Qualification Europe,international,A,1,0.76,28.5837,10440,630,365,129,635,0.5793650793650794,5.0,1,2,4,1,3,7,16,1,3,0.6,0.7,0.8,0.6,0.6,0.1,0.5719434584060574,0.253622210089977,1,0,5.0,4,2,1,0.5,105,40,0.3809523809523809,8,18,0.4,0.8,1.6,1.4,5,2,0,0,0.0,0.0,0,0,2,0,1.0,1.0,1.0,1.0,0.0,2,1617.61,1506.34,111.27,2,25,8,0.32,286,142,0.4965034965034965,9,Friday,0.0989,1,0,0,1,1,3,4,2,W,3,0,matched_secondary_full_career,0,0,0,0,0,1.0986122886681098,0,1.0986122886681098
2013-09-14_Real_Madrid_Villarreal_632,2013-09-14,2013/14,Real Madrid,Villarreal,La Liga,domestic_league,A,0,0.78,28.6057,10448,631,368,129,632,0.5832012678288431,8.0,0,2,4,4,5,8,18,1,3,1.0,0.8,0.9,0.6,0.6,0.1,1.30036042088424,0.1775355470629839,2,0,8.0,5,5,1,1.0,202,202,1.0,10,22,0.6,0.8,1.6,1.0,5,10,8,3,0.8,0.5,3,5,1,0,0.1666666666666666,0.1666666666666666,1.0,3.1666666666666665,0.0,6,1728.16,1494.35,233.8,10,138,147,1.065217391304348,287,145,0.5052264808362369,9,Saturday,0.1209,1,0,0,1,0,1,2,2,D,1,0,matched_secondary_full_career,0,0,0,0,0,2.3978952727983707,0,2.3978952727983707
2013-09-17_Real_Madrid_Galatasaray_633,2013-09-17,2013/14,Real Madrid,Galatasaray,UEFA Champions League,continental_club,A,0,0.94,28.6139,10451,632,369,129,631,0.5838607594936709,3.0,1,2,5,5,5,8,19,1,1,1.0,0.8,0.95,0.6,0.6,0.1,1.210252294618968,0.1242748829440887,3,0,3.0,6,6,1,1.0,203,203,1.0,10,20,0.6,0.8,1.8,1.2,5,2,3,0,1.5,1.0,3,1,0,1,1.5,0.5,1.5,2.5,0.0,2,1722.29,1512.19,210.1,2,92,50,0.5434782608695652,288,146,0.5069444444444444,9,Tuesday,0.1291,1,0,0,1,1,3,6,1,W,3,1,matched_secondary_full_career,0,0,0,0,0,1.0986122886681098,0,1.0986122886681098
2013-09-22_Real_Madrid_Getafe_634,2013-09-22,2013/14,Real Madrid,Getafe,La Liga,domestic_league,H,0,0.78,28.6276,10456,633,372,130,628,0.5876777251184834,5.0,1,2,5,7,8,11,21,2,2,1.6,1.1,1.05,0.8,0.7,0.2,1.7471766062332774,0.3869924180608621,4,0,5.0,7,9,2,1.2857142857142858,204,206,1.0098039215686274,13,23,0.8,1.0,2.8,1.0,5,7,11,1,1.5714285714285714,0.7142857142857143,3,6,0,1,0.4285714285714285,0.1428571428571428,1.1428571428571428,3.0,0.0,7,1726.88,1490.38,236.51,7,139,148,1.064748201438849,318,211,0.6635220125786163,9,Sunday,0.1429,1,0,0,1,1,2,4,1,W,2,0,matched_secondary_full_career,0,0,0,0,0,2.0794415416798357,0,2.0794415416798357
2013-09-25_Real_Madrid_Elche_635,2013-09-25,2013/14,Real Madrid,Elche,La Liga,domestic_league,A,0,0.78,28.6358,10459,634,374,130,626,0.5899053627760252,3.0,1,3,6,6,10,12,22,1,2,2.0,1.2,1.1,1.0,0.7,0.3,1.823023624363294,0.2708946926426034,5,0,3.0,8,11,2,1.375,205,208,1.0146341463414634,13,23,0.8,1.0,3.2,1.0,5,0,0,0,0.0,0.0,0,0,0,0,0.0,0.0,0.0,0.0,0.0,0,1730.96,1500.0,230.96,0,140,150,1.0714285714285714,289,149,0.5155709342560554,9,Wednesday,0.1511,1,0,0,1,1,2,2,1,W,2,0,matched_secondary_full_career,1,0,0,0,1,0.0,1,0.0
2013-09-28_Real_Madrid_Atletico_Madrid_636,2013-09-28,2013/14,Real Madrid,Atletico Madrid,La Liga,domestic_league,H,0,0.78,28.644,10462,635,376,130,624,0.5921259842519685,3.0,2,4,6,7,11,14,23,1,2,2.2,1.4,1.15,1.0,0.8,0.4,1.8761165370543056,0.1896262848498224,6,0,3.0,9,13,2,1.4444444444444444,206,210,1.019417475728155,13,23,0.8,1.0,3.4,1.2,5,9,9,3,1.0,0.6666666666666666,5,8,0,1,0.3333333333333333,0.1111111111111111,0.8888888888888888,2.4444444444444446,0.0,9,1735.15,1483.31,251.83,9,141,152,1.0780141843971631,319,213,0.6677115987460815,9,Saturday,0.1593,1,0,0,0,0,0,0,1,L,0,0,matched_secondary_full_career,0,0,0,0,0,2.302585092994046,0,2.302585092994046
2013-10-02_Real_Madrid_FC_Copenhagen_637,2013-10-02,2013/14,Real Madrid,FC Copenhagen,UEFA Champions League,continental_club,H,0,0.94,28.6549,10466,636,376,130,624,0.5911949685534591,4.0,2,3,6,4,8,13,21,1,2,1.6,1.3,1.05,0.8,0.7,0.4,1.313281575938014,0.1327383993948756,0,1,7.0,10,13,2,1.3,207,210,1.0144927536231885,10,20,0.6,0.8,2.8,1.2,5,2,0,1,0.0,0.0,0,0,0,0,0.0,0.0,0.0,0.0,0.0,0,1718.95,1508.57,210.38,2,93,53,0.5698924731182796,320,213,0.665625,10,Wednesday,0.1703,1,0,0,1,1,2,4,0,W,2,0,matched_secondary_full_career,1,0,0,0,0,1.0986122886681098,0,1.0986122886681098
2013-10-05_Real_Madrid_Levante_638,2013-10-05,2013/14,Real Madrid,Levante,La Liga,domestic_league,A,0,0.78,28.6631,10469,637,378,130,622,0.5934065934065934,3.0,2,4,7,4,9,14,21,1,2,1.8,1.4,1.05,0.8,0.7,0.5,1.5192971031566096,0.0929168795764129,1,0,3.0,11,15,2,1.3636363636363635,208,212,1.0192307692307692,12,22,0.8,0.8,3.2,0.8,5,7,8,4,1.1428571428571428,0.5714285714285714,5,5,1,1,0.5714285714285714,0.2857142857142857,0.7142857142857143,3.0,0.2857142857142857,7,1723.54,1500.2,223.35,7,142,152,1.0704225352112675,290,151,0.5206896551724138,10,Saturday,0.1786,1,0,0,1,0,1,3,2,W,1,0,matched_secondary_full_career,0,0,0,0,0,2.0794415416798357,0,2.0794415416798357
2013-10-11_Portugal_Israel_639,2013-10-11,2013/14,Portugal,Israel,World Cup - Qualification Europe,international,H,1,0.76,28.6796,10475,638,379,130,621,0.5940438871473355,6.0,1,3,7,3,7,15,22,0,2,1.4,1.5,1.1,0.8,0.8,0.5,1.3635079722096266,0.065041815703489,2,0,6.0,12,16,2,1.3333333333333333,106,43,0.4056603773584906,11,18,0.6,1.0,2.0,1.2,5,1,0,1,0.0,0.0,0,0,1,0,1.0,1.0,3.0,3.0,0.0,1,1624.51,1503.09,121.42,1,26,11,0.4230769230769231,321,215,0.6697819314641744,10,Friday,0.1951,1,0,0,0,0,0,1,1,D,0,0,matched_secondary_full_career,0,0,0,0,0,0.6931471805599453,0,0.6931471805599453
2013-10-19_Real_Madrid_Malaga_640,2013-10-19,2013/14,Real Madrid,Malaga,La Liga,domestic_league,H,0,0.78,28.7015,10483,639,379,130,621,0.593114241001565,8.0,0,2,6,3,5,15,21,0,1,1.0,1.5,1.05,0.6,0.8,0.5,0.9544555805467384,0.0455292709924423,0,1,14.0,13,16,2,1.2307692307692308,209,213,1.0191387559808611,12,25,0.8,0.8,2.6,1.0,5,10,11,5,1.1,0.5,1,7,2,1,0.5,0.3,1.0,3.1,0.0,10,1727.87,1495.87,232.0,10,143,153,1.06993006993007,322,215,0.6677018633540373,10,Saturday,0.217,0,0,0,1,0,1,2,0,W,1,0,matched_secondary_full_career,0,0,0,0,0,2.3978952727983707,0,2.3978952727983707
2013-10-23_Real_Madrid_Juventus_641,2013-10-23,2013/14,Real Madrid,Juventus,UEFA Champions League,continental_club,H,0,0.94,28.7124,10487,640,380,130,620,0.59375,4.0,1,2,6,2,4,15,22,0,1,0.8,1.5,1.1,0.6,0.8,0.5,0.9681189063827168,0.0318704896947096,1,0,4.0,14,17,2,1.2142857142857142,210,214,1.019047619047619,12,25,0.8,0.8,2.2,0.8,5,0,0,0,0.0,0.0,0,0,0,0,0.0,0.0,0.0,0.0,0.0,0,1732.04,1500.0,232.04,0,94,55,0.5851063829787234,323,216,0.6687306501547987,10,Wednesday,0.228,0,0,0,1,1,2,2,1,W,2,0,matched_secondary_full_career,1,0,0,0,1,0.0,1,0.0
2013-10-26_Real_Madrid_Barcelona_642,2013-10-26,2013/14,Real Madrid,Barcelona,La Liga,domestic_league,A,0,0.78,28.7206,10490,641,382,130,618,0.5959438377535101,3.0,2,2,6,3,6,14,22,0,1,1.2,1.4,1.1,0.8,0.8,0.5,1.2776832344679017,0.0223093427862967,2,0,3.0,15,19,2,1.2666666666666666,211,216,1.0236966824644549,12,25,0.8,0.8,2.2,0.8,5,22,12,0,0.5454545454545454,0.4545454545454545,2,5,6,8,1.5789473684210529,0.7368421052631579,1.7894736842105263,1.3157894736842106,0.2105263157894736,19,1736.2,1619.54,116.66,22,144,154,1.0694444444444444,291,152,0.5223367697594502,10,Saturday,0.2363,0,0,0,0,0,0,1,2,L,0,1,matched_secondary_full_career,0,0,0,0,0,3.1354942159291497,0,3.1354942159291497
2013-10-30_Real_Madrid_Sevilla_643,2013-10-30,2013/14,Real Madrid,Sevilla,La Liga,domestic_league,H,0,0.78,28.7316,10494,642,382,131,618,0.5950155763239875,4.0,2,3,6,3,4,13,21,1,2,0.8,1.3,1.05,0.6,0.7,0.5,0.8943782641275311,0.3156165399504077,0,1,7.0,16,19,3,1.1875,212,216,1.018867924528302,12,22,0.8,0.8,2.4,1.0,5,9,12,0,1.3333333333333333,0.5555555555555556,4,8,0,1,0.3333333333333333,0.1111111111111111,0.8888888888888888,2.888888888888889,0.1111111111111111,9,1722.97,1482.62,240.35,9,145,154,1.0620689655172413,324,218,0.6728395061728395,10,Wednesday,0.2473,0,0,0,1,1,3,7,3,W,3,0,matched_secondary_full_career,0,0,0,0,0,2.302585092994046,0,2.302585092994046
2013-11-02_Real_Madrid_Rayo_Vallecano_644,2013-11-02,2013/14,Real Madrid,Rayo Vallecano,La Liga,domestic_league,A,0,0.78,28.7398,10497,643,385,131,615,0.5987558320373251,3.0,2,4,6,5,6,13,24,1,1,1.2,1.3,1.2,0.6,0.7,0.5,1.5260647848892717,0.2209315779652854,1,0,3.0,17,22,3,1.2941176470588236,213,219,1.028169014084507,12,24,0.8,0.8,3.0,1.6,5,4,5,0,1.25,0.75,2,4,0,0,0.0,0.0,0.5,2.75,0.0,4,1726.97,1483.96,243.01,4,146,157,1.0753424657534247,292,152,0.5205479452054794,11,Saturday,0.2555,0,0,0,1,1,2,3,2,W,2,0,matched_secondary_full_career,0,0,0,0,0,1.6094379124341003,0,1.6094379124341003
2013-11-05_Real_Madrid_Juventus_645,2013-11-05,2013/14,Real Madrid,Juventus,UEFA Champions League,continental_club,A,0,0.94,28.748,10500,644,387,131,613,0.6009316770186336,3.0,2,4,6,5,8,13,25,1,1,1.6,1.3,1.25,0.8,0.7,0.5,1.6682453494224905,0.1546521045756997,2,0,3.0,18,24,3,1.3333333333333333,214,221,1.0327102803738315,12,24,0.8,0.8,3.0,1.6,5,1,2,0,2.0,1.0,2,1,0,0,0.0,0.0,1.0,2.0,0.0,1,1730.93,1495.84,235.1,1,95,57,0.6,293,154,0.5255972696245734,11,Tuesday,0.2637,0,0,0,1,0,1,2,2,D,1,1,matched_secondary_full_career,0,0,0,0,0,0.6931471805599453,0,0.6931471805599453
2013-11-09_Real_Madrid_Real_Sociedad_646,2013-11-09,2013/14,Real Madrid,Real Sociedad,La Liga,domestic_league,H,0,0.78,28.759,10504,645,388,132,612,0.6015503875968993,4.0,2,4,7,6,8,12,26,2,2,1.6,1.2,1.3,0.8,0.7,0.4,1.4677717445957432,0.4082564732029898,3,0,4.0,19,25,4,1.3157894736842106,215,222,1.0325581395348835,10,22,0.6,0.8,3.0,2.0,5,5,6,1,1.2,0.6,4,5,0,0,0.0,0.0,1.2,3.2,0.0,5,1725.04,1478.79,246.25,5,147,159,1.0816326530612246,325,221,0.68,11,Saturday,0.2747,0,0,0,1,1,3,5,1,W,3,1,matched_secondary_full_career,0,0,0,0,0,1.791759469228055,0,1.791759469228055
2013-11-15_Portugal_Sweden_647,2013-11-15,2013/14,Portugal,Sweden,World Cup - Qualification Europe,international,H,1,0.76,28.7754,10510,646,391,133,609,0.6052631578947368,6.0,1,3,7,6,9,15,28,3,3,1.8,1.5,1.4,0.8,0.8,0.5,1.92744022121702,0.5857795312420928,4,0,6.0,20,28,5,1.4,107,43,0.4018691588785046,11,16,0.6,1.0,1.6,0.8,5,3,0,1,0.0,0.0,0,0,3,0,1.0,1.0,0.6666666666666666,0.6666666666666666,0.6666666666666666,3,1621.15,1506.0,115.15,3,27,11,0.4074074074074074,326,224,0.6871165644171779,11,Friday,0.2912,0,0,0,1,0,1,1,0,W,1,0,matched_secondary_full_career,0,0,0,0,0,1.3862943611198906,0,1.3862943611198906
2013-11-19_Portugal_Sweden_648,2013-11-19,2013/14,Portugal,Sweden,World Cup - Qualification Europe,international,A,1,0.76,28.7864,10514,647,392,133,608,0.6058732612055642,4.0,1,3,7,5,10,14,28,2,3,2.0,1.4,1.4,1.0,0.8,0.4,1.649208154851914,0.4100456718694649,5,0,4.0,21,29,5,1.380952380952381,108,44,0.4074074074074074,11,16,0.6,1.0,1.6,0.8,5,4,1,1,0.25,0.25,1,1,3,0,0.75,0.75,0.5,0.75,0.5,4,1627.95,1499.19,128.76,4,28,12,0.4285714285714285,294,155,0.5272108843537415,11,Tuesday,0.3022,0,0,0,1,1,3,3,2,W,3,0,matched_secondary_full_career,0,0,0,0,0,1.6094379124341003,0,1.6094379124341003
2013-11-23_Real_Madrid_Almeria_649,2013-11-23,2013/14,Real Madrid,Almeria,La Liga,domestic_league,A,0,0.78,28.7973,10518,648,395,133,605,0.6095679012345679,4.0,1,3,7,7,10,16,31,2,3,2.0,1.6,1.55,1.0,0.8,0.5,2.05444570839634,0.2870319703086254,6,0,4.0,22,32,5,1.4545454545454546,216,225,1.0416666666666667,10,22,0.6,0.8,3.6,2.0,5,4,4,4,1.0,0.75,3,3,1,0,0.25,0.25,1.25,3.75,0.0,4,1728.94,1487.71,241.23,4,148,162,1.0945945945945943,295,158,0.535593220338983,11,Saturday,0.3132,0,0,0,1,0,1,5,0,W,1,0,matched_secondary_full_career,0,0,0,0,0,1.6094379124341003,0,1.6094379124341003
2013-12-10_Real_Madrid_FC_Copenhagen_650,2013-12-10,2013/14,Real Madrid,FC Copenhagen,UEFA Champions League,continental_club,A,0,0.94,28.8439,10535,649,396,133,604,0.6101694915254238,17.0,0,0,3,5,9,17,32,2,3,1.8,1.7,1.6,1.0,0.9,0.5,1.7381119958774378,0.2009223792160377,7,0,17.0,23,33,5,1.434782608695652,217,226,1.04147465437788,13,25,0.8,1.0,4.4,1.6,5,3,2,1,0.6666666666666666,0.3333333333333333,2,1,0,0,0.0,0.0,0.0,4.0,0.0,1,1732.93,1503.98,228.95,3,96,58,0.6041666666666666,296,159,0.5371621621621622,12,Tuesday,0.3599,0,0,1,1,0,1,2,0,W,1,0,matched_secondary_full_career,0,0,0,0,0,1.3862943611198906,0,1.3862943611198906
2013-12-14_Real_Madrid_Osasuna_651,2013-12-14,2013/14,Real Madrid,Osasuna,La Liga,domestic_league,A,0,0.78,28.8548,10539,650,397,133,603,0.6107692307692307,4.0,1,1,4,5,9,17,32,1,3,1.8,1.7,1.6,1.0,0.9,0.5,1.5166783971142064,0.1406456654512264,8,0,4.0,24,34,5,1.4166666666666667,218,227,1.0412844036697249,13,25,0.8,1.0,3.4,1.0,5,6,7,3,1.1666666666666667,0.5,5,4,1,1,0.6666666666666666,0.3333333333333333,0.8333333333333334,2.6666666666666665,0.3333333333333333,6,1737.16,1499.2,237.96,6,149,163,1.0939597315436242,297,160,0.5387205387205387,12,Saturday,0.3709,0,0,1,0,0,0,2,2,D,0,1,matched_secondary_full_career,0,0,0,0,0,1.9459101490553132,0,1.9459101490553132
2013-12-22_Real_Madrid_Valencia_652,2013-12-22,2013/14,Real Madrid,Valencia,La Liga,domestic_league,A,0,0.78,28.8767,10547,651,397,134,603,0.6098310291858678,8.0,0,2,3,2,6,15,29,1,4,1.2,1.5,1.45,0.8,0.8,0.4,1.0616748779799443,0.3984519658158585,0,1,12.0,25,34,6,1.36,219,227,1.0365296803652968,11,23,0.6,1.0,3.2,1.0,5,9,6,1,0.6666666666666666,0.4444444444444444,2,6,3,0,0.3333333333333333,0.3333333333333333,0.7777777777777778,2.4444444444444446,0.1111111111111111,9,1731.21,1492.77,238.44,9,150,163,1.086666666666667,298,160,0.5369127516778524,12,Sunday,0.3929,0,0,1,1,0,1,3,2,W,1,0,matched_secondary_full_career,0,0,0,0,0,2.302585092994046,0,2.302585092994046
2014-01-06_Real_Madrid_Celta_Vigo_653,2014-01-06,2013/14,Real Madrid,Celta Vigo,La Liga,domestic_league,H,0,0.78,28.9178,10562,652,398,134,602,0.6104294478527608,15.0,0,0,3,2,6,16,29,1,3,1.2,1.6,1.45,0.8,0.9,0.4,1.0431724145859609,0.2789163760711009,1,0,15.0,26,35,6,1.3461538461538465,220,228,1.0363636363636364,13,23,0.8,1.0,3.4,1.0,5,4,7,1,1.75,1.0,6,3,0,1,0.75,0.25,0.75,2.25,0.0,4,1735.25,1503.16,232.09,4,151,164,1.086092715231788,327,225,0.6880733944954128,1,Monday,0.4341,0,0,1,1,1,2,3,0,W,2,0,matched_secondary_full_career,0,0,0,0,0,1.6094379124341003,0,1.6094379124341003
2014-01-09_Real_Madrid_Osasuna_654,2014-01-09,2013/14,Real Madrid,Osasuna,Copa del Rey,domestic_or_other_cup,H,0,0.72,28.926,10565,653,400,134,600,0.6125574272588055,3.0,1,1,4,3,5,15,28,1,3,1.0,1.5,1.4,0.8,0.9,0.4,1.3302206902101723,0.1952414632497706,2,0,3.0,27,37,6,1.3703703703703705,221,230,1.0407239819004526,13,23,0.8,1.0,3.0,0.8,5,7,7,4,1.0,0.4285714285714285,5,4,2,1,0.7142857142857143,0.4285714285714285,1.0,2.571428571428572,0.2857142857142857,7,1739.42,1505.14,234.27,7,20,17,0.85,328,227,0.6920731707317073,1,Thursday,0.4423,0,0,1,0,0,0,2,0,W,0,1,matched_secondary_full_career,0,0,0,0,0,2.0794415416798357,0,2.0794415416798357
2014-01-12_Real_Madrid_Espanyol_655,2014-01-12,2013/14,Real Madrid,Espanyol,La Liga,domestic_league,A,0,0.78,28.9342,10568,654,400,135,600,0.6116207951070336,3.0,2,2,4,3,4,13,26,2,4,0.8,1.3,1.3,0.6,0.8,0.3,0.9311544831471208,0.4366690242748394,0,1,6.0,28,37,7,1.3214285714285714,222,230,1.036036036036036,13,26,0.8,1.0,2.4,0.8,5,7,4,5,0.5714285714285714,0.5714285714285714,2,5,2,0,0.2857142857142857,0.2857142857142857,0.4285714285714285,2.7142857142857144,0.0,7,1743.54,1486.58,256.96,7,152,166,1.0921052631578947,299,161,0.5384615384615384,1,Sunday,0.4505,0,0,1,0,0,0,1,0,W,0,0,matched_secondary_full_career,0,0,0,0,0,2.0794415416798357,0,2.0794415416798357
2014-01-15_Real_Madrid_Osasuna_656,2014-01-15,2013/14,Real Madrid,Osasuna,Copa del Rey,domestic_or_other_cup,A,0,0.72,28.9424,10571,655,400,135,600,0.6106870229007634,3.0,2,3,4,2,3,12,24,2,3,0.6,1.2,1.2,0.4,0.7,0.3,0.6518081382029844,0.3056683169923876,0,2,9.0,29,37,7,1.2758620689655171,223,230,1.031390134529148,13,26,0.8,1.0,2.2,0.8,5,8,7,5,0.875,0.375,2,5,2,1,0.625,0.375,0.875,2.5,0.25,8,1747.25,1501.02,246.23,8,21,17,0.8095238095238095,300,161,0.5366666666666666,1,Wednesday,0.4588,0,0,1,1,0,1,2,0,W,1,0,matched_secondary_full_career,0,0,0,0,0,2.1972245773362196,0,2.1972245773362196
2014-01-18_Real_Madrid_Real_Betis_657,2014-01-18,2013/14,Real Madrid,Real Betis,La Liga,domestic_league,A,0,0.78,28.9506,10574,656,401,135,599,0.6112804878048781,3.0,2,4,5,1,4,10,25,1,2,0.8,1.0,1.25,0.6,0.7,0.2,0.7562656967420891,0.2139678218946713,1,0,3.0,30,38,7,1.2666666666666666,224,231,1.03125,15,26,1.0,1.0,2.2,0.4,5,5,2,3,0.4,0.2,0,4,0,1,0.6,0.2,1.2,2.4,0.2,5,1751.15,1499.87,251.28,5,153,166,1.0849673202614378,301,162,0.5382059800664452,1,Saturday,0.467,0,0,1,1,0,1,5,0,W,1,1,matched_secondary_full_career,0,0,0,0,0,1.791759469228055,0,1.791759469228055
2014-01-21_Real_Madrid_Espanyol_658,2014-01-21,2013/14,Real Madrid,Espanyol,Copa del Rey,domestic_or_other_cup,A,0,0.72,28.9588,10577,657,402,136,598,0.6118721461187214,3.0,2,4,6,2,4,10,24,2,3,0.8,1.0,1.2,0.6,0.7,0.2,0.8293859877194623,0.4497774753262699,2,0,3.0,31,39,8,1.2580645161290325,225,232,1.031111111111111,15,28,1.0,1.0,2.6,0.0,5,8,4,5,0.5,0.5,1,6,2,0,0.25,0.25,0.375,2.5,0.0,8,1754.96,1482.87,272.1,8,22,18,0.8181818181818182,302,163,0.5397350993377483,1,Tuesday,0.4753,0,0,1,0,0,0,1,0,W,0,0,matched_secondary_full_career,0,0,0,0,0,2.1972245773362196,0,2.1972245773362196
2014-01-25_Real_Madrid_Granada_CF_659,2014-01-25,2013/14,Real Madrid,Granada CF,La Liga,domestic_league,H,0,0.78,28.9698,10581,658,402,136,598,0.6109422492401215,4.0,2,4,6,2,2,7,23,2,3,0.4,0.7,1.15,0.4,0.6,0.1,0.5805701914036235,0.3148442327283889,0,1,7.0,32,39,8,1.21875,226,232,1.0265486725663715,15,28,1.0,1.0,2.2,0.0,5,5,4,1,0.8,0.6,2,4,0,1,0.6,0.2,0.6,2.2,0.2,5,1758.42,1500.78,257.64,5,154,167,1.0844155844155845,329,227,0.6899696048632219,1,Saturday,0.4863,0,0,1,1,0,1,2,0,W,1,0,matched_secondary_full_career,0,0,0,0,0,1.791759469228055,0,1.791759469228055
2014-01-28_Real_Madrid_Espanyol_660,2014-01-28,2013/14,Real Madrid,Espanyol,Copa del Rey,domestic_or_other_cup,H,0,0.72,28.978,10584,659,403,136,597,0.6115326251896813,3.0,2,4,7,2,3,7,24,1,3,0.6,0.7,1.2,0.6,0.6,0.1,0.7063991339825364,0.2203909629098722,1,0,3.0,33,40,8,1.2121212121212122,227,233,1.026431718061674,15,28,1.0,1.0,2.2,0.0,5,9,4,5,0.4444444444444444,0.4444444444444444,0,7,2,0,0.2222222222222222,0.2222222222222222,0.3333333333333333,2.333333333333333,0.0,9,1762.12,1479.41,282.7,9,23,18,0.782608695652174,330,228,0.6909090909090909,1,Tuesday,0.4945,0,0,1,0,0,0,1,0,W,0,0,matched_secondary_full_career,0,0,0,0,0,2.302585092994046,0,2.302585092994046
2014-02-02_Real_Madrid_Athletic_Club_661,2014-02-02,2013/14,Real Madrid,Athletic Club,La Liga,domestic_league,A,0,0.78,28.9917,10589,660,403,136,597,0.6106060606060606,5.0,1,3,8,1,3,6,23,1,3,0.6,0.6,1.15,0.6,0.5,0.1,0.4944793937877754,0.1542736740369105,0,1,8.0,34,40,8,1.1764705882352942,228,233,1.0219298245614037,15,28,1.0,1.0,2.2,0.0,5,9,11,2,1.2222222222222223,0.7777777777777778,3,8,0,1,0.3333333333333333,0.1111111111111111,0.6666666666666666,3.4444444444444446,0.1111111111111111,9,1765.4,1479.03,286.37,9,155,168,1.0838709677419356,303,163,0.5379537953795379,2,Sunday,0.5082,0,0,0,0,0,0,1,1,D,0,1,matched_secondary_full_career,0,0,0,0,0,2.302585092994046,0,2.302585092994046
2014-02-05_Real_Madrid_Atletico_Madrid_662,2014-02-05,2013/14,Real Madrid,Atletico Madrid,Copa del Rey,domestic_or_other_cup,H,0,0.72,28.9999,10592,661,403,137,597,0.6096822995461422,3.0,1,3,9,1,2,6,21,2,3,0.4,0.6,1.05,0.4,0.5,0.1,0.3461355756514428,0.4079915718258373,0,2,11.0,35,40,9,1.1428571428571428,229,233,1.017467248908297,13,28,0.8,1.0,2.0,0.2,5,10,9,3,0.9,0.6,2,8,0,2,0.6,0.2,0.9,2.2,0.1,10,1758.63,1499.51,259.11,10,24,18,0.75,331,228,0.6888217522658611,2,Wednesday,0.5165,0,0,0,0,0,0,3,0,W,0,0,matched_secondary_full_career,0,0,0,0,0,2.3978952727983707,0,2.3978952727983707
2014-02-11_Real_Madrid_Atletico_Madrid_663,2014-02-11,2013/14,Real Madrid,Atletico Madrid,Copa del Rey,domestic_or_other_cup,A,0,0.72,29.0163,10598,662,403,137,597,0.6087613293051359,6.0,1,3,8,0,1,5,21,1,3,0.2,0.5,1.05,0.2,0.4,0.1,0.2422949029560099,0.2855941002780861,0,3,17.0,36,40,9,1.1111111111111112,230,233,1.0130434782608695,13,28,0.8,1.0,1.6,0.2,5,11,9,3,0.8181818181818182,0.5454545454545454,1,9,0,2,0.5454545454545454,0.1818181818181818,0.8181818181818182,2.272727272727273,0.0909090909090909,11,1762.3,1495.84,266.46,11,25,18,0.72,304,163,0.5361842105263158,2,Tuesday,0.533,0,0,0,1,1,2,2,0,W,2,0,matched_secondary_full_career,0,0,0,0,0,2.4849066497880004,0,2.4849066497880004
2014-02-26_Real_Madrid_FC_Schalke_04_664,2014-02-26,2013/14,Real Madrid,FC Schalke 04,UEFA Champions League,continental_club,A,0,0.94,29.0574,10613,663,405,137,595,0.6108597285067874,15.0,0,0,4,2,3,5,20,1,3,0.6,0.5,1.0,0.4,0.4,0.1,0.7696064320692069,0.1999158701946602,1,0,15.0,37,42,9,1.135135135135135,231,235,1.0173160173160174,13,28,0.8,1.0,1.8,0.2,5,0,0,0,0.0,0.0,0,0,0,0,0.0,0.0,0.0,0.0,0.0,0,1765.85,1500.0,265.85,0,97,59,0.6082474226804123,305,165,0.5409836065573771,2,Wednesday,0.5742,0,0,0,1,1,2,6,1,W,2,1,matched_secondary_full_career,1,0,0,0,1,0.0,1,0.0
2014-03-02_Real_Madrid_Atletico_Madrid_665,2014-03-02,2013/14,Real Madrid,Atletico Madrid,La Liga,domestic_league,A,0,0.78,29.0684,10617,664,407,138,593,0.6129518072289156,4.0,1,1,4,4,4,7,20,2,3,0.8,0.7,1.0,0.4,0.5,0.2,1.1387245024484447,0.4399411091362621,2,0,4.0,38,44,10,1.1578947368421053,232,237,1.021551724137931,13,28,0.8,1.0,2.6,0.4,5,12,11,3,0.9166666666666666,0.5833333333333334,2,10,0,2,0.5,0.1666666666666666,0.75,2.25,0.0833333333333333,12,1769.41,1492.29,277.12,12,156,168,1.0769230769230769,306,167,0.545751633986928,3,Sunday,0.5852,0,0,0,1,0,1,2,2,D,1,0,matched_secondary_full_career,0,0,0,0,0,2.5649493574615367,0,2.5649493574615367
2014-03-05_Portugal_Cameroon_666,2014-03-05,2013/14,Portugal,Cameroon,International Friendly,international,H,1,0.35,29.0766,10620,665,408,138,592,0.6135338345864662,3.0,2,2,4,5,5,8,20,2,3,1.0,0.8,1.0,0.6,0.6,0.2,1.0971071517139113,0.3079587763953835,3,0,3.0,39,45,10,1.1538461538461535,109,47,0.4311926605504587,11,19,0.6,1.0,2.0,1.2,5,1,0,1,0.0,0.0,0,1,0,0,0.0,0.0,1.0,3.0,0.0,1,1634.41,1493.43,140.98,1,35,9,0.2571428571428571,332,228,0.6867469879518072,3,Wednesday,0.5934,0,0,0,1,1,2,5,1,W,2,0,matched_secondary_full_career,0,0,0,0,0,0.6931471805599453,0,0.6931471805599453
2014-03-09_Real_Madrid_Levante_667,2014-03-09,2013/14,Real Madrid,Levante,La Liga,domestic_league,H,0,0.78,29.0875,10624,666,410,138,590,0.6156156156156156,4.0,2,3,4,5,7,9,19,1,3,1.4,0.9,0.95,0.8,0.6,0.3,1.3679750061997378,0.2155711434767684,4,0,4.0,40,47,10,1.175,233,238,1.0214592274678111,11,26,0.6,1.0,2.8,0.8,5,8,9,4,1.125,0.625,3,6,1,1,0.5,0.25,0.875,3.0,0.25,8,1762.78,1495.86,266.92,8,157,169,1.0764331210191085,333,230,0.6906906906906907,3,Sunday,0.6044,0,0,0,1,0,1,3,0,W,1,1,matched_secondary_full_career,0,0,0,0,0,2.1972245773362196,0,2.1972245773362196
2014-03-15_Real_Madrid_Malaga_668,2014-03-15,2013/14,Real Madrid,Malaga,La Liga,domestic_league,A,0,0.78,29.104,10630,667,411,139,589,0.616191904047976,6.0,1,3,4,4,8,9,19,2,3,1.6,0.9,0.95,1.0,0.6,0.3,1.2575825043398163,0.4508998004337379,5,0,6.0,41,48,11,1.170731707317073,234,239,1.0213675213675213,13,26,0.8,1.0,3.2,0.6,5,11,12,5,1.0909090909090908,0.5454545454545454,2,8,2,1,0.4545454545454545,0.2727272727272727,0.9090909090909092,3.0,0.0,11,1766.32,1491.71,274.61,11,158,170,1.0759493670886076,307,168,0.5472312703583062,3,Saturday,0.6209,0,0,0,1,0,1,1,0,W,1,0,matched_secondary_full_career,0,0,0,0,0,2.4849066497880004,0,2.4849066497880004
2014-03-18_Real_Madrid_FC_Schalke_04_669,2014-03-18,2013/14,Real Madrid,FC Schalke 04,UEFA Champions League,continental_club,H,0,0.94,29.1122,10633,668,412,139,588,0.6167664670658682,3.0,1,3,5,4,7,10,17,2,3,1.4,1.0,0.85,1.0,0.7,0.3,1.1803077530378714,0.3156298603036165,6,0,3.0,42,49,11,1.1666666666666667,235,240,1.0212765957446808,13,26,0.8,1.0,2.8,0.6,5,1,2,1,2.0,1.0,2,1,0,0,0.0,0.0,1.0,6.0,0.0,1,1769.74,1496.44,273.29,1,98,61,0.6224489795918368,334,231,0.6916167664670658,3,Tuesday,0.6291,0,0,0,1,1,2,3,1,W,2,0,matched_secondary_full_career,0,0,0,0,0,0.6931471805599453,0,0.6931471805599453
2014-03-23_Real_Madrid_Barcelona_670,2014-03-23,2013/14,Real Madrid,Barcelona,La Liga,domestic_league,H,0,0.78,29.1259,10638,669,414,139,586,0.6188340807174888,5.0,1,3,6,4,7,11,18,1,3,1.4,1.1,0.9,1.0,0.7,0.4,1.42621542712651,0.2209409022125315,7,0,5.0,43,51,11,1.186046511627907,236,242,1.0254237288135593,13,26,0.8,1.0,3.0,0.8,5,23,12,1,0.5217391304347826,0.4347826086956521,2,5,6,9,1.65,0.75,1.8,1.3,0.2,20,1773.17,1632.78,140.39,23,159,171,1.0754716981132075,335,233,0.6955223880597015,3,Sunday,0.6429,0,0,0,1,0,1,3,4,L,1,0,matched_secondary_full_career,0,0,0,0,0,3.1780538303479458,0,3.1780538303479458
2014-03-26_Real_Madrid_Sevilla_671,2014-03-26,2013/14,Real Madrid,Sevilla,La Liga,domestic_league,A,0,0.78,29.1341,10641,670,415,139,585,0.6194029850746269,3.0,1,3,7,4,7,12,18,1,3,1.4,1.2,0.9,1.0,0.8,0.4,1.298350798988557,0.154658631548772,8,0,3.0,44,52,11,1.181818181818182,237,243,1.0253164556962024,10,23,0.6,0.8,2.4,1.4,5,10,15,0,1.5,0.6,6,9,0,1,0.3,0.1,1.1,3.3,0.1,10,1759.34,1478.61,280.73,10,160,172,1.075,308,169,0.5487012987012987,3,Wednesday,0.6511,0,0,0,1,0,1,1,2,L,1,0,matched_secondary_full_career,0,0,0,0,0,2.3978952727983707,0,2.3978952727983707
2014-03-29_Real_Madrid_Rayo_Vallecano_672,2014-03-29,2013/14,Real Madrid,Rayo Vallecano,La Liga,domestic_league,H,0,0.78,29.1423,10644,671,416,139,584,0.6199701937406855,3.0,2,4,7,4,6,13,19,1,2,1.2,1.3,0.95,1.0,0.9,0.4,1.2088455592919898,0.1082610420841404,9,0,3.0,45,53,11,1.1777777777777778,238,244,1.0252100840336134,9,20,0.6,0.6,2.2,1.4,5,5,7,0,1.4,0.8,3,5,0,0,0.0,0.0,0.8,2.8,0.0,5,1742.65,1480.0,262.65,5,161,173,1.0745341614906831,336,234,0.6964285714285714,3,Saturday,0.6593,0,0,0,1,0,1,5,0,W,1,1,matched_secondary_full_career,0,0,0,0,0,1.791759469228055,0,1.791759469228055
2014-04-02_Real_Madrid_Borussia_Dortmund_673,2014-04-02,2013/14,Real Madrid,Borussia Dortmund,UEFA Champions League,continental_club,H,0,0.94,29.1532,10648,672,417,140,583,0.6205357142857143,4.0,2,3,7,3,6,14,19,1,3,1.2,1.4,0.95,1.0,1.0,0.4,1.1461918915043927,0.3757827294588983,10,0,4.0,46,54,12,1.173913043478261,239,245,1.0251046025104602,9,22,0.6,0.6,2.6,1.4,5,4,2,0,0.5,0.5,1,1,1,2,1.75,0.75,2.0,1.5,0.0,4,1746.26,1532.61,213.65,4,99,63,0.6363636363636364,337,235,0.6973293768545994,4,Wednesday,0.6703,0,0,0,1,0,1,3,0,W,1,0,matched_secondary_full_career,0,0,0,0,0,1.6094379124341003,0,1.6094379124341003
2014-04-23_Real_Madrid_Bayern_Munich_674,2014-04-23,2013/14,Real Madrid,Bayern Munich,UEFA Champions League,continental_club,H,0,0.94,29.2107,10669,673,418,140,582,0.6210995542347697,21.0,0,0,3,3,6,13,18,1,3,1.2,1.3,0.9,1.0,1.0,0.3,1.1023343240530747,0.2630479106212288,11,0,21.0,47,55,12,1.1702127659574468,240,246,1.025,9,22,0.6,0.6,3.0,1.4,5,2,2,1,1.0,0.5,2,1,0,1,1.5,0.5,1.5,1.5,0.0,2,1750.79,1512.92,237.87,2,100,64,0.64,338,236,0.6982248520710059,4,Wednesday,0.728,0,0,0,0,0,0,1,0,W,0,0,matched_secondary_full_career,0,0,0,0,0,1.0986122886681098,0,1.0986122886681098
2014-04-26_Real_Madrid_Osasuna_675,2014-04-26,2013/14,Real Madrid,Osasuna,La Liga,domestic_league,H,0,0.78,29.2189,10672,674,418,140,582,0.6201780415430267,3.0,1,1,3,2,4,11,18,1,2,0.8,1.1,0.9,0.8,0.9,0.2,0.7716340268371523,0.1841335374348601,0,1,24.0,48,55,12,1.1458333333333333,241,246,1.020746887966805,9,22,0.6,0.6,2.6,1.2,5,9,8,5,0.8888888888888888,0.4444444444444444,1,6,2,1,0.5555555555555556,0.3333333333333333,0.7777777777777778,2.4444444444444446,0.2222222222222222,9,1754.84,1497.12,257.72,9,162,174,1.0740740740740742,339,236,0.696165191740413,4,Saturday,0.7363,0,0,0,1,1,2,4,0,W,2,0,matched_secondary_full_career,0,0,0,0,0,2.302585092994046,0,2.302585092994046
2014-04-29_Real_Madrid_Bayern_Munich_676,2014-04-29,2013/14,Real Madrid,Bayern Munich,UEFA Champions League,continental_club,A,0,0.94,29.2272,10675,675,420,140,580,0.6222222222222222,3.0,2,2,3,3,5,12,20,1,2,1.0,1.2,1.0,0.8,0.9,0.3,1.140143818786007,0.128893476204402,1,0,3.0,49,57,12,1.163265306122449,242,248,1.024793388429752,12,22,0.8,0.8,2.8,0.4,5,3,2,1,0.6666666666666666,0.3333333333333333,2,2,0,1,1.0,0.3333333333333333,1.0,1.3333333333333333,0.0,3,1758.54,1508.86,249.68,3,101,64,0.6336633663366337,309,170,0.5501618122977346,4,Tuesday,0.7445,0,0,0,1,1,2,4,0,W,2,0,matched_secondary_full_career,0,0,0,0,0,1.3862943611198906,0,1.3862943611198906
2014-05-04_Real_Madrid_Valencia_677,2014-05-04,2013/14,Real Madrid,Valencia,La Liga,domestic_league,H,0,0.78,29.2408,10680,676,422,140,578,0.6242603550295858,5.0,1,3,3,4,6,12,21,1,2,1.2,1.2,1.05,0.8,0.9,0.3,1.3981006731502046,0.0902254333430814,2,0,5.0,50,59,12,1.18,243,250,1.02880658436214,15,24,1.0,1.0,3.4,0.0,5,10,7,1,0.7,0.5,3,7,3,0,0.3,0.3,0.9,2.5,0.1,10,1762.38,1488.73,273.65,10,163,176,1.0797546012269938,340,238,0.7,5,Sunday,0.7582,0,0,0,1,0,1,2,2,D,1,1,matched_secondary_full_career,0,0,0,0,0,2.3978952727983707,0,2.3978952727983707
2014-05-07_Real_Madrid_Real_Valladolid_678,2014-05-07,2013/14,Real Madrid,Real Valladolid,La Liga,domestic_league,A,0,0.78,29.2491,10683,677,423,141,577,0.6248153618906942,3.0,1,4,4,5,6,12,21,1,2,1.2,1.2,1.05,0.8,0.9,0.3,1.278670471205143,0.363157803340157,3,0,3.0,51,60,13,1.1764705882352942,244,251,1.028688524590164,13,22,0.8,1.0,2.8,0.4,5,3,3,1,1.0,0.6666666666666666,3,3,0,0,0.0,0.0,2.0,3.6666666666666665,0.0,3,1755.81,1484.83,270.97,3,164,177,1.079268292682927,310,172,0.5548387096774193,5,Wednesday,0.7665,0,0,0,0,0,0,1,1,D,0,0,matched_secondary_full_career,0,0,0,0,0,1.3862943611198906,0,1.3862943611198906
2014-05-24_Real_Madrid_Atletico_Madrid_679,2014-05-24,2013/14,Real Madrid,Atletico Madrid,UEFA Champions League,continental_club,H,0,0.94,29.2956,10700,678,423,141,577,0.6238938053097345,17.0,0,0,4,3,5,11,21,1,2,1.0,1.1,1.05,0.6,0.8,0.3,0.8950693298436001,0.2542104623381099,0,1,20.0,52,60,13,1.1538461538461535,245,251,1.0244897959183674,11,20,0.6,1.0,2.4,0.6,5,13,12,3,0.9230769230769232,0.6153846153846154,3,10,1,2,0.5384615384615384,0.2307692307692307,0.8461538461538461,2.230769230769231,0.0769230769230769,13,1749.28,1498.92,250.36,13,102,66,0.6470588235294118,341,239,0.7008797653958945,5,Saturday,0.8132,0,1,0,1,0,1,4,1,W,1,1,matched_secondary_full_career,0,0,0,0,0,2.6390573296152584,0,2.6390573296152584
2014-06-11_Portugal_Republic_of_Ireland_680,2014-06-11,2013/14,Portugal,Republic of Ireland,International Friendly,international,N,1,0.35,29.3449,10718,679,424,142,576,0.6244477172312224,18.0,0,0,1,2,6,10,21,2,3,1.2,1.0,1.05,0.8,0.8,0.2,0.92654853089052,0.4779473236366769,1,0,18.0,53,61,14,1.150943396226415,110,49,0.4454545454545454,13,21,0.8,1.0,2.8,1.2,5,1,0,0,0.0,0.0,0,0,0,1,3.0,1.0,1.0,0.0,1.0,1,1640.56,1511.86,128.69,1,36,11,0.3055555555555556,26,12,0.4615384615384615,6,Wednesday,0.8626,0,1,0,0,0,0,5,1,W,0,0,matched_secondary_full_career,0,0,0,0,0,0.6931471805599453,0,0.6931471805599453
2014-06-16_Portugal_Germany_681,2014-06-16,2013/14,Portugal,Germany,World Cup,international,A,1,1.0,29.3586,10723,680,424,142,576,0.6235294117647059,5.0,1,1,2,1,4,9,21,2,3,0.8,0.9,1.05,0.6,0.7,0.2,0.6485839716233639,0.3345631265456738,0,1,23.0,54,61,14,1.1296296296296295,111,49,0.4414414414414414,13,24,0.8,1.0,3.0,1.0,5,3,0,0,0.0,0.0,0,0,0,3,3.0,1.0,2.333333333333333,1.0,0.3333333333333333,3,1647.01,1539.08,107.93,3,10,2,0.2,311,172,0.5530546623794212,6,Monday,0.8764,0,1,0,0,0,0,0,4,L,0,0,matched_secondary_full_career,0,0,0,0,0,1.3862943611198906,0,1.3862943611198906
2014-06-22_Portugal_USA_682,2014-06-22,2013/14,Portugal,USA,World Cup,international,A,1,1.0,29.375,10729,681,424,142,576,0.6226138032305433,6.0,1,2,3,1,2,8,21,2,3,0.4,0.8,1.05,0.4,0.6,0.2,0.4540087801363547,0.2341941885819716,0,2,29.0,55,61,14,1.1090909090909091,112,49,0.4375,12,23,0.8,0.8,2.8,1.6,5,0,0,0,0.0,0.0,0,0,0,0,0.0,0.0,0.0,0.0,0.0,0,1634.0,1500.0,134.0,0,11,2,0.1818181818181818,312,172,0.5512820512820513,6,Sunday,0.8929,0,1,0,0,0,0,2,2,D,0,1,matched_secondary_date_discrepancy,1,0,0,0,1,0.0,1,0.0
2014-06-26_Portugal_Ghana_683,2014-06-26,2013/14,Portugal,Ghana,World Cup,international,H,1,1.0,29.386,10733,682,424,143,576,0.6217008797653959,4.0,1,2,3,0,1,7,21,2,3,0.2,0.7,1.05,0.2,0.5,0.2,0.3178061460954482,0.4639359320073801,0,3,33.0,56,61,15,1.0892857142857142,113,49,0.4336283185840708,10,21,0.6,0.8,3.0,2.0,5,0,0,0,0.0,0.0,0,0,0,0,0.0,0.0,0.0,0.0,0.0,0,1630.33,1500.0,130.33,0,12,2,0.1666666666666666,342,240,0.7017543859649122,6,Thursday,0.9038,0,1,0,1,0,1,2,1,W,1,0,matched_secondary_full_career,1,0,0,0,1,0.0,1,0.0
2014-08-12_Real_Madrid_Sevilla_684,2014-08-12,2014/15,Real Madrid,Sevilla,UEFA Super Cup,continental_club,N,0,0.82,29.5146,10780,683,425,143,575,0.6222547584187409,47.0,0,0,0,1,2,7,20,2,3,0.4,0.7,1.0,0.4,0.5,0.2,0.5224643022668137,0.324755152405166,1,0,47.0,0,0,0,0.0,246,252,1.024390243902439,11,20,0.6,1.0,3.0,0.8,5,11,16,0,1.4545454545454546,0.6363636363636364,7,9,0,2,0.5454545454545454,0.1818181818181818,1.181818181818182,3.090909090909091,0.0909090909090909,11,1753.11,1495.3,257.81,11,0,0,0.0,27,12,0.4444444444444444,8,Tuesday,0.0302,1,0,0,1,1,2,2,0,W,2,0,matched_secondary_full_career,0,0,0,0,0,2.4849066497880004,0,2.4849066497880004
2014-08-19_Real_Madrid_Atletico_Madrid_685,2014-08-19,2014/15,Real Madrid,Atletico Madrid,Supercopa de Espana,domestic_or_other_cup,H,0,0.82,29.5338,10787,684,427,143,573,0.6242690058479532,7.0,1,1,1,3,3,9,20,1,3,0.6,0.9,1.0,0.4,0.6,0.3,0.9657250115867696,0.2273286066836162,2,0,7.0,1,2,0,2.0,247,254,1.02834008097166,11,23,0.6,1.0,2.6,0.8,5,14,13,4,0.9285714285714286,0.6428571428571429,4,11,1,2,0.5,0.2142857142857142,0.8571428571428571,2.357142857142857,0.0714285714285714,14,1756.81,1495.09,261.72,14,4,3,0.75,343,241,0.7026239067055393,8,Tuesday,0.0495,1,0,0,0,0,0,1,1,D,0,0,matched_secondary_full_career,0,0,0,0,0,2.70805020110221,0,2.70805020110221
2014-08-22_Real_Madrid_Atletico_Madrid_686,2014-08-22,2014/15,Real Madrid,Atletico Madrid,Supercopa de Espana,domestic_or_other_cup,A,0,0.82,29.542,10790,685,427,143,573,0.6233576642335766,3.0,1,2,2,3,3,7,19,1,3,0.6,0.7,0.95,0.4,0.5,0.2,0.6760075081107386,0.1591300246785313,0,1,10.0,2,2,0,1.0,248,254,1.0241935483870968,9,24,0.4,1.0,2.0,1.0,5,15,13,4,0.8666666666666667,0.6,2,11,2,2,0.5333333333333333,0.2666666666666666,0.8666666666666667,2.2666666666666666,0.0666666666666666,15,1750.44,1501.46,248.97,15,5,3,0.6,313,172,0.549520766773163,8,Friday,0.0577,1,0,0,0,0,0,0,1,L,0,0,matched_secondary_full_career,0,0,0,0,0,2.772588722239781,0,2.772588722239781
2014-08-25_Real_Madrid_Cordoba_687,2014-08-25,2014/15,Real Madrid,Cordoba,La Liga,domestic_league,H,0,0.78,29.5502,10793,686,427,143,573,0.6224489795918368,3.0,2,3,3,2,3,5,17,1,3,0.6,0.5,0.85,0.4,0.4,0.1,0.473205255677517,0.1113910172749719,0,2,13.0,3,2,0,0.6666666666666666,249,254,1.0200803212851406,8,21,0.4,0.8,1.6,0.8,5,0,0,0,0.0,0.0,0,0,0,0,0.0,0.0,0.0,0.0,0.0,0,1734.29,1500.0,234.29,0,165,177,1.0727272727272728,344,241,0.7005813953488372,8,Monday,0.0659,1,0,0,1,0,1,2,0,W,1,0,matched_secondary_full_career,1,0,0,0,1,0.0,1,0.0
2014-09-13_Real_Madrid_Atletico_Madrid_688,2014-09-13,2014/15,Real Madrid,Atletico Madrid,La Liga,domestic_league,H,0,0.78,29.6023,10812,687,428,143,572,0.6229985443959243,19.0,0,0,3,1,4,5,17,0,2,0.8,0.5,0.85,0.6,0.4,0.1,0.6312436789742619,0.0779737120924803,1,0,19.0,4,3,0,0.75,250,255,1.02,10,21,0.6,0.8,1.8,0.6,5,16,13,4,0.8125,0.5625,1,11,2,3,0.6875,0.3125,0.875,2.125,0.125,16,1738.41,1517.61,220.8,16,166,178,1.072289156626506,345,242,0.7014492753623188,9,Saturday,0.1181,1,0,0,1,0,1,1,2,L,1,0,matched_secondary_full_career,0,0,0,0,0,2.833213344056216,0,2.833213344056216
2014-09-16_Real_Madrid_FC_Basel_1893_689,2014-09-16,2014/15,Real Madrid,FC Basel 1893,UEFA Champions League,continental_club,H,0,0.94,29.6105,10815,688,429,143,571,0.623546511627907,3.0,1,1,4,2,4,6,17,0,2,0.8,0.6,0.85,0.6,0.5,0.1,0.7418705752819833,0.0545815984647362,2,0,3.0,5,4,0,0.8,251,256,1.0199203187250996,7,18,0.4,0.6,1.2,0.8,5,0,0,0,0.0,0.0,0,0,0,0,0.0,0.0,0.0,0.0,0.0,0,1722.79,1500.0,222.79,0,103,67,0.6504854368932039,346,243,0.7023121387283237,9,Tuesday,0.1264,1,0,0,1,0,1,5,1,W,1,1,matched_secondary_full_career,1,0,0,0,1,0.0,1,0.0
2014-09-20_Real_Madrid_Deportivo_La_Coruna_690,2014-09-20,2014/15,Real Madrid,Deportivo La Coruna,La Liga,domestic_league,A,0,0.78,29.6214,10819,689,430,144,570,0.6240928882438317,4.0,2,2,4,3,3,6,16,1,2,0.6,0.6,0.8,0.6,0.5,0.1,0.8193094026973882,0.3382071189253153,3,0,4.0,6,5,1,0.8333333333333334,252,257,1.0198412698412698,7,18,0.4,0.6,1.8,1.0,5,5,6,1,1.2,0.6,3,4,1,0,0.2,0.2,1.0,3.2,0.2,5,1727.13,1482.96,244.17,5,167,179,1.0718562874251496,314,172,0.5477707006369427,9,Saturday,0.1374,1,0,0,1,1,3,8,2,W,3,0,matched_secondary_full_career,0,0,0,0,0,1.791759469228055,0,1.791759469228055
2014-09-23_Real_Madrid_Elche_691,2014-09-23,2014/15,Real Madrid,Elche,La Liga,domestic_league,H,0,0.78,29.6296,10822,690,433,144,567,0.6275362318840579,3.0,2,3,4,5,6,9,18,1,2,1.2,0.9,0.9,0.8,0.6,0.2,1.4735165818881717,0.2367449832477207,4,0,3.0,7,8,1,1.1428571428571428,253,260,1.0276679841897234,9,18,0.6,0.6,3.2,1.2,5,1,2,0,2.0,1.0,2,1,0,0,0.0,0.0,1.0,2.0,0.0,1,1731.07,1495.82,235.26,1,168,182,1.0833333333333333,347,244,0.7031700288184438,9,Tuesday,0.1456,1,0,0,1,1,4,5,1,W,4,0,matched_secondary_full_career,0,0,0,0,0,0.6931471805599453,0,0.6931471805599453
2014-09-27_Real_Madrid_Villarreal_692,2014-09-27,2014/15,Real Madrid,Villarreal,La Liga,domestic_league,A,0,0.78,29.6406,10826,691,437,144,563,0.6324167872648335,4.0,2,4,4,8,10,13,21,1,2,2.0,1.3,1.05,1.0,0.7,0.3,2.23146160732172,0.1657214882734045,5,0,4.0,8,12,1,1.5,254,264,1.0393700787401574,12,20,0.8,0.8,4.2,1.2,5,11,9,3,0.8181818181818182,0.5454545454545454,2,5,2,0,0.2857142857142857,0.2857142857142857,1.1428571428571428,3.0,0.0,7,1735.18,1500.22,234.95,11,169,186,1.1005917159763314,315,175,0.5555555555555556,9,Saturday,0.1566,1,0,0,1,0,1,2,0,W,1,0,matched_secondary_full_career,0,0,0,0,0,2.4849066497880004,0,2.4849066497880004
2014-10-01_Real_Madrid_Ludogorets_693,2014-10-01,2014/15,Real Madrid,Ludogorets,UEFA Champions League,continental_club,A,0,0.94,29.6515,10830,692,438,144,562,0.6329479768786127,4.0,1,3,5,8,10,14,21,1,1,2.0,1.4,1.05,1.0,0.8,0.3,1.862023125125204,0.1160050417913831,6,0,4.0,9,13,1,1.4444444444444444,255,265,1.03921568627451,12,22,0.8,0.8,4.2,1.2,5,0,0,0,0.0,0.0,0,0,0,0,0.0,0.0,0.0,0.0,0.0,0,1739.28,1500.0,239.28,0,104,68,0.6538461538461539,316,176,0.5569620253164557,10,Wednesday,0.1676,1,0,0,1,0,1,2,1,W,1,0,matched_secondary_full_career,1,0,0,0,1,0.0,1,0.0
2014-10-05_Real_Madrid_Athletic_Club_694,2014-10-05,2014/15,Real Madrid,Athletic Club,La Liga,domestic_league,H,0,0.78,29.6625,10834,693,439,144,561,0.6334776334776335,4.0,1,3,6,6,10,14,21,1,1,2.0,1.4,1.05,1.0,0.8,0.3,1.6034161875876427,0.0812035292539681,7,0,4.0,10,14,1,1.4,256,266,1.0390625,15,22,1.0,1.0,4.4,1.0,5,10,11,3,1.1,0.7,3,8,1,1,0.4,0.2,0.7,3.2,0.1,10,1743.31,1485.81,257.51,10,170,187,1.1,348,248,0.7126436781609196,10,Sunday,0.1786,1,0,0,1,1,3,5,0,W,3,1,matched_secondary_full_career,0,0,0,0,0,2.3978952727983707,0,2.3978952727983707
2014-10-11_Portugal_France_695,2014-10-11,2014/15,Portugal,France,International Friendly,international,A,1,0.35,29.6789,10840,694,442,145,558,0.6368876080691642,6.0,1,3,7,5,12,15,24,1,2,2.4,1.5,1.2,1.0,0.8,0.3,2.0223913313113497,0.3568424704777777,8,0,6.0,11,17,2,1.5454545454545454,114,50,0.4385964912280701,10,21,0.6,0.8,2.8,1.8,5,1,0,0,0.0,0.0,0,0,0,1,3.0,1.0,1.0,0.0,1.0,1,1636.74,1513.73,123.01,1,37,11,0.2972972972972973,317,177,0.5583596214511041,10,Saturday,0.1951,1,0,0,0,0,0,1,2,L,0,0,matched_secondary_full_career,0,0,0,0,0,0.6931471805599453,0,0.6931471805599453
2014-10-14_Portugal_Denmark_696,2014-10-14,2014/15,Portugal,Denmark,Euros Qualifier,international,A,1,0.76,29.6871,10843,695,442,145,558,0.6359712230215827,3.0,1,3,7,4,9,15,22,1,2,1.8,1.5,1.1,0.8,0.8,0.3,1.4156739319179448,0.2497897293344444,0,1,9.0,12,17,2,1.4166666666666667,115,50,0.4347826086956521,7,20,0.4,0.6,2.0,2.0,5,5,2,2,0.4,0.4,2,2,1,2,1.4,0.6,2.0,2.0,0.0,5,1623.34,1515.03,108.31,5,21,15,0.7142857142857143,318,177,0.5566037735849056,10,Tuesday,0.2033,0,0,0,1,0,1,1,0,W,1,0,matched_secondary_full_career,0,0,0,0,0,1.791759469228055,0,1.791759469228055
2014-10-18_Real_Madrid_Levante_697,2014-10-18,2014/15,Real Madrid,Levante,La Liga,domestic_league,A,0,0.78,29.6981,10847,696,443,145,557,0.6364942528735632,4.0,2,3,7,4,6,16,21,1,2,1.2,1.6,1.05,0.8,0.9,0.3,1.2909717523425612,0.174852810534111,1,0,4.0,13,18,2,1.3846153846153846,257,269,1.046692607003891,15,22,1.0,1.0,4.4,0.8,5,9,10,5,1.1111111111111112,0.6666666666666666,3,7,1,1,0.4444444444444444,0.2222222222222222,0.7777777777777778,3.0,0.2222222222222222,9,1747.01,1492.32,254.69,9,171,190,1.1111111111111112,319,178,0.5579937304075235,10,Saturday,0.2143,0,0,0,1,1,2,5,0,W,2,0,matched_secondary_full_career,0,0,0,0,0,2.302585092994046,0,2.302585092994046
2014-10-22_Real_Madrid_Liverpool_698,2014-10-22,2014/15,Real Madrid,Liverpool,UEFA Champions League,continental_club,A,0,0.94,29.709,10851,697,445,145,555,0.6384505021520803,4.0,1,3,7,3,7,17,22,1,2,1.4,1.7,1.1,0.8,0.9,0.4,1.5036802266397928,0.1223969673738777,2,0,4.0,14,20,2,1.4285714285714286,258,271,1.050387596899225,15,24,1.0,1.0,3.8,0.4,5,9,2,1,0.2222222222222222,0.2222222222222222,2,0,0,0,0.0,0.0,0.0,0.0,0.0,0,1750.77,1515.0,235.76,9,105,69,0.6571428571428571,320,180,0.5625,10,Wednesday,0.2253,0,0,0,1,0,1,3,0,W,1,0,matched_secondary_full_career,1,0,0,0,0,2.302585092994046,0,2.302585092994046
2014-10-25_Real_Madrid_Barcelona_699,2014-10-25,2014/15,Real Madrid,Barcelona,La Liga,domestic_league,H,0,0.78,29.7172,10854,698,446,145,554,0.6389684813753582,3.0,2,4,7,4,7,17,23,1,2,1.4,1.7,1.15,0.8,0.9,0.4,1.3525761586478549,0.0856778771617144,3,0,3.0,15,21,2,1.4,259,272,1.05019305019305,15,27,1.0,1.0,3.4,0.2,5,24,13,1,0.5416666666666666,0.4583333333333333,1,5,6,10,1.7142857142857142,0.7619047619047619,1.9047619047619049,1.380952380952381,0.1904761904761904,21,1754.86,1646.61,108.25,24,172,192,1.1162790697674418,349,251,0.7191977077363897,10,Saturday,0.2335,0,0,0,1,0,1,3,1,W,1,0,matched_secondary_full_career,0,0,0,0,0,3.2188758248682006,0,3.2188758248682006
2014-11-01_Real_Madrid_Granada_CF_700,2014-11-01,2014/15,Real Madrid,Granada CF,La Liga,domestic_league,A,0,0.78,29.7364,10861,699,447,145,553,0.6394849785407726,7.0,1,3,6,4,5,17,23,0,1,1.0,1.7,1.15,0.8,0.9,0.4,1.2468033110534984,0.0599745140132,4,0,7.0,16,22,2,1.375,260,273,1.05,15,27,1.0,1.0,3.6,0.4,5,6,5,1,0.8333333333333334,0.6666666666666666,1,5,0,1,0.5,0.1666666666666666,0.5,2.1666666666666665,0.1666666666666666,6,1761.84,1497.08,264.76,6,173,193,1.115606936416185,321,181,0.5638629283489096,11,Saturday,0.2527,0,0,0,1,0,1,4,0,W,1,2,matched_secondary_full_career,0,0,0,0,0,1.9459101490553132,0,1.9459101490553132
2014-11-04_Real_Madrid_Liverpool_701,2014-11-04,2014/15,Real Madrid,Liverpool,UEFA Champions League,continental_club,H,0,0.94,29.7446,10864,700,448,147,552,0.64,3.0,1,3,7,3,6,15,24,2,3,1.2,1.5,1.2,1.0,0.9,0.3,1.1727623177374489,0.64198215980924,5,0,3.0,17,23,4,1.3529411764705883,261,274,1.049808429118774,15,30,1.0,1.0,4.0,0.2,5,10,3,1,0.3,0.3,3,1,0,0,0.0,0.0,0.0,3.0,0.0,1,1765.42,1510.91,254.51,10,106,70,0.660377358490566,350,252,0.72,11,Tuesday,0.261,0,0,0,0,0,0,1,0,W,0,0,matched_secondary_full_career,0,0,0,0,0,2.3978952727983707,0,2.3978952727983707
2014-11-08_Real_Madrid_Rayo_Vallecano_702,2014-11-08,2014/15,Real Madrid,Rayo Vallecano,La Liga,domestic_league,H,0,0.78,29.7556,10868,701,448,147,552,0.6390870185449358,4.0,2,3,7,2,5,11,24,2,3,1.0,1.1,1.2,0.8,0.8,0.2,0.8209336224162141,0.4493875118664679,0,1,7.0,18,23,4,1.2777777777777777,262,274,1.045801526717557,15,30,1.0,1.0,3.2,0.2,5,6,8,1,1.3333333333333333,0.8333333333333334,3,6,0,0,0.0,0.0,0.6666666666666666,3.1666666666666665,0.0,6,1769.17,1476.39,292.79,6,174,194,1.1149425287356325,351,252,0.717948717948718,11,Saturday,0.272,0,0,0,1,0,1,5,1,W,1,2,matched_secondary_full_career,0,0,0,0,0,1.9459101490553132,0,1.9459101490553132
2014-11-14_Portugal_Armenia_703,2014-11-14,2014/15,Portugal,Armenia,Euros Qualifier,international,H,1,0.76,29.772,10874,702,449,149,551,0.6396011396011396,6.0,1,3,6,2,4,11,25,4,5,0.8,1.1,1.25,0.8,0.8,0.2,0.8746535356913498,0.9145712583065276,1,0,6.0,19,24,6,1.263157894736842,116,51,0.4396551724137931,7,20,0.4,0.6,1.2,1.8,5,2,1,0,0.5,0.5,1,1,1,0,0.5,0.5,0.5,1.0,0.0,2,1630.32,1496.01,134.31,2,22,16,0.7272727272727273,352,253,0.71875,11,Friday,0.2885,0,0,0,1,0,1,1,0,W,1,0,matched_secondary_full_career,0,0,0,0,0,1.0986122886681098,0,1.0986122886681098
2014-11-18_Portugal_Argentina_704,2014-11-18,2014/15,Portugal,Argentina,International Friendly,international,N,1,0.35,29.783,10878,703,450,149,550,0.6401137980085349,4.0,1,3,6,2,4,11,25,4,5,0.8,1.1,1.25,0.8,0.8,0.2,0.9122574749839448,0.6401998808145692,2,0,4.0,20,25,6,1.25,117,52,0.4444444444444444,10,22,0.6,0.8,1.4,1.0,5,1,1,0,1.0,1.0,1,0,0,1,3.0,1.0,2.0,1.0,0.0,1,1636.64,1513.87,122.77,1,38,11,0.2894736842105263,28,14,0.5,11,Tuesday,0.2995,0,0,0,0,0,0,1,0,W,0,0,matched_secondary_full_career,0,0,0,0,0,0.6931471805599453,0,0.6931471805599453
2014-11-22_Real_Madrid_Eibar_705,2014-11-22,2014/15,Real Madrid,Eibar,La Liga,domestic_league,A,0,0.78,29.7939,10882,704,450,149,550,0.6392045454545454,4.0,1,3,6,2,3,8,23,4,4,0.6,0.8,1.15,0.6,0.7,0.1,0.6385802324887614,0.4481399165701984,0,1,8.0,21,25,6,1.1904761904761905,263,275,1.0456273764258557,15,30,1.0,1.0,3.2,0.4,5,0,0,0,0.0,0.0,0,0,0,0,0.0,0.0,0.0,0.0,0.0,0,1772.3,1500.0,272.3,0,175,195,1.1142857142857143,322,182,0.5652173913043478,11,Saturday,0.3104,0,0,0,1,1,2,4,0,W,2,1,matched_secondary_full_career,1,0,0,0,1,0.0,1,0.0
2014-11-26_Real_Madrid_FC_Basel_1893_706,2014-11-26,2014/15,Real Madrid,FC Basel 1893,UEFA Champions League,continental_club,A,0,0.94,29.8049,10886,705,452,150,548,0.6411347517730497,4.0,1,3,6,3,4,10,25,3,5,0.8,1.0,1.25,0.6,0.8,0.2,1.047006162742133,0.6136979415991388,1,0,4.0,22,27,7,1.2272727272727273,264,277,1.0492424242424243,15,30,1.0,1.0,3.4,0.4,5,1,1,1,1.0,1.0,1,1,0,0,0.0,0.0,1.0,5.0,0.0,1,1775.75,1495.66,280.09,1,107,70,0.6542056074766355,323,184,0.5696594427244582,11,Wednesday,0.3214,0,0,0,1,0,1,1,0,W,1,0,matched_secondary_full_career,0,0,0,0,0,0.6931471805599453,0,0.6931471805599453
2014-11-29_Real_Madrid_Malaga_707,2014-11-29,2014/15,Real Madrid,Malaga,La Liga,domestic_league,A,0,0.78,29.8131,10889,706,453,150,547,0.6416430594900849,3.0,2,3,7,3,5,10,26,3,5,1.0,1.0,1.3,0.8,0.8,0.2,1.0329043139194931,0.4295885591193971,2,0,3.0,23,28,7,1.2173913043478262,265,278,1.049056603773585,15,30,1.0,1.0,3.0,0.2,5,12,13,5,1.0833333333333333,0.5833333333333334,3,9,2,1,0.4166666666666667,0.25,0.8333333333333334,2.833333333333333,0.0,12,1779.08,1488.29,290.78,12,176,197,1.119318181818182,324,185,0.5709876543209876,11,Saturday,0.3297,0,0,0,0,0,0,2,1,W,0,2,matched_secondary_full_career,0,0,0,0,0,2.5649493574615367,0,2.5649493574615367
2014-12-06_Real_Madrid_Celta_Vigo_708,2014-12-06,2014/15,Real Madrid,Celta Vigo,La Liga,domestic_league,H,0,0.78,29.8322,10896,707,453,152,547,0.6407355021216408,7.0,1,3,6,3,4,8,25,3,7,0.8,0.8,1.25,0.6,0.7,0.1,0.7230330197436451,0.9007119913835779,0,1,10.0,24,28,9,1.1666666666666667,266,278,1.045112781954887,15,30,1.0,1.0,2.6,0.4,5,5,9,1,1.8,1.0,7,4,0,1,0.6,0.2,0.6,2.4,0.0,5,1782.23,1499.0,283.23,5,177,197,1.112994350282486,353,254,0.7195467422096318,12,Saturday,0.3489,0,0,1,1,1,3,3,0,W,3,0,matched_secondary_full_career,0,0,0,0,0,1.791759469228055,0,1.791759469228055
2014-12-09_Real_Madrid_Ludogorets_709,2014-12-09,2014/15,Real Madrid,Ludogorets,UEFA Champions League,continental_club,H,0,0.94,29.8404,10899,708,456,152,544,0.6440677966101694,3.0,1,3,6,4,6,10,27,3,7,1.2,1.0,1.35,0.6,0.7,0.2,1.4061231138205514,0.6304983939685045,1,0,3.0,25,31,9,1.24,267,281,1.0524344569288389,15,30,1.0,1.0,3.0,0.4,5,1,1,0,1.0,1.0,1,1,0,0,0.0,0.0,1.0,2.0,0.0,1,1785.51,1495.97,289.54,1,108,71,0.6574074074074074,354,257,0.7259887005649718,12,Tuesday,0.3571,0,0,1,1,0,1,4,0,W,1,0,matched_secondary_full_career,0,0,0,0,0,0.6931471805599453,0,0.6931471805599453
2014-12-12_Real_Madrid_Almeria_710,2014-12-12,2014/15,Real Madrid,Almeria,La Liga,domestic_league,A,0,0.78,29.8487,10902,709,457,152,543,0.6445698166431594,3.0,2,3,7,4,7,10,27,3,7,1.4,1.0,1.35,0.8,0.7,0.2,1.284286179674386,0.4413488757779531,2,0,3.0,26,32,9,1.2307692307692308,268,282,1.0522388059701493,15,30,1.0,1.0,2.8,0.2,5,5,5,4,1.0,0.8,3,4,1,0,0.2,0.2,1.0,4.0,0.0,5,1788.69,1483.72,304.97,5,178,200,1.1235955056179776,325,185,0.5692307692307692,12,Friday,0.3654,0,0,1,1,1,2,4,1,W,2,0,matched_secondary_full_career,0,0,0,0,0,1.791759469228055,0,1.791759469228055
2014-12-16_Real_Madrid_Cruz_Azul_711,2014-12-16,2014/15,Real Madrid,Cruz Azul,FIFA Club World Cup,continental_club,A,0,1.0,29.8596,10906,710,459,152,541,0.6464788732394366,4.0,2,3,7,6,7,11,26,2,5,1.4,1.1,1.3,0.8,0.7,0.3,1.49900032577207,0.3089442130445671,3,0,4.0,27,34,9,1.2592592592592593,269,284,1.055762081784387,15,30,1.0,1.0,2.8,0.4,5,0,0,0,0.0,0.0,0,0,0,0,0.0,0.0,0.0,0.0,0.0,0,1791.63,1500.0,291.63,0,2,1,0.5,326,187,0.5736196319018405,12,Tuesday,0.3764,0,0,1,0,0,0,4,0,W,0,2,matched_secondary_full_career,1,0,0,0,1,0.0,1,0.0
2014-12-20_Real_Madrid_San_Lorenzo_712,2014-12-20,2014/15,Real Madrid,San Lorenzo,FIFA Club World Cup,continental_club,H,0,1.0,29.8706,10910,711,459,154,541,0.6455696202531646,4.0,1,4,7,3,6,11,22,4,7,1.2,1.1,1.1,0.6,0.7,0.3,1.0493002280404489,0.816260949131197,0,1,8.0,28,34,11,1.2142857142857142,270,284,1.0518518518518518,15,30,1.0,1.0,3.4,0.4,5,0,0,0,0.0,0.0,0,0,0,0,0.0,0.0,0.0,0.0,0.0,0,1794.78,1500.0,294.78,0,3,1,0.3333333333333333,355,258,0.7267605633802817,12,Saturday,0.3874,0,0,1,0,0,0,2,0,W,0,0,matched_secondary_full_career,1,0,0,0,1,0.0,1,0.0
2015-01-04_Real_Madrid_Valencia_713,2015-01-04,2014/15,Real Madrid,Valencia,La Liga,domestic_league,A,0,0.78,29.9116,10925,712,459,154,541,0.6446629213483146,15.0,0,0,5,2,6,10,21,2,5,1.2,1.0,1.05,0.6,0.6,0.3,0.7345101596283141,0.5713826643918378,0,2,23.0,29,34,11,1.1724137931034482,271,284,1.047970479704797,15,30,1.0,1.0,3.4,0.2,5,11,8,2,0.7272727272727273,0.5454545454545454,2,7,4,0,0.3636363636363636,0.3636363636363636,1.0,2.4545454545454546,0.0909090909090909,11,1797.88,1495.3,302.58,11,179,202,1.128491620111732,327,187,0.5718654434250765,1,Sunday,0.4286,0,0,1,1,0,1,1,2,L,1,0,matched_secondary_full_career,0,0,0,0,0,2.4849066497880004,0,2.4849066497880004
2015-01-07_Real_Madrid_Atletico_Madrid_714,2015-01-07,2014/15,Real Madrid,Atletico Madrid,Copa del Rey,domestic_or_other_cup,A,0,0.72,29.9198,10928,713,460,154,540,0.6451612903225806,3.0,1,1,5,1,4,10,21,2,5,0.8,1.0,1.05,0.6,0.6,0.3,0.8141571117398199,0.3999678650742864,1,0,3.0,30,35,11,1.1666666666666667,272,285,1.0477941176470589,12,27,0.8,0.8,3.0,0.6,5,17,14,4,0.8235294117647058,0.5882352941176471,1,11,2,4,0.8235294117647058,0.3529411764705882,0.9411764705882352,2.0588235294117645,0.1176470588235294,17,1780.86,1533.23,247.63,17,26,20,0.7692307692307693,328,188,0.573170731707317,1,Wednesday,0.4368,0,0,1,0,0,0,0,2,L,0,0,matched_secondary_full_career,0,0,0,0,0,2.8903717578961645,0,2.8903717578961645
2015-01-10_Real_Madrid_Espanyol_715,2015-01-10,2014/15,Real Madrid,Espanyol,La Liga,domestic_league,H,0,0.78,29.9281,10931,714,460,154,540,0.6442577030812325,3.0,2,2,5,1,3,10,18,2,5,0.6,1.0,0.9,0.4,0.6,0.3,0.5699099782178738,0.2799775055520005,0,1,6.0,31,35,11,1.1290322580645162,273,285,1.043956043956044,9,24,0.6,0.6,2.2,1.0,5,10,4,5,0.4,0.4,0,8,2,0,0.2,0.2,0.3,2.2,0.0,10,1764.73,1476.13,288.61,10,180,203,1.1277777777777778,356,258,0.7247191011235955,1,Saturday,0.4451,0,0,1,0,0,0,3,0,W,0,1,matched_secondary_full_career,0,0,0,0,0,2.3978952727983707,0,2.3978952727983707
2015-01-15_Real_Madrid_Atletico_Madrid_716,2015-01-15,2014/15,Real Madrid,Atletico Madrid,Copa del Rey,domestic_or_other_cup,H,0,0.72,29.9418,10936,715,460,155,540,0.6433566433566433,5.0,1,3,5,1,1,8,18,3,5,0.2,0.8,0.9,0.2,0.5,0.2,0.3989369847525116,0.4959842538864003,0,2,11.0,32,35,12,1.09375,274,285,1.04014598540146,9,24,0.6,0.6,2.0,0.8,5,18,14,4,0.7777777777777778,0.5555555555555556,1,11,2,5,0.9444444444444444,0.3888888888888889,1.0,1.9444444444444444,0.1666666666666666,18,1767.93,1549.35,218.57,18,27,20,0.7407407407407407,357,258,0.7226890756302521,1,Thursday,0.4588,0,0,1,1,0,1,2,2,D,1,0,matched_secondary_full_career,0,0,0,0,0,2.9444389791664403,0,2.9444389791664403
2015-01-18_Real_Madrid_Getafe_717,2015-01-18,2014/15,Real Madrid,Getafe,La Liga,domestic_league,A,0,0.78,29.95,10939,716,461,155,539,0.6438547486033519,3.0,1,4,5,1,2,8,18,1,5,0.4,0.8,0.9,0.4,0.5,0.2,0.5792558893267581,0.3471889777204802,1,0,3.0,33,36,12,1.0909090909090908,275,286,1.04,7,22,0.4,0.6,1.6,1.2,5,8,13,1,1.625,0.75,5,7,0,1,0.375,0.125,1.125,3.125,0.0,8,1762.35,1486.3,276.05,8,181,203,1.1215469613259668,329,188,0.5714285714285714,1,Sunday,0.467,0,0,1,1,1,2,3,0,W,2,0,matched_secondary_full_career,0,0,0,0,0,2.1972245773362196,0,2.1972245773362196
2015-01-24_Real_Madrid_Cordoba_718,2015-01-24,2014/15,Real Madrid,Cordoba,La Liga,domestic_league,A,0,0.78,29.9664,10945,717,463,155,537,0.6457461645746164,6.0,1,3,5,3,4,10,18,1,3,0.8,1.0,0.9,0.6,0.6,0.3,1.0054791225287305,0.2430322844043361,2,0,6.0,34,38,12,1.1176470588235294,276,288,1.0434782608695652,7,22,0.4,0.6,1.8,1.2,5,1,1,0,1.0,1.0,1,1,0,0,0.0,0.0,0.0,2.0,0.0,1,1765.74,1495.88,269.86,1,182,205,1.1263736263736264,330,190,0.5757575757575758,1,Saturday,0.4835,0,0,1,0,0,0,2,1,W,0,0,matched_secondary_full_career,0,0,0,0,0,0.6931471805599453,0,0.6931471805599453
2015-02-07_Real_Madrid_Atletico_Madrid_719,2015-02-07,2014/15,Real Madrid,Atletico Madrid,La Liga,domestic_league,A,0,0.78,30.0047,10959,718,463,155,537,0.6448467966573816,14.0,0,1,4,3,3,7,17,1,3,0.6,0.7,0.85,0.4,0.5,0.2,0.7038353857701113,0.1701225990830352,0,1,20.0,35,38,12,1.0857142857142856,277,288,1.03971119133574,10,22,0.6,0.8,2.0,1.0,5,19,15,4,0.7894736842105263,0.5789473684210527,2,11,3,5,0.9473684210526316,0.4210526315789473,1.0526315789473684,1.947368421052632,0.1578947368421052,19,1769.23,1554.93,214.31,19,183,205,1.1202185792349726,331,190,0.5740181268882175,2,Saturday,0.522,0,0,0,0,0,0,0,4,L,0,0,matched_secondary_full_career,0,0,0,0,0,2.995732273553991,0,2.995732273553991
2015-02-14_Real_Madrid_Deportivo_La_Coruna_720,2015-02-14,2014/15,Real Madrid,Deportivo La Coruna,La Liga,domestic_league,H,0,0.78,30.0239,10966,719,463,155,537,0.6439499304589708,7.0,1,1,4,2,3,6,16,1,3,0.6,0.6,0.8,0.4,0.4,0.2,0.4926847700390778,0.1190858193581246,0,2,27.0,36,38,12,1.0555555555555556,278,288,1.0359712230215827,10,19,0.6,0.8,2.0,1.4,5,6,9,1,1.5,0.6666666666666666,6,5,1,0,0.1666666666666666,0.1666666666666666,1.1666666666666667,4.0,0.1666666666666666,6,1753.74,1479.02,274.72,6,184,205,1.1141304347826086,358,259,0.723463687150838,2,Saturday,0.5412,0,0,0,0,0,0,2,0,W,0,1,matched_secondary_full_career,0,0,0,0,0,1.9459101490553132,0,1.9459101490553132
2015-02-18_Real_Madrid_FC_Schalke_04_721,2015-02-18,2014/15,Real Madrid,FC Schalke 04,UEFA Champions League,continental_club,A,0,0.94,30.0348,10970,720,463,156,537,0.6430555555555556,4.0,1,2,3,0,3,4,15,1,4,0.6,0.4,0.75,0.4,0.3,0.1,0.3448793390273544,0.3833600735506872,0,3,31.0,37,38,13,1.027027027027027,279,288,1.032258064516129,10,19,0.6,0.8,1.8,1.4,5,2,4,1,2.0,1.0,4,2,0,0,0.0,0.0,1.0,4.5,0.0,2,1757.16,1493.01,264.15,2,109,72,0.6605504587155964,332,190,0.572289156626506,2,Wednesday,0.5522,0,0,0,1,0,1,2,0,W,1,1,matched_secondary_full_career,0,0,0,0,0,1.0986122886681098,0,1.0986122886681098
2015-02-22_Real_Madrid_Elche_722,2015-02-22,2014/15,Real Madrid,Elche,La Liga,domestic_league,A,0,0.78,30.0458,10974,721,464,157,536,0.6435506241331485,4.0,1,2,4,1,3,5,16,2,3,0.6,0.5,0.8,0.4,0.4,0.1,0.541415537319148,0.568352051485481,1,0,4.0,38,39,14,1.0263157894736843,280,289,1.0321428571428573,12,19,0.8,0.8,1.8,1.0,5,2,6,0,3.0,1.0,6,2,0,0,0.0,0.0,1.0,3.5,0.0,2,1760.74,1491.71,269.03,2,185,205,1.108108108108108,333,191,0.5735735735735735,2,Sunday,0.5632,0,0,0,1,0,1,2,0,W,1,0,matched_secondary_full_career,0,0,0,0,0,1.0986122886681098,0,1.0986122886681098
2015-03-01_Real_Madrid_Villarreal_723,2015-03-01,2014/15,Real Madrid,Villarreal,La Liga,domestic_league,H,0,0.78,30.065,10981,722,465,157,535,0.6440443213296398,7.0,1,2,4,2,2,6,16,2,3,0.4,0.6,0.8,0.4,0.5,0.1,0.6789908761234036,0.3978464360398366,2,0,7.0,39,40,14,1.0256410256410255,281,290,1.0320284697508897,12,19,0.8,0.8,1.6,1.0,5,12,10,3,0.8333333333333334,0.5833333333333334,3,6,2,0,0.25,0.25,1.0,2.875,0.0,8,1764.25,1496.11,268.14,12,186,206,1.10752688172043,359,259,0.7214484679665738,3,Sunday,0.5824,0,0,0,1,0,1,1,1,D,1,0,matched_secondary_full_career,0,0,0,0,0,2.5649493574615367,0,2.5649493574615367
2015-03-07_Real_Madrid_Athletic_Club_724,2015-03-07,2014/15,Real Madrid,Athletic Club,La Liga,domestic_league,A,0,0.78,30.0814,10987,723,466,157,534,0.6445366528354081,6.0,1,2,5,3,3,6,16,2,3,0.6,0.6,0.8,0.6,0.5,0.1,0.7752936132863825,0.2784925052278856,3,0,6.0,40,41,14,1.025,282,291,1.0319148936170213,10,20,0.6,0.8,1.4,1.0,5,11,14,4,1.2727272727272727,0.7272727272727273,4,9,1,1,0.3636363636363636,0.1818181818181818,0.6363636363636364,3.363636363636364,0.0909090909090909,11,1757.77,1482.11,275.66,11,187,207,1.106951871657754,334,192,0.5748502994011976,3,Saturday,0.5989,0,0,0,0,0,0,0,1,L,0,0,matched_secondary_full_career,0,0,0,0,0,2.4849066497880004,0,2.4849066497880004
2015-03-10_Real_Madrid_FC_Schalke_04_725,2015-03-10,2014/15,Real Madrid,FC Schalke 04,UEFA Champions League,continental_club,H,0,0.94,30.0896,10990,724,466,157,534,0.643646408839779,3.0,1,2,5,2,3,6,16,2,3,0.6,0.6,0.8,0.6,0.5,0.1,0.5427055293004677,0.1949447536595199,0,1,9.0,41,41,14,1.0,283,291,1.028268551236749,10,20,0.6,0.8,1.4,0.4,5,3,5,2,1.6666666666666667,1.0,5,3,0,0,0.0,0.0,0.6666666666666666,3.6666666666666665,0.0,3,1741.17,1489.42,251.75,3,110,73,0.6636363636363637,360,260,0.7222222222222222,3,Tuesday,0.6071,0,0,0,1,1,2,3,4,L,2,0,matched_secondary_full_career,0,0,0,0,0,1.3862943611198906,0,1.3862943611198906
2015-03-15_Real_Madrid_Levante_726,2015-03-15,2014/15,Real Madrid,Levante,La Liga,domestic_league,H,0,0.78,30.1033,10995,725,468,157,532,0.6455172413793103,5.0,1,3,6,3,5,8,16,1,2,1.0,0.8,0.8,0.8,0.6,0.2,0.9798938705103272,0.1364613275616639,1,0,5.0,42,43,14,1.0238095238095235,284,293,1.0316901408450705,7,17,0.4,0.6,1.6,1.2,5,10,12,5,1.2,0.7,4,8,1,1,0.4,0.2,0.7,3.2,0.2,10,1724.97,1488.57,236.4,10,188,207,1.101063829787234,361,262,0.7257617728531855,3,Sunday,0.6209,0,0,0,0,0,0,2,0,W,0,1,matched_secondary_full_career,0,0,0,0,0,2.3978952727983707,0,2.3978952727983707
2015-03-22_Real_Madrid_Barcelona_727,2015-03-22,2014/15,Real Madrid,Barcelona,La Liga,domestic_league,A,0,0.78,30.1225,11002,726,468,158,532,0.6446280991735537,7.0,1,2,5,2,4,7,15,1,3,0.8,0.7,0.75,0.6,0.5,0.2,0.6859257093572291,0.3955229292931647,0,1,12.0,43,43,15,1.0,285,293,1.0280701754385966,7,19,0.4,0.6,1.6,1.2,5,25,14,1,0.56,0.48,2,6,6,10,1.6363636363636365,0.7272727272727273,1.8636363636363635,1.4545454545454546,0.1818181818181818,22,1729.05,1639.63,89.42,25,189,207,1.0952380952380951,335,192,0.573134328358209,3,Sunday,0.6401,0,0,0,1,0,1,1,2,L,1,0,matched_secondary_full_career,0,0,0,0,0,3.258096538021482,0,3.258096538021482
2015-03-29_Portugal_Serbia_728,2015-03-29,2014/15,Portugal,Serbia,Euros Qualifier,international,H,1,0.76,30.1416,11009,727,469,158,531,0.6451169188445667,7.0,1,2,5,3,4,6,16,1,3,0.8,0.6,0.8,0.6,0.5,0.1,0.7801479965500603,0.2768660505052153,1,0,7.0,44,44,15,1.0,118,52,0.4406779661016949,12,22,0.8,0.8,1.2,0.6,5,2,0,0,0.0,0.0,0,0,2,0,1.0,1.0,1.0,1.0,0.0,2,1643.24,1505.8,137.44,2,23,17,0.7391304347826086,362,262,0.7237569060773481,3,Sunday,0.6593,0,0,0,0,0,0,2,1,W,0,0,matched_secondary_full_career,0,0,0,0,0,1.0986122886681098,0,1.0986122886681098
2015-04-05_Real_Madrid_Granada_CF_729,2015-04-05,2014/15,Real Madrid,Granada CF,La Liga,domestic_league,H,0,0.78,30.1608,11016,728,469,158,531,0.6442307692307693,7.0,1,2,5,1,3,6,13,1,3,0.6,0.6,0.65,0.4,0.5,0.1,0.5461035975850421,0.1938062353536506,0,1,14.0,45,44,15,0.9777777777777776,286,294,1.027972027972028,4,16,0.2,0.4,1.4,1.6,5,7,6,3,0.8571428571428571,0.7142857142857143,2,6,0,1,0.4285714285714285,0.1428571428571428,0.4285714285714285,2.4285714285714284,0.1428571428571428,7,1716.53,1493.5,223.03,7,190,208,1.0947368421052632,363,262,0.721763085399449,4,Sunday,0.6786,0,0,0,1,1,5,9,1,W,5,0,matched_secondary_full_career,0,0,0,0,0,2.0794415416798357,0,2.0794415416798357
2015-04-08_Real_Madrid_Rayo_Vallecano_730,2015-04-08,2014/15,Real Madrid,Rayo Vallecano,La Liga,domestic_league,A,0,0.78,30.169,11019,729,474,158,526,0.6502057613168725,3.0,1,2,5,6,8,11,17,1,3,1.6,1.1,0.85,0.6,0.6,0.2,1.8822725183095288,0.1356643647475554,1,0,3.0,46,49,15,1.065217391304348,287,299,1.0418118466898956,6,16,0.4,0.4,3.0,1.6,5,7,9,3,1.2857142857142858,0.8571428571428571,4,7,0,0,0.0,0.0,0.7142857142857143,3.4285714285714284,0.0,7,1720.87,1473.26,247.61,7,191,213,1.1151832460732984,336,193,0.5744047619047619,4,Wednesday,0.6868,0,0,0,1,0,1,2,0,W,1,1,matched_secondary_full_career,0,0,0,0,0,2.0794415416798357,0,2.0794415416798357
2015-04-11_Real_Madrid_Eibar_731,2015-04-11,2014/15,Real Madrid,Eibar,La Liga,domestic_league,H,0,0.78,30.1772,11022,730,475,159,525,0.6506849315068494,3.0,2,3,5,6,7,12,16,2,3,1.4,1.2,0.8,0.6,0.7,0.2,1.6175907628166706,0.3949650553232888,2,0,3.0,47,50,16,1.0638297872340423,288,300,1.0416666666666667,9,19,0.6,0.6,3.4,1.4,5,1,2,1,2.0,1.0,2,1,0,0,0.0,0.0,0.0,4.0,0.0,1,1724.75,1496.55,228.2,1,192,214,1.1145833333333333,364,267,0.7335164835164835,4,Saturday,0.6951,0,0,0,1,0,1,3,0,W,1,0,matched_secondary_full_career,0,0,0,0,0,0.6931471805599453,0,0.6931471805599453
2015-04-14_Real_Madrid_Atletico_Madrid_732,2015-04-14,2014/15,Real Madrid,Atletico Madrid,UEFA Champions League,continental_club,A,0,0.94,30.1854,11025,731,476,159,524,0.6511627906976745,3.0,2,3,6,7,8,12,17,1,2,1.6,1.2,0.85,0.8,0.7,0.2,1.4323135339716693,0.2764755387263021,3,0,3.0,48,51,16,1.0625,289,301,1.041522491349481,12,19,0.8,0.8,3.4,0.6,5,20,15,4,0.75,0.55,1,11,3,6,1.05,0.45,1.2,1.85,0.2,20,1728.99,1570.42,158.57,20,111,75,0.6756756756756757,337,194,0.5756676557863502,4,Tuesday,0.7033,0,0,0,0,0,0,0,0,D,0,0,matched_secondary_full_career,0,0,0,0,0,3.044522437723423,0,3.044522437723423
2015-04-18_Real_Madrid_Malaga_733,2015-04-18,2014/15,Real Madrid,Malaga,La Liga,domestic_league,H,0,0.78,30.1964,11029,732,476,159,524,0.6502732240437158,4.0,2,4,6,2,7,11,17,1,2,1.4,1.1,0.85,0.6,0.6,0.2,1.0026194737801684,0.1935328771084115,0,1,7.0,49,51,16,1.0408163265306123,290,301,1.0379310344827586,10,17,0.6,0.8,3.0,0.6,5,13,13,7,1.0,0.5384615384615384,2,10,2,1,0.3846153846153846,0.2307692307692307,0.8461538461538461,2.769230769230769,0.0,13,1724.71,1485.14,239.58,13,193,215,1.1139896373056994,365,268,0.7342465753424657,4,Saturday,0.7143,0,0,0,1,0,1,3,1,W,1,2,matched_secondary_full_career,0,0,0,0,0,2.6390573296152584,0,2.6390573296152584
2015-04-22_Real_Madrid_Atletico_Madrid_734,2015-04-22,2014/15,Real Madrid,Atletico Madrid,UEFA Champions League,continental_club,H,0,0.94,30.2073,11033,733,477,161,523,0.6507503410641201,4.0,1,4,6,2,8,11,17,3,4,1.6,1.1,0.85,0.8,0.6,0.2,1.0018336316461178,0.735473013975888,1,0,4.0,50,52,18,1.04,291,302,1.0378006872852237,13,17,0.8,1.0,3.4,0.4,5,21,15,4,0.7142857142857143,0.5238095238095238,1,11,4,6,1.0476190476190477,0.4761904761904761,1.1428571428571428,1.761904761904762,0.238095238095238,21,1728.74,1574.69,154.05,21,112,75,0.6696428571428571,366,269,0.7349726775956285,4,Wednesday,0.7253,0,0,0,0,0,0,1,0,W,0,1,matched_secondary_full_career,0,0,0,0,0,3.091042453358316,0,3.091042453358316
2015-04-26_Real_Madrid_Celta_Vigo_735,2015-04-26,2014/15,Real Madrid,Celta Vigo,La Liga,domestic_league,A,0,0.78,30.2183,11037,734,477,162,523,0.6498637602179836,4.0,1,3,7,1,3,11,17,4,5,0.6,1.1,0.85,0.6,0.6,0.2,0.7012835421522824,0.8148311097831216,0,1,8.0,51,52,19,1.0196078431372548,292,302,1.0342465753424657,13,19,0.8,1.0,1.8,0.2,5,6,12,1,2.0,1.0,7,5,0,1,0.5,0.1666666666666666,0.5,2.5,0.0,6,1734.57,1495.72,238.85,6,194,216,1.11340206185567,338,194,0.5739644970414202,4,Sunday,0.7363,0,0,0,0,0,0,4,2,W,0,1,matched_secondary_full_career,0,0,0,0,0,1.9459101490553132,0,1.9459101490553132
2015-04-29_Real_Madrid_Almeria_736,2015-04-29,2014/15,Real Madrid,Almeria,La Liga,domestic_league,H,0,0.78,30.2265,11040,735,477,163,523,0.6489795918367347,3.0,2,3,7,1,2,9,17,4,6,0.4,0.9,0.85,0.4,0.5,0.1,0.4908984795065976,0.870381776848185,0,2,11.0,52,52,20,1.0,293,302,1.030716723549488,13,22,0.8,1.0,2.2,0.6,5,6,7,4,1.1666666666666667,0.8333333333333334,5,5,1,0,0.1666666666666666,0.1666666666666666,1.0,4.0,0.0,6,1738.61,1480.77,257.84,6,195,216,1.1076923076923078,367,269,0.7329700272479565,4,Wednesday,0.7445,0,0,0,0,0,0,3,0,W,0,0,matched_secondary_full_career,0,0,0,0,0,1.9459101490553132,0,1.9459101490553132
2015-05-02_Real_Madrid_Sevilla_737,2015-05-02,2014/15,Real Madrid,Sevilla,La Liga,domestic_league,A,0,0.78,30.2347,11043,736,477,163,523,0.6480978260869565,3.0,2,4,8,0,1,9,16,4,5,0.2,0.9,0.8,0.2,0.5,0.1,0.3436289356546183,0.6092672437937294,0,3,14.0,53,52,20,0.981132075471698,294,302,1.0272108843537415,13,25,0.8,1.0,2.2,0.6,5,12,18,0,1.5,0.6666666666666666,6,10,0,2,0.5,0.1666666666666666,1.0833333333333333,3.0,0.0833333333333333,12,1742.3,1491.6,250.7,12,196,216,1.1020408163265305,339,194,0.5722713864306784,5,Saturday,0.7527,0,0,0,1,1,3,3,2,W,3,0,matched_secondary_full_career,0,0,0,0,0,2.5649493574615367,0,2.5649493574615367
2015-05-05_Real_Madrid_Juventus_738,2015-05-05,2014/15,Real Madrid,Juventus,UEFA Champions League,continental_club,A,0,0.94,30.2429,11046,737,480,163,520,0.6512890094979648,3.0,2,4,9,3,4,11,17,4,5,0.8,1.1,0.85,0.4,0.5,0.2,1.1405402549582326,0.4264870706556106,1,0,3.0,54,55,20,1.0185185185185186,295,305,1.0338983050847457,15,25,1.0,1.0,2.8,1.0,5,2,3,1,1.5,1.0,3,1,1,0,0.5,0.5,1.5,2.0,0.0,2,1746.13,1501.73,244.4,2,113,75,0.6637168141592921,340,197,0.5794117647058824,5,Tuesday,0.761,0,0,0,1,0,1,1,2,L,1,0,matched_secondary_full_career,0,0,0,0,0,1.0986122886681098,0,1.0986122886681098
2015-05-09_Real_Madrid_Valencia_739,2015-05-09,2014/15,Real Madrid,Valencia,La Liga,domestic_league,H,0,0.78,30.2539,11050,738,481,163,519,0.6517615176151762,4.0,2,4,8,4,4,12,18,2,5,0.8,1.2,0.9,0.4,0.6,0.2,1.0983781784707627,0.2985409494589274,2,0,4.0,55,56,20,1.018181818181818,296,306,1.0337837837837838,12,25,0.8,0.8,2.4,1.2,5,12,9,2,0.75,0.5833333333333334,3,7,4,1,0.5833333333333334,0.4166666666666667,1.0833333333333333,2.333333333333333,0.0833333333333333,12,1730.06,1512.32,217.74,12,197,219,1.1116751269035532,368,269,0.7309782608695652,5,Saturday,0.772,0,0,0,0,0,0,2,2,D,0,0,matched_secondary_full_career,0,0,0,0,0,2.5649493574615367,0,2.5649493574615367
2015-05-13_Real_Madrid_Juventus_740,2015-05-13,2014/15,Real Madrid,Juventus,UEFA Champions League,continental_club,H,0,0.94,30.2648,11054,739,481,163,519,0.6508795669824087,4.0,1,4,8,4,4,7,18,1,5,0.8,0.7,0.9,0.4,0.5,0.1,0.7688647249295338,0.2089786646212491,0,1,8.0,56,56,20,1.0,297,306,1.0303030303030305,10,23,0.6,0.8,2.6,1.6,5,3,4,1,1.3333333333333333,1.0,4,1,1,1,1.3333333333333333,0.6666666666666666,1.6666666666666667,1.6666666666666667,0.0,3,1724.5,1517.79,206.71,3,114,76,0.6666666666666666,369,269,0.7289972899728997,5,Wednesday,0.783,0,0,0,1,0,1,1,1,D,1,0,matched_secondary_full_career,0,0,0,0,0,1.3862943611198906,0,1.3862943611198906
2015-05-17_Real_Madrid_Espanyol_741,2015-05-17,2014/15,Real Madrid,Espanyol,La Liga,domestic_league,A,0,0.78,30.2758,11058,740,482,163,518,0.6513513513513514,4.0,1,3,8,2,5,7,19,0,4,1.0,0.7,0.95,0.6,0.5,0.1,0.8382053074506737,0.1462850652348744,1,0,4.0,57,57,20,1.0,298,307,1.0302013422818792,8,21,0.4,0.8,2.0,1.4,5,11,4,6,0.3636363636363636,0.3636363636363636,0,9,2,0,0.1818181818181818,0.1818181818181818,0.2727272727272727,2.272727272727273,0.0,11,1719.17,1472.94,246.23,11,198,219,1.106060606060606,341,198,0.5806451612903226,5,Sunday,0.794,0,0,0,1,1,3,4,1,W,3,1,matched_secondary_full_career,0,0,0,0,0,2.4849066497880004,0,2.4849066497880004
2015-05-23_Real_Madrid_Getafe_742,2015-05-23,2014/15,Real Madrid,Getafe,La Liga,domestic_league,H,0,0.78,30.2922,11064,741,485,164,515,0.6545209176788124,6.0,1,3,7,4,8,9,21,1,5,1.6,0.9,1.05,0.8,0.5,0.2,1.4867437152154714,0.402399545664412,2,0,6.0,58,60,21,1.0344827586206895,299,310,1.0367892976588629,8,21,0.4,0.8,2.2,1.6,5,9,15,1,1.6666666666666667,0.7777777777777778,7,8,0,1,0.3333333333333333,0.1111111111111111,1.0,3.111111111111111,0.0,9,1723.07,1482.91,240.16,9,199,222,1.115577889447236,370,270,0.7297297297297297,5,Saturday,0.8104,0,1,0,1,1,3,7,3,W,3,0,matched_secondary_full_career,0,0,0,0,0,2.302585092994046,0,2.302585092994046
2015-06-13_Portugal_Armenia_743,2015-06-13,2014/15,Portugal,Armenia,Euros Qualifier,international,A,1,0.76,30.3497,11085,742,488,164,512,0.6576819407008087,21.0,0,0,2,7,8,12,23,1,5,1.6,1.2,1.15,0.8,0.6,0.3,1.94072060065083,0.2816796819650884,3,0,21.0,59,63,21,1.0677966101694916,119,52,0.4369747899159664,12,22,0.8,0.8,1.2,0.6,5,3,2,0,0.6666666666666666,0.6666666666666666,2,2,1,0,0.3333333333333333,0.3333333333333333,0.3333333333333333,1.0,0.0,3,1649.48,1489.7,159.79,3,24,17,0.7083333333333334,342,201,0.5877192982456141,6,Saturday,0.8681,0,1,0,1,1,3,3,2,W,3,0,matched_secondary_full_career,0,0,0,0,0,1.3862943611198906,0,1.3862943611198906
2015-08-23_Real_Madrid_Sporting_Gijon_744,2015-08-23,2015/16,Real Madrid,Sporting Gijon,La Liga,domestic_league,A,0,0.78,30.5441,11156,743,491,164,509,0.6608344549125168,71.0,0,0,0,9,10,14,25,1,3,2.0,1.4,1.25,0.8,0.6,0.4,2.258504420455581,0.1971757773755618,4,0,71.0,0,0,0,0.0,300,313,1.0433333333333332,8,23,0.4,0.8,3.0,1.8,5,4,2,1,0.5,0.5,2,4,0,0,0.0,0.0,0.5,2.5,0.0,4,1727.08,1481.86,245.23,4,200,225,1.125,343,204,0.5947521865889213,8,Sunday,0.0603,1,0,0,0,0,0,0,0,D,0,0,matched_secondary_full_career,0,0,0,0,0,1.6094379124341003,0,1.6094379124341003
2015-08-29_Real_Madrid_Real_Betis_745,2015-08-29,2015/16,Real Madrid,Real Betis,La Liga,domestic_league,H,0,0.78,30.5605,11162,744,491,164,509,0.6599462365591398,6.0,1,1,1,6,10,14,25,1,2,2.0,1.4,1.25,0.8,0.6,0.4,1.5809530943189063,0.1380230441628933,0,1,77.0,1,0,0,0.0,301,313,1.0398671096345515,9,21,0.4,1.0,2.8,1.4,5,6,3,4,0.5,0.3333333333333333,1,5,0,1,0.5,0.1666666666666666,1.0,2.833333333333333,0.1666666666666666,6,1721.0,1496.06,224.94,6,201,225,1.1194029850746268,371,273,0.7358490566037735,8,Saturday,0.0767,1,0,0,0,0,0,5,0,W,0,0,matched_secondary_full_career,0,0,0,0,0,1.9459101490553132,0,1.9459101490553132
2015-09-04_Portugal_France_746,2015-09-04,2015/16,Portugal,France,International Friendly,international,H,1,0.35,30.5769,11168,745,491,164,509,0.6590604026845638,6.0,1,2,2,3,9,14,23,1,1,1.8,1.4,1.15,0.6,0.6,0.4,1.1066671660232346,0.0966161309140253,0,2,83.0,2,0,0,0.0,120,55,0.4583333333333333,15,22,1.0,1.0,1.6,0.6,5,2,0,0,0.0,0.0,0,0,0,2,3.0,1.0,1.5,0.5,0.5,2,1655.18,1527.13,128.05,2,39,11,0.282051282051282,372,273,0.7338709677419355,9,Friday,0.0932,1,0,0,0,0,0,0,1,L,0,0,matched_secondary_full_career,0,0,0,0,0,1.0986122886681098,0,1.0986122886681098
2015-09-07_Portugal_Albania_747,2015-09-07,2015/16,Portugal,Albania,Euros Qualifier,international,A,1,0.76,30.5852,11171,746,491,164,509,0.6581769436997319,3.0,1,2,3,0,6,14,23,0,1,1.2,1.4,1.15,0.4,0.6,0.4,0.7746670162162641,0.0676312916398177,0,3,86.0,3,0,0,0.0,121,55,0.4545454545454545,12,19,0.8,0.8,1.4,0.8,5,3,0,0,0.0,0.0,0,2,1,0,0.3333333333333333,0.3333333333333333,1.3333333333333333,2.333333333333333,0.3333333333333333,3,1641.66,1486.6,155.06,3,25,20,0.8,344,204,0.5930232558139535,9,Monday,0.1014,1,0,0,0,0,0,1,0,W,0,0,matched_secondary_full_career,0,0,0,0,0,1.3862943611198906,0,1.3862943611198906
2015-09-12_Real_Madrid_Espanyol_748,2015-09-12,2015/16,Real Madrid,Espanyol,La Liga,domestic_league,A,0,0.78,30.5988,11176,747,491,164,509,0.6572958500669344,5.0,1,3,4,0,3,11,22,0,1,0.6,1.1,1.1,0.2,0.5,0.3,0.5422669113513848,0.0473419041478724,0,4,91.0,4,0,0,0.0,302,313,1.0364238410596027,11,21,0.6,1.0,3.4,1.0,5,12,7,7,0.5833333333333334,0.4166666666666667,3,10,2,0,0.1666666666666666,0.1666666666666666,0.3333333333333333,2.4166666666666665,0.0,12,1725.3,1469.04,256.27,12,202,225,1.113861386138614,345,204,0.591304347826087,9,Saturday,0.1151,1,0,0,1,1,5,6,0,W,5,1,matched_secondary_full_career,0,0,0,0,0,2.5649493574615367,0,2.5649493574615367
2015-09-15_Real_Madrid_Shakhtar_Donetsk_749,2015-09-15,2015/16,Real Madrid,Shakhtar Donetsk,UEFA Champions League,continental_club,H,0,0.94,30.6071,11179,748,496,165,504,0.6631016042780749,3.0,1,3,5,5,5,15,27,1,2,1.0,1.5,1.35,0.2,0.5,0.4,1.8795868379459693,0.3331393329035106,1,0,3.0,5,5,1,1.0,303,318,1.0495049504950495,13,21,0.8,1.0,4.4,0.8,5,0,0,0,0.0,0.0,0,0,0,0,0.0,0.0,0.0,0.0,0.0,0,1729.02,1500.0,229.02,0,115,77,0.6695652173913044,373,273,0.7319034852546917,9,Tuesday,0.1233,1,0,0,1,1,3,4,0,W,3,0,matched_secondary_full_career,1,0,0,0,1,0.0,1,0.0
2015-09-19_Real_Madrid_Granada_CF_750,2015-09-19,2015/16,Real Madrid,Granada CF,La Liga,domestic_league,H,0,0.78,30.618,11183,749,499,165,501,0.6662216288384513,4.0,2,3,6,8,8,18,25,1,2,1.6,1.8,1.25,0.4,0.6,0.5,2.2157107865621786,0.2331975330324574,2,0,4.0,6,8,1,1.3333333333333333,304,321,1.055921052631579,13,21,0.8,1.0,4.4,0.6,5,8,11,3,1.375,0.75,7,7,0,1,0.375,0.125,0.5,3.25,0.125,8,1733.25,1489.17,244.08,8,203,230,1.1330049261083743,374,276,0.7379679144385026,9,Saturday,0.1342,1,0,0,0,0,0,1,0,W,0,0,matched_secondary_full_career,0,0,0,0,0,2.1972245773362196,0,2.1972245773362196
2015-09-23_Real_Madrid_Athletic_Club_751,2015-09-23,2015/16,Real Madrid,Athletic Club,La Liga,domestic_league,A,0,0.78,30.629,11187,750,499,165,501,0.6653333333333333,4.0,1,3,6,8,8,17,24,1,2,1.6,1.7,1.2,0.4,0.5,0.5,1.550997550593525,0.1632382731227201,0,1,8.0,7,8,1,1.1428571428571428,305,321,1.0524590163934426,13,21,0.8,1.0,3.2,0.0,5,12,14,4,1.1666666666666667,0.6666666666666666,3,9,1,2,0.5833333333333334,0.25,0.6666666666666666,3.083333333333333,0.1666666666666666,12,1737.19,1498.71,238.48,12,204,230,1.1274509803921569,346,209,0.6040462427745664,9,Wednesday,0.1452,1,0,0,0,0,0,2,1,W,0,0,matched_secondary_full_career,0,0,0,0,0,2.5649493574615367,0,2.5649493574615367
2015-09-26_Real_Madrid_Malaga_752,2015-09-26,2015/16,Real Madrid,Malaga,La Liga,domestic_league,H,0,0.78,30.6372,11190,751,499,165,501,0.6644474034620506,3.0,2,4,7,3,8,14,23,1,1,1.6,1.4,1.15,0.4,0.4,0.4,1.085698285415467,0.1142667911859041,0,2,11.0,8,8,1,1.0,306,321,1.0490196078431373,15,24,1.0,1.0,3.6,0.2,5,14,14,9,1.0,0.5714285714285714,2,11,2,1,0.3571428571428571,0.2142857142857142,0.8571428571428571,2.7857142857142856,0.0,14,1741.23,1481.11,260.12,14,205,230,1.1219512195121952,375,276,0.736,9,Saturday,0.1534,1,0,0,0,0,0,0,0,D,0,0,matched_secondary_full_career,0,0,0,0,0,2.70805020110221,0,2.70805020110221
2015-09-30_Real_Madrid_Malmo_FF_753,2015-09-30,2015/16,Real Madrid,Malmo FF,UEFA Champions League,continental_club,A,0,0.94,30.6481,11194,752,499,165,501,0.663563829787234,4.0,2,3,7,0,8,11,23,1,1,1.6,1.1,1.15,0.4,0.3,0.3,0.7599887997908271,0.0799867538301328,0,3,15.0,9,8,1,0.8888888888888888,307,321,1.0456026058631922,13,24,0.8,1.0,2.6,0.2,5,0,0,0,0.0,0.0,0,0,0,0,0.0,0.0,0.0,0.0,0.0,0,1734.89,1500.0,234.89,0,116,80,0.6896551724137931,347,209,0.6023054755043228,9,Wednesday,0.1644,1,0,0,1,1,2,2,0,W,2,0,matched_secondary_full_career,1,0,0,0,1,0.0,1,0.0
2015-10-04_Real_Madrid_Atletico_Madrid_754,2015-10-04,2015/16,Real Madrid,Atletico Madrid,La Liga,domestic_league,A,0,0.78,30.6591,11198,753,501,165,499,0.6653386454183267,4.0,1,3,8,2,5,10,24,0,1,1.0,1.0,1.2,0.4,0.3,0.3,1.131992159853579,0.055990727681093,1,0,4.0,10,10,1,1.0,308,323,1.0487012987012987,13,26,0.8,1.0,1.8,0.2,5,22,15,5,0.6818181818181818,0.5,0,12,4,6,1.0,0.4545454545454545,1.0909090909090908,1.7272727272727273,0.2272727272727272,22,1739.0,1568.85,170.15,22,206,230,1.116504854368932,348,211,0.6063218390804598,10,Sunday,0.1753,1,0,0,0,0,0,1,1,D,0,0,matched_secondary_full_career,0,0,0,0,0,3.1354942159291497,0,3.1354942159291497
2015-10-08_Portugal_Denmark_755,2015-10-08,2015/16,Portugal,Denmark,Euros Qualifier,international,H,1,0.76,30.67,11202,754,501,165,499,0.6644562334217506,4.0,1,3,7,2,2,10,24,0,1,0.4,1.0,1.2,0.2,0.3,0.3,0.7923945118975052,0.0391935093767651,0,1,8.0,11,10,1,0.9090909090909092,122,55,0.4508196721311475,12,22,0.8,0.8,1.4,0.8,5,6,3,2,0.5,0.5,2,3,1,2,1.1666666666666667,0.5,1.6666666666666667,1.8333333333333333,0.0,6,1647.47,1508.05,139.42,6,26,20,0.7692307692307693,376,276,0.7340425531914894,10,Thursday,0.1863,1,0,0,0,0,0,1,0,W,0,0,matched_secondary_full_career,0,0,0,0,0,1.9459101490553132,0,1.9459101490553132
2015-10-17_Real_Madrid_Levante_756,2015-10-17,2015/16,Real Madrid,Levante,La Liga,domestic_league,H,0,0.78,30.6947,11211,755,501,165,499,0.6635761589403973,9.0,0,2,6,2,2,10,24,0,1,0.4,1.0,1.2,0.2,0.3,0.3,0.5546761583282536,0.0274354565637355,0,2,17.0,12,10,1,0.8333333333333334,309,323,1.0453074433656957,11,24,0.6,1.0,1.2,0.4,5,11,12,6,1.0909090909090908,0.6363636363636364,3,9,1,1,0.3636363636363636,0.1818181818181818,0.6363636363636364,3.090909090909091,0.1818181818181818,11,1734.46,1484.49,249.97,11,207,230,1.1111111111111112,377,276,0.7320954907161804,10,Saturday,0.211,0,0,0,1,0,1,3,0,W,1,1,matched_secondary_full_career,0,0,0,0,0,2.4849066497880004,0,2.4849066497880004
2015-10-21_Real_Madrid_Paris_Saint_Germain_757,2015-10-21,2015/16,Real Madrid,Paris Saint Germain,UEFA Champions League,continental_club,A,0,0.94,30.7056,11215,756,502,166,498,0.6640211640211641,4.0,1,2,6,1,3,11,25,1,2,0.6,1.1,1.25,0.4,0.4,0.3,0.6882733108297774,0.3192048195946149,1,0,4.0,13,11,2,0.8461538461538461,310,324,1.0451612903225806,11,24,0.6,1.0,1.6,0.4,5,0,0,0,0.0,0.0,0,0,0,0,0.0,0.0,0.0,0.0,0.0,0,1738.29,1500.0,238.29,0,117,82,0.7008547008547008,349,211,0.6045845272206304,10,Wednesday,0.2219,0,0,0,0,0,0,0,0,D,0,0,matched_secondary_full_career,1,0,0,0,1,0.0,1,0.0
2015-10-24_Real_Madrid_Celta_Vigo_758,2015-10-24,2015/16,Real Madrid,Celta Vigo,La Liga,domestic_league,A,0,0.78,30.7138,11218,757,502,166,498,0.6631439894319683,3.0,2,2,6,1,3,11,22,1,2,0.6,1.1,1.1,0.4,0.4,0.3,0.4817913175808441,0.2234433737162304,0,1,7.0,14,11,2,0.7857142857142857,311,324,1.0418006430868167,9,24,0.4,1.0,1.2,0.2,5,7,12,2,1.7142857142857142,0.8571428571428571,5,6,0,1,0.4285714285714285,0.1428571428571428,0.7142857142857143,2.7142857142857144,0.0,7,1732.34,1491.69,240.65,7,208,231,1.1105769230769231,350,211,0.6028571428571429,10,Saturday,0.2301,0,0,0,1,0,1,3,1,W,1,0,matched_secondary_full_career,0,0,0,0,0,2.0794415416798357,0,2.0794415416798357
2015-10-31_Real_Madrid_Las_Palmas_759,2015-10-31,2015/16,Real Madrid,Las Palmas,La Liga,domestic_league,H,0,0.78,30.733,11225,758,503,166,497,0.6635883905013192,7.0,1,3,5,2,2,7,22,1,1,0.4,0.7,1.1,0.4,0.4,0.2,0.637253922306591,0.1564103616013612,1,0,7.0,15,12,2,0.8,312,325,1.0416666666666667,11,24,0.6,1.0,1.8,0.4,5,0,0,0,0.0,0.0,0,0,0,0,0.0,0.0,0.0,0.0,0.0,0,1736.34,1500.0,236.34,0,209,232,1.1100478468899522,378,277,0.7328042328042328,10,Saturday,0.2493,0,0,0,1,0,1,3,1,W,1,0,matched_secondary_full_career,1,0,0,0,1,0.0,1,0.0
2015-11-03_Real_Madrid_Paris_Saint_Germain_760,2015-11-03,2015/16,Real Madrid,Paris Saint Germain,UEFA Champions League,continental_club,H,0,0.94,30.7412,11228,759,504,166,496,0.6640316205533597,3.0,1,3,6,2,3,5,23,1,1,0.6,0.5,1.15,0.6,0.4,0.1,0.7460777456146136,0.1094872531209528,2,0,3.0,16,13,2,0.8125,313,326,1.0415335463258786,11,24,0.6,1.0,2.0,0.6,5,1,0,0,0.0,0.0,0,0,1,0,1.0,1.0,0.0,0.0,1.0,1,1740.42,1505.95,234.47,1,118,82,0.6949152542372882,379,278,0.7335092348284961,11,Tuesday,0.2575,0,0,0,0,0,0,1,0,W,0,0,matched_secondary_full_career,0,0,0,0,0,0.6931471805599453,0,0.6931471805599453
2015-11-08_Real_Madrid_Sevilla_761,2015-11-08,2015/16,Real Madrid,Sevilla,La Liga,domestic_league,A,0,0.78,30.7549,11233,760,504,166,496,0.6631578947368421,5.0,1,2,5,2,3,5,22,1,1,0.6,0.5,1.1,0.6,0.4,0.1,0.5222544219302295,0.076641077184667,0,1,8.0,17,13,2,0.7647058823529411,314,326,1.038216560509554,13,24,0.8,1.0,2.0,0.4,5,13,21,0,1.6153846153846154,0.6923076923076923,6,11,0,2,0.4615384615384615,0.1538461538461538,1.1538461538461535,3.0,0.0769230769230769,13,1744.54,1487.78,256.76,13,210,233,1.1095238095238096,351,212,0.603988603988604,11,Sunday,0.2712,0,0,0,0,0,0,2,3,L,0,0,matched_secondary_full_career,0,0,0,0,0,2.6390573296152584,0,2.6390573296152584
2015-11-21_Real_Madrid_Barcelona_762,2015-11-21,2015/16,Real Madrid,Barcelona,La Liga,domestic_league,H,0,0.78,30.7905,11246,761,504,166,496,0.6622864651773982,13.0,0,1,4,1,2,5,19,0,1,0.4,0.5,0.95,0.4,0.4,0.1,0.3655780953511606,0.0536487540292669,0,2,21.0,18,13,2,0.7222222222222222,315,326,1.034920634920635,10,21,0.6,0.8,1.8,1.0,5,26,15,1,0.5769230769230769,0.5,3,6,6,11,1.6956521739130437,0.7391304347826086,1.8695652173913044,1.434782608695652,0.1739130434782608,23,1728.26,1652.15,76.11,26,211,233,1.104265402843602,380,278,0.7315789473684211,11,Saturday,0.3068,0,0,0,0,0,0,0,4,L,0,0,matched_secondary_full_career,0,0,0,0,0,3.295836866004329,0,3.295836866004329
2015-11-25_Real_Madrid_Shakhtar_Donetsk_763,2015-11-25,2015/16,Real Madrid,Shakhtar Donetsk,UEFA Champions League,continental_club,A,0,0.94,30.8015,11250,762,504,166,496,0.6614173228346457,4.0,1,1,4,0,2,5,16,0,1,0.4,0.5,0.8,0.4,0.4,0.1,0.2559046667458124,0.0375541278204868,0,3,25.0,19,13,2,0.6842105263157895,316,326,1.0316455696202531,9,18,0.6,0.6,1.8,1.8,5,1,3,0,3.0,1.0,3,1,0,0,0.0,0.0,0.0,4.0,0.0,1,1716.1,1495.78,220.32,1,119,82,0.6890756302521008,352,212,0.6022727272727273,11,Wednesday,0.3178,0,0,0,1,1,2,4,3,W,2,2,matched_secondary_full_career,0,0,0,0,0,0.6931471805599453,0,0.6931471805599453
2015-11-29_Real_Madrid_Eibar_764,2015-11-29,2015/16,Real Madrid,Eibar,La Liga,domestic_league,A,0,0.78,30.8124,11254,763,506,168,494,0.6631716906946264,4.0,1,2,5,2,3,5,15,2,3,0.6,0.5,0.75,0.4,0.4,0.1,0.7791332667220686,0.6262878894743408,1,0,4.0,20,15,4,0.75,317,328,1.0347003154574133,9,20,0.6,0.6,2.0,2.2,5,2,3,1,1.5,1.0,3,2,0,0,0.0,0.0,0.0,3.5,0.0,2,1720.49,1492.31,228.18,2,212,233,1.099056603773585,353,214,0.6062322946175638,11,Sunday,0.3288,0,0,0,1,0,1,2,0,W,1,0,matched_secondary_full_career,0,0,0,0,0,1.0986122886681098,0,1.0986122886681098
2015-12-05_Real_Madrid_Getafe_765,2015-12-05,2015/16,Real Madrid,Getafe,La Liga,domestic_league,H,0,0.78,30.8288,11260,764,507,168,493,0.6636125654450262,6.0,1,3,4,3,3,6,16,2,3,0.6,0.6,0.8,0.4,0.5,0.1,0.8453932867054479,0.4384015226320385,2,0,6.0,21,16,4,0.7619047619047619,318,329,1.0345911949685536,9,20,0.6,0.6,1.8,2.0,5,10,18,1,1.8,0.8,7,9,0,1,0.3,0.1,1.2,3.5,0.0,10,1724.73,1478.9,245.83,10,213,234,1.0985915492957747,381,278,0.7296587926509186,12,Saturday,0.3452,0,0,1,1,0,1,4,1,W,1,1,matched_secondary_full_career,0,0,0,0,0,2.3978952727983707,0,2.3978952727983707
2015-12-08_Real_Madrid_Malmo_FF_766,2015-12-08,2015/16,Real Madrid,Malmo FF,UEFA Champions League,continental_club,H,0,0.94,30.837,11263,765,508,169,492,0.6640522875816993,3.0,1,3,5,4,4,7,17,3,4,0.8,0.7,0.85,0.6,0.6,0.1,0.8917753006938134,0.606881065842427,3,0,3.0,22,17,5,0.7727272727272727,319,330,1.0344827586206895,9,22,0.6,0.6,2.4,2.2,5,1,2,0,2.0,1.0,2,1,0,0,0.0,0.0,0.0,2.0,0.0,1,1728.64,1495.89,232.75,1,120,84,0.7,382,279,0.7303664921465969,12,Tuesday,0.3534,0,0,1,1,1,4,8,0,W,4,1,matched_secondary_full_career,0,0,0,0,0,0.6931471805599453,0,0.6931471805599453
2015-12-13_Real_Madrid_Villarreal_767,2015-12-13,2015/16,Real Madrid,Villarreal,La Liga,domestic_league,A,0,0.78,30.8507,11268,766,512,170,488,0.6684073107049608,5.0,1,3,5,6,8,10,21,4,4,1.6,1.0,1.05,0.8,0.6,0.2,1.824242710485669,0.7248167460896988,4,0,5.0,23,21,6,0.9130434782608696,320,334,1.04375,12,22,0.8,0.8,3.6,1.6,5,13,11,3,0.8461538461538461,0.6153846153846154,3,6,3,0,0.3333333333333333,0.3333333333333333,1.0,2.6666666666666665,0.0,9,1732.79,1502.59,230.2,13,214,235,1.0981308411214954,354,215,0.6073446327683616,12,Sunday,0.3671,0,0,1,0,0,0,0,1,L,0,0,matched_secondary_full_career,0,0,0,0,0,2.6390573296152584,0,2.6390573296152584
2015-12-20_Real_Madrid_Rayo_Vallecano_768,2015-12-20,2015/16,Real Madrid,Rayo Vallecano,La Liga,domestic_league,H,0,0.78,30.8699,11275,767,512,170,488,0.6675358539765319,7.0,1,2,6,5,8,10,21,4,4,1.6,1.0,1.05,0.8,0.6,0.2,1.2769698973399684,0.5073717222627891,0,1,12.0,24,21,6,0.875,321,334,1.0404984423676011,12,21,0.8,0.8,3.6,1.0,5,8,10,4,1.25,0.875,3,8,0,0,0.0,0.0,0.625,3.25,0.0,8,1716.99,1469.38,247.61,8,215,235,1.0930232558139534,383,283,0.7389033942558747,12,Sunday,0.3863,0,0,1,1,1,2,10,2,W,2,1,matched_secondary_full_career,0,0,0,0,0,2.1972245773362196,0,2.1972245773362196
2015-12-30_Real_Madrid_Real_Sociedad_769,2015-12-30,2015/16,Real Madrid,Real Sociedad,La Liga,domestic_league,H,0,0.78,30.8973,11285,768,514,171,486,0.6692708333333334,10.0,0,1,4,6,8,11,18,3,5,1.6,1.1,0.9,0.8,0.6,0.3,1.4938789281379776,0.6551602055839524,1,0,10.0,25,23,7,0.92,322,336,1.0434782608695652,12,21,0.8,0.8,4.8,0.8,5,6,9,2,1.5,0.6666666666666666,7,6,0,0,0.0,0.0,1.1666666666666667,3.5,0.0,6,1720.87,1474.89,245.98,6,216,237,1.0972222222222223,384,285,0.7421875,12,Wednesday,0.4137,0,0,1,1,1,2,3,1,W,2,0,matched_secondary_full_career,0,0,0,0,0,1.9459101490553132,0,1.9459101490553132
2016-01-03_Real_Madrid_Valencia_770,2016-01-03,2015/16,Real Madrid,Valencia,La Liga,domestic_league,A,0,0.78,30.9082,11289,769,516,171,484,0.6710013003901171,4.0,1,2,5,4,9,12,17,3,5,1.8,1.2,0.85,0.8,0.6,0.4,1.6457152496965843,0.4586121439087666,2,0,4.0,26,25,7,0.9615384615384616,323,338,1.0464396284829722,12,21,0.8,0.8,5.0,1.0,5,13,9,2,0.6923076923076923,0.5384615384615384,2,7,5,1,0.6153846153846154,0.4615384615384615,1.1538461538461535,2.3076923076923075,0.0769230769230769,13,1724.77,1517.88,206.89,13,217,239,1.101382488479263,355,215,0.6056338028169014,1,Sunday,0.4247,0,0,1,0,0,0,2,2,D,0,1,matched_secondary_full_career,0,0,0,0,0,2.6390573296152584,0,2.6390573296152584
2016-01-09_Real_Madrid_Deportivo_La_Coruna_771,2016-01-09,2015/16,Real Madrid,Deportivo La Coruna,La Liga,domestic_league,H,0,0.78,30.9247,11295,770,516,172,484,0.6701298701298701,6.0,1,2,4,4,8,12,17,3,6,1.6,1.2,0.85,0.6,0.6,0.4,1.152000674787609,0.6210285007361367,0,1,10.0,27,25,8,0.925925925925926,324,338,1.0432098765432098,10,19,0.6,0.8,4.6,1.2,5,7,9,2,1.2857142857142858,0.5714285714285714,3,6,1,0,0.1428571428571428,0.1428571428571428,1.0,3.7142857142857135,0.1428571428571428,7,1719.43,1475.61,243.82,7,218,239,1.0963302752293578,385,287,0.7454545454545455,1,Saturday,0.4411,0,0,1,0,0,0,5,0,W,0,2,matched_secondary_full_career,0,0,0,0,0,2.0794415416798357,0,2.0794415416798357
2016-01-17_Real_Madrid_Sporting_Gijon_772,2016-01-17,2015/16,Real Madrid,Sporting Gijon,La Liga,domestic_league,H,0,0.78,30.9466,11303,771,516,174,484,0.669260700389105,8.0,0,2,4,2,4,12,17,4,8,0.8,1.2,0.85,0.4,0.6,0.4,0.8064004723513263,1.0347199505152955,0,2,18.0,28,25,10,0.8928571428571429,325,338,1.04,10,22,0.6,0.8,4.0,1.2,5,5,2,1,0.4,0.4,2,4,1,0,0.2,0.2,0.4,2.0,0.2,5,1723.38,1487.94,235.44,5,219,239,1.091324200913242,386,287,0.7435233160621761,1,Sunday,0.463,0,0,1,1,1,2,5,1,W,2,0,matched_secondary_full_career,0,0,0,0,0,1.791759469228055,0,1.791759469228055
2016-01-24_Real_Madrid_Real_Betis_773,2016-01-24,2015/16,Real Madrid,Real Betis,La Liga,domestic_league,A,0,0.78,30.9657,11310,772,518,174,482,0.6709844559585493,7.0,1,1,4,2,6,14,19,4,8,1.2,1.4,0.95,0.6,0.7,0.5,1.1644803306459284,0.724303965360707,1,0,7.0,29,27,10,0.9310344827586208,326,340,1.0429447852760736,13,25,0.8,1.0,5.0,1.2,5,7,3,4,0.4285714285714285,0.2857142857142857,1,6,0,1,0.4285714285714285,0.1428571428571428,0.8571428571428571,3.142857142857143,0.1428571428571428,7,1727.48,1491.76,235.72,7,220,241,1.0954545454545457,356,215,0.6039325842696629,1,Sunday,0.4822,0,0,1,0,0,0,1,1,D,0,0,matched_secondary_full_career,0,0,0,0,0,2.0794415416798357,0,2.0794415416798357
2016-01-31_Real_Madrid_Espanyol_774,2016-01-31,2015/16,Real Madrid,Espanyol,La Liga,domestic_league,H,0,0.78,30.9849,11317,773,518,174,482,0.6701164294954722,7.0,1,2,4,2,4,12,17,3,6,0.8,1.2,0.85,0.4,0.6,0.4,0.8151362314521499,0.5070127757524948,0,1,14.0,30,27,10,0.9,327,340,1.039755351681957,11,23,0.6,1.0,3.2,1.0,5,13,12,8,0.9230769230769232,0.4615384615384615,8,11,2,0,0.1538461538461538,0.1538461538461538,0.3076923076923077,2.6923076923076925,0.0,13,1721.57,1465.31,256.26,13,221,241,1.090497737556561,387,289,0.7467700258397932,1,Sunday,0.5014,0,0,1,1,1,3,6,0,W,3,0,matched_secondary_full_career,0,0,0,0,0,2.6390573296152584,0,2.6390573296152584
2016-02-07_Real_Madrid_Granada_CF_775,2016-02-07,2015/16,Real Madrid,Granada CF,La Liga,domestic_league,A,0,0.78,31.0041,11324,774,521,174,479,0.6731266149870802,7.0,1,2,4,5,5,14,20,3,6,1.0,1.4,1.0,0.4,0.6,0.5,1.4705953620165046,0.3549089430267463,1,0,7.0,31,30,10,0.967741935483871,328,343,1.045731707317073,11,23,0.6,1.0,3.8,0.8,5,9,11,3,1.2222222222222223,0.6666666666666666,6,8,0,1,0.3333333333333333,0.1111111111111111,0.4444444444444444,3.0,0.1111111111111111,9,1725.3,1485.22,240.07,9,222,244,1.0990990990990992,357,215,0.6022408963585434,2,Sunday,0.5205,0,0,0,0,0,0,2,1,W,0,0,matched_secondary_full_career,0,0,0,0,0,2.302585092994046,0,2.302585092994046
2016-02-13_Real_Madrid_Athletic_Club_776,2016-02-13,2015/16,Real Madrid,Athletic Club,La Liga,domestic_league,H,0,0.78,31.0205,11330,775,521,174,479,0.672258064516129,6.0,1,2,4,3,5,13,20,2,5,1.0,1.3,1.0,0.4,0.5,0.5,1.0294167534115533,0.2484362601187224,0,1,13.0,32,30,10,0.9375,329,343,1.0425531914893618,13,23,0.8,1.0,3.8,0.6,5,13,14,4,1.0769230769230769,0.6153846153846154,3,10,1,2,0.5384615384615384,0.2307692307692307,0.6923076923076923,3.0,0.1538461538461538,13,1729.31,1494.67,234.64,13,223,244,1.094170403587444,388,292,0.7525773195876289,2,Saturday,0.537,0,0,0,1,1,2,4,2,W,2,1,matched_secondary_full_career,0,0,0,0,0,2.6390573296152584,0,2.6390573296152584
2016-02-17_Real_Madrid_AS_Roma_777,2016-02-17,2015/16,Real Madrid,AS Roma,UEFA Champions League,continental_club,A,0,0.94,31.0314,11334,776,523,175,477,0.6739690721649485,4.0,1,2,4,5,7,11,21,1,5,1.4,1.1,1.05,0.6,0.5,0.5,1.3205917273880872,0.4739053820831057,1,0,4.0,33,32,11,0.9696969696969696,330,345,1.0454545454545454,13,23,0.8,1.0,3.6,1.0,5,4,3,1,0.75,0.5,3,0,0,0,0.0,0.0,0.0,0.0,0.0,0,1733.43,1498.98,234.45,4,121,88,0.7272727272727273,358,215,0.6005586592178771,2,Wednesday,0.5479,0,0,0,1,0,1,2,0,W,1,0,matched_secondary_full_career,1,0,0,0,0,1.6094379124341003,0,1.6094379124341003
2016-02-21_Real_Madrid_Malaga_778,2016-02-21,2015/16,Real Madrid,Malaga,La Liga,domestic_league,A,0,0.78,31.0424,11338,777,524,175,476,0.6743886743886743,4.0,1,3,5,3,6,12,22,1,5,1.2,1.2,1.1,0.6,0.6,0.5,1.224414209171661,0.3317337674581739,2,0,4.0,34,33,11,0.9705882352941176,331,346,1.0453172205438066,13,26,0.8,1.0,3.0,0.8,5,15,14,9,0.9333333333333332,0.5333333333333333,1,11,3,1,0.4,0.2666666666666666,0.8,2.6,0.0666666666666666,15,1737.54,1487.46,250.09,15,224,246,1.0982142857142858,359,216,0.6016713091922006,2,Sunday,0.5589,0,0,0,1,0,1,1,1,D,1,0,matched_secondary_full_career,0,0,0,0,0,2.772588722239781,0,2.772588722239781
2016-02-27_Real_Madrid_Atletico_Madrid_779,2016-02-27,2015/16,Real Madrid,Atletico Madrid,La Liga,domestic_league,H,0,0.78,31.0588,11344,778,525,175,475,0.6748071979434447,6.0,1,3,5,4,7,11,22,1,4,1.4,1.1,1.1,0.8,0.6,0.4,1.1570899464201627,0.2322136372207217,3,0,6.0,35,34,11,0.9714285714285714,332,347,1.0451807228915662,13,24,0.8,1.0,3.0,0.8,5,23,15,5,0.6521739130434783,0.4782608695652174,0,12,5,6,1.0,0.4782608695652174,1.0869565217391304,1.6956521739130437,0.217391304347826,23,1731.38,1573.39,157.98,23,225,247,1.0977777777777775,389,294,0.7557840616966581,2,Saturday,0.5753,0,0,0,0,0,0,0,1,L,0,0,matched_secondary_full_career,0,0,0,0,0,3.1780538303479458,0,3.1780538303479458
2016-03-02_Real_Madrid_Levante_780,2016-03-02,2015/16,Real Madrid,Levante,La Liga,domestic_league,A,0,0.78,31.0698,11348,779,525,175,475,0.6739409499358151,4.0,1,3,5,2,4,9,21,1,4,0.8,0.9,1.05,0.6,0.5,0.3,0.8099629624941138,0.1625495460545052,0,1,10.0,36,34,11,0.9444444444444444,333,347,1.042042042042042,10,21,0.6,0.8,1.8,1.0,5,12,13,7,1.0833333333333333,0.6666666666666666,3,10,1,1,0.3333333333333333,0.1666666666666666,0.5833333333333334,3.083333333333333,0.1666666666666666,12,1717.12,1480.66,236.46,12,226,247,1.092920353982301,360,217,0.6027777777777777,3,Wednesday,0.5863,0,0,0,1,0,1,3,1,W,1,1,matched_secondary_full_career,0,0,0,0,0,2.5649493574615367,0,2.5649493574615367
2016-03-05_Real_Madrid_Celta_Vigo_781,2016-03-05,2015/16,Real Madrid,Celta Vigo,La Liga,domestic_league,H,0,0.78,31.078,11351,780,526,176,474,0.6743589743589744,3.0,2,3,6,2,5,10,22,2,4,1.0,1.0,1.1,0.8,0.6,0.3,0.8669740737458795,0.4137846822381536,1,0,3.0,37,35,12,0.945945945945946,334,348,1.0419161676646709,10,23,0.6,0.8,2.0,1.0,5,8,13,2,1.625,0.875,4,7,0,1,0.375,0.125,0.75,2.75,0.0,8,1721.2,1487.68,233.51,8,227,248,1.092511013215859,390,294,0.7538461538461538,3,Saturday,0.5945,0,0,0,1,1,4,7,1,W,4,0,matched_secondary_full_career,0,0,0,0,0,2.1972245773362196,0,2.1972245773362196
2016-03-08_Real_Madrid_AS_Roma_782,2016-03-08,2015/16,Real Madrid,AS Roma,UEFA Champions League,continental_club,H,0,0.94,31.0862,11354,781,530,176,470,0.678617157490397,3.0,2,3,7,5,7,14,26,1,2,1.4,1.4,1.3,0.8,0.7,0.4,1.806881851622116,0.2896492775667075,2,0,3.0,38,39,12,1.0263157894736843,335,352,1.0507462686567164,10,23,0.6,0.8,2.6,0.8,5,5,4,1,0.8,0.6,2,1,0,0,0.0,0.0,0.0,2.0,0.0,1,1725.34,1494.86,230.48,5,122,89,0.7295081967213115,391,298,0.7621483375959079,3,Tuesday,0.6027,0,0,0,1,0,1,2,0,W,1,1,matched_secondary_full_career,0,0,0,0,0,1.791759469228055,0,1.791759469228055
2016-03-13_Real_Madrid_Las_Palmas_783,2016-03-13,2015/16,Real Madrid,Las Palmas,La Liga,domestic_league,A,0,0.78,31.0999,11359,782,531,177,469,0.6790281329923273,5.0,1,3,7,6,7,13,27,2,3,1.4,1.3,1.35,0.8,0.7,0.3,1.564817296135481,0.5027544942966953,3,0,5.0,39,40,13,1.0256410256410255,336,353,1.050595238095238,10,23,0.6,0.8,2.6,0.8,5,1,1,0,1.0,1.0,1,1,0,0,0.0,0.0,1.0,3.0,0.0,1,1729.53,1495.92,233.61,1,228,252,1.105263157894737,361,218,0.6038781163434903,3,Sunday,0.6164,0,0,0,0,0,0,2,1,W,0,0,matched_secondary_full_career,0,0,0,0,0,0.6931471805599453,0,0.6931471805599453
2016-03-20_Real_Madrid_Sevilla_784,2016-03-20,2015/16,Real Madrid,Sevilla,La Liga,domestic_league,H,0,0.78,31.1191,11366,783,531,177,469,0.6781609195402298,7.0,1,2,6,5,6,13,25,2,3,1.2,1.3,1.25,0.6,0.7,0.3,1.0953721072948366,0.3519281460076867,0,1,12.0,40,40,13,1.0,337,353,1.0474777448071215,12,25,0.8,0.8,2.8,0.8,5,14,21,0,1.5,0.6428571428571429,5,11,0,3,0.6428571428571429,0.2142857142857142,1.2857142857142858,2.9285714285714284,0.0714285714285714,14,1733.66,1504.06,229.6,14,229,252,1.100436681222707,392,299,0.7627551020408163,3,Sunday,0.6356,0,0,0,1,0,1,4,0,W,1,0,matched_secondary_full_career,0,0,0,0,0,2.70805020110221,0,2.70805020110221
2016-03-25_Portugal_Bulgaria_785,2016-03-25,2015/16,Portugal,Bulgaria,International Friendly,international,H,1,0.35,31.1327,11371,784,532,177,468,0.6785714285714286,5.0,1,2,6,2,7,11,25,2,3,1.4,1.1,1.25,0.8,0.7,0.2,1.0667604751063855,0.2463497022053806,1,0,5.0,41,41,13,1.0,123,55,0.4471544715447154,12,24,0.8,0.8,1.4,0.8,5,0,0,0,0.0,0.0,0,0,0,0,0.0,0.0,0.0,0.0,0.0,0,1653.66,1500.0,153.66,0,40,11,0.275,393,300,0.7633587786259542,3,Friday,0.6493,0,0,0,0,0,0,0,1,L,0,0,matched_secondary_full_career,1,0,0,0,1,0.0,1,0.0
2016-03-29_Portugal_Belgium_786,2016-03-29,2015/16,Portugal,Belgium,International Friendly,international,H,1,0.35,31.1437,11375,785,532,177,468,0.6777070063694267,4.0,1,2,6,1,6,11,24,1,3,1.2,1.1,1.2,0.6,0.7,0.2,0.7467323325744698,0.1724447915437664,0,1,9.0,42,41,13,0.9761904761904762,124,55,0.4435483870967742,9,21,0.6,0.6,1.0,0.8,5,1,2,1,2.0,1.0,2,1,0,0,0.0,0.0,0.0,4.0,0.0,1,1639.5,1492.87,146.63,1,41,11,0.2682926829268293,394,300,0.7614213197969543,3,Tuesday,0.6603,0,0,0,1,0,1,2,1,W,1,0,matched_secondary_full_career,0,0,0,0,0,0.6931471805599453,0,0.6931471805599453
2016-04-02_Real_Madrid_Barcelona_787,2016-04-02,2015/16,Real Madrid,Barcelona,La Liga,domestic_league,A,0,0.78,31.1546,11379,786,533,177,467,0.678117048346056,4.0,1,3,6,2,3,10,21,1,2,0.6,1.0,1.05,0.6,0.7,0.1,0.8227126328021288,0.1207113540806365,1,0,4.0,43,42,13,0.9767441860465116,338,354,1.047337278106509,15,25,1.0,1.0,3.6,0.6,5,27,15,1,0.5555555555555556,0.4814814814814814,2,6,6,12,1.75,0.75,1.9583333333333333,1.375,0.2083333333333333,24,1737.87,1664.31,73.57,27,230,253,1.1,362,218,0.6022099447513812,4,Saturday,0.6712,0,0,0,1,0,1,2,1,W,1,0,matched_secondary_full_career,0,0,0,0,0,3.332204510175204,0,3.332204510175204
2016-04-06_Real_Madrid_VfL_Wolfsburg_788,2016-04-06,2015/16,Real Madrid,VfL Wolfsburg,UEFA Champions League,continental_club,A,0,0.94,31.1656,11383,787,534,177,466,0.6785260482846251,4.0,1,3,6,2,3,10,22,0,2,0.6,1.0,1.1,0.6,0.7,0.1,0.87589884296149,0.0844979478564455,2,0,4.0,44,43,13,0.9772727272727272,339,355,1.047197640117994,15,25,1.0,1.0,3.4,0.6,5,0,0,0,0.0,0.0,0,0,0,0,0.0,0.0,0.0,0.0,0.0,0,1745.79,1500.0,245.79,0,123,90,0.7317073170731707,363,219,0.6033057851239669,4,Wednesday,0.6822,0,0,0,0,0,0,0,2,L,0,0,matched_secondary_date_discrepancy,1,0,0,0,1,0.0,1,0.0
2016-04-09_Real_Madrid_Eibar_789,2016-04-09,2015/16,Real Madrid,Eibar,La Liga,domestic_league,H,0,0.78,31.1738,11386,788,534,177,466,0.6776649746192893,3.0,2,3,6,2,3,9,20,0,2,0.6,0.9,1.0,0.6,0.6,0.1,0.613129190073043,0.0591485634995118,0,1,7.0,45,43,13,0.9555555555555556,340,355,1.0441176470588236,12,22,0.8,0.8,2.0,0.8,5,3,4,1,1.3333333333333333,1.0,4,3,0,0,0.0,0.0,0.0,3.0,0.0,3,1729.7,1488.07,241.62,3,231,254,1.0995670995670996,395,301,0.7620253164556962,4,Saturday,0.6904,0,0,0,1,0,1,4,0,W,1,2,matched_secondary_full_career,0,0,0,0,0,1.3862943611198906,0,1.3862943611198906
2016-04-12_Real_Madrid_VfL_Wolfsburg_790,2016-04-12,2015/16,Real Madrid,VfL Wolfsburg,UEFA Champions League,continental_club,H,0,0.94,31.182,11389,789,535,179,465,0.6780735107731305,3.0,2,4,7,2,3,10,19,2,4,0.6,1.0,0.95,0.6,0.7,0.1,0.7291904330511301,0.6414039944496583,1,0,3.0,46,44,15,0.9565217391304348,341,356,1.0439882697947214,12,22,0.8,0.8,2.4,0.8,5,1,0,0,0.0,0.0,0,0,0,1,3.0,1.0,2.0,0.0,1.0,1,1733.68,1516.09,217.59,1,124,90,0.7258064516129032,396,302,0.7626262626262627,4,Tuesday,0.6986,0,0,0,1,1,3,3,0,W,3,0,matched_secondary_full_career,0,0,0,0,0,0.6931471805599453,0,0.6931471805599453
2016-04-16_Real_Madrid_Getafe_791,2016-04-16,2015/16,Real Madrid,Getafe,La Liga,domestic_league,A,0,0.78,31.193,11393,790,538,179,462,0.6810126582278481,4.0,2,4,7,4,6,12,22,2,3,1.2,1.2,1.1,0.8,0.7,0.2,1.410433303135791,0.4489827961147608,2,0,4.0,47,47,15,1.0,342,359,1.0497076023391814,12,24,0.8,0.8,2.6,0.6,5,11,19,2,1.7272727272727273,0.8181818181818182,6,10,0,1,0.2727272727272727,0.0909090909090909,1.181818181818182,3.5454545454545454,0.0,11,1738.13,1474.99,263.14,11,232,255,1.0991379310344829,364,219,0.6016483516483516,4,Saturday,0.7096,0,0,0,1,0,1,5,1,W,1,0,matched_secondary_full_career,0,0,0,0,0,2.4849066497880004,0,2.4849066497880004
2016-04-20_Real_Madrid_Villarreal_792,2016-04-20,2015/16,Real Madrid,Villarreal,La Liga,domestic_league,H,0,0.78,31.2039,11397,791,539,179,461,0.6814159292035398,4.0,1,4,7,5,6,9,23,2,3,1.2,0.9,1.15,0.8,0.7,0.1,1.2873033121950537,0.3142879572803325,3,0,4.0,48,48,15,1.0,343,360,1.0495626822157431,12,27,0.8,0.8,2.8,0.8,5,14,11,3,0.7857142857142857,0.5714285714285714,2,6,3,1,0.6,0.4,1.0,2.4,0.1,10,1741.73,1518.39,223.34,14,233,256,1.098712446351931,397,305,0.7682619647355163,4,Wednesday,0.7205,0,0,0,0,0,0,3,0,W,0,0,matched_secondary_full_career,0,0,0,0,0,2.70805020110221,0,2.70805020110221
2016-05-04_Real_Madrid_Manchester_City_793,2016-05-04,2015/16,Real Madrid,Manchester City,UEFA Champions League,continental_club,H,0,0.94,31.2423,11411,792,539,179,461,0.6805555555555556,14.0,0,1,5,4,5,8,21,2,2,1.0,0.8,1.05,0.6,0.6,0.1,0.9011123185365376,0.2200015700962327,0,1,18.0,49,48,15,0.979591836734694,344,360,1.0465116279069768,12,27,0.8,0.8,3.0,0.6,5,13,5,1,0.3846153846153846,0.3846153846153846,2,1,1,0,0.5,0.5,1.5,2.0,0.0,2,1746.06,1503.35,242.71,13,125,93,0.744,398,305,0.7663316582914573,5,Wednesday,0.7589,0,0,0,0,0,0,1,0,W,0,0,matched_secondary_full_career,0,0,0,0,0,2.6390573296152584,0,2.6390573296152584
2016-05-08_Real_Madrid_Valencia_794,2016-05-08,2015/16,Real Madrid,Valencia,La Liga,domestic_league,H,0,0.78,31.2532,11415,793,539,179,461,0.6796973518284993,4.0,1,1,5,1,5,8,21,2,2,1.0,0.8,1.05,0.6,0.6,0.1,0.6307786229755762,0.1540010990673629,0,2,22.0,50,48,15,0.96,345,360,1.0434782608695652,15,27,1.0,1.0,3.2,0.2,5,14,9,3,0.6428571428571429,0.5,1,7,6,1,0.6428571428571429,0.5,1.2142857142857142,2.2857142857142856,0.0714285714285714,14,1750.03,1523.21,226.82,14,234,256,1.094017094017094,399,305,0.7644110275689223,5,Sunday,0.7699,0,0,0,1,1,2,3,2,W,2,0,matched_secondary_full_career,0,0,0,0,0,2.70805020110221,0,2.70805020110221
2016-05-14_Real_Madrid_Deportivo_La_Coruna_795,2016-05-14,2015/16,Real Madrid,Deportivo La Coruna,La Liga,domestic_league,A,0,0.78,31.2696,11421,794,541,179,459,0.681360201511335,6.0,1,2,4,2,6,9,20,0,2,1.2,0.9,1.0,0.6,0.6,0.2,1.0415450360829033,0.107800769347154,1,0,6.0,51,50,15,0.9803921568627452,346,362,1.046242774566474,15,27,1.0,1.0,3.0,0.6,5,8,9,4,1.125,0.5,3,7,1,0,0.125,0.125,0.875,3.875,0.125,8,1754.29,1471.66,282.63,8,235,258,1.097872340425532,365,220,0.6027397260273972,5,Saturday,0.7863,0,0,0,1,1,2,2,0,W,2,0,matched_secondary_full_career,0,0,0,0,0,2.1972245773362196,0,2.1972245773362196
2016-05-28_Real_Madrid_Atletico_Madrid_796,2016-05-28,2015/16,Real Madrid,Atletico Madrid,UEFA Champions League,continental_club,H,0,0.94,31.308,11435,795,543,179,457,0.6830188679245283,14.0,0,1,3,4,5,11,22,0,2,1.0,1.1,1.1,0.6,0.7,0.3,1.329081525258032,0.0754605385430078,2,0,14.0,52,52,15,1.0,347,364,1.0489913544668588,15,27,1.0,1.0,2.8,0.6,5,24,15,5,0.625,0.4583333333333333,0,12,5,7,1.0833333333333333,0.5,1.0833333333333333,1.625,0.25,24,1757.58,1587.65,169.93,24,126,93,0.7380952380952381,400,307,0.7675,5,Saturday,0.8247,0,1,0,0,0,0,1,1,D,0,0,matched_secondary_full_career,0,0,0,0,0,3.2188758248682006,0,3.2188758248682006
2016-06-09_Portugal_Estonia_797,2016-06-09,2015/16,Portugal,Estonia,International Friendly,international,H,1,0.35,31.3408,11447,796,543,179,457,0.6821608040201005,12.0,0,1,2,4,4,10,20,0,2,0.8,1.0,1.0,0.4,0.6,0.3,0.9303570676806224,0.0528223769801054,0,1,26.0,53,52,15,0.981132075471698,125,56,0.448,9,24,0.6,0.6,0.8,0.6,5,2,2,2,1.0,1.0,2,2,0,0,0.0,0.0,0.0,2.5,0.0,2,1645.51,1483.39,162.13,2,42,12,0.2857142857142857,401,307,0.7655860349127181,6,Thursday,0.8575,0,1,0,1,1,2,7,0,W,2,0,matched_secondary_full_career,0,0,0,0,0,1.0986122886681098,0,1.0986122886681098
2016-06-14_Portugal_Iceland_798,2016-06-14,2015/16,Portugal,Iceland,Euro Championship,international,H,1,0.95,31.3545,11452,797,545,179,455,0.6838143036386449,5.0,1,1,2,4,6,11,21,0,2,1.2,1.1,1.05,0.6,0.6,0.4,1.2512499473764356,0.0369756638860738,1,0,5.0,54,54,15,1.0,126,58,0.4603174603174603,12,24,0.8,0.8,2.2,0.4,5,2,1,0,0.5,0.5,1,2,0,0,0.0,0.0,2.0,4.0,0.0,2,1651.16,1487.69,163.47,2,14,6,0.4285714285714285,402,309,0.7686567164179104,6,Tuesday,0.8712,0,1,0,0,0,0,1,1,D,0,0,matched_secondary_full_career,0,0,0,0,0,1.0986122886681098,0,1.0986122886681098
2016-06-18_Portugal_Austria_799,2016-06-18,2015/16,Portugal,Austria,Euro Championship,international,H,1,0.95,31.3655,11456,798,545,179,455,0.6829573934837093,4.0,1,2,3,2,6,11,20,0,2,1.2,1.1,1.0,0.6,0.6,0.4,0.8758749631635049,0.0258829647202516,0,1,9.0,55,54,15,0.9818181818181818,127,58,0.4566929133858268,10,22,0.6,0.8,2.2,0.6,5,0,0,0,0.0,0.0,0,0,0,0,0.0,0.0,0.0,0.0,0.0,0,1646.77,1500.0,146.77,0,15,6,0.4,403,309,0.7667493796526055,6,Saturday,0.8822,0,1,0,0,0,0,0,0,D,0,0,matched_secondary_full_career,1,0,0,0,1,0.0,1,0.0
2016-06-22_Portugal_Hungary_800,2016-06-22,2015/16,Portugal,Hungary,Euro Championship,international,A,1,0.95,31.3764,11460,799,545,179,455,0.6821026282853567,4.0,1,3,4,2,4,10,20,0,0,0.8,1.0,1.0,0.4,0.5,0.4,0.6131124742144534,0.0181180753041761,0,2,13.0,56,54,15,0.9642857142857144,128,58,0.453125,8,20,0.4,0.8,2.0,0.6,5,2,0,0,0.0,0.0,0,2,0,0,0.0,0.0,0.0,2.0,0.0,2,1642.78,1486.36,156.42,2,16,6,0.375,366,222,0.6065573770491803,6,Wednesday,0.8932,0,1,0,1,1,2,3,3,D,2,1,matched_secondary_full_career,0,0,0,0,0,1.0986122886681098,0,1.0986122886681098
2016-06-25_Portugal_Croatia_801,2016-06-25,2015/16,Portugal,Croatia,Euro Championship,international,A,1,0.95,31.3846,11463,800,547,180,453,0.68375,3.0,2,3,5,2,4,9,21,1,1,0.8,0.9,1.05,0.4,0.5,0.4,1.029178731950117,0.3126826527129233,1,0,3.0,57,56,16,0.9824561403508772,129,60,0.4651162790697674,9,18,0.4,1.0,2.6,1.0,5,2,1,1,0.5,0.5,1,2,0,0,0.0,0.0,0.0,1.5,0.0,2,1638.56,1486.07,152.49,2,17,8,0.4705882352941176,367,224,0.6103542234332425,6,Saturday,0.9014,0,1,0,0,0,0,1,0,W,0,0,matched_secondary_full_career,0,0,0,0,0,1.0986122886681098,0,1.0986122886681098
2016-06-30_Portugal_Poland_802,2016-06-30,2015/16,Portugal,Poland,Euro Championship,international,A,1,0.95,31.3983,11468,801,547,180,453,0.682896379525593,5.0,1,3,5,2,4,8,17,1,1,0.8,0.8,0.85,0.4,0.4,0.4,0.7204251123650821,0.2188778568990463,0,1,8.0,58,56,16,0.9655172413793104,130,60,0.4615384615384615,9,18,0.4,1.0,2.4,0.8,5,3,1,0,0.3333333333333333,0.3333333333333333,1,0,2,1,1.6666666666666667,1.0,1.3333333333333333,1.0,0.3333333333333333,3,1644.44,1518.84,125.6,3,18,8,0.4444444444444444,368,224,0.6086956521739131,6,Thursday,0.9151,0,1,0,0,0,0,1,1,D,0,0,matched_secondary_full_career,0,0,0,0,0,1.3862943611198906,0,1.3862943611198906
2016-07-06_Portugal_Wales_803,2016-07-06,2015/16,Portugal,Wales,Euro Championship,international,H,1,0.95,31.4147,11474,802,547,180,453,0.6820448877805486,6.0,1,3,6,2,2,8,16,1,1,0.4,0.8,0.8,0.2,0.4,0.4,0.5042975786555575,0.1532144998293324,0,2,14.0,59,56,16,0.9491525423728814,131,60,0.4580152671755725,7,19,0.2,1.0,1.2,1.0,5,0,0,0,0.0,0.0,0,0,0,0,0.0,0.0,0.0,0.0,0.0,0,1640.97,1500.0,140.97,0,19,8,0.4210526315789473,404,309,0.7648514851485149,7,Wednesday,0.9315,0,1,0,1,0,1,2,0,W,1,1,matched_secondary_full_career,1,0,0,0,1,0.0,1,0.0
2016-07-10_Portugal_France_804,2016-07-10,2015/16,Portugal,France,Euro Championship,international,H,1,0.95,31.4257,11478,803,548,181,452,0.6824408468244084,4.0,1,2,6,1,3,9,17,2,2,0.6,0.9,0.85,0.4,0.5,0.4,0.6530083050588902,0.4072501498805326,1,0,4.0,60,57,17,0.95,132,61,0.4621212121212121,9,19,0.4,1.0,1.4,0.8,5,3,0,0,0.0,0.0,0,0,0,3,3.0,1.0,1.3333333333333333,0.3333333333333333,0.6666666666666666,3,1647.12,1540.66,106.46,3,20,9,0.45,405,310,0.7654320987654321,7,Sunday,0.9425,0,1,0,0,0,0,1,0,W,0,0,matched_secondary_full_career,0,0,0,0,0,1.3862943611198906,0,1.3862943611198906
2016-09-10_Real_Madrid_Osasuna_805,2016-09-10,2016/17,Real Madrid,Osasuna,La Liga,domestic_league,H,0,0.78,31.5954,11540,804,548,181,452,0.681592039800995,62.0,0,0,0,1,3,7,16,2,2,0.6,0.7,0.8,0.4,0.4,0.3,0.4571058135412231,0.2850751049163728,0,1,66.0,0,0,0,0.0,348,364,1.0459770114942528,13,25,0.8,1.0,2.0,0.6,5,10,10,5,1.0,0.5,3,7,2,1,0.5,0.3,0.7,2.6,0.2,10,1753.04,1493.42,259.62,10,236,260,1.1016949152542372,406,310,0.7635467980295566,9,Saturday,0.1099,1,0,0,1,0,1,5,2,W,1,0,matched_secondary_full_career,0,0,0,0,0,2.3978952727983707,0,2.3978952727983707
2016-09-14_Real_Madrid_Sporting_CP_806,2016-09-14,2016/17,Real Madrid,Sporting CP,UEFA Champions League,continental_club,H,0,0.94,31.6064,11544,805,549,181,451,0.6819875776397516,4.0,1,1,1,2,2,6,17,1,2,0.4,0.6,0.85,0.4,0.4,0.2,0.6199740694788561,0.1995525734414609,1,0,4.0,1,1,0,1.0,349,365,1.0458452722063036,13,25,0.8,1.0,2.4,1.0,5,2,2,1,1.0,1.0,2,0,0,0,0.0,0.0,0.0,0.0,0.0,0,1756.71,1498.77,257.94,33,127,93,0.7322834645669292,407,311,0.7641277641277642,9,Wednesday,0.1209,1,0,0,1,0,1,2,1,W,1,0,matched_secondary_full_career,1,0,0,0,0,3.5263605246161616,0,1.0986122886681098
2016-09-21_Real_Madrid_Villarreal_807,2016-09-21,2016/17,Real Madrid,Villarreal,La Liga,domestic_league,H,0,0.78,31.6256,11551,806,550,181,450,0.6823821339950372,7.0,1,2,2,2,3,7,17,1,2,0.6,0.7,0.85,0.6,0.5,0.2,0.7339818486351992,0.1396868014090226,2,0,7.0,2,2,0,1.0,350,366,1.0457142857142858,13,28,0.8,1.0,2.6,1.2,5,15,11,3,0.7333333333333333,0.5333333333333333,1,7,3,1,0.5454545454545454,0.3636363636363636,0.9090909090909092,2.4545454545454546,0.0909090909090909,11,1760.4,1514.06,246.34,15,237,261,1.1012658227848102,408,312,0.7647058823529411,9,Wednesday,0.1401,1,0,0,0,0,0,1,1,D,0,0,matched_secondary_full_career,0,0,0,0,0,2.772588722239781,0,2.772588722239781
2016-09-24_Real_Madrid_Las_Palmas_808,2016-09-24,2016/17,Real Madrid,Las Palmas,La Liga,domestic_league,A,0,0.78,31.6338,11554,807,550,181,450,0.6815365551425031,3.0,1,3,3,2,3,5,16,1,2,0.6,0.5,0.8,0.6,0.4,0.1,0.5137872940446394,0.0977807609863158,0,1,10.0,3,2,0,0.6666666666666666,351,366,1.0427350427350428,11,26,0.6,1.0,2.2,1.0,5,2,1,0,0.5,0.5,1,2,0,0,0.0,0.0,1.0,2.5,0.0,2,1754.3,1491.78,262.52,2,238,261,1.096638655462185,369,224,0.6070460704607046,9,Saturday,0.1484,1,0,0,0,0,0,2,2,D,0,0,matched_secondary_full_career,0,0,0,0,0,1.0986122886681098,0,1.0986122886681098
2016-09-27_Real_Madrid_Borussia_Dortmund_809,2016-09-27,2016/17,Real Madrid,Borussia Dortmund,UEFA Champions League,continental_club,A,0,0.94,31.642,11557,808,550,181,450,0.6806930693069307,3.0,2,3,4,1,2,5,16,0,2,0.4,0.5,0.8,0.4,0.4,0.1,0.3596511058312475,0.0684465326904211,0,2,13.0,4,2,0,0.5,352,366,1.0397727272727273,9,24,0.4,1.0,2.2,1.4,5,5,3,0,0.6,0.6,2,2,1,2,1.4,0.6,1.6,1.8,0.0,5,1747.92,1528.09,219.83,5,128,94,0.734375,370,224,0.6054054054054054,9,Tuesday,0.1566,1,0,0,1,0,1,2,2,D,1,0,matched_secondary_full_career,0,0,0,0,0,1.791759469228055,0,1.791759469228055
2016-10-02_Real_Madrid_Eibar_810,2016-10-02,2016/17,Real Madrid,Eibar,La Liga,domestic_league,H,0,0.78,31.6557,11562,809,551,181,449,0.681087762669963,5.0,1,3,5,1,3,6,16,0,2,0.6,0.6,0.8,0.6,0.5,0.1,0.5517557740818733,0.0479125728832947,1,0,5.0,5,3,0,0.6,353,367,1.0396600566572238,9,22,0.4,1.0,2.4,1.6,5,4,5,3,1.25,1.0,3,4,0,0,0.0,0.0,0.0,3.25,0.0,4,1742.32,1484.09,258.23,4,239,261,1.0920502092050208,409,312,0.7628361858190709,10,Sunday,0.1703,1,0,0,0,0,0,1,1,D,0,1,matched_secondary_full_career,0,0,0,0,0,1.6094379124341003,0,1.6094379124341003
2016-10-07_Portugal_Andorra_811,2016-10-07,2016/17,Portugal,Andorra,World Cup - Qualification Europe,international,H,1,0.76,31.6694,11567,810,551,182,449,0.6802469135802469,5.0,1,3,6,1,2,4,13,1,2,0.4,0.4,0.65,0.4,0.4,0.0,0.3862290418573113,0.3335388010183063,0,1,10.0,6,3,1,0.5,133,61,0.4586466165413533,11,19,0.6,1.0,1.6,0.8,5,0,0,0,0.0,0.0,0,0,0,0,0.0,0.0,0.0,0.0,0.0,0,1654.15,1500.0,154.15,0,29,15,0.5172413793103449,410,312,0.7609756097560976,10,Friday,0.1841,1,0,0,1,1,4,6,0,W,4,0,matched_secondary_full_career,1,0,0,0,1,0.0,1,0.0
2016-10-10_Portugal_Faroe_Islands_812,2016-10-10,2016/17,Portugal,Faroe Islands,World Cup - Qualification Europe,international,A,1,0.76,31.6776,11570,811,555,182,445,0.6843403205918619,3.0,1,3,7,5,5,8,16,1,2,1.0,0.8,0.8,0.4,0.5,0.1,1.4703603293001175,0.2334771607128144,1,0,3.0,7,7,1,1.0,134,65,0.4850746268656716,13,22,0.8,1.0,2.2,0.2,5,0,0,0,0.0,0.0,0,0,0,0,0.0,0.0,0.0,0.0,0.0,0,1659.98,1500.0,159.98,0,30,19,0.6333333333333333,371,225,0.6064690026954178,10,Monday,0.1923,1,0,0,1,0,1,6,0,W,1,0,matched_secondary_full_career,1,0,0,0,1,0.0,1,0.0
2016-10-15_Real_Madrid_Real_Betis_813,2016-10-15,2016/17,Real Madrid,Real Betis,La Liga,domestic_league,A,0,0.78,31.6913,11575,812,556,182,444,0.6847290640394089,5.0,1,3,6,5,6,9,17,1,2,1.2,0.9,0.85,0.6,0.6,0.1,1.3292522305100825,0.1634340124989701,2,0,5.0,8,8,1,1.0,354,367,1.036723163841808,7,20,0.2,1.0,1.6,1.4,5,8,3,4,0.375,0.25,1,6,1,1,0.5,0.25,0.875,2.875,0.125,8,1736.01,1497.67,238.34,8,240,261,1.0875,372,226,0.6075268817204301,10,Saturday,0.206,0,0,0,1,0,1,6,1,W,1,1,matched_secondary_full_career,0,0,0,0,0,2.1972245773362196,0,2.1972245773362196
2016-10-18_Real_Madrid_Legia_Warszawa_814,2016-10-18,2016/17,Real Madrid,Legia Warszawa,UEFA Champions League,continental_club,H,0,0.94,31.6995,11578,813,557,183,443,0.6851168511685117,3.0,1,3,7,6,7,9,18,2,2,1.4,0.9,0.9,0.8,0.6,0.1,1.2304765613570576,0.414403808749279,3,0,3.0,9,9,2,1.0,355,368,1.036619718309859,7,20,0.2,1.0,2.4,1.4,5,0,0,0,0.0,0.0,0,0,0,0,0.0,0.0,0.0,0.0,0.0,0,1740.05,1500.0,240.05,0,129,95,0.7364341085271318,411,316,0.7688564476885644,10,Tuesday,0.2143,0,0,0,0,0,0,5,1,W,0,2,matched_secondary_full_career,1,0,0,0,1,0.0,1,0.0
2016-10-23_Real_Madrid_Athletic_Club_815,2016-10-23,2016/17,Real Madrid,Athletic Club,La Liga,domestic_league,H,0,0.78,31.7132,11583,814,557,185,443,0.6842751842751843,5.0,1,3,7,2,6,9,16,4,4,1.2,0.9,0.8,0.6,0.6,0.1,0.8613335929499403,0.8900826661244954,0,1,8.0,10,9,4,0.9,356,368,1.0337078651685394,9,20,0.4,1.0,3.2,1.4,5,14,16,5,1.1428571428571428,0.6428571428571429,2,11,1,2,0.5,0.2142857142857142,0.7857142857142857,3.071428571428572,0.1428571428571428,14,1744.07,1490.55,253.52,14,241,262,1.0871369294605808,412,316,0.7669902912621359,10,Sunday,0.228,0,0,0,0,0,0,2,1,W,0,0,matched_secondary_full_career,0,0,0,0,0,2.70805020110221,0,2.70805020110221
2016-10-29_Real_Madrid_Alaves_816,2016-10-29,2016/17,Real Madrid,Alaves,La Liga,domestic_league,A,0,0.78,31.7296,11589,815,557,185,443,0.6834355828220859,6.0,1,3,6,1,6,8,14,3,4,1.2,0.8,0.7,0.6,0.5,0.1,0.6029335150649582,0.6230578662871468,0,2,14.0,11,9,4,0.8181818181818182,357,368,1.030812324929972,11,20,0.6,1.0,3.2,1.2,5,0,0,0,0.0,0.0,0,0,0,0,0.0,0.0,0.0,0.0,0.0,0,1747.84,1500.0,247.84,0,242,262,1.0826446280991735,373,227,0.6085790884718498,10,Saturday,0.2445,0,0,0,1,1,3,4,1,W,3,0,matched_secondary_full_career,1,0,0,0,1,0.0,1,0.0
2016-11-02_Real_Madrid_Legia_Warszawa_817,2016-11-02,2016/17,Real Madrid,Legia Warszawa,UEFA Champions League,continental_club,A,0,0.94,31.7406,11593,816,560,185,440,0.6862745098039216,4.0,1,2,6,3,5,10,17,3,4,1.0,1.0,0.85,0.6,0.5,0.2,1.3220534605454706,0.4361405064010027,1,0,4.0,12,12,4,1.0,358,371,1.0363128491620113,13,22,0.8,1.0,3.6,1.0,5,1,0,2,0.0,0.0,0,1,0,0,0.0,0.0,1.0,5.0,0.0,1,1751.71,1495.99,255.73,1,130,95,0.7307692307692307,374,230,0.6149732620320856,11,Wednesday,0.2555,0,0,0,0,0,0,3,3,D,0,1,matched_secondary_full_career,0,0,0,0,0,0.6931471805599453,0,0.6931471805599453
2016-11-06_Real_Madrid_Leganes_818,2016-11-06,2016/17,Real Madrid,Leganes,La Liga,domestic_league,H,0,0.78,31.7515,11597,817,560,186,440,0.6854345165238678,4.0,1,3,7,3,4,10,15,4,5,0.8,1.0,0.75,0.4,0.5,0.2,0.9254374223818294,0.6052983544807018,0,1,8.0,13,12,5,0.9230769230769232,359,371,1.033426183844011,13,20,0.8,1.0,4.0,1.4,5,0,0,0,0.0,0.0,0,0,0,0,0.0,0.0,0.0,0.0,0.0,0,1745.44,1500.0,245.44,0,243,265,1.0905349794238683,413,316,0.7651331719128329,11,Sunday,0.2665,0,0,0,0,0,0,3,0,W,0,0,matched_secondary_full_career,1,0,0,0,1,0.0,1,0.0
2016-11-13_Portugal_Latvia_819,2016-11-13,2016/17,Portugal,Latvia,World Cup - Qualification Europe,international,H,1,0.76,31.7707,11604,818,560,186,440,0.684596577017115,7.0,1,2,6,3,3,10,15,3,5,0.6,1.0,0.75,0.2,0.5,0.2,0.6478061956672805,0.4237088481364912,0,2,15.0,14,12,5,0.8571428571428571,135,66,0.4888888888888889,13,22,0.8,1.0,3.2,0.2,5,2,1,1,0.5,0.5,1,2,0,0,0.0,0.0,0.0,2.5,0.0,2,1665.68,1483.68,182.0,2,31,20,0.6451612903225806,414,316,0.7632850241545893,11,Sunday,0.2857,0,0,0,1,1,2,4,1,W,2,0,matched_secondary_full_career,0,0,0,0,0,1.0986122886681098,0,1.0986122886681098
2016-11-19_Real_Madrid_Atletico_Madrid_820,2016-11-19,2016/17,Real Madrid,Atletico Madrid,La Liga,domestic_league,A,0,0.78,31.7871,11610,819,562,186,438,0.6862026862026862,6.0,1,2,5,2,5,11,17,1,5,1.0,1.1,0.85,0.4,0.5,0.3,1.0534643369670964,0.2965961936955438,1,0,6.0,15,14,5,0.9333333333333332,360,371,1.0305555555555554,13,20,0.8,1.0,3.4,1.2,5,25,15,5,0.6,0.44,0,12,6,7,1.08,0.52,1.08,1.6,0.24,25,1749.36,1592.18,157.18,25,244,265,1.0860655737704918,375,230,0.6133333333333333,11,Saturday,0.3022,0,0,0,1,1,3,3,0,W,3,0,matched_secondary_full_career,0,0,0,0,0,3.258096538021482,0,3.258096538021482
2016-11-22_Real_Madrid_Sporting_CP_821,2016-11-22,2016/17,Real Madrid,Sporting CP,UEFA Champions League,continental_club,A,0,0.94,31.7953,11613,820,565,186,435,0.6890243902439024,3.0,1,2,6,5,8,14,18,1,4,1.6,1.4,0.9,0.6,0.6,0.4,1.6374250358769673,0.2076173355868807,2,0,3.0,16,17,5,1.0625,361,374,1.03601108033241,13,22,0.8,1.0,3.0,1.0,5,3,3,1,1.0,1.0,3,1,0,0,0.0,0.0,1.0,2.0,0.0,1,1755.12,1495.08,260.04,34,131,95,0.7251908396946565,376,233,0.6196808510638298,11,Tuesday,0.3104,0,0,0,0,0,0,2,1,W,0,1,matched_secondary_full_career,0,0,0,0,0,3.5553480614894135,0,1.3862943611198906
2016-11-26_Real_Madrid_Sporting_Gijon_822,2016-11-26,2016/17,Real Madrid,Sporting Gijon,La Liga,domestic_league,H,0,0.78,31.8063,11617,821,565,187,435,0.6881851400730816,4.0,2,3,6,5,5,10,18,2,5,1.0,1.0,0.9,0.4,0.5,0.3,1.146197525113877,0.4453321349108164,0,1,7.0,17,17,6,1.0,362,374,1.033149171270718,13,24,0.8,1.0,3.0,1.0,5,6,4,1,0.6666666666666666,0.5,3,5,1,0,0.1666666666666666,0.1666666666666666,0.5,2.5,0.1666666666666666,6,1758.78,1483.84,274.94,6,245,268,1.0938775510204082,415,318,0.7662650602409639,11,Saturday,0.3214,0,0,0,1,1,2,2,1,W,2,0,matched_secondary_full_career,0,0,0,0,0,1.9459101490553132,0,1.9459101490553132
2016-12-03_Real_Madrid_Barcelona_823,2016-12-03,2016/17,Real Madrid,Barcelona,La Liga,domestic_league,A,0,0.78,31.8254,11624,822,567,187,433,0.6897810218978102,7.0,1,3,5,5,7,11,20,1,5,1.4,1.1,1.0,0.6,0.5,0.4,1.4023382675797138,0.3117324944375715,1,0,7.0,18,19,6,1.0555555555555556,363,376,1.0358126721763086,13,26,0.8,1.0,2.6,1.0,5,28,16,1,0.5714285714285714,0.5,2,7,6,12,1.68,0.72,1.92,1.4,0.2,25,1762.19,1656.39,105.79,28,246,270,1.0975609756097562,377,233,0.6180371352785146,12,Saturday,0.3407,0,0,1,0,0,0,1,1,D,0,0,matched_secondary_full_career,0,0,0,0,0,3.367295829986474,0,3.367295829986474
2016-12-07_Real_Madrid_Borussia_Dortmund_824,2016-12-07,2016/17,Real Madrid,Borussia Dortmund,UEFA Champions League,continental_club,H,0,0.94,31.8364,11628,823,567,187,433,0.6889428918590522,4.0,1,2,5,2,7,10,19,1,4,1.4,1.0,0.95,0.6,0.4,0.4,0.9816367873057996,0.2182127461063,0,1,11.0,19,19,6,1.0,364,376,1.032967032967033,13,26,0.8,1.0,2.2,0.6,5,6,4,0,0.6666666666666666,0.6666666666666666,2,2,2,2,1.3333333333333333,0.6666666666666666,1.6666666666666667,1.8333333333333333,0.0,6,1759.23,1533.69,225.55,6,132,95,0.7196969696969697,416,320,0.7692307692307693,12,Wednesday,0.3516,0,0,1,0,0,0,2,2,D,0,0,matched_secondary_full_career,0,0,0,0,0,1.9459101490553132,0,1.9459101490553132
2016-12-15_Real_Madrid_Club_America_825,2016-12-15,2016/17,Real Madrid,Club America,FIFA Club World Cup,continental_club,A,0,1.0,31.8583,11636,824,567,187,433,0.6881067961165048,8.0,0,2,5,2,5,10,19,1,2,1.0,1.0,0.95,0.4,0.4,0.4,0.6871457511140597,0.15274892227441,0,2,19.0,20,19,6,0.95,365,376,1.03013698630137,11,24,0.6,1.0,2.0,1.0,5,0,0,0,0.0,0.0,0,0,0,0,0.0,0.0,0.0,0.0,0.0,0,1753.52,1500.0,253.52,0,4,1,0.25,378,233,0.6164021164021164,12,Thursday,0.3736,0,0,1,1,0,1,2,0,W,1,0,matched_secondary_full_career,1,0,0,0,1,0.0,1,0.0
2016-12-18_Real_Madrid_Kashima_826,2016-12-18,2016/17,Real Madrid,Kashima,FIFA Club World Cup,continental_club,H,0,1.0,31.8665,11639,825,568,187,432,0.6884848484848485,3.0,1,2,6,1,3,11,19,1,2,0.6,1.1,0.95,0.4,0.5,0.4,0.7810020257798418,0.1069242455920869,1,0,3.0,21,20,6,0.9523809523809524,366,377,1.030054644808743,11,24,0.6,1.0,1.8,1.0,5,0,0,0,0.0,0.0,0,0,0,0,0.0,0.0,0.0,0.0,0.0,0,1757.29,1500.0,257.29,0,5,2,0.4,417,320,0.7673860911270983,12,Sunday,0.3819,0,0,1,1,1,3,4,2,W,3,0,matched_secondary_full_career,1,0,0,0,1,0.0,1,0.0
2017-01-07_Real_Madrid_Granada_CF_827,2017-01-07,2016/17,Real Madrid,Granada CF,La Liga,domestic_league,H,0,0.78,31.9213,11659,826,571,187,429,0.6912832929782082,20.0,0,0,2,4,6,11,21,0,2,1.2,1.1,1.05,0.6,0.5,0.4,1.446701418045889,0.0748469719144609,2,0,20.0,22,23,6,1.0454545454545454,367,380,1.0354223433242506,11,24,0.6,1.0,2.2,1.2,5,10,11,3,1.1,0.6,5,9,0,1,0.3,0.1,0.5,2.9,0.1,10,1761.0,1481.21,279.79,10,247,270,1.0931174089068827,418,323,0.7727272727272727,1,Saturday,0.4368,0,0,1,1,0,1,5,0,W,1,0,matched_secondary_full_career,0,0,0,0,0,2.3978952727983707,0,2.3978952727983707
2017-01-15_Real_Madrid_Sevilla_828,2017-01-15,2016/17,Real Madrid,Sevilla,La Liga,domestic_league,A,0,0.78,31.9432,11667,827,572,187,428,0.6916565900846433,8.0,0,1,2,5,5,12,22,0,1,1.0,1.2,1.1,0.6,0.6,0.4,1.3126909926321224,0.0523928803401226,3,0,8.0,23,24,6,1.0434782608695652,368,381,1.0353260869565215,11,24,0.6,1.0,2.8,1.0,5,15,22,0,1.4666666666666666,0.6666666666666666,4,12,0,3,0.6,0.2,1.2,3.0,0.0666666666666666,15,1764.33,1499.85,264.47,15,248,271,1.092741935483871,379,234,0.6174142480211082,1,Sunday,0.4588,0,0,1,1,0,1,1,2,L,1,0,matched_secondary_full_career,0,0,0,0,0,2.772588722239781,0,2.772588722239781
2017-01-18_Real_Madrid_Celta_Vigo_829,2017-01-18,2016/17,Real Madrid,Celta Vigo,Copa del Rey,domestic_or_other_cup,H,0,0.72,31.9514,11670,828,573,187,427,0.6920289855072463,3.0,1,2,2,5,6,13,23,0,1,1.2,1.3,1.15,0.8,0.7,0.4,1.2188836948424857,0.0366750162380858,4,0,3.0,24,25,6,1.0416666666666667,369,382,1.0352303523035231,10,23,0.6,0.8,2.8,1.2,5,9,17,2,1.8888888888888888,0.8888888888888888,5,8,0,1,0.3333333333333333,0.1111111111111111,0.7777777777777778,3.2222222222222223,0.0,9,1747.91,1483.55,264.36,9,28,21,0.75,419,324,0.7732696897374701,1,Wednesday,0.467,0,0,1,0,0,0,1,2,L,0,0,matched_secondary_full_career,0,0,0,0,0,2.302585092994046,0,2.302585092994046
2017-01-21_Real_Madrid_Malaga_830,2017-01-21,2016/17,Real Madrid,Malaga,La Liga,domestic_league,H,0,0.78,31.9596,11673,829,573,187,427,0.6911942098914354,3.0,2,3,3,2,6,11,22,0,1,1.2,1.1,1.1,0.8,0.6,0.3,0.8532185863897399,0.02567251136666,0,1,6.0,25,25,6,1.0,370,382,1.0324324324324323,9,20,0.6,0.6,2.6,1.2,5,16,15,9,0.9375,0.5625,2,11,4,1,0.4375,0.3125,0.8125,2.5,0.0625,16,1731.49,1493.62,237.87,16,249,272,1.0923694779116466,420,324,0.7714285714285715,1,Saturday,0.4753,0,0,1,0,0,0,2,1,W,0,0,matched_secondary_full_career,0,0,0,0,0,2.833213344056216,0,2.833213344056216
2017-01-25_Real_Madrid_Celta_Vigo_831,2017-01-25,2016/17,Real Madrid,Celta Vigo,Copa del Rey,domestic_or_other_cup,A,0,0.72,31.9705,11677,830,573,187,427,0.6903614457831325,4.0,2,3,4,1,5,8,22,0,1,1.0,0.8,1.1,0.6,0.5,0.2,0.5972530104728179,0.017970757956662,0,2,10.0,26,25,6,0.9615384615384616,371,382,1.0296495956873315,9,20,0.6,0.6,2.6,1.4,5,10,17,2,1.7,0.8,5,8,0,2,0.6,0.2,0.9,3.0,0.0,10,1735.55,1499.96,235.58,10,29,21,0.7241379310344828,380,235,0.618421052631579,1,Wednesday,0.4863,0,0,1,1,0,1,2,2,D,1,0,matched_secondary_full_career,0,0,0,0,0,2.3978952727983707,0,2.3978952727983707
2017-01-29_Real_Madrid_Real_Sociedad_832,2017-01-29,2016/17,Real Madrid,Real Sociedad,La Liga,domestic_league,H,0,0.78,31.9815,11681,831,574,187,426,0.690734055354994,4.0,1,4,5,1,3,9,19,0,0,0.6,0.9,0.95,0.6,0.6,0.2,0.7180771073309724,0.0125795305696634,1,0,4.0,27,26,6,0.9629629629629628,372,383,1.0295698924731185,7,18,0.4,0.6,2.2,1.4,5,7,11,2,1.5714285714285714,0.7142857142857143,7,7,0,0,0.0,0.0,1.1428571428571428,3.4285714285714284,0.0,7,1729.65,1470.98,258.67,7,250,272,1.088,421,324,0.7695961995249406,1,Sunday,0.4973,0,0,1,1,0,1,3,0,W,1,1,matched_secondary_full_career,0,0,0,0,0,2.0794415416798357,0,2.0794415416798357
2017-02-11_Real_Madrid_Osasuna_833,2017-02-11,2016/17,Real Madrid,Osasuna,La Liga,domestic_league,A,0,0.78,32.0171,11694,832,575,188,425,0.6911057692307693,13.0,0,1,5,2,3,8,19,1,1,0.6,0.8,0.95,0.6,0.6,0.1,0.8026539751316806,0.3088056713987644,2,0,13.0,28,27,7,0.9642857142857144,373,384,1.029490616621984,7,18,0.4,0.6,1.8,1.4,5,11,11,5,1.0,0.5454545454545454,4,8,2,1,0.4545454545454545,0.2727272727272727,0.8181818181818182,2.8181818181818183,0.1818181818181818,11,1733.33,1489.76,243.57,11,251,273,1.0876494023904382,381,236,0.6194225721784777,2,Saturday,0.533,0,0,0,1,0,1,3,1,W,1,0,matched_secondary_full_career,0,0,0,0,0,2.4849066497880004,0,2.4849066497880004
2017-02-15_Real_Madrid_Napoli_834,2017-02-15,2016/17,Real Madrid,Napoli,UEFA Champions League,continental_club,H,0,0.94,32.028,11698,833,576,188,424,0.6914765906362546,4.0,1,1,5,3,3,9,19,1,1,0.6,0.9,0.95,0.6,0.7,0.1,0.8618577825921763,0.2161639699791351,3,0,4.0,29,28,7,0.9655172413793104,374,385,1.0294117647058822,10,20,0.6,0.8,2.2,1.2,5,0,0,0,0.0,0.0,0,0,0,0,0.0,0.0,0.0,0.0,0.0,0,1737.28,1500.0,237.28,0,133,95,0.7142857142857143,422,325,0.7701421800947867,2,Wednesday,0.544,0,0,0,0,0,0,3,1,W,0,1,matched_secondary_full_career,1,0,0,0,1,0.0,1,0.0
2017-02-18_Real_Madrid_Espanyol_835,2017-02-18,2016/17,Real Madrid,Espanyol,La Liga,domestic_league,H,0,0.78,32.0362,11701,834,576,189,424,0.6906474820143885,3.0,2,2,5,2,3,9,19,2,2,0.6,0.9,0.95,0.6,0.7,0.1,0.6033004478145233,0.4513147789853945,0,1,7.0,30,28,8,0.9333333333333332,375,385,1.0266666666666666,13,22,0.8,1.0,2.6,1.0,5,14,15,8,1.0714285714285714,0.5,11,12,2,0,0.1428571428571428,0.1428571428571428,0.2857142857142857,2.9285714285714284,0.0,14,1741.34,1461.59,279.75,14,252,274,1.0873015873015872,423,325,0.7683215130023641,2,Saturday,0.5522,0,0,0,0,0,0,2,0,W,0,0,matched_secondary_full_career,0,0,0,0,0,2.70805020110221,0,2.70805020110221
2017-02-22_Real_Madrid_Valencia_836,2017-02-22,2016/17,Real Madrid,Valencia,La Liga,domestic_league,A,0,0.78,32.0472,11705,835,576,189,424,0.6898203592814371,4.0,2,3,5,1,3,8,19,2,2,0.6,0.8,0.95,0.6,0.6,0.1,0.4223103134701663,0.3159203452897761,0,2,11.0,31,28,8,0.9032258064516128,376,385,1.023936170212766,13,22,0.8,1.0,2.6,0.8,5,15,11,3,0.7333333333333333,0.5333333333333333,2,8,6,1,0.6,0.4666666666666667,1.2666666666666666,2.333333333333333,0.0666666666666666,15,1744.67,1518.95,225.72,15,253,274,1.08300395256917,382,237,0.6204188481675392,2,Wednesday,0.5632,0,0,0,1,0,1,1,2,L,1,0,matched_secondary_full_career,0,0,0,0,0,2.772588722239781,0,2.772588722239781
2017-02-26_Real_Madrid_Villarreal_837,2017-02-26,2016/17,Real Madrid,Villarreal,La Liga,domestic_league,A,0,0.78,32.0582,11709,836,577,189,423,0.6901913875598086,4.0,1,3,5,1,3,6,17,2,2,0.6,0.6,0.85,0.6,0.6,0.0,0.5956172194291164,0.2211442417028432,1,0,4.0,32,29,8,0.90625,377,386,1.023872679045093,12,19,0.8,0.8,2.4,0.8,5,16,11,3,0.6875,0.5,0,7,4,1,0.5833333333333334,0.4166666666666667,0.9166666666666666,2.333333333333333,0.0833333333333333,12,1728.96,1520.16,208.8,16,254,275,1.0826771653543308,383,238,0.6214099216710183,2,Sunday,0.5742,0,0,0,1,0,1,3,2,W,1,0,matched_secondary_full_career,0,0,0,0,0,2.833213344056216,0,2.833213344056216
2017-03-01_Real_Madrid_Las_Palmas_838,2017-03-01,2016/17,Real Madrid,Las Palmas,La Liga,domestic_league,H,0,0.78,32.0664,11712,837,578,189,422,0.6905615292712067,3.0,2,4,5,2,3,6,18,1,2,0.6,0.6,0.9,0.6,0.6,0.0,0.7169320536003814,0.1548009691919903,2,0,3.0,33,30,8,0.9090909090909092,378,387,1.0238095238095235,12,19,0.8,0.8,2.4,1.2,5,3,1,0,0.3333333333333333,0.3333333333333333,1,2,1,0,0.3333333333333333,0.3333333333333333,1.3333333333333333,2.333333333333333,0.0,3,1733.58,1498.17,235.41,3,255,276,1.0823529411764703,424,325,0.7665094339622641,3,Wednesday,0.5824,0,0,0,1,1,2,3,3,D,2,0,matched_secondary_full_career,0,0,0,0,0,1.3862943611198906,0,1.3862943611198906
2017-03-07_Real_Madrid_Napoli_839,2017-03-07,2016/17,Real Madrid,Napoli,UEFA Champions League,continental_club,A,0,0.94,32.0828,11718,838,580,189,420,0.6921241050119332,6.0,1,3,6,4,4,7,20,1,2,0.8,0.7,1.0,0.6,0.6,0.1,1.101852437520267,0.1083606784343932,3,0,6.0,34,32,8,0.9411764705882352,379,389,1.0263852242744065,10,20,0.6,0.8,2.4,1.6,5,1,0,1,0.0,0.0,0,1,0,0,0.0,0.0,1.0,3.0,0.0,1,1727.68,1495.93,231.75,1,134,95,0.7089552238805971,384,239,0.6223958333333334,3,Tuesday,0.5989,0,0,0,0,0,0,3,1,W,0,0,matched_secondary_full_career,0,0,0,0,0,0.6931471805599453,0,0.6931471805599453
2017-03-12_Real_Madrid_Real_Betis_840,2017-03-12,2016/17,Real Madrid,Real Betis,La Liga,domestic_league,H,0,0.78,32.0965,11723,839,580,189,420,0.6912991656734208,5.0,1,3,7,3,4,7,18,0,2,0.8,0.7,0.9,0.6,0.6,0.1,0.7712967062641868,0.0758524749040752,0,1,11.0,35,32,8,0.9142857142857144,380,389,1.0236842105263158,10,23,0.6,0.8,2.4,1.6,5,9,4,5,0.4444444444444444,0.3333333333333333,1,7,1,1,0.4444444444444444,0.2222222222222222,0.8888888888888888,3.2222222222222223,0.1111111111111111,9,1731.85,1493.62,238.23,9,256,278,1.0859375,425,327,0.7694117647058824,3,Sunday,0.6126,0,0,0,1,0,1,2,1,W,1,0,matched_secondary_full_career,0,0,0,0,0,2.302585092994046,0,2.302585092994046
2017-03-18_Real_Madrid_Athletic_Club_841,2017-03-18,2016/17,Real Madrid,Athletic Club,La Liga,domestic_league,A,0,0.78,32.1129,11729,840,581,189,419,0.6916666666666667,6.0,1,2,6,3,5,8,16,0,2,1.0,0.8,0.8,0.8,0.7,0.1,0.8399076943849306,0.0530967324328526,1,0,6.0,36,33,8,0.9166666666666666,381,390,1.0236220472440944,10,23,0.6,0.8,2.4,1.8,5,15,16,5,1.0666666666666669,0.6,2,12,1,2,0.4666666666666667,0.2,0.8,3.0,0.1333333333333333,15,1735.9,1486.78,249.12,15,257,279,1.0856031128404668,385,239,0.6207792207792208,3,Saturday,0.6291,0,0,0,0,0,0,2,1,W,0,2,matched_secondary_full_career,0,0,0,0,0,2.772588722239781,0,2.772588722239781
2017-03-25_Portugal_Hungary_842,2017-03-25,2016/17,Portugal,Hungary,World Cup - Qualification Europe,international,H,1,0.76,32.1321,11736,841,581,191,419,0.6908442330558858,7.0,1,2,5,1,4,7,16,2,4,0.8,0.7,0.8,0.6,0.6,0.1,0.5879353860694514,0.6371677127029969,0,1,13.0,37,33,10,0.8918918918918919,136,68,0.5,15,22,1.0,1.0,3.8,0.2,5,3,2,1,0.6666666666666666,0.3333333333333333,2,2,1,0,0.3333333333333333,0.3333333333333333,1.0,2.333333333333333,0.0,3,1670.87,1490.58,180.29,3,32,22,0.6875,426,328,0.7699530516431925,3,Saturday,0.6484,0,0,0,1,1,2,3,0,W,2,0,matched_secondary_full_career,0,0,0,0,0,1.3862943611198906,0,1.3862943611198906
2017-03-28_Portugal_Sweden_843,2017-03-28,2016/17,Portugal,Sweden,International Friendly,international,H,1,0.35,32.1403,11739,842,583,191,417,0.6923990498812351,3.0,1,2,6,3,5,8,16,2,3,1.0,0.8,0.8,0.6,0.6,0.2,1.0115547702486158,0.4460173988920978,1,0,3.0,38,35,10,0.9210526315789472,137,70,0.5109489051094891,15,24,1.0,1.0,4.0,0.2,5,5,4,1,0.8,0.4,4,2,3,0,0.6,0.6,0.8,1.2,0.4,5,1676.1,1492.74,183.36,5,43,14,0.3255813953488372,427,330,0.7728337236533958,3,Tuesday,0.6566,0,0,0,1,0,1,2,3,L,1,0,matched_secondary_full_career,0,0,0,0,0,1.791759469228055,0,1.791759469228055
2017-04-02_Real_Madrid_Alaves_844,2017-04-02,2016/17,Real Madrid,Alaves,La Liga,domestic_league,H,0,0.78,32.154,11744,843,584,191,416,0.6927639383155397,5.0,1,2,5,3,4,8,17,2,3,0.8,0.8,0.85,0.6,0.6,0.2,1.008088339174031,0.3122121792244684,2,0,5.0,39,36,10,0.9230769230769232,382,390,1.0209424083769634,13,25,0.8,1.0,2.6,1.6,5,1,3,0,3.0,1.0,3,1,0,0,0.0,0.0,1.0,4.0,0.0,1,1739.75,1496.13,243.62,1,258,279,1.0813953488372092,428,331,0.7733644859813084,4,Sunday,0.6703,0,0,0,0,0,0,3,0,W,0,1,matched_secondary_full_career,0,0,0,0,0,0.6931471805599453,0,0.6931471805599453
2017-04-08_Real_Madrid_Atletico_Madrid_845,2017-04-08,2016/17,Real Madrid,Atletico Madrid,La Liga,domestic_league,H,0,0.78,32.1704,11750,844,584,192,416,0.6919431279620853,6.0,1,3,5,3,4,8,17,3,3,0.8,0.8,0.85,0.6,0.6,0.2,0.7056618374218216,0.5185485254571278,0,1,11.0,40,36,11,0.9,383,390,1.0182767624020888,13,25,0.8,1.0,2.6,1.2,5,26,18,5,0.6923076923076923,0.4615384615384615,3,13,6,7,1.0384615384615383,0.5,1.0384615384615383,1.6538461538461535,0.2307692307692307,26,1743.7,1586.42,157.28,26,259,279,1.0772200772200773,429,331,0.7715617715617715,4,Saturday,0.6868,0,0,0,0,0,0,1,1,D,0,0,matched_secondary_full_career,0,0,0,0,0,3.295836866004329,0,3.295836866004329
2017-04-12_Real_Madrid_Bayern_Munich_846,2017-04-12,2016/17,Real Madrid,Bayern Munich,UEFA Champions League,continental_club,A,0,0.94,32.1814,11754,845,584,192,416,0.6911242603550296,4.0,1,2,5,1,3,8,16,3,3,0.6,0.8,0.8,0.4,0.6,0.2,0.4939632861952751,0.3629839678199894,0,2,15.0,41,36,11,0.8780487804878049,384,390,1.015625,13,23,0.8,1.0,2.2,0.8,5,4,4,1,1.0,0.5,4,3,0,1,0.75,0.25,0.75,2.0,0.0,4,1739.46,1505.02,234.44,4,135,95,0.7037037037037037,386,239,0.6191709844559585,4,Wednesday,0.6978,0,0,0,1,1,2,2,1,W,2,0,matched_secondary_full_career,0,0,0,0,0,1.6094379124341003,0,1.6094379124341003
2017-04-18_Real_Madrid_Bayern_Munich_847,2017-04-18,2016/17,Real Madrid,Bayern Munich,UEFA Champions League,continental_club,H,0,0.94,32.1978,11760,846,586,192,414,0.6926713947990544,6.0,1,2,5,2,5,9,15,1,3,1.0,0.9,0.75,0.6,0.6,0.3,0.9457743003366924,0.2540887774739926,1,0,6.0,42,38,11,0.9047619047619048,385,392,1.018181818181818,13,23,0.8,1.0,2.0,0.8,5,5,6,1,1.2,0.6,4,4,0,1,0.6,0.2,0.8,2.0,0.0,5,1743.58,1500.9,242.67,5,136,97,0.7132352941176471,430,331,0.7697674418604651,4,Tuesday,0.7143,0,0,0,1,1,3,4,2,W,3,0,matched_secondary_full_career,0,0,0,0,0,1.791759469228055,0,1.791759469228055
2017-04-23_Real_Madrid_Barcelona_848,2017-04-23,2016/17,Real Madrid,Barcelona,La Liga,domestic_league,H,0,0.78,32.2115,11765,847,589,192,411,0.6953955135773318,5.0,1,2,6,5,6,11,17,1,3,1.2,1.1,0.85,0.6,0.6,0.4,1.562042010235685,0.1778621442317948,2,0,5.0,43,41,11,0.9534883720930232,386,395,1.023316062176166,13,23,0.8,1.0,2.4,1.0,5,29,16,1,0.5517241379310345,0.4827586206896552,1,7,7,12,1.6538461538461535,0.7307692307692307,1.8846153846153848,1.3846153846153846,0.1923076923076923,26,1747.54,1659.35,88.2,29,260,279,1.073076923076923,431,334,0.7749419953596288,4,Sunday,0.728,0,0,0,0,0,0,2,3,L,0,0,matched_secondary_full_career,0,0,0,0,0,3.4011973816621555,0,3.4011973816621555
2017-04-29_Real_Madrid_Valencia_849,2017-04-29,2016/17,Real Madrid,Valencia,La Liga,domestic_league,H,0,0.78,32.2279,11771,848,589,192,411,0.6945754716981132,6.0,1,2,5,5,5,9,16,1,3,1.0,0.9,0.8,0.4,0.5,0.3,1.0934294071649793,0.1245035009622563,0,1,11.0,44,41,11,0.9318181818181818,387,395,1.020671834625323,10,23,0.6,0.8,2.4,1.4,5,16,12,3,0.75,0.5625,3,8,6,2,0.75,0.5,1.3125,2.25,0.0625,16,1735.06,1534.66,200.39,16,261,279,1.0689655172413792,432,334,0.7731481481481481,4,Saturday,0.7445,0,0,0,1,0,1,2,1,W,1,0,matched_secondary_full_career,0,0,0,0,0,2.833213344056216,0,2.833213344056216
2017-05-02_Real_Madrid_Atletico_Madrid_850,2017-05-02,2016/17,Real Madrid,Atletico Madrid,UEFA Champions League,continental_club,H,0,0.94,32.2361,11774,849,590,192,410,0.6949352179034158,3.0,1,3,6,4,6,10,17,0,3,1.2,1.0,0.85,0.6,0.6,0.3,1.0654005850154855,0.0871524506735794,1,0,3.0,45,42,11,0.9333333333333332,388,396,1.0206185567010309,10,23,0.6,0.8,2.2,1.6,5,27,18,5,0.6666666666666666,0.4444444444444444,3,13,7,7,1.037037037037037,0.5185185185185185,1.037037037037037,1.6296296296296295,0.2222222222222222,27,1739.85,1590.66,149.19,27,137,100,0.7299270072992701,433,335,0.7736720554272517,5,Tuesday,0.7527,0,0,0,1,1,3,3,0,W,3,0,matched_secondary_full_career,0,0,0,0,0,3.332204510175204,0,3.332204510175204
2017-05-10_Real_Madrid_Atletico_Madrid_851,2017-05-10,2016/17,Real Madrid,Atletico Madrid,UEFA Champions League,continental_club,A,0,0.94,32.258,11782,850,593,192,407,0.6976470588235294,8.0,0,2,5,4,9,12,20,0,3,1.8,1.2,1.0,0.8,0.6,0.4,1.6457804095108397,0.0610067154715056,2,0,8.0,46,45,11,0.9782608695652174,389,399,1.025706940874036,12,25,0.8,0.8,2.6,1.4,5,28,21,5,0.75,0.4642857142857143,6,14,7,7,1.0,0.5,1.0,1.6785714285714286,0.2142857142857142,28,1745.81,1584.71,161.09,28,138,103,0.7463768115942029,387,241,0.6227390180878553,5,Wednesday,0.7747,0,0,0,0,0,0,1,2,L,0,0,matched_secondary_full_career,0,0,0,0,0,3.367295829986474,0,3.367295829986474
2017-05-14_Real_Madrid_Sevilla_852,2017-05-14,2016/17,Real Madrid,Sevilla,La Liga,domestic_league,H,0,0.78,32.269,11786,851,593,192,407,0.6968272620446534,4.0,1,2,5,4,7,12,19,0,1,1.4,1.2,0.95,0.6,0.6,0.4,1.1520462866575878,0.0427047008300539,0,1,12.0,47,45,11,0.9574468085106383,390,399,1.023076923076923,9,22,0.6,0.6,2.4,1.6,5,16,23,0,1.4375,0.6875,2,12,0,4,0.75,0.25,1.25,2.875,0.0625,16,1731.47,1516.27,215.2,16,262,280,1.068702290076336,434,338,0.7788018433179723,5,Sunday,0.7857,0,0,0,1,1,2,4,1,W,2,0,matched_secondary_full_career,0,0,0,0,0,2.833213344056216,0,2.833213344056216
2017-05-17_Real_Madrid_Celta_Vigo_853,2017-05-17,2016/17,Real Madrid,Celta Vigo,La Liga,domestic_league,A,0,0.78,32.2772,11789,852,595,192,405,0.6983568075117371,3.0,2,2,6,5,6,12,20,0,1,1.2,1.2,1.0,0.6,0.6,0.4,1.4064324006603113,0.0298932905810377,1,0,3.0,48,47,11,0.9791666666666666,391,401,1.0255754475703325,9,22,0.6,0.6,2.4,1.4,5,11,18,2,1.6363636363636365,0.8181818181818182,5,8,1,2,0.6363636363636364,0.2727272727272727,1.0,2.909090909090909,0.0,11,1735.97,1505.87,230.1,11,263,282,1.0722433460076046,388,241,0.6211340206185567,5,Wednesday,0.794,0,0,0,1,1,2,4,1,W,2,0,matched_secondary_full_career,0,0,0,0,0,2.4849066497880004,0,2.4849066497880004
2017-05-21_Real_Madrid_Malaga_854,2017-05-21,2016/17,Real Madrid,Malaga,La Liga,domestic_league,A,0,0.78,32.2881,11793,853,597,192,403,0.6998827667057445,4.0,2,3,6,4,8,13,21,0,1,1.6,1.3,1.05,0.8,0.6,0.5,1.5845026804622178,0.0209253034067264,2,0,4.0,49,49,11,1.0,392,403,1.028061224489796,12,22,0.8,0.8,2.8,1.0,5,17,15,9,0.8823529411764706,0.5294117647058824,1,12,4,1,0.4117647058823529,0.2941176470588235,0.8235294117647058,2.4705882352941178,0.0588235294117647,17,1740.17,1489.57,250.6,17,264,284,1.0757575757575757,389,243,0.6246786632390745,5,Sunday,0.8049,0,1,0,1,0,1,2,0,W,1,0,matched_secondary_full_career,0,0,0,0,0,2.8903717578961645,0,2.8903717578961645
2017-06-03_Real_Madrid_Juventus_855,2017-06-03,2016/17,Real Madrid,Juventus,UEFA Champions League,continental_club,A,0,0.94,32.3237,11806,854,598,192,402,0.7002341920374707,13.0,0,1,4,5,8,14,22,0,0,1.6,1.4,1.1,0.8,0.7,0.5,1.4091518763235524,0.0146477123847084,3,0,13.0,50,50,11,1.0,393,404,1.0279898218829515,12,22,0.8,0.8,2.8,0.8,5,4,5,1,1.25,1.0,3,1,2,1,1.25,0.75,1.5,1.5,0.0,4,1743.99,1523.13,220.86,4,139,103,0.7410071942446043,390,244,0.6256410256410256,6,Saturday,0.8407,0,1,0,1,1,2,4,1,W,2,0,matched_secondary_full_career,0,0,0,0,0,1.6094379124341003,0,1.6094379124341003
2017-06-09_Portugal_Latvia_856,2017-06-09,2016/17,Portugal,Latvia,World Cup - Qualification Europe,international,A,1,0.76,32.3402,11812,855,600,192,400,0.7017543859649122,6.0,1,1,5,5,7,16,24,0,0,1.4,1.6,1.2,0.8,0.8,0.6,1.5864063134264867,0.0102533986692959,4,0,6.0,51,52,11,1.0196078431372548,138,71,0.5144927536231884,12,23,0.8,0.8,4.2,0.8,5,3,3,1,1.0,0.6666666666666666,3,3,0,0,0.0,0.0,0.3333333333333333,3.0,0.0,3,1661.27,1478.48,182.78,3,33,24,0.7272727272727273,391,246,0.629156010230179,6,Friday,0.8571,0,1,0,1,1,2,3,0,W,2,1,matched_secondary_full_career,0,0,0,0,0,1.3862943611198906,0,1.3862943611198906
2017-06-18_Portugal_Mexico_857,2017-06-18,2016/17,Portugal,Mexico,Confederations Cup,international,H,1,0.72,32.3648,11821,856,602,193,398,0.7032710280373832,9.0,0,1,3,5,9,16,25,1,1,1.8,1.6,1.25,1.0,0.8,0.6,1.7104844193985405,0.3071773790685072,5,0,9.0,52,54,12,1.0384615384615383,139,73,0.5251798561151079,12,25,0.8,0.8,3.6,0.8,5,0,0,0,0.0,0.0,0,0,0,0,0.0,0.0,0.0,0.0,0.0,0,1666.44,1500.0,166.44,0,0,0,0.0,435,340,0.7816091954022989,6,Sunday,0.8819,0,1,0,0,0,0,2,2,D,0,1,matched_secondary_full_career,1,0,0,0,1,0.0,1,0.0
2017-06-21_Portugal_Russia_858,2017-06-21,2016/17,Portugal,Russia,Confederations Cup,international,A,1,0.72,32.373,11824,857,602,194,398,0.7024504084014003,3.0,1,2,3,4,7,13,24,2,2,1.4,1.3,1.2,0.8,0.7,0.5,1.1973390935789785,0.515024165347955,0,1,12.0,53,54,13,1.018867924528302,140,73,0.5214285714285715,10,23,0.6,0.8,2.8,1.2,5,5,2,2,0.4,0.2,0,3,1,1,0.8,0.4,0.4,2.0,0.4,5,1661.99,1492.26,169.72,5,1,0,0.0,392,248,0.6326530612244898,6,Wednesday,0.8901,0,1,0,1,0,1,1,0,W,1,0,matched_secondary_full_career,0,0,0,0,0,1.791759469228055,0,1.791759469228055
2017-06-24_Portugal_New_Zealand_859,2017-06-24,2016/17,Portugal,New Zealand,Confederations Cup,international,A,1,0.72,32.3812,11827,858,603,194,397,0.7027972027972028,3.0,2,2,4,3,6,14,23,2,2,1.2,1.4,1.15,0.8,0.8,0.5,1.1381373655052849,0.3605169157435685,1,0,3.0,54,55,13,1.0185185185185186,141,74,0.524822695035461,10,25,0.6,0.8,2.2,1.0,5,0,0,0,0.0,0.0,0,0,0,0,0.0,0.0,0.0,0.0,0.0,0,1667.46,1500.0,167.46,0,2,1,0.5,393,249,0.6335877862595419,6,Saturday,0.8984,0,1,0,1,0,1,4,0,W,1,0,matched_secondary_full_career,1,0,0,0,1,0.0,1,0.0
2017-06-28_Portugal_Chile_860,2017-06-28,2016/17,Portugal,Chile,Confederations Cup,international,H,1,0.72,32.3922,11831,859,604,194,396,0.7031431897555297,4.0,2,3,5,2,6,14,24,2,2,1.2,1.4,1.2,0.8,0.8,0.5,1.0966961558536992,0.2523618410204979,2,0,4.0,55,56,13,1.018181818181818,142,75,0.528169014084507,10,25,0.6,0.8,2.4,1.0,5,0,0,0,0.0,0.0,0,0,0,0,0.0,0.0,0.0,0.0,0.0,0,1672.98,1500.0,172.98,0,3,2,0.6666666666666666,436,340,0.7798165137614679,6,Wednesday,0.9093,0,1,0,0,0,0,0,0,D,0,0,matched_secondary_full_career,1,0,0,0,1,0.0,1,0.0
2017-08-08_Real_Madrid_Manchester_United_861,2017-08-08,2017/18,Real Madrid,Manchester United,UEFA Super Cup,continental_club,H,0,0.82,32.5044,11872,860,604,194,396,0.7023255813953488,41.0,0,0,0,2,4,11,23,2,2,0.8,1.1,1.15,0.6,0.7,0.4,0.7676873090975894,0.1766532887143485,0,1,45.0,0,0,0,0.0,394,406,1.0304568527918785,12,24,0.8,0.8,3.0,1.0,5,2,2,0,1.0,1.0,2,1,1,0,0.5,0.5,1.0,1.5,0.0,2,1748.37,1716.17,32.2,294,1,2,2.0,437,340,0.7780320366132724,8,Tuesday,0.0192,1,0,0,0,0,0,2,1,W,0,0,matched_secondary_full_career,0,0,0,0,0,5.68697535633982,0,1.0986122886681098
2017-08-13_Real_Madrid_Barcelona_862,2017-08-13,2017/18,Real Madrid,Barcelona,Supercopa de Espana,domestic_or_other_cup,A,0,0.82,32.5181,11877,861,604,194,396,0.7015098722415796,5.0,1,1,1,1,2,11,23,1,2,0.4,1.1,1.15,0.4,0.7,0.4,0.5373811163683125,0.1236573021000439,0,2,50.0,1,0,0,0.0,395,406,1.0278481012658227,15,24,1.0,1.0,3.2,0.8,5,30,16,1,0.5333333333333333,0.4666666666666667,1,7,7,13,1.7037037037037035,0.7407407407407407,1.9259259259259256,1.4074074074074074,0.1851851851851851,27,1757.45,1671.83,85.62,30,6,3,0.5,394,250,0.6345177664974619,8,Sunday,0.033,1,0,0,1,0,1,3,1,W,1,0,matched_secondary_full_career,0,0,0,0,0,3.4339872044851463,0,3.4339872044851463
2017-08-31_Portugal_Faroe_Islands_863,2017-08-31,2017/18,Portugal,Faroe Islands,World Cup - Qualification Europe,international,H,1,0.76,32.5674,11895,862,605,194,395,0.7018561484918794,18.0,0,0,2,1,3,10,22,0,2,0.6,1.0,1.1,0.6,0.7,0.3,0.6761667814578187,0.0865601114700307,1,0,18.0,2,1,0,0.5,143,75,0.5244755244755245,11,23,0.6,1.0,2.0,0.4,5,1,1,0,1.0,1.0,1,1,0,0,0.0,0.0,0.0,6.0,0.0,1,1668.37,1494.3,174.07,1,34,26,0.7647058823529411,438,340,0.776255707762557,8,Thursday,0.0824,1,0,0,1,1,3,5,1,W,3,1,matched_secondary_full_career,0,0,0,0,0,0.6931471805599453,0,0.6931471805599453
2017-09-03_Portugal_Hungary_864,2017-09-03,2017/18,Portugal,Hungary,World Cup - Qualification Europe,international,A,1,0.76,32.5756,11898,863,608,195,392,0.7045191193511008,3.0,1,1,3,4,5,11,24,1,3,1.0,1.1,1.2,0.6,0.7,0.3,1.373316747020473,0.3605920780290215,2,0,3.0,3,4,1,1.3333333333333333,144,78,0.5416666666666666,11,23,0.6,1.0,2.4,0.6,5,4,4,1,1.0,0.5,4,3,1,0,0.25,0.25,0.75,2.5,0.0,4,1673.75,1485.35,188.39,4,35,29,0.8285714285714286,395,251,0.6354430379746835,9,Sunday,0.0907,1,0,0,0,0,0,1,0,W,0,1,matched_secondary_full_career,0,0,0,0,0,1.6094379124341003,0,1.6094379124341003
2017-09-13_Real_Madrid_Apoel_Nicosia_865,2017-09-13,2017/18,Real Madrid,Apoel Nicosia,UEFA Champions League,continental_club,H,0,0.94,32.603,11908,864,608,196,392,0.7037037037037037,10.0,0,2,2,4,4,10,24,2,4,0.8,1.0,1.2,0.4,0.6,0.3,0.961321722914331,0.552414454620315,0,1,13.0,4,4,2,1.0,396,407,1.0277777777777777,15,24,1.0,1.0,3.0,0.8,5,2,2,0,1.0,0.5,2,2,0,0,0.0,0.0,1.0,4.0,0.0,2,1765.03,1493.23,271.8,2,140,105,0.75,439,343,0.7813211845102506,9,Wednesday,0.1181,1,0,0,1,1,2,3,0,W,2,0,matched_secondary_full_career,0,0,0,0,0,1.0986122886681098,0,1.0986122886681098
2017-09-20_Real_Madrid_Real_Betis_866,2017-09-20,2017/18,Real Madrid,Real Betis,La Liga,domestic_league,H,0,0.78,32.6222,11915,865,610,196,390,0.7052023121387283,7.0,1,1,3,5,6,10,26,2,4,1.2,1.0,1.3,0.6,0.6,0.3,1.2729252060400316,0.3866901182342205,1,0,7.0,5,6,2,1.2,397,409,1.0302267002518892,15,27,1.0,1.0,2.8,0.6,5,10,5,5,0.5,0.4,2,8,1,1,0.4,0.2,0.9,3.1,0.1,10,1768.49,1489.57,278.92,10,265,285,1.0754716981132075,440,345,0.7840909090909091,9,Wednesday,0.1374,1,0,0,0,0,0,0,1,L,0,0,matched_secondary_full_career,0,0,0,0,0,2.3978952727983707,0,2.3978952727983707
2017-09-23_Real_Madrid_Alaves_867,2017-09-23,2017/18,Real Madrid,Alaves,La Liga,domestic_league,A,0,0.78,32.6304,11918,866,610,196,390,0.7043879907621247,3.0,1,2,4,2,6,8,24,2,3,1.2,0.8,1.2,0.6,0.5,0.2,0.8910476442280221,0.2706830827639543,0,1,10.0,6,6,2,1.0,398,409,1.0276381909547738,12,24,0.8,0.8,2.4,0.8,5,2,3,1,1.5,0.5,3,2,0,0,0.0,0.0,0.5,3.5,0.0,2,1751.84,1492.18,259.66,2,266,285,1.0714285714285714,396,251,0.6338383838383839,9,Saturday,0.1456,1,0,0,0,0,0,2,1,W,0,0,matched_secondary_full_career,0,0,0,0,0,1.0986122886681098,0,1.0986122886681098
2017-09-26_Real_Madrid_Borussia_Dortmund_868,2017-09-26,2017/18,Real Madrid,Borussia Dortmund,UEFA Champions League,continental_club,A,0,0.94,32.6386,11921,867,610,196,390,0.7035755478662054,3.0,2,3,5,2,5,8,21,2,2,1.0,0.8,1.05,0.4,0.5,0.2,0.6237333509596155,0.189478157934768,0,2,13.0,7,6,2,0.8571428571428571,399,409,1.025062656641604,12,24,0.8,0.8,2.0,0.8,5,7,4,0,0.5714285714285714,0.5714285714285714,2,2,3,2,1.2857142857142858,0.7142857142857143,1.7142857142857142,1.8571428571428568,0.0,7,1755.5,1539.4,216.1,7,141,107,0.7588652482269503,397,251,0.6322418136020151,9,Tuesday,0.1538,1,0,0,1,1,2,3,1,W,2,0,matched_secondary_full_career,0,0,0,0,0,2.0794415416798357,0,2.0794415416798357
2017-10-01_Real_Madrid_Espanyol_869,2017-10-01,2017/18,Real Madrid,Espanyol,La Liga,domestic_league,H,0,0.78,32.6523,11926,868,612,196,388,0.7050691244239631,5.0,1,3,5,2,4,9,23,1,2,0.8,0.9,1.15,0.4,0.5,0.3,1.0366133456717308,0.1326347105543376,1,0,5.0,8,8,2,1.0,400,411,1.0275,12,27,0.8,0.8,2.2,0.8,5,15,15,8,1.0,0.4666666666666667,8,13,2,0,0.1333333333333333,0.1333333333333333,0.2666666666666666,2.8666666666666667,0.0,15,1759.98,1458.26,301.72,15,267,285,1.0674157303370786,441,345,0.782312925170068,10,Sunday,0.1676,1,0,0,0,0,0,2,0,W,0,1,matched_secondary_full_career,0,0,0,0,0,2.772588722239781,0,2.772588722239781
2017-10-07_Portugal_Andorra_870,2017-10-07,2017/18,Portugal,Andorra,World Cup - Qualification Europe,international,A,1,0.76,32.6687,11932,869,612,197,388,0.7042577675489068,6.0,1,3,5,2,4,8,22,1,3,0.8,0.8,1.1,0.4,0.4,0.3,0.7256293419702116,0.3928442973880363,0,1,11.0,9,8,3,0.8888888888888888,145,78,0.5379310344827586,13,23,0.8,1.0,2.2,0.2,5,1,4,0,4.0,1.0,4,1,0,0,0.0,0.0,0.0,6.0,0.0,1,1678.8,1494.17,184.63,1,36,29,0.8055555555555556,398,253,0.635678391959799,10,Saturday,0.1841,1,0,0,1,0,1,2,0,W,1,0,matched_secondary_full_career,0,0,0,0,0,0.6931471805599453,0,0.6931471805599453
2017-10-10_Portugal_Switzerland_871,2017-10-10,2017/18,Portugal,Switzerland,World Cup - Qualification Europe,international,H,1,0.76,32.6769,11935,870,613,197,387,0.7045977011494253,3.0,1,3,6,3,3,9,20,1,3,0.6,0.9,1.0,0.4,0.5,0.3,0.8079405393791481,0.2749910081716253,1,0,3.0,10,9,3,0.9,146,79,0.541095890410959,13,23,0.8,1.0,2.4,0.2,5,0,0,0,0.0,0.0,0,0,0,0,0.0,0.0,0.0,0.0,0.0,0,1683.93,1500.0,183.93,0,37,30,0.8108108108108109,442,345,0.7805429864253394,10,Tuesday,0.1923,1,0,0,0,0,0,2,0,W,0,0,matched_secondary_full_career,1,0,0,0,1,0.0,1,0.0
2017-10-14_Real_Madrid_Getafe_872,2017-10-14,2017/18,Real Madrid,Getafe,La Liga,domestic_league,A,0,0.78,32.6879,11939,871,613,197,387,0.703788748564868,4.0,2,3,6,1,3,9,20,1,3,0.6,0.9,1.0,0.4,0.5,0.3,0.5655583775654036,0.1924937057201377,0,1,7.0,11,9,3,0.8181818181818182,401,411,1.0249376558603491,12,27,0.8,0.8,2.0,0.6,5,12,20,2,1.6666666666666667,0.8333333333333334,5,11,0,1,0.25,0.0833333333333333,1.1666666666666667,3.6666666666666665,0.0,12,1762.97,1471.38,291.59,12,268,285,1.0634328358208955,399,254,0.6365914786967418,10,Saturday,0.2033,0,0,0,1,0,1,2,1,W,1,0,matched_secondary_full_career,0,0,0,0,0,2.5649493574615367,0,2.5649493574615367
2017-10-17_Real_Madrid_Tottenham_Hotspur_873,2017-10-17,2017/18,Real Madrid,Tottenham Hotspur,UEFA Champions League,continental_club,H,0,0.94,32.6961,11942,872,614,197,386,0.7041284403669725,3.0,2,3,7,2,4,9,19,1,3,0.8,0.9,0.95,0.6,0.5,0.3,0.6958908642957825,0.1347455940040964,1,0,3.0,12,10,3,0.8333333333333334,402,412,1.0248756218905473,12,27,0.8,0.8,1.8,0.8,5,16,8,3,0.5,0.375,4,2,0,0,0.0,0.0,0.0,2.5,0.0,2,1766.12,1468.62,297.5,16,142,109,0.7676056338028169,443,345,0.7787810383747178,10,Tuesday,0.2115,0,0,0,1,0,1,1,1,D,1,0,matched_secondary_full_career,0,0,0,0,0,2.833213344056216,0,2.833213344056216
2017-10-22_Real_Madrid_Eibar_874,2017-10-22,2017/18,Real Madrid,Eibar,La Liga,domestic_league,H,0,0.78,32.7098,11947,873,615,197,385,0.7044673539518901,5.0,1,3,7,2,3,7,18,1,2,0.6,0.7,0.9,0.6,0.5,0.2,0.7871236050070477,0.0943219158028674,2,0,5.0,13,11,3,0.8461538461538461,403,413,1.0248138957816375,13,25,0.8,1.0,2.0,0.8,5,5,5,4,1.0,0.8,2,4,1,0,0.2,0.2,0.2,2.8,0.0,5,1759.17,1490.4,268.77,5,269,286,1.063197026022305,444,346,0.7792792792792793,10,Sunday,0.2253,0,0,0,0,0,0,3,0,W,0,0,matched_secondary_full_career,0,0,0,0,0,1.791759469228055,0,1.791759469228055
2017-10-29_Real_Madrid_Girona_875,2017-10-29,2017/18,Real Madrid,Girona,La Liga,domestic_league,A,0,0.78,32.7289,11954,874,615,197,385,0.7036613272311213,7.0,1,2,6,2,3,7,17,0,1,0.6,0.7,0.85,0.6,0.5,0.2,0.5509865235049334,0.0660253410620072,0,1,12.0,14,11,3,0.7857142857142857,404,413,1.0222772277227723,13,25,0.8,1.0,2.2,0.6,5,0,0,0,0.0,0.0,0,0,0,0,0.0,0.0,0.0,0.0,0.0,0,1762.68,1500.0,262.68,0,270,286,1.0592592592592591,400,255,0.6375,10,Sunday,0.2445,0,0,0,0,0,0,1,2,L,0,0,matched_secondary_full_career,1,0,0,0,1,0.0,1,0.0
2017-11-01_Real_Madrid_Tottenham_Hotspur_876,2017-11-01,2017/18,Real Madrid,Tottenham Hotspur,UEFA Champions League,continental_club,A,0,0.94,32.7372,11957,875,615,197,385,0.7028571428571428,3.0,1,2,6,1,2,5,15,0,1,0.4,0.5,0.75,0.4,0.4,0.1,0.3856905664534533,0.046217738743405,0,2,15.0,15,11,3,0.7333333333333333,405,413,1.019753086419753,10,22,0.6,0.8,1.8,0.8,5,17,9,3,0.5294117647058824,0.4117647058823529,3,2,1,0,0.3333333333333333,0.3333333333333333,0.3333333333333333,2.0,0.0,3,1746.29,1475.56,270.73,17,143,110,0.7692307692307693,401,255,0.6359102244389028,11,Wednesday,0.2527,0,0,0,1,0,1,1,3,L,1,0,matched_secondary_full_career,0,0,0,0,0,2.8903717578961645,0,2.8903717578961645
2017-11-05_Real_Madrid_Las_Palmas_877,2017-11-05,2017/18,Real Madrid,Las Palmas,La Liga,domestic_league,H,0,0.78,32.7481,11961,876,616,197,384,0.7031963470319634,4.0,2,3,7,1,3,6,14,0,1,0.6,0.6,0.7,0.6,0.5,0.1,0.5699833965174173,0.0323524171203835,1,0,4.0,16,12,3,0.75,406,414,1.019704433497537,7,19,0.4,0.6,1.6,1.4,5,4,3,0,0.75,0.5,2,2,2,0,0.5,0.5,1.75,2.5,0.0,4,1729.77,1504.07,225.71,4,271,286,1.055350553505535,445,346,0.7775280898876404,11,Sunday,0.2637,0,0,0,0,0,0,3,0,W,0,1,matched_secondary_full_career,0,0,0,0,0,1.6094379124341003,0,1.6094379124341003
2017-11-18_Real_Madrid_Atletico_Madrid_878,2017-11-18,2017/18,Real Madrid,Atletico Madrid,La Liga,domestic_league,A,0,0.78,32.7837,11974,877,616,198,384,0.7023945267958951,13.0,0,1,4,1,2,6,14,1,2,0.4,0.6,0.7,0.4,0.5,0.1,0.3989883775621921,0.3226466919842685,0,1,17.0,17,12,4,0.7058823529411765,407,414,1.0171990171990173,7,19,0.4,0.6,1.8,1.2,5,29,21,5,0.7241379310344828,0.4482758620689655,3,14,7,8,1.0689655172413792,0.5172413793103449,1.0344827586206895,1.6551724137931034,0.2068965517241379,29,1734.06,1599.04,135.02,29,272,286,1.0514705882352942,402,256,0.6368159203980099,11,Saturday,0.2995,0,0,0,0,0,0,0,0,D,0,0,matched_secondary_full_career,0,0,0,0,0,3.4011973816621555,0,3.4011973816621555
2017-11-21_Real_Madrid_Apoel_Nicosia_879,2017-11-21,2017/18,Real Madrid,Apoel Nicosia,UEFA Champions League,continental_club,A,0,0.94,32.7919,11977,878,616,198,384,0.7015945330296127,3.0,1,1,5,1,1,4,13,1,2,0.2,0.4,0.65,0.2,0.4,0.0,0.2792918642935344,0.2258526843889879,0,2,20.0,18,12,4,0.6666666666666666,408,414,1.0147058823529411,7,20,0.4,0.6,1.6,1.0,5,3,4,0,1.3333333333333333,0.6666666666666666,4,3,0,0,0.0,0.0,0.6666666666666666,3.6666666666666665,0.0,3,1730.36,1489.77,240.58,3,144,111,0.7708333333333334,403,256,0.6352357320099256,11,Tuesday,0.3077,0,0,0,1,1,2,6,0,W,2,1,matched_secondary_full_career,0,0,0,0,0,1.3862943611198906,0,1.3862943611198906
2017-11-25_Real_Madrid_Malaga_880,2017-11-25,2017/18,Real Madrid,Malaga,La Liga,domestic_league,H,0,0.78,32.8029,11981,879,618,199,382,0.7030716723549488,4.0,2,2,5,2,3,6,14,2,2,0.6,0.6,0.7,0.4,0.5,0.1,0.7955043050054741,0.4580968790722915,1,0,4.0,19,14,5,0.7368421052631579,409,416,1.017114914425428,7,20,0.4,0.6,2.2,1.0,5,18,16,9,0.8888888888888888,0.5555555555555556,2,13,4,1,0.3888888888888889,0.2777777777777778,0.7777777777777778,2.4444444444444446,0.0555555555555555,18,1734.36,1485.75,248.61,18,273,286,1.0476190476190477,446,346,0.7757847533632287,11,Saturday,0.3187,0,0,0,1,0,1,3,2,W,1,0,matched_secondary_full_career,0,0,0,0,0,2.9444389791664403,0,2.9444389791664403
2017-12-02_Real_Madrid_Athletic_Club_881,2017-12-02,2017/18,Real Madrid,Athletic Club,La Liga,domestic_league,A,0,0.78,32.822,11988,880,619,199,381,0.7034090909090909,7.0,1,3,4,3,4,6,15,2,2,0.8,0.6,0.75,0.6,0.5,0.1,0.8568530135038319,0.320667815350604,2,0,7.0,20,15,5,0.75,410,417,1.017073170731707,10,20,0.6,0.8,2.6,1.0,5,16,16,7,1.0,0.5625,2,13,1,2,0.4375,0.1875,0.8125,2.9375,0.125,16,1738.22,1482.93,255.29,16,274,287,1.0474452554744529,404,258,0.6386138613861386,12,Saturday,0.3379,0,0,1,0,0,0,0,0,D,0,0,matched_secondary_full_career,0,0,0,0,0,2.833213344056216,0,2.833213344056216
2017-12-06_Real_Madrid_Borussia_Dortmund_882,2017-12-06,2017/18,Real Madrid,Borussia Dortmund,UEFA Champions League,continental_club,H,0,0.94,32.833,11992,881,619,199,381,0.70261066969353,4.0,1,2,4,3,3,6,15,2,2,0.6,0.6,0.75,0.4,0.5,0.1,0.5997971094526823,0.2244674707454228,0,1,11.0,21,15,5,0.7142857142857143,411,417,1.0145985401459854,11,18,0.6,1.0,2.4,0.4,5,8,6,0,0.75,0.625,3,3,3,2,1.125,0.625,1.625,2.0,0.0,8,1731.96,1534.92,197.04,8,145,113,0.7793103448275862,447,347,0.7762863534675615,12,Wednesday,0.3489,0,0,1,1,0,1,3,2,W,1,0,matched_secondary_full_career,0,0,0,0,0,2.1972245773362196,0,2.1972245773362196
2017-12-09_Real_Madrid_Sevilla_883,2017-12-09,2017/18,Real Madrid,Sevilla,La Liga,domestic_league,H,0,0.78,32.8412,11995,882,620,199,380,0.7029478458049887,3.0,2,3,5,2,4,6,15,1,2,0.8,0.6,0.75,0.6,0.5,0.1,0.7198579766168776,0.1571272295217959,1,0,3.0,22,16,5,0.7272727272727273,412,418,1.0145631067961165,11,18,0.6,1.0,2.4,0.8,5,17,25,0,1.4705882352941178,0.7058823529411765,4,13,0,4,0.7058823529411765,0.2352941176470588,1.2352941176470589,2.9411764705882355,0.0588235294117647,17,1736.83,1511.78,225.05,17,275,287,1.0436363636363637,448,348,0.7767857142857143,12,Saturday,0.3571,0,0,1,1,1,2,5,0,W,2,0,matched_secondary_full_career,0,0,0,0,0,2.8903717578961645,0,2.8903717578961645
2017-12-13_Real_Madrid_Al-Jazira_884,2017-12-13,2017/18,Real Madrid,Al-Jazira,FIFA Club World Cup,continental_club,A,0,1.0,32.8521,11999,883,622,199,378,0.7044167610419027,4.0,2,3,6,3,6,7,14,1,2,1.2,0.7,0.7,0.8,0.5,0.2,1.1039005836318143,0.1099890606652571,2,0,4.0,23,18,5,0.782608695652174,413,420,1.0169491525423728,13,20,0.8,1.0,3.4,0.8,5,0,0,0,0.0,0.0,0,0,0,0,0.0,0.0,0.0,0.0,0.0,0,1741.13,1500.0,241.13,0,6,5,0.8333333333333334,405,258,0.6370370370370371,12,Wednesday,0.3681,0,0,1,1,0,1,2,1,W,1,0,matched_secondary_full_career,1,0,0,0,1,0.0,1,0.0
2017-12-16_Real_Madrid_Gremio_885,2017-12-16,2017/18,Real Madrid,Gremio,FIFA Club World Cup,continental_club,H,0,1.0,32.8604,12002,884,623,199,377,0.7047511312217195,3.0,2,4,7,4,5,8,15,0,2,1.0,0.8,0.75,0.8,0.6,0.2,1.07273040854227,0.07699234246568,3,0,3.0,24,19,5,0.7916666666666666,414,421,1.0169082125603863,13,20,0.8,1.0,2.6,1.0,5,0,0,0,0.0,0.0,0,0,0,0,0.0,0.0,0.0,0.0,0.0,0,1745.12,1500.0,245.12,0,7,6,0.8571428571428571,449,350,0.779510022271715,12,Saturday,0.3764,0,0,1,1,0,1,1,0,W,1,0,matched_secondary_full_career,1,0,0,0,1,0.0,1,0.0
2017-12-23_Real_Madrid_Barcelona_886,2017-12-23,2017/18,Real Madrid,Barcelona,La Liga,domestic_league,H,0,0.78,32.8795,12009,885,624,199,376,0.7050847457627119,7.0,1,3,6,4,5,9,14,0,2,1.0,0.9,0.7,0.8,0.7,0.2,1.0509112859795888,0.053894639725976,4,0,7.0,25,20,5,0.8,415,422,1.016867469879518,13,23,0.8,1.0,2.2,0.6,5,31,17,1,0.5483870967741935,0.4838709677419355,1,8,7,13,1.6428571428571428,0.7142857142857143,1.8928571428571428,1.4642857142857142,0.1785714285714285,28,1749.04,1664.25,84.79,31,276,289,1.0471014492753623,450,351,0.78,12,Saturday,0.3956,0,0,1,0,0,0,0,3,L,0,0,matched_secondary_full_career,0,0,0,0,0,3.4657359027997265,0,3.4657359027997265
2018-01-07_Real_Madrid_Celta_Vigo_887,2018-01-07,2017/18,Real Madrid,Celta Vigo,La Liga,domestic_league,A,0,0.78,32.9206,12024,886,624,199,376,0.7042889390519187,15.0,0,0,4,2,5,8,14,0,2,1.0,0.8,0.7,0.8,0.6,0.2,0.7356379001857122,0.0377262478081832,0,1,22.0,26,20,5,0.7692307692307693,416,422,1.0144230769230769,12,23,0.8,0.8,2.2,1.2,5,12,20,2,1.6666666666666667,0.8333333333333334,3,9,1,2,0.5833333333333334,0.25,1.0,3.0,0.0,12,1736.65,1501.67,234.98,12,277,289,1.0433212996389891,406,259,0.6379310344827587,1,Sunday,0.4368,0,0,1,0,0,0,2,2,D,0,0,matched_secondary_full_career,0,0,0,0,0,2.5649493574615367,0,2.5649493574615367
2018-01-13_Real_Madrid_Villarreal_888,2018-01-13,2017/18,Real Madrid,Villarreal,La Liga,domestic_league,H,0,0.78,32.937,12030,887,624,199,376,0.7034949267192785,6.0,1,1,3,1,4,8,14,0,1,0.8,0.8,0.7,0.6,0.6,0.2,0.5149465301299985,0.0264083734657282,0,2,28.0,27,20,5,0.7407407407407407,417,422,1.0119904076738608,10,21,0.6,0.8,2.0,1.2,5,17,12,3,0.7058823529411765,0.5294117647058824,1,8,4,1,0.5384615384615384,0.3846153846153846,1.0,2.3846153846153846,0.0769230769230769,13,1730.76,1515.54,215.22,17,278,289,1.039568345323741,451,351,0.7782705099778271,1,Saturday,0.4533,0,0,1,0,0,0,0,1,L,0,0,matched_secondary_full_career,0,0,0,0,0,2.8903717578961645,0,2.8903717578961645
2018-01-21_Real_Madrid_Deportivo_La_Coruna_889,2018-01-21,2017/18,Real Madrid,Deportivo La Coruna,La Liga,domestic_league,H,0,0.78,32.9589,12038,888,624,199,376,0.7027027027027027,8.0,0,2,3,0,2,8,12,0,1,0.4,0.8,0.6,0.4,0.6,0.2,0.3604625710909989,0.0184858614260097,0,3,36.0,28,20,5,0.7142857142857143,418,422,1.009569377990431,7,20,0.4,0.6,1.0,1.4,5,9,11,4,1.2222222222222223,0.5555555555555556,2,8,1,0,0.1111111111111111,0.1111111111111111,0.7777777777777778,3.6666666666666665,0.1111111111111111,9,1715.25,1468.38,246.87,9,279,289,1.03584229390681,452,351,0.7765486725663717,1,Sunday,0.4753,0,0,1,1,1,2,7,1,W,2,1,matched_secondary_full_career,0,0,0,0,0,2.302585092994046,0,2.302585092994046
2018-01-27_Real_Madrid_Valencia_890,2018-01-27,2017/18,Real Madrid,Valencia,La Liga,domestic_league,A,0,0.78,32.9754,12044,889,626,200,374,0.7041619797525309,6.0,1,2,3,2,3,8,14,1,1,0.6,0.8,0.7,0.4,0.6,0.2,0.8523237997636992,0.3129401029982068,1,0,6.0,29,22,6,0.7586206896551724,419,424,1.0119331742243436,7,20,0.4,0.6,2.0,1.4,5,17,13,3,0.7647058823529411,0.5882352941176471,4,9,6,2,0.7058823529411765,0.4705882352941176,1.2941176470588236,2.235294117647059,0.0588235294117647,17,1719.14,1529.87,189.27,17,280,291,1.0392857142857144,407,259,0.6363636363636364,1,Saturday,0.4918,0,0,1,1,1,2,4,1,W,2,0,matched_secondary_full_career,0,0,0,0,0,2.8903717578961645,0,2.8903717578961645
2018-02-03_Real_Madrid_Levante_891,2018-02-03,2017/18,Real Madrid,Levante,La Liga,domestic_league,A,0,0.78,32.9945,12051,890,628,200,372,0.7056179775280899,7.0,1,2,4,4,4,9,15,1,1,0.8,0.9,0.75,0.4,0.6,0.3,1.1966266598345894,0.2190580720987447,2,0,7.0,30,24,6,0.8,420,426,1.0142857142857142,7,20,0.4,0.6,2.6,1.6,5,13,14,8,1.0769230769230769,0.6923076923076923,2,11,1,1,0.3076923076923077,0.1538461538461538,0.6153846153846154,3.076923076923077,0.1538461538461538,13,1724.17,1476.58,247.6,13,281,293,1.0427046263345197,408,261,0.6397058823529411,2,Saturday,0.511,0,0,0,0,0,0,2,2,D,0,0,matched_secondary_full_career,0,0,0,0,0,2.6390573296152584,0,2.6390573296152584
2018-02-10_Real_Madrid_Real_Sociedad_892,2018-02-10,2017/18,Real Madrid,Real Sociedad,La Liga,domestic_league,H,0,0.78,33.0137,12058,891,628,200,372,0.7048260381593715,7.0,1,2,4,4,4,9,15,1,1,0.8,0.9,0.75,0.4,0.6,0.3,0.8376386618842125,0.1533406504691213,0,1,14.0,31,24,6,0.7741935483870968,421,426,1.01187648456057,8,20,0.4,0.8,3.0,1.4,5,8,12,3,1.5,0.75,6,8,0,0,0.0,0.0,1.0,3.375,0.0,8,1718.05,1467.3,250.75,8,282,293,1.0390070921985817,453,353,0.7792494481236203,2,Saturday,0.5302,0,0,0,1,1,3,5,2,W,3,1,matched_secondary_full_career,0,0,0,0,0,2.1972245773362196,0,2.1972245773362196
2018-02-14_Real_Madrid_Paris_Saint_Germain_893,2018-02-14,2017/18,Real Madrid,Paris Saint Germain,UEFA Champions League,continental_club,H,0,0.94,33.0246,12062,892,631,201,369,0.7073991031390134,4.0,1,2,4,5,7,11,17,2,2,1.4,1.1,0.85,0.6,0.6,0.4,1.4863470633189486,0.4073384553283849,1,0,4.0,32,27,7,0.84375,422,429,1.0165876777251184,10,20,0.6,0.8,3.6,1.4,5,2,0,0,0.0,0.0,0,1,1,0,0.5,0.5,0.0,0.5,0.5,2,1721.87,1501.83,220.04,2,146,114,0.7808219178082192,454,356,0.7841409691629956,2,Wednesday,0.5412,0,0,0,1,1,2,3,1,W,2,0,matched_secondary_full_career,0,0,0,0,0,1.0986122886681098,0,1.0986122886681098
2018-02-18_Real_Madrid_Real_Betis_894,2018-02-18,2017/18,Real Madrid,Real Betis,La Liga,domestic_league,A,0,0.78,33.0356,12066,893,633,201,367,0.7088465845464725,4.0,1,2,5,5,9,11,18,2,2,1.8,1.1,0.9,0.8,0.6,0.4,1.6404429443232638,0.2851369187298694,2,0,4.0,33,29,7,0.8787878787878788,423,431,1.0189125295508277,13,20,0.8,1.0,4.2,1.4,5,11,5,5,0.4545454545454545,0.3636363636363636,2,8,1,2,0.6363636363636364,0.2727272727272727,0.9090909090909092,2.8181818181818183,0.1818181818181818,11,1726.27,1506.23,220.04,11,283,296,1.0459363957597174,409,261,0.6381418092909535,2,Sunday,0.5522,0,0,0,1,0,1,5,3,W,1,0,matched_secondary_full_career,0,0,0,0,0,2.4849066497880004,0,2.4849066497880004
2018-02-24_Real_Madrid_Alaves_895,2018-02-24,2017/18,Real Madrid,Alaves,La Liga,domestic_league,H,0,0.78,33.052,12072,894,634,201,366,0.70917225950783,6.0,1,3,5,6,8,11,19,1,2,1.6,1.1,0.95,0.8,0.6,0.4,1.448310061026285,0.1995958431109085,3,0,6.0,34,30,7,0.8823529411764706,424,432,1.018867924528302,13,20,0.8,1.0,3.8,1.8,5,3,3,1,1.0,0.3333333333333333,3,3,0,0,0.0,0.0,0.6666666666666666,3.0,0.0,3,1730.66,1488.51,242.15,3,284,297,1.045774647887324,455,358,0.7868131868131868,2,Saturday,0.5687,0,0,0,1,1,2,4,0,W,2,0,matched_secondary_full_career,0,0,0,0,0,1.3862943611198906,0,1.3862943611198906
2018-03-03_Real_Madrid_Getafe_896,2018-03-03,2017/18,Real Madrid,Getafe,La Liga,domestic_league,H,0,0.78,33.0712,12079,895,636,201,364,0.7106145251396648,7.0,1,2,5,5,8,12,21,1,2,1.6,1.2,1.05,0.8,0.6,0.5,1.613817042718399,0.139717090177636,4,0,7.0,35,32,7,0.9142857142857144,425,434,1.0211764705882354,13,20,0.8,1.0,3.8,1.6,5,13,21,2,1.6153846153846154,0.8461538461538461,3,12,0,1,0.2307692307692307,0.0769230769230769,1.1538461538461535,3.5384615384615383,0.0,13,1734.64,1468.24,266.4,13,285,299,1.0491228070175438,456,360,0.7894736842105263,3,Saturday,0.5879,0,0,0,1,1,2,3,1,W,2,0,matched_secondary_full_career,0,0,0,0,0,2.6390573296152584,0,2.6390573296152584
2018-03-06_Real_Madrid_Paris_Saint_Germain_897,2018-03-06,2017/18,Real Madrid,Paris Saint Germain,UEFA Champions League,continental_club,A,0,0.94,33.0794,12082,896,638,201,362,0.7120535714285714,3.0,1,2,5,5,10,14,22,1,2,2.0,1.4,1.1,1.0,0.7,0.6,1.729671929902879,0.0978019631243451,5,0,3.0,36,34,7,0.9444444444444444,426,436,1.0234741784037558,15,23,1.0,1.0,4.0,1.4,5,3,2,0,0.6666666666666666,0.3333333333333333,2,2,1,0,0.3333333333333333,0.3333333333333333,0.3333333333333333,1.3333333333333333,0.3333333333333333,3,1738.19,1497.44,240.75,3,147,116,0.7891156462585034,410,262,0.6390243902439025,3,Tuesday,0.5962,0,0,0,1,0,1,2,1,W,1,1,matched_secondary_full_career,0,0,0,0,0,1.3862943611198906,0,1.3862943611198906
2018-03-10_Real_Madrid_Eibar_898,2018-03-10,2017/18,Real Madrid,Eibar,La Liga,domestic_league,A,0,0.78,33.0903,12086,897,639,202,361,0.7123745819397993,4.0,2,3,6,5,8,15,23,1,3,1.6,1.5,1.15,1.0,0.8,0.6,1.5107703509320154,0.3684613741870416,6,0,4.0,37,35,8,0.945945945945946,427,437,1.0234192037470726,15,25,1.0,1.0,3.4,1.2,5,6,5,4,0.8333333333333334,0.6666666666666666,1,5,1,0,0.1666666666666666,0.1666666666666666,0.1666666666666666,2.833333333333333,0.0,6,1742.19,1486.89,255.3,6,286,301,1.0524475524475525,411,263,0.6399026763990268,3,Saturday,0.6071,0,0,0,1,1,2,2,1,W,2,0,matched_secondary_full_career,0,0,0,0,0,1.9459101490553132,0,1.9459101490553132
2018-03-18_Real_Madrid_Girona_899,2018-03-18,2017/18,Real Madrid,Girona,La Liga,domestic_league,H,0,0.78,33.1122,12094,898,641,202,359,0.7138084632516704,8.0,0,2,5,5,8,17,25,1,3,1.6,1.7,1.25,1.0,0.9,0.7,1.6575392456524107,0.2579229619309291,7,0,8.0,38,37,8,0.9736842105263158,428,439,1.0257009345794392,15,28,1.0,1.0,3.2,1.2,5,1,0,0,0.0,0.0,0,0,0,1,3.0,1.0,2.0,1.0,0.0,1,1745.93,1516.39,229.54,1,287,303,1.0557491289198606,457,362,0.7921225382932167,3,Sunday,0.6291,0,0,0,1,1,4,6,3,W,4,1,matched_secondary_full_career,0,0,0,0,0,0.6931471805599453,0,0.6931471805599453
2018-03-23_Portugal_Egypt_900,2018-03-23,2017/18,Portugal,Egypt,International Friendly,international,H,1,0.35,33.1259,12099,899,645,203,355,0.7174638487208009,5.0,1,2,5,7,11,19,27,2,3,2.2,1.9,1.35,1.0,0.9,0.7,2.3602774719566875,0.4805460733516503,8,0,5.0,39,41,9,1.051282051282051,147,79,0.5374149659863946,13,23,0.8,1.0,2.0,0.2,5,0,0,0,0.0,0.0,0,0,0,0,0.0,0.0,0.0,0.0,0.0,0,1689.08,1500.0,189.08,0,44,15,0.3409090909090909,458,366,0.7991266375545851,3,Friday,0.6429,0,0,0,1,1,2,2,1,W,2,0,matched_secondary_full_career,1,0,0,0,1,0.0,1,0.0
2018-03-26_Portugal_Netherlands_901,2018-03-26,2017/18,Portugal,Netherlands,International Friendly,international,H,1,0.35,33.1342,12102,900,647,203,353,0.7188888888888889,3.0,1,2,6,8,11,19,28,2,3,2.2,1.9,1.4,1.0,0.9,0.7,2.252194230369681,0.3363822513461552,9,0,3.0,40,43,9,1.075,148,81,0.5472972972972973,15,26,1.0,1.0,2.4,0.4,5,4,4,1,1.0,0.75,3,3,1,0,0.25,0.25,0.75,1.5,0.0,4,1694.12,1482.36,211.76,4,45,17,0.3777777777777777,459,368,0.8017429193899782,3,Monday,0.6511,0,0,0,0,0,0,0,3,L,0,0,matched_secondary_full_career,0,0,0,0,0,1.6094379124341003,0,1.6094379124341003
2018-04-03_Real_Madrid_Juventus_902,2018-04-03,2017/18,Real Madrid,Juventus,UEFA Champions League,continental_club,A,0,0.94,33.1561,12110,901,647,203,353,0.7180910099889012,8.0,0,2,5,6,9,19,28,2,3,1.8,1.9,1.4,0.8,0.9,0.7,1.5765359612587766,0.2354675759423086,0,1,11.0,41,43,9,1.048780487804878,429,443,1.0326340326340326,15,28,1.0,1.0,3.4,1.2,5,5,7,1,1.4,1.0,4,2,2,1,1.0,0.6,1.4,2.0,0.0,5,1750.14,1518.75,231.39,5,148,117,0.7905405405405406,412,265,0.6432038834951457,4,Tuesday,0.6731,0,0,0,1,1,2,3,0,W,2,1,matched_secondary_full_career,0,0,0,0,0,1.791759469228055,0,1.791759469228055
2018-04-08_Real_Madrid_Atletico_Madrid_903,2018-04-08,2017/18,Real Madrid,Atletico Madrid,La Liga,domestic_league,H,0,0.78,33.1697,12115,902,649,204,351,0.7195121951219512,5.0,1,2,5,4,10,18,29,2,3,2.0,1.8,1.45,0.8,0.9,0.7,1.7035751728811437,0.464827303159616,1,0,5.0,42,45,10,1.0714285714285714,430,445,1.0348837209302326,15,28,1.0,1.0,3.2,1.2,5,30,21,5,0.7,0.4333333333333333,3,14,8,8,1.0666666666666669,0.5333333333333333,1.0,1.6,0.2333333333333333,30,1754.32,1602.74,151.57,30,288,307,1.0659722222222223,460,368,0.8,4,Sunday,0.6868,0,0,0,1,0,1,1,1,D,1,0,matched_secondary_full_career,0,0,0,0,0,3.4339872044851463,0,3.4339872044851463
2018-04-11_Real_Madrid_Juventus_904,2018-04-11,2017/18,Real Madrid,Juventus,UEFA Champions League,continental_club,H,0,0.94,33.178,12118,903,650,204,350,0.7198228128460686,3.0,1,2,5,3,9,17,28,2,3,1.8,1.7,1.4,0.8,0.9,0.6,1.4925026210168004,0.3253791122117312,2,0,3.0,43,46,10,1.069767441860465,431,446,1.034802784222738,13,28,0.8,1.0,2.8,1.2,5,6,9,2,1.5,1.0,5,3,2,1,0.8333333333333334,0.5,1.1666666666666667,2.1666666666666665,0.0,6,1750.21,1514.57,235.64,6,149,119,0.7986577181208053,461,369,0.8004338394793926,4,Wednesday,0.6951,0,0,0,1,0,1,1,3,L,1,0,matched_secondary_full_career,0,0,0,0,0,1.9459101490553132,0,1.9459101490553132
2018-04-18_Real_Madrid_Athletic_Club_905,2018-04-18,2017/18,Real Madrid,Athletic Club,La Liga,domestic_league,H,0,0.78,33.1971,12125,904,651,204,349,0.7201327433628318,7.0,1,2,5,4,6,17,28,1,3,1.2,1.7,1.4,0.8,0.9,0.6,1.3447518347117602,0.2277653785482118,3,0,7.0,44,47,10,1.068181818181818,432,447,1.0347222222222223,10,25,0.6,0.8,2.6,1.6,5,17,16,7,0.9411764705882352,0.5294117647058824,0,13,2,2,0.4705882352941176,0.2352941176470588,0.7647058823529411,2.764705882352941,0.1764705882352941,17,1734.31,1489.19,245.12,17,289,308,1.065743944636678,462,370,0.8008658008658008,4,Wednesday,0.7143,0,0,0,1,0,1,1,1,D,1,0,matched_secondary_full_career,0,0,0,0,0,2.8903717578961645,0,2.8903717578961645
2018-04-25_Real_Madrid_Bayern_Munich_906,2018-04-25,2017/18,Real Madrid,Bayern Munich,UEFA Champions League,continental_club,A,0,0.94,33.2163,12132,905,652,204,348,0.7204419889502762,7.0,1,2,5,3,5,16,28,1,3,1.0,1.6,1.4,0.8,0.9,0.5,1.241326284298232,0.1594357649837482,4,0,7.0,45,48,10,1.0666666666666669,433,448,1.0346420323325636,8,23,0.4,0.8,2.4,1.6,5,6,9,1,1.5,0.6666666666666666,7,5,0,1,0.5,0.1666666666666666,1.0,2.333333333333333,0.0,6,1728.23,1496.94,231.29,6,150,120,0.8,413,267,0.6464891041162227,4,Wednesday,0.7335,0,0,0,0,0,0,2,1,W,0,0,matched_secondary_full_career,0,0,0,0,0,1.9459101490553132,0,1.9459101490553132
2018-05-01_Real_Madrid_Bayern_Munich_907,2018-05-01,2017/18,Real Madrid,Bayern Munich,UEFA Champions League,continental_club,H,0,0.94,33.2327,12138,906,652,204,348,0.7196467991169978,6.0,1,2,5,2,5,14,28,1,3,1.0,1.4,1.4,0.8,0.8,0.4,0.8689283990087624,0.1116050354886237,0,1,13.0,46,48,10,1.0434782608695652,434,448,1.032258064516129,8,23,0.4,0.8,1.6,1.2,5,7,9,1,1.2857142857142858,0.5714285714285714,5,6,0,1,0.4285714285714285,0.1428571428571428,1.0,2.2857142857142856,0.0,7,1732.41,1492.76,239.65,7,151,120,0.7947019867549668,463,371,0.8012958963282938,5,Tuesday,0.75,0,0,0,0,0,0,2,2,D,0,0,matched_secondary_full_career,0,0,0,0,0,2.0794415416798357,0,2.0794415416798357
2018-05-06_Real_Madrid_Barcelona_908,2018-05-06,2017/18,Real Madrid,Barcelona,La Liga,domestic_league,A,0,0.78,33.2464,12143,907,652,204,348,0.7188533627342889,5.0,1,2,5,1,3,13,28,0,2,0.6,1.3,1.4,0.6,0.7,0.4,0.6082498793061336,0.0781235248420366,0,2,18.0,47,48,10,1.0212765957446808,435,448,1.0298850574712644,6,21,0.2,0.8,1.4,1.6,5,32,17,1,0.53125,0.46875,1,8,7,14,1.6896551724137931,0.7241379310344828,1.9310344827586208,1.4137931034482758,0.2068965517241379,29,1726.43,1676.64,49.79,32,290,309,1.0655172413793104,414,267,0.644927536231884,5,Sunday,0.7637,0,0,0,1,0,1,2,2,D,1,0,matched_secondary_full_career,0,0,0,0,0,3.4965075614664802,0,3.4965075614664802
2018-05-19_Real_Madrid_Villarreal_909,2018-05-19,2017/18,Real Madrid,Villarreal,La Liga,domestic_league,A,0,0.78,33.282,12156,908,653,204,347,0.7191629955947136,13.0,0,1,3,1,3,12,29,0,2,0.6,1.2,1.45,0.6,0.7,0.3,0.7257749155142935,0.0546864673894256,1,0,13.0,48,49,10,1.0208333333333333,436,449,1.029816513761468,6,19,0.2,0.8,1.6,1.8,5,18,12,3,0.6666666666666666,0.5,1,8,4,2,0.7142857142857143,0.4285714285714285,1.0,2.2142857142857144,0.1428571428571428,14,1725.01,1531.05,193.96,18,291,310,1.0652920962199313,415,268,0.6457831325301204,5,Saturday,0.7995,0,0,0,1,0,1,2,2,D,1,0,matched_secondary_full_career,0,0,0,0,0,2.9444389791664403,0,2.9444389791664403
2018-05-26_Real_Madrid_Liverpool_910,2018-05-26,2017/18,Real Madrid,Liverpool,UEFA Champions League,continental_club,H,0,0.94,33.3012,12163,909,654,204,346,0.7194719471947195,7.0,1,1,3,2,3,9,28,0,1,0.6,0.9,1.4,0.6,0.7,0.2,0.8080424408600053,0.0382805271725979,2,0,7.0,49,50,10,1.020408163265306,437,450,1.0297482837528604,7,17,0.2,1.0,1.8,1.6,5,11,3,1,0.2727272727272727,0.2727272727272727,2,2,0,0,0.0,0.0,0.0,2.0,0.0,2,1719.94,1507.16,212.79,11,152,120,0.7894736842105263,464,371,0.7995689655172413,5,Saturday,0.8187,0,1,0,0,0,0,3,1,W,0,0,matched_secondary_full_career,0,0,0,0,0,2.4849066497880004,0,2.4849066497880004
2018-06-07_Portugal_Algeria_911,2018-06-07,2017/18,Portugal,Algeria,International Friendly,international,H,1,0.35,33.334,12175,910,654,204,346,0.7186813186813187,12.0,0,1,2,2,2,7,26,0,1,0.4,0.7,1.3,0.4,0.6,0.1,0.5656297086020037,0.0267963690208185,0,1,19.0,50,50,10,1.0,149,81,0.5436241610738255,12,23,0.8,0.8,1.4,0.8,5,0,0,0,0.0,0.0,0,0,0,0,0.0,0.0,0.0,0.0,0.0,0,1678.69,1500.0,178.69,0,46,17,0.3695652173913043,465,371,0.7978494623655914,6,Thursday,0.8516,0,1,0,0,0,0,3,0,W,0,1,matched_secondary_full_career,1,0,0,0,1,0.0,1,0.0
2018-06-15_Portugal_Spain_912,2018-06-15,2017/18,Portugal,Spain,World Cup,international,H,1,1.0,33.3559,12183,911,654,205,346,0.7178924259055982,8.0,0,1,3,1,2,7,26,1,2,0.4,0.7,1.3,0.4,0.6,0.1,0.3959407960214025,0.318757458314573,0,2,27.0,51,50,11,0.9803921568627452,150,81,0.54,12,25,0.8,0.8,1.8,0.8,5,4,0,0,0.0,0.0,0,2,1,1,1.0,0.5,0.25,1.25,0.5,4,1683.95,1501.87,182.09,4,13,3,0.2307692307692307,466,371,0.796137339055794,6,Friday,0.8736,0,1,0,1,1,3,3,3,D,3,0,matched_secondary_full_career,0,0,0,0,0,1.6094379124341003,0,1.6094379124341003
2018-06-20_Portugal_Morocco_913,2018-06-20,2017/18,Portugal,Morocco,World Cup,international,H,1,1.0,33.3696,12188,912,657,205,343,0.7203947368421053,5.0,1,2,3,3,5,8,26,1,1,1.0,0.8,1.3,0.6,0.6,0.1,1.1771585572149816,0.223130220820201,1,0,5.0,52,53,11,1.0192307692307692,151,84,0.5562913907284768,10,23,0.6,0.8,2.0,1.4,5,0,0,0,0.0,0.0,0,0,0,0,0.0,0.0,0.0,0.0,0.0,0,1679.14,1500.0,179.14,0,14,6,0.4285714285714285,467,374,0.8008565310492506,6,Wednesday,0.8874,0,1,0,1,0,1,1,0,W,1,0,matched_secondary_full_career,1,0,0,0,1,0.0,1,0.0
2018-06-25_Portugal_Iran_914,2018-06-25,2017/18,Portugal,Iran,World Cup,international,A,1,1.0,33.3833,12193,913,658,205,342,0.7207009857612268,5.0,1,2,4,4,5,8,25,1,1,1.0,0.8,1.25,0.6,0.6,0.1,1.124010990050487,0.1561911545741407,2,0,5.0,53,54,11,1.018867924528302,152,85,0.5592105263157895,10,23,0.6,0.8,1.8,1.4,5,1,1,0,1.0,1.0,1,1,0,0,0.0,0.0,0.0,2.0,0.0,1,1684.4,1493.51,190.89,1,15,7,0.4666666666666667,416,269,0.6466346153846154,6,Monday,0.9011,0,1,0,0,0,0,1,1,D,0,0,matched_secondary_full_career,0,0,0,0,0,0.6931471805599453,0,0.6931471805599453
2018-06-30_Portugal_Uruguay_915,2018-06-30,2017/18,Portugal,Uruguay,World Cup,international,A,1,1.0,33.397,12198,914,658,205,342,0.7199124726477024,5.0,1,2,4,4,4,7,24,1,1,0.8,0.7,1.2,0.4,0.5,0.1,0.7868076930353409,0.1093338082018985,0,1,10.0,54,54,11,1.0,153,85,0.5555555555555556,8,23,0.4,0.8,1.6,1.4,5,0,0,0,0.0,0.0,0,0,0,0,0.0,0.0,0.0,0.0,0.0,0,1679.4,1500.0,179.4,0,16,7,0.4375,417,269,0.645083932853717,6,Saturday,0.9148,0,1,0,0,0,0,1,2,L,0,0,matched_secondary_full_career,1,0,0,0,1,0.0,1,0.0
2018-08-18_Juventus_Chievo_916,2018-08-18,2018/19,Juventus,Chievo,Serie A,domestic_league,A,0,0.78,33.5311,12247,915,658,205,342,0.7191256830601093,49.0,0,0,0,1,4,6,22,1,1,0.8,0.6,1.1,0.4,0.4,0.1,0.5507653851247386,0.0765336657413289,0,2,59.0,0,0,0,0.0,0,0,0.0,0,0,0.0,0.0,0.0,0.0,0,0,0,0,0.0,0.0,0,0,0,0,0.0,0.0,0.0,0.0,0.0,0,1530.48,1500.0,30.48,0,0,0,0.0,418,269,0.6435406698564593,8,Saturday,0.0467,1,0,0,0,0,0,3,2,W,0,0,matched_secondary_full_career,1,1,0,0,1,0.0,1,0.0
2018-08-25_Juventus_Lazio_917,2018-08-25,2018/19,Juventus,Lazio,Serie A,domestic_league,H,0,0.78,33.5503,12254,916,658,205,342,0.7183406113537117,7.0,1,1,1,0,4,6,20,0,1,0.8,0.6,1.0,0.4,0.4,0.1,0.385535769587317,0.0535735660189302,0,3,66.0,1,0,0,0.0,1,0,0.0,3,3,1.0,1.0,3.0,2.0,1,0,0,0,0.0,0.0,0,0,0,0,0.0,0.0,0.0,0.0,0.0,0,1539.6,1500.0,39.6,0,1,0,0.0,468,375,0.8012820512820513,8,Saturday,0.0659,1,0,0,0,0,0,2,0,W,0,1,matched_secondary_full_career,1,0,0,0,1,0.0,1,0.0
2018-09-01_Juventus_Parma_918,2018-09-01,2018/19,Juventus,Parma,Serie A,domestic_league,A,0,0.78,33.5695,12261,917,658,206,342,0.7175572519083969,7.0,1,2,2,0,1,6,19,1,2,0.2,0.6,0.95,0.2,0.4,0.1,0.2698750387111219,0.3375014962132511,0,4,73.0,2,0,1,0.0,2,0,0.0,6,6,1.0,1.0,2.5,1.0,2,0,0,0,0.0,0.0,0,0,0,0,0.0,0.0,0.0,0.0,0.0,0,1548.47,1500.0,48.47,0,2,0,0.0,419,269,0.6420047732696897,9,Saturday,0.0852,1,0,0,0,0,0,2,1,W,0,0,matched_secondary_full_career,1,0,0,0,1,0.0,1,0.0
2018-09-16_Juventus_Sassuolo_919,2018-09-16,2018/19,Juventus,Sassuolo,Serie A,domestic_league,H,0,0.78,33.6105,12276,918,658,206,342,0.7167755991285403,15.0,0,0,3,0,0,5,17,1,2,0.0,0.5,0.85,0.0,0.3,0.1,0.1889125270977853,0.2362510473492758,0,5,88.0,3,0,1,0.0,3,0,0.0,9,9,1.0,1.0,2.333333333333333,1.0,3,0,0,0,0.0,0.0,0,0,0,0,0.0,0.0,0.0,0.0,0.0,0,1557.08,1500.0,57.08,0,3,0,0.0,469,375,0.7995735607675906,9,Sunday,0.1264,1,0,0,1,1,2,2,1,W,2,0,matched_secondary_full_career,1,0,0,0,1,0.0,1,0.0
2018-09-19_Juventus_Valencia_920,2018-09-19,2018/19,Juventus,Valencia,UEFA Champions League,continental_club,A,0,0.94,33.6188,12279,919,660,206,340,0.7181719260065288,3.0,1,1,3,2,2,6,15,1,2,0.4,0.6,0.75,0.2,0.3,0.2,0.7322387689684497,0.165375733144493,1,0,3.0,4,2,1,0.5,4,2,0.5,12,12,1.0,1.0,2.25,1.0,4,18,15,3,0.8333333333333334,0.6111111111111112,4,0,0,0,0.0,0.0,0.0,0.0,0.0,0,1565.45,1524.83,40.62,18,153,120,0.7843137254901961,420,269,0.6404761904761904,9,Wednesday,0.1346,1,0,0,0,0,0,2,0,W,0,0,matched_secondary_full_career,1,0,0,0,0,2.9444389791664403,0,2.9444389791664403
2018-09-23_Juventus_Frosinone_921,2018-09-23,2018/19,Juventus,Frosinone,Serie A,domestic_league,A,0,0.78,33.6297,12283,920,660,206,340,0.717391304347826,4.0,2,2,4,2,2,6,13,1,2,0.4,0.6,0.65,0.2,0.3,0.2,0.5125671382779148,0.1157630132011451,0,1,7.0,5,2,1,0.4,5,2,0.4,15,15,1.0,1.0,2.2,0.8,5,0,0,0,0.0,0.0,0,0,0,0,0.0,0.0,0.0,0.0,0.0,0,1574.29,1500.0,74.29,0,4,2,0.5,421,269,0.6389548693586699,9,Sunday,0.1456,1,0,0,1,0,1,2,0,W,1,0,matched_secondary_full_career,1,0,0,0,1,0.0,1,0.0
2018-09-26_Juventus_Bologna_922,2018-09-26,2018/19,Juventus,Bologna,Serie A,domestic_league,H,0,0.78,33.6379,12286,921,661,206,339,0.7176981541802389,3.0,2,3,4,3,3,7,14,1,1,0.6,0.7,0.7,0.4,0.4,0.2,0.6587969967945403,0.0810341092408015,1,0,3.0,6,3,1,0.5,6,3,0.5,15,18,1.0,1.0,2.0,0.4,5,0,0,0,0.0,0.0,0,0,0,0,0.0,0.0,0.0,0.0,0.0,0,1582.18,1500.0,82.18,0,5,3,0.6,470,377,0.8021276595744681,9,Wednesday,0.1538,1,0,0,0,0,0,2,0,W,0,1,matched_secondary_full_career,1,0,0,0,1,0.0,1,0.0
2018-09-29_Juventus_Napoli_923,2018-09-29,2018/19,Juventus,Napoli,Serie A,domestic_league,H,0,0.78,33.6461,12289,922,661,207,339,0.7169197396963124,3.0,2,4,5,1,3,4,12,1,2,0.6,0.4,0.6,0.4,0.3,0.1,0.4611578977561781,0.3567238764685611,0,1,6.0,7,3,2,0.4285714285714285,7,3,0.4285714285714285,15,21,1.0,1.0,2.0,0.4,5,2,0,1,0.0,0.0,0,0,0,0,0.0,0.0,0.0,0.0,0.0,0,1589.86,1491.76,98.1,2,6,3,0.5,471,377,0.8004246284501062,9,Saturday,0.1621,1,0,0,0,0,0,3,1,W,0,2,matched_secondary_full_career,1,0,0,0,0,1.0986122886681098,0,1.0986122886681098
2018-10-06_Juventus_Udinese_924,2018-10-06,2018/19,Juventus,Udinese,Serie A,domestic_league,A,0,0.78,33.6653,12296,923,661,209,339,0.7161430119176598,7.0,1,3,5,1,3,3,11,3,4,0.6,0.3,0.55,0.4,0.2,0.1,0.3228105284293247,0.8497067135279928,0,2,13.0,8,3,4,0.375,8,3,0.375,15,24,1.0,1.0,2.2,0.4,5,0,0,0,0.0,0.0,0,0,0,0,0.0,0.0,0.0,0.0,0.0,0,1597.11,1500.0,97.11,0,7,3,0.4285714285714285,422,270,0.6398104265402843,10,Saturday,0.1813,1,0,0,1,0,1,2,0,W,1,0,matched_secondary_full_career,1,0,0,0,1,0.0,1,0.0
2018-10-20_Juventus_Genoa_925,2018-10-20,2018/19,Juventus,Genoa,Serie A,domestic_league,H,0,0.78,33.7036,12310,924,662,209,338,0.7164502164502164,14.0,0,1,4,1,2,4,11,3,4,0.4,0.4,0.55,0.4,0.3,0.1,0.5259673699005273,0.5947946994695948,1,0,14.0,9,4,4,0.4444444444444444,9,4,0.4444444444444444,15,27,1.0,1.0,2.2,0.2,5,0,0,0,0.0,0.0,0,0,0,0,0.0,0.0,0.0,0.0,0.0,0,1604.38,1500.0,104.38,0,8,4,0.5,472,377,0.798728813559322,10,Saturday,0.2198,0,0,0,1,0,1,1,1,D,1,0,matched_secondary_full_career,1,0,0,0,1,0.0,1,0.0
2018-10-23_Juventus_Manchester_United_926,2018-10-23,2018/19,Juventus,Manchester United,UEFA Champions League,continental_club,A,0,0.94,33.7118,12313,925,663,209,337,0.7167567567567568,3.0,1,1,5,2,3,5,11,3,4,0.6,0.5,0.55,0.6,0.4,0.1,0.6681771589303691,0.4163562896287163,2,0,3.0,10,5,4,0.5,10,5,0.5,13,28,0.8,1.0,2.0,0.4,5,3,2,0,0.6666666666666666,0.6666666666666666,2,0,0,0,0.0,0.0,0.0,0.0,0.0,0,1601.47,1707.1,-105.63,295,154,120,0.7792207792207793,423,271,0.640661938534279,10,Tuesday,0.228,0,0,0,0,0,0,1,0,W,0,0,matched_secondary_full_career,1,0,0,0,0,5.69035945432406,0,1.3862943611198906
2018-10-27_Juventus_Empoli_927,2018-10-27,2018/19,Juventus,Empoli,Serie A,domestic_league,A,0,0.78,33.7228,12317,926,663,209,337,0.7159827213822895,4.0,2,2,4,2,2,5,11,3,4,0.4,0.5,0.55,0.4,0.4,0.1,0.4677240112512583,0.2914494027401014,0,1,7.0,11,5,4,0.4545454545454545,11,5,0.4545454545454545,13,28,0.8,1.0,1.8,0.4,5,0,0,0,0.0,0.0,0,0,0,0,0.0,0.0,0.0,0.0,0.0,0,1614.42,1500.0,114.42,0,9,5,0.5555555555555556,424,271,0.6391509433962265,10,Saturday,0.239,0,0,0,1,1,2,2,1,W,2,0,matched_secondary_full_career,1,0,0,0,1,0.0,1,0.0
2018-11-03_Juventus_Cagliari_928,2018-11-03,2018/19,Juventus,Cagliari,Serie A,domestic_league,H,0,0.78,33.742,12324,927,665,209,335,0.7173678532901834,7.0,1,3,4,3,4,7,13,2,3,0.8,0.7,0.65,0.6,0.5,0.2,0.9274068078758808,0.204014581918071,1,0,7.0,12,7,4,0.5833333333333334,12,7,0.5833333333333334,13,28,0.8,1.0,1.8,0.6,5,0,0,0,0.0,0.0,0,0,0,0,0.0,0.0,0.0,0.0,0.0,0,1621.24,1500.0,121.24,0,10,7,0.7,473,378,0.7991543340380549,11,Saturday,0.2582,0,0,0,0,0,0,3,1,W,0,1,matched_secondary_full_career,1,0,0,0,1,0.0,1,0.0
2018-11-07_Juventus_Manchester_United_929,2018-11-07,2018/19,Juventus,Manchester United,UEFA Champions League,continental_club,H,0,0.94,33.7529,12328,928,665,210,335,0.7165948275862069,4.0,1,2,4,2,4,7,12,1,4,0.8,0.7,0.6,0.6,0.5,0.2,0.6491847655131165,0.4428102073426497,0,1,11.0,13,7,5,0.5384615384615384,13,7,0.5384615384615384,13,28,0.8,1.0,1.8,0.6,5,4,2,0,0.5,0.5,1,1,0,0,0.0,0.0,0.0,1.0,0.0,1,1627.88,1694.15,-66.26,296,155,120,0.7741935483870968,474,378,0.7974683544303798,11,Wednesday,0.2692,0,0,0,1,0,1,1,2,L,1,0,matched_secondary_full_career,0,0,0,0,0,5.6937321388027,0,1.6094379124341003
2018-11-11_Juventus_AC_Milan_930,2018-11-11,2018/19,Juventus,AC Milan,Serie A,domestic_league,A,0,0.78,33.7639,12332,929,666,210,334,0.7168998923573735,4.0,1,2,5,3,4,6,12,1,4,0.8,0.6,0.6,0.6,0.5,0.1,0.7544293358591816,0.3099671451398548,1,0,4.0,14,8,5,0.5714285714285714,14,8,0.5714285714285714,10,25,0.6,0.8,1.6,1.0,5,6,2,1,0.3333333333333333,0.3333333333333333,1,0,0,0,0.0,0.0,0.0,0.0,0.0,0,1619.77,1534.59,85.18,6,11,7,0.6363636363636364,425,273,0.6423529411764706,11,Sunday,0.2802,0,0,0,1,0,1,2,0,W,1,0,matched_secondary_full_career,1,0,0,0,0,1.9459101490553132,0,1.9459101490553132
2018-11-24_Juventus_Spal_931,2018-11-24,2018/19,Juventus,Spal,Serie A,domestic_league,H,0,0.78,33.7995,12345,930,667,210,333,0.7172043010752688,13.0,0,1,4,2,4,7,13,1,4,0.8,0.7,0.65,0.6,0.6,0.1,0.828100535101427,0.2169770015978983,2,0,13.0,15,9,5,0.6,15,9,0.6,12,25,0.8,0.8,1.8,0.8,5,0,0,0,0.0,0.0,0,0,0,0,0.0,0.0,0.0,0.0,0.0,0,1627.36,1500.0,127.36,0,12,8,0.6666666666666666,475,379,0.7978947368421052,11,Saturday,0.3159,0,0,0,1,0,1,2,0,W,1,0,matched_secondary_full_career,1,0,0,0,1,0.0,1,0.0
2018-11-27_Juventus_Valencia_932,2018-11-27,2018/19,Juventus,Valencia,UEFA Champions League,continental_club,H,0,0.94,33.8077,12348,931,668,210,332,0.7175080558539205,3.0,1,1,4,3,5,7,14,1,4,1.0,0.7,0.7,0.8,0.6,0.1,0.8796703745709988,0.1518839011185288,3,0,3.0,16,10,5,0.625,16,10,0.625,12,25,0.8,0.8,2.0,0.8,5,19,15,3,0.7894736842105263,0.5789473684210527,3,1,0,0,0.0,0.0,0.0,2.0,0.0,1,1633.85,1516.0,117.86,19,156,121,0.7756410256410257,476,380,0.7983193277310925,11,Tuesday,0.3242,0,0,0,0,0,0,1,0,W,0,1,matched_secondary_full_career,0,0,0,0,0,2.995732273553991,0,2.995732273553991
2018-12-01_Juventus_Fiorentina_933,2018-12-01,2018/19,Juventus,Fiorentina,Serie A,domestic_league,A,0,0.78,33.8186,12352,932,668,211,332,0.7167381974248928,4.0,2,2,5,2,3,7,11,2,4,0.6,0.7,0.55,0.6,0.6,0.1,0.6157692621996992,0.4063187307829702,0,1,7.0,17,10,6,0.5882352941176471,17,10,0.5882352941176471,12,25,0.8,0.8,1.8,0.6,5,0,0,0,0.0,0.0,0,0,0,0,0.0,0.0,0.0,0.0,0.0,0,1640.59,1500.0,140.59,0,13,9,0.6923076923076923,426,274,0.6431924882629108,12,Saturday,0.3352,0,0,1,1,0,1,3,0,W,1,0,matched_secondary_full_career,1,0,0,0,1,0.0,1,0.0
2018-12-07_Juventus_Inter_Milan_934,2018-12-07,2018/19,Juventus,Inter Milan,Serie A,domestic_league,H,0,0.78,33.8351,12358,933,669,211,331,0.7170418006430869,6.0,1,3,5,2,4,8,11,1,2,0.8,0.8,0.55,0.8,0.7,0.1,0.7310384835397894,0.2844231115480791,1,0,6.0,18,11,6,0.6111111111111112,18,11,0.6111111111111112,12,25,0.8,0.8,1.8,0.4,5,3,1,0,0.3333333333333333,0.3333333333333333,1,0,0,0,0.0,0.0,0.0,0.0,0.0,0,1646.75,1502.18,144.57,3,14,10,0.7142857142857143,477,380,0.7966457023060797,12,Friday,0.3516,0,0,1,0,0,0,1,0,W,0,0,matched_secondary_full_career,1,0,0,0,0,1.3862943611198906,0,1.3862943611198906
2018-12-12_Juventus_BSC_Young_Boys_935,2018-12-12,2018/19,Juventus,BSC Young Boys,UEFA Champions League,continental_club,A,0,0.94,33.8487,12363,934,669,211,331,0.7162740899357601,5.0,1,2,4,1,3,7,11,1,2,0.6,0.7,0.55,0.6,0.6,0.1,0.5117269384778526,0.1990961780836554,0,1,11.0,19,11,6,0.5789473684210527,19,11,0.5789473684210527,15,25,1.0,1.0,1.8,0.0,5,0,0,0,0.0,0.0,0,0,0,0,0.0,0.0,0.0,0.0,0.0,0,1652.81,1500.0,152.81,0,157,121,0.7707006369426752,427,275,0.6440281030444965,12,Wednesday,0.3654,0,0,1,0,0,0,1,2,L,0,1,matched_secondary_full_career,1,0,0,0,1,0.0,1,0.0
2018-12-15_Juventus_Torino_936,2018-12-15,2018/19,Juventus,Torino,Serie A,domestic_league,A,0,0.78,33.857,12366,935,669,212,331,0.7155080213903743,3.0,1,3,5,1,2,6,11,2,3,0.4,0.6,0.55,0.4,0.5,0.1,0.3582088569344968,0.4393673246585587,0,2,14.0,20,11,7,0.55,20,11,0.55,12,24,0.8,0.8,1.6,0.4,5,0,0,0,0.0,0.0,0,0,0,0,0.0,0.0,0.0,0.0,0.0,0,1638.68,1500.0,138.68,0,15,10,0.6666666666666666,428,275,0.6425233644859814,12,Saturday,0.3736,0,0,1,1,0,1,1,0,W,1,0,matched_secondary_full_career,1,0,0,0,1,0.0,1,0.0
2018-12-22_Juventus_AS_Roma_937,2018-12-22,2018/19,Juventus,AS Roma,Serie A,domestic_league,H,0,0.78,33.8761,12373,936,670,212,330,0.7158119658119658,7.0,1,2,6,1,2,7,12,2,3,0.4,0.7,0.6,0.4,0.6,0.1,0.5507461998541477,0.3075571272609911,1,0,7.0,21,12,7,0.5714285714285714,21,12,0.5714285714285714,12,24,0.8,0.8,1.4,0.4,5,6,5,2,0.8333333333333334,0.6666666666666666,3,0,0,0,0.0,0.0,0.0,0.0,0.0,0,1644.88,1490.66,154.22,6,16,11,0.6875,478,380,0.7949790794979079,12,Saturday,0.3929,0,0,1,0,0,0,1,0,W,0,0,matched_secondary_full_career,1,0,0,0,0,1.9459101490553132,0,1.9459101490553132
2018-12-26_Juventus_Atalanta_938,2018-12-26,2018/19,Juventus,Atalanta,Serie A,domestic_league,A,0,0.78,33.8871,12377,937,670,212,330,0.7150480256136607,4.0,1,3,6,1,2,5,12,1,3,0.4,0.5,0.6,0.4,0.5,0.0,0.3855223398979034,0.2152899890826937,0,1,11.0,22,12,7,0.5454545454545454,22,12,0.5454545454545454,12,24,0.8,0.8,1.4,0.4,5,0,0,0,0.0,0.0,0,0,0,0,0.0,0.0,0.0,0.0,0.0,0,1650.72,1500.0,150.72,0,17,11,0.6470588235294118,429,276,0.6433566433566433,12,Wednesday,0.4038,0,0,1,1,0,1,2,2,D,1,0,matched_secondary_full_career,1,0,0,0,1,0.0,1,0.0
2018-12-29_Juventus_Sampdoria_939,2018-12-29,2018/19,Juventus,Sampdoria,Serie A,domestic_league,H,0,0.78,33.8953,12380,938,671,212,329,0.7153518123667377,3.0,2,3,6,2,2,6,13,1,2,0.4,0.6,0.65,0.4,0.6,0.0,0.5698656379285323,0.1507029923578856,1,0,3.0,23,13,7,0.5652173913043478,23,13,0.5652173913043478,10,22,0.6,0.8,1.2,0.8,5,0,0,0,0.0,0.0,0,0,0,0,0.0,0.0,0.0,0.0,0.0,0,1646.63,1500.0,146.63,0,18,12,0.6666666666666666,479,380,0.7933194154488518,12,Saturday,0.4121,0,0,1,1,1,2,2,1,W,2,0,matched_secondary_full_career,1,0,0,0,1,0.0,1,0.0
2019-01-12_Juventus_Bologna_940,2019-01-12,2018/19,Juventus,Bologna,Coppa Italia,domestic_or_other_cup,A,0,0.72,33.9336,12394,939,673,212,327,0.7167199148029819,14.0,0,1,4,3,4,7,13,1,2,0.8,0.7,0.65,0.6,0.6,0.1,0.9989059465499726,0.1054920946505199,2,0,14.0,24,15,7,0.625,24,15,0.625,10,25,0.6,0.8,1.4,1.0,5,1,0,1,0.0,0.0,0,1,0,0,0.0,0.0,0.0,2.0,0.0,1,1652.64,1492.32,160.32,1,0,0,0.0,430,277,0.6441860465116279,1,Saturday,0.4505,0,0,1,0,0,0,2,0,W,0,0,matched_secondary_full_career,0,0,0,0,0,0.6931471805599453,0,0.6931471805599453
2019-01-16_Juventus_AC_Milan_941,2019-01-16,2018/19,Juventus,AC Milan,Supercoppa Italiana,domestic_or_other_cup,H,0,0.82,33.9446,12398,940,673,212,327,0.7159574468085106,4.0,1,1,4,3,4,6,13,0,2,0.8,0.6,0.65,0.6,0.5,0.1,0.6992341625849807,0.0738444662553639,0,1,18.0,25,15,7,0.6,25,15,0.6,13,25,0.8,1.0,1.6,0.6,5,7,3,1,0.4285714285714285,0.4285714285714285,2,1,0,0,0.0,0.0,0.0,2.0,0.0,1,1658.33,1526.99,131.34,7,0,0,0.0,480,382,0.7958333333333333,1,Wednesday,0.4615,0,0,1,1,0,1,1,0,W,1,0,matched_secondary_full_career,0,0,0,0,0,2.0794415416798357,0,2.0794415416798357
2019-01-21_Juventus_Chievo_942,2019-01-21,2018/19,Juventus,Chievo,Serie A,domestic_league,H,0,0.78,33.9583,12403,941,674,212,326,0.7162592986184909,5.0,1,2,5,3,4,6,13,0,2,0.8,0.6,0.65,0.6,0.5,0.1,0.7894639138094864,0.0516911263787547,1,0,5.0,26,16,7,0.6153846153846154,26,16,0.6153846153846154,13,25,0.8,1.0,1.6,0.6,5,1,0,0,0.0,0.0,0,1,0,0,0.0,0.0,2.0,3.0,0.0,1,1664.72,1490.87,173.85,1,19,14,0.7368421052631579,481,383,0.7962577962577962,1,Monday,0.4753,0,0,1,0,0,0,3,0,W,0,0,matched_secondary_full_career,0,0,0,0,0,0.6931471805599453,0,0.6931471805599453
2019-01-27_Juventus_Lazio_943,2019-01-27,2018/19,Juventus,Lazio,Serie A,domestic_league,A,0,0.78,33.9747,12409,942,674,212,326,0.7154989384288747,6.0,1,2,4,1,4,6,13,0,1,0.8,0.6,0.65,0.6,0.5,0.1,0.5526247396666405,0.0361837884651283,0,1,11.0,27,16,7,0.5925925925925926,27,16,0.5925925925925926,13,25,0.8,1.0,2.0,0.6,5,1,0,1,0.0,0.0,0,1,0,0,0.0,0.0,0.0,2.0,0.0,1,1670.1,1491.13,178.96,1,20,14,0.7,431,277,0.642691415313225,1,Sunday,0.4918,0,0,1,1,0,1,2,1,W,1,0,matched_secondary_full_career,0,0,0,0,0,0.6931471805599453,0,0.6931471805599453
2019-01-30_Juventus_Atalanta_944,2019-01-30,2018/19,Juventus,Atalanta,Coppa Italia,domestic_or_other_cup,A,0,0.72,33.9829,12412,943,675,212,325,0.7158006362672322,3.0,1,3,4,2,4,6,14,0,1,0.8,0.6,0.7,0.6,0.5,0.1,0.6868373177666482,0.0253286519255898,1,0,3.0,28,17,7,0.6071428571428571,28,17,0.6071428571428571,15,25,1.0,1.0,2.0,0.4,5,1,1,0,1.0,1.0,1,0,1,0,1.0,1.0,2.0,2.0,0.0,1,1675.36,1504.08,171.27,1,1,0,0.0,432,278,0.6435185185185185,1,Wednesday,0.5,0,0,1,0,0,0,0,3,L,0,0,matched_secondary_full_career,0,0,0,0,0,0.6931471805599453,0,0.6931471805599453
2019-02-02_Juventus_Parma_945,2019-02-02,2018/19,Juventus,Parma,Serie A,domestic_league,H,0,0.78,33.9911,12415,944,675,212,325,0.715042372881356,3.0,2,3,5,1,2,6,13,0,1,0.4,0.6,0.65,0.4,0.5,0.1,0.4807861224366537,0.0177300563479128,0,1,6.0,29,17,7,0.5862068965517241,29,17,0.5862068965517241,12,22,0.8,0.8,1.6,0.8,5,1,0,0,0.0,0.0,0,1,0,0,0.0,0.0,1.0,2.0,0.0,1,1660.79,1491.39,169.41,1,21,15,0.7142857142857143,482,383,0.7946058091286307,2,Saturday,0.5082,0,0,0,1,1,2,3,3,D,2,1,matched_secondary_full_career,0,0,0,0,0,0.6931471805599453,0,0.6931471805599453
2019-02-10_Juventus_Sassuolo_946,2019-02-10,2018/19,Juventus,Sassuolo,Serie A,domestic_league,A,0,0.78,34.013,12423,945,677,213,323,0.7164021164021164,8.0,0,3,6,3,4,8,14,1,1,0.8,0.8,0.7,0.6,0.6,0.2,0.9365502857056576,0.312411039443539,1,0,8.0,30,19,8,0.6333333333333333,30,19,0.6333333333333333,10,23,0.6,0.8,1.8,1.4,5,1,2,0,2.0,1.0,2,1,0,0,0.0,0.0,1.0,2.0,0.0,1,1656.27,1491.63,164.64,1,22,17,0.7727272727272727,433,278,0.6420323325635104,2,Sunday,0.5302,0,0,0,1,0,1,3,0,W,1,1,matched_secondary_full_career,0,0,0,0,0,0.6931471805599453,0,0.6931471805599453
2019-02-15_Juventus_Frosinone_947,2019-02-15,2018/19,Juventus,Frosinone,Serie A,domestic_league,H,0,0.78,34.0267,12428,946,678,214,322,0.7167019027484144,5.0,1,2,6,3,4,8,15,2,2,0.8,0.8,0.75,0.6,0.6,0.2,0.9555851999939602,0.5186877276104773,2,0,5.0,31,20,9,0.6451612903225806,31,20,0.6451612903225806,10,23,0.6,0.8,2.2,1.4,5,1,1,0,1.0,1.0,1,1,0,0,0.0,0.0,0.0,2.0,0.0,1,1661.86,1492.11,169.75,1,23,18,0.782608695652174,483,385,0.7971014492753623,2,Friday,0.544,0,0,0,1,0,1,3,0,W,1,1,matched_secondary_full_career,0,0,0,0,0,0.6931471805599453,0,0.6931471805599453
2019-02-20_Juventus_Atletico_Madrid_948,2019-02-20,2018/19,Juventus,Atletico Madrid,UEFA Champions League,continental_club,A,0,0.94,34.0404,12433,947,679,215,321,0.7170010559662091,5.0,1,2,6,4,5,9,14,3,3,1.0,0.9,0.7,0.8,0.7,0.2,0.9689096399957722,0.6630814093273341,3,0,5.0,32,21,10,0.65625,32,21,0.65625,10,23,0.6,0.8,2.2,1.4,5,31,22,5,0.7096774193548387,0.4516129032258064,1,0,0,0,0.0,0.0,0.0,0.0,0.0,0,1667.33,1606.85,60.48,31,158,121,0.7658227848101266,434,279,0.6428571428571429,2,Wednesday,0.5577,0,0,0,0,0,0,0,2,L,0,0,matched_secondary_full_career,1,0,0,0,0,3.4657359027997265,0,3.4657359027997265
2019-02-24_Juventus_Bologna_949,2019-02-24,2018/19,Juventus,Bologna,Serie A,domestic_league,A,0,0.78,34.0513,12437,948,679,215,321,0.7162447257383966,4.0,1,3,6,2,4,8,14,3,3,0.8,0.8,0.7,0.6,0.6,0.2,0.6782367479970405,0.4641569865291338,0,1,9.0,33,21,10,0.6363636363636364,33,21,0.6363636363636364,7,22,0.4,0.6,1.8,1.6,5,2,0,1,0.0,0.0,0,2,0,0,0.0,0.0,0.0,2.0,0.0,2,1655.6,1486.63,168.97,2,24,19,0.7916666666666666,435,279,0.6413793103448275,2,Sunday,0.5687,0,0,0,0,0,0,1,0,W,0,0,matched_secondary_full_career,0,0,0,0,0,1.0986122886681098,0,1.0986122886681098
2019-03-03_Juventus_Napoli_950,2019-03-03,2018/19,Juventus,Napoli,Serie A,domestic_league,A,0,0.78,34.0705,12444,949,679,215,321,0.7154899894625922,7.0,1,2,5,1,4,6,13,3,3,0.8,0.6,0.65,0.6,0.5,0.1,0.4747657235979283,0.3249098905703936,0,2,16.0,34,21,10,0.6176470588235294,34,21,0.6176470588235294,10,22,0.6,0.8,2.0,1.0,5,3,0,3,0.0,0.0,0,1,0,0,0.0,0.0,1.0,3.0,0.0,1,1661.09,1484.52,176.57,3,25,19,0.76,436,279,0.6399082568807339,3,Sunday,0.5879,0,0,0,0,0,0,2,1,W,0,0,matched_secondary_full_career,0,0,0,0,0,1.3862943611198906,0,1.3862943611198906
2019-03-12_Juventus_Atletico_Madrid_951,2019-03-12,2018/19,Juventus,Atletico Madrid,UEFA Champions League,continental_club,H,0,0.94,34.0952,12453,950,679,215,321,0.7147368421052631,9.0,0,1,5,0,2,6,12,2,3,0.4,0.6,0.6,0.4,0.5,0.1,0.3323360065185498,0.2274369233992755,0,3,25.0,35,21,10,0.6,35,21,0.6,12,22,0.8,0.8,1.8,0.6,5,32,22,5,0.6875,0.4375,1,0,0,1,3.0,1.0,2.0,0.0,1.0,1,1666.4,1618.57,47.83,32,159,121,0.7610062893081762,484,386,0.7975206611570248,3,Tuesday,0.6126,0,0,0,1,1,3,3,0,W,3,0,matched_secondary_full_career,0,0,0,0,0,3.4965075614664802,0,3.4965075614664802
2019-03-22_Portugal_Ukraine_952,2019-03-22,2018/19,Portugal,Ukraine,Euros Qualifier,international,H,1,0.76,34.1225,12463,951,682,215,318,0.7171398527865405,10.0,0,1,4,3,4,8,14,1,3,0.8,0.8,0.7,0.4,0.5,0.2,1.1326352045629848,0.1592058463794928,1,0,10.0,36,24,10,0.6666666666666666,154,85,0.551948051948052,8,20,0.4,0.8,1.8,1.2,5,0,0,0,0.0,0.0,0,0,0,0,0.0,0.0,0.0,0.0,0.0,0,1664.65,1500.0,164.65,0,27,20,0.7407407407407407,485,389,0.8020618556701031,3,Friday,0.6401,0,0,0,0,0,0,0,0,D,0,0,matched_secondary_full_career,1,0,0,0,1,0.0,1,0.0
2019-03-25_Portugal_Serbia_953,2019-03-25,2018/19,Portugal,Serbia,Euros Qualifier,international,H,1,0.76,34.1307,12466,952,682,215,318,0.7163865546218487,3.0,1,2,4,3,3,8,14,0,3,0.6,0.8,0.7,0.2,0.5,0.2,0.7928446431940893,0.111444092465645,0,1,13.0,37,24,10,0.6486486486486487,155,85,0.5483870967741935,6,18,0.2,0.8,1.2,1.2,5,3,0,0,0.0,0.0,0,1,2,0,0.6666666666666666,0.6666666666666666,1.0,1.3333333333333333,0.0,3,1660.24,1499.56,160.67,3,28,20,0.7142857142857143,486,389,0.8004115226337448,3,Monday,0.6484,0,0,0,0,0,0,1,1,D,0,0,matched_secondary_full_career,0,0,0,0,0,1.3862943611198906,0,1.3862943611198906
2019-04-10_Juventus_Ajax_954,2019-04-10,2018/19,Juventus,Ajax,UEFA Champions League,continental_club,A,0,0.94,34.1746,12482,953,682,215,318,0.7156348373557188,16.0,0,0,3,3,3,7,13,0,3,0.6,0.7,0.65,0.2,0.4,0.2,0.5549912502358625,0.0780108647259514,0,2,29.0,38,24,10,0.631578947368421,36,24,0.6666666666666666,12,22,0.8,0.8,1.8,0.6,5,5,7,2,1.4,0.8,5,0,0,0,0.0,0.0,0.0,0.0,0.0,0,1675.04,1478.24,196.79,5,160,124,0.775,437,279,0.6384439359267735,4,Wednesday,0.6923,0,0,0,1,0,1,1,1,D,1,0,matched_secondary_full_career,1,0,0,0,0,1.791759469228055,0,1.791759469228055
2019-04-16_Juventus_Ajax_955,2019-04-16,2018/19,Juventus,Ajax,UEFA Champions League,continental_club,H,0,0.94,34.191,12488,954,683,215,317,0.7159329140461216,6.0,1,1,3,1,4,8,14,0,3,0.8,0.8,0.7,0.4,0.5,0.2,0.6884938751651037,0.054607605308166,1,0,6.0,39,25,10,0.6410256410256411,37,25,0.6756756756756757,10,20,0.6,0.8,1.4,0.8,5,6,8,2,1.3333333333333333,0.8333333333333334,5,0,1,0,1.0,1.0,1.0,1.0,0.0,1,1669.91,1483.37,186.54,6,161,125,0.7763975155279503,487,389,0.7987679671457906,4,Tuesday,0.7088,0,0,0,1,0,1,1,2,L,1,0,matched_secondary_full_career,0,0,0,0,0,1.9459101490553132,0,1.9459101490553132
2019-04-20_Juventus_Fiorentina_956,2019-04-20,2018/19,Juventus,Fiorentina,Serie A,domestic_league,H,0,0.78,34.2019,12492,955,684,215,316,0.7162303664921466,4.0,1,2,4,2,5,7,15,0,2,1.0,0.7,0.75,0.6,0.5,0.1,0.7819457126155726,0.0382253237157162,2,0,4.0,40,26,10,0.65,38,26,0.6842105263157895,10,17,0.6,0.8,1.6,0.8,5,1,1,0,1.0,1.0,1,1,0,0,0.0,0.0,0.0,3.0,0.0,1,1655.0,1493.84,161.16,1,26,19,0.7307692307692307,488,390,0.7991803278688525,4,Saturday,0.7198,0,0,0,0,0,0,2,1,W,0,0,matched_secondary_full_career,0,0,0,0,0,0.6931471805599453,0,0.6931471805599453
2019-04-27_Juventus_Inter_Milan_957,2019-04-27,2018/19,Juventus,Inter Milan,Serie A,domestic_league,A,0,0.78,34.2211,12499,956,684,215,316,0.7154811715481172,7.0,1,2,3,2,2,6,14,0,1,0.4,0.6,0.7,0.4,0.4,0.1,0.5473619988309008,0.0267577266010013,0,1,11.0,41,26,10,0.6341463414634146,39,26,0.6666666666666666,10,20,0.6,0.8,1.8,1.0,5,4,1,0,0.25,0.25,1,1,0,0,0.0,0.0,0.0,1.0,0.0,1,1660.67,1496.11,164.56,4,27,19,0.7037037037037037,438,280,0.639269406392694,4,Saturday,0.739,0,0,0,1,0,1,1,1,D,1,0,matched_secondary_full_career,0,0,0,0,0,1.6094379124341003,0,1.6094379124341003
2019-05-03_Juventus_Torino_958,2019-05-03,2018/19,Juventus,Torino,Serie A,domestic_league,H,0,0.78,34.2375,12505,957,685,215,315,0.7157784743991641,6.0,1,2,4,2,3,6,15,0,0,0.6,0.6,0.75,0.6,0.4,0.1,0.6831533991816305,0.0187304086207009,1,0,6.0,42,27,10,0.6428571428571429,40,27,0.675,8,20,0.4,0.8,1.6,1.0,5,1,1,0,1.0,1.0,1,1,0,0,0.0,0.0,0.0,1.0,0.0,1,1656.26,1493.79,162.47,1,28,20,0.7142857142857143,489,390,0.7975460122699386,5,Friday,0.7555,0,0,0,1,0,1,1,1,D,1,0,matched_secondary_full_career,0,0,0,0,0,0.6931471805599453,0,0.6931471805599453
2019-05-12_Juventus_AS_Roma_959,2019-05-12,2018/19,Juventus,AS Roma,Serie A,domestic_league,A,0,0.78,34.2622,12514,958,686,215,314,0.7160751565762005,9.0,0,1,4,2,4,7,15,0,0,0.8,0.7,0.75,0.8,0.5,0.1,0.7782073794271414,0.0131112860344906,2,0,9.0,43,28,10,0.6511627906976745,41,28,0.6829268292682927,6,18,0.2,0.8,1.2,1.2,5,7,5,2,0.7142857142857143,0.5714285714285714,2,1,0,0,0.0,0.0,0.0,1.0,0.0,1,1651.9,1484.83,167.06,7,29,21,0.7241379310344828,439,281,0.6400911161731208,5,Sunday,0.7802,0,0,0,0,0,0,0,2,L,0,0,matched_secondary_full_career,0,0,0,0,0,2.0794415416798357,0,2.0794415416798357
2019-05-19_Juventus_Atalanta_960,2019-05-19,2018/19,Juventus,Atalanta,Serie A,domestic_league,H,0,0.78,34.2813,12521,959,686,215,314,0.7153284671532847,7.0,1,1,4,2,3,7,13,0,0,0.6,0.7,0.65,0.6,0.5,0.1,0.5447451655989989,0.0091779002241434,0,1,16.0,44,28,10,0.6363636363636364,42,28,0.6666666666666666,5,15,0.2,0.6,1.0,1.4,5,2,1,0,0.5,0.5,1,0,1,1,2.0,1.0,2.5,1.0,0.5,2,1637.43,1518.65,118.78,2,30,21,0.7,490,391,0.7979591836734694,5,Sunday,0.7995,0,0,0,0,0,0,1,1,D,0,0,matched_secondary_full_career,0,0,0,0,0,1.0986122886681098,0,1.0986122886681098
2019-06-05_Portugal_Switzerland_961,2019-06-05,2018/19,Portugal,Switzerland,UEFA Nations League,international,H,1,0.82,34.3279,12538,960,686,215,314,0.7145833333333333,17.0,0,0,2,1,2,7,13,0,0,0.4,0.7,0.65,0.4,0.5,0.1,0.3813216159192992,0.0064245301569004,0,2,33.0,45,28,10,0.6222222222222222,156,85,0.5448717948717948,6,16,0.2,0.8,0.8,0.8,5,1,0,0,0.0,0.0,0,1,0,0,0.0,0.0,0.0,2.0,0.0,1,1655.92,1494.85,161.07,1,0,0,0.0,491,391,0.7963340122199593,6,Wednesday,0.8462,0,1,0,1,1,3,3,1,W,3,0,matched_secondary_full_career,0,0,0,0,0,0.6931471805599453,0,0.6931471805599453
2019-06-09_Portugal_Netherlands_962,2019-06-09,2018/19,Portugal,Netherlands,UEFA Nations League,international,H,1,0.82,34.3388,12542,961,689,215,311,0.7169614984391259,4.0,1,1,3,3,5,7,15,0,0,1.0,0.7,0.75,0.6,0.5,0.1,1.1669251311435094,0.0044971711098302,1,0,4.0,46,31,10,0.6739130434782609,157,88,0.5605095541401274,6,16,0.2,0.8,1.2,1.0,5,5,4,1,0.8,0.6,3,3,1,1,0.8,0.4,1.2,1.2,0.2,5,1661.59,1497.8,163.79,5,1,3,3.0,492,394,0.8008130081300813,6,Sunday,0.8571,0,1,0,0,0,0,1,0,W,0,0,matched_secondary_full_career,0,0,0,0,0,1.791759469228055,0,1.791759469228055
2019-08-24_Juventus_Parma_963,2019-08-24,2019/20,Juventus,Parma,Serie A,domestic_league,A,0,0.78,34.5469,12618,962,689,215,311,0.7162162162162162,76.0,0,0,0,3,4,7,15,0,0,0.8,0.7,0.75,0.4,0.5,0.1,0.8168475918004565,0.0031480197768812,0,1,80.0,0,0,0,0.0,43,28,0.6511627906976745,6,16,0.2,0.8,1.0,1.2,5,2,2,1,1.0,0.5,2,1,1,0,0.5,0.5,2.0,2.5,0.0,2,1634.14,1495.91,138.23,2,31,21,0.6774193548387096,440,281,0.6386363636363637,8,Saturday,0.063,1,0,0,0,0,0,1,0,W,0,0,matched_secondary_full_career,0,0,0,0,0,1.0986122886681098,0,1.0986122886681098
2019-08-31_Juventus_Napoli_964,2019-08-31,2019/20,Juventus,Napoli,Serie A,domestic_league,H,0,0.78,34.5661,12625,963,689,215,311,0.715472481827622,7.0,1,1,1,3,3,7,14,0,0,0.6,0.7,0.7,0.2,0.5,0.1,0.5717933142603195,0.0022036138438168,0,2,87.0,1,0,0,0.0,44,28,0.6363636363636364,6,16,0.2,0.8,0.8,1.0,5,4,0,3,0.0,0.0,0,2,0,0,0.0,0.0,1.0,2.5,0.0,2,1640.35,1479.2,161.15,4,32,21,0.65625,493,394,0.7991886409736308,8,Saturday,0.0822,1,0,0,1,0,1,4,3,W,1,0,matched_secondary_full_career,0,0,0,0,0,1.6094379124341003,0,1.6094379124341003
2019-09-07_Portugal_Serbia_965,2019-09-07,2019/20,Portugal,Serbia,Euros Qualifier,international,A,1,0.76,34.5852,12632,964,690,215,310,0.7157676348547718,7.0,1,2,2,1,4,7,15,0,0,0.8,0.7,0.75,0.4,0.5,0.1,0.7002553199822237,0.0015425296906717,1,0,7.0,2,1,0,0.5,158,88,0.5569620253164557,8,16,0.4,0.8,1.2,0.8,5,4,0,0,0.0,0.0,0,1,3,0,0.75,0.75,1.0,1.25,0.0,4,1667.19,1503.89,163.31,4,29,20,0.6896551724137931,441,281,0.63718820861678,9,Saturday,0.1014,1,0,0,1,0,1,4,2,W,1,0,matched_secondary_full_career,0,0,0,0,0,1.6094379124341003,0,1.6094379124341003
2019-09-10_Portugal_Lithuania_966,2019-09-10,2019/20,Portugal,Lithuania,Euros Qualifier,international,A,1,0.76,34.5935,12635,965,691,215,309,0.7160621761658031,3.0,1,2,3,2,5,7,14,0,0,1.0,0.7,0.7,0.6,0.5,0.1,0.7901787239875565,0.0010797707834702,2,0,3.0,3,2,0,0.6666666666666666,159,89,0.559748427672956,11,19,0.6,1.0,1.8,0.8,5,1,0,0,0.0,0.0,0,1,0,0,0.0,0.0,1.0,4.0,0.0,1,1672.81,1490.52,182.29,1,30,21,0.7,442,282,0.6380090497737556,9,Tuesday,0.1096,1,0,0,1,1,4,5,1,W,4,0,matched_secondary_full_career,0,0,0,0,0,0.6931471805599453,0,0.6931471805599453
2019-09-14_Juventus_Fiorentina_967,2019-09-14,2019/20,Juventus,Fiorentina,Serie A,domestic_league,A,0,0.78,34.6044,12639,966,695,215,305,0.7194616977225673,4.0,2,3,4,6,6,11,17,0,0,1.2,1.1,0.85,0.6,0.6,0.2,1.7531251067912894,0.0007558395484291,3,0,4.0,4,6,0,1.5,45,29,0.6444444444444445,8,16,0.4,0.8,1.4,1.4,5,2,1,0,0.5,0.5,1,2,0,0,0.0,0.0,0.5,2.5,0.0,2,1646.02,1488.17,157.85,2,33,22,0.6666666666666666,443,286,0.6455981941309256,9,Saturday,0.1205,1,0,0,0,0,0,0,0,D,0,0,matched_secondary_full_career,0,0,0,0,0,1.0986122886681098,0,1.0986122886681098
2019-09-18_Juventus_Atletico_Madrid_968,2019-09-18,2019/20,Juventus,Atletico Madrid,UEFA Champions League,continental_club,A,0,0.94,34.6154,12643,967,695,215,305,0.718717683557394,4.0,1,3,5,5,6,10,16,0,0,1.2,1.0,0.8,0.6,0.5,0.2,1.2271875747539025,0.0005290876839004,0,1,8.0,5,6,0,1.2,46,29,0.6304347826086957,8,14,0.4,0.8,1.2,1.2,5,33,25,5,0.7575757575757576,0.4545454545454545,4,1,0,1,1.5,0.5,1.0,1.5,0.5,2,1641.77,1609.94,31.83,33,162,126,0.7777777777777778,444,286,0.6441441441441441,9,Wednesday,0.1315,1,0,0,0,0,0,2,2,D,0,0,matched_secondary_full_career,0,0,0,0,0,3.5263605246161616,0,3.5263605246161616
2019-09-21_Juventus_Verona_969,2019-09-21,2019/20,Juventus,Verona,Serie A,domestic_league,H,0,0.78,34.6236,12646,968,695,215,305,0.7179752066115702,3.0,2,4,6,4,6,9,16,0,0,1.2,0.9,0.8,0.6,0.4,0.2,0.8590313023277317,0.0003703613787302,0,2,11.0,6,6,0,1.0,47,29,0.6170212765957447,9,14,0.4,1.0,1.6,1.2,5,0,0,0,0.0,0.0,0,0,0,0,0.0,0.0,0.0,0.0,0.0,0,1640.85,1500.0,140.85,0,34,22,0.6470588235294118,494,395,0.7995951417004049,9,Saturday,0.1397,1,0,0,1,0,1,2,1,W,1,1,matched_secondary_full_career,1,0,0,0,1,0.0,1,0.0
2019-09-28_Juventus_Spal_970,2019-09-28,2019/20,Juventus,Spal,Serie A,domestic_league,H,0,0.78,34.6427,12653,969,696,216,304,0.718266253869969,7.0,1,3,6,1,6,10,17,1,1,1.2,1.0,0.85,0.6,0.5,0.2,0.9013219116294122,0.3002592529651112,1,0,7.0,7,7,1,1.0,48,30,0.625,11,17,0.6,1.0,1.8,1.2,5,1,1,0,1.0,1.0,1,1,0,0,0.0,0.0,0.0,2.0,0.0,1,1647.01,1493.51,153.5,1,35,23,0.6571428571428571,495,396,0.8,9,Saturday,0.1589,1,0,0,1,0,1,2,0,W,1,0,matched_secondary_full_career,0,0,0,0,0,0.6931471805599453,0,0.6931471805599453
2019-10-01_Juventus_Bayer_Leverkusen_971,2019-10-01,2019/20,Juventus,Bayer Leverkusen,UEFA Champions League,continental_club,H,0,0.94,34.651,12656,970,697,216,303,0.7185567010309278,3.0,1,3,6,2,6,11,18,1,1,1.2,1.1,0.9,0.6,0.6,0.2,0.9309253381405884,0.2101814770755778,2,0,3.0,8,8,1,1.0,49,31,0.6326530612244898,11,17,0.6,1.0,2.0,1.2,5,0,0,0,0.0,0.0,0,0,0,0,0.0,0.0,0.0,0.0,0.0,0,1652.86,1500.0,152.86,0,163,126,0.7730061349693251,496,397,0.8004032258064516,10,Tuesday,0.1671,1,0,0,1,0,1,3,0,W,1,0,matched_secondary_full_career,1,0,0,0,1,0.0,1,0.0
2019-10-06_Juventus_Inter_Milan_972,2019-10-06,2019/20,Juventus,Inter Milan,Serie A,domestic_league,A,0,0.78,34.6646,12661,971,698,216,302,0.7188465499485067,5.0,1,2,7,3,3,9,16,1,1,0.6,0.9,0.8,0.6,0.6,0.1,0.9516477366984116,0.1471270339529044,3,0,5.0,9,9,1,1.0,50,32,0.64,11,19,0.6,1.0,1.8,0.6,5,5,2,0,0.4,0.4,2,1,1,0,0.5,0.5,0.5,1.0,0.0,2,1658.72,1500.52,158.2,5,36,24,0.6666666666666666,445,286,0.6426966292134831,10,Sunday,0.1808,1,0,0,0,0,0,2,1,W,0,0,matched_secondary_full_career,0,0,0,0,0,1.791759469228055,0,1.791759469228055
2019-10-11_Portugal_Luxembourg_973,2019-10-11,2019/20,Portugal,Luxembourg,Euros Qualifier,international,H,1,0.76,34.6783,12666,972,698,216,302,0.7181069958847737,5.0,1,3,6,2,3,9,16,1,1,0.6,0.9,0.8,0.6,0.6,0.1,0.6661534156888882,0.1029889237670331,0,1,10.0,10,9,1,0.9,160,93,0.58125,13,19,0.8,1.0,2.8,1.0,5,6,3,1,0.5,0.5,2,6,0,0,0.0,0.0,0.1666666666666666,4.0,0.0,6,1678.0,1457.54,220.46,6,31,25,0.8064516129032258,497,398,0.8008048289738431,10,Friday,0.1945,1,0,0,1,0,1,3,0,W,1,0,matched_secondary_full_career,0,0,0,0,0,1.9459101490553132,0,1.9459101490553132
2019-10-14_Portugal_Ukraine_974,2019-10-14,2019/20,Portugal,Ukraine,Euros Qualifier,international,A,1,0.76,34.6865,12669,973,699,216,301,0.7183967112024666,3.0,1,3,7,2,4,10,17,1,1,0.8,1.0,0.85,0.8,0.7,0.1,0.7663073909822217,0.0720922466369231,1,0,3.0,11,10,1,0.9090909090909092,161,94,0.5838509316770186,15,21,1.0,1.0,3.2,0.8,5,1,0,0,0.0,0.0,0,0,1,0,1.0,1.0,0.0,0.0,1.0,1,1682.39,1504.41,177.97,1,32,26,0.8125,446,286,0.6412556053811659,10,Monday,0.2027,0,0,0,1,0,1,1,2,L,1,0,matched_secondary_full_career,0,0,0,0,0,0.6931471805599453,0,0.6931471805599453
2019-10-19_Juventus_Bologna_975,2019-10-19,2019/20,Juventus,Bologna,Serie A,domestic_league,H,0,0.78,34.7002,12674,974,700,216,300,0.7186858316221766,5.0,1,3,6,2,4,10,17,0,1,0.8,1.0,0.85,0.8,0.7,0.1,0.8364151736875551,0.0504645726458462,2,0,5.0,12,11,1,0.9166666666666666,51,32,0.6274509803921569,13,21,0.8,1.0,2.2,0.8,5,3,0,1,0.0,0.0,0,3,0,0,0.0,0.0,0.0,1.6666666666666667,0.0,3,1664.46,1481.15,183.31,3,37,24,0.6486486486486487,498,399,0.8012048192771084,10,Saturday,0.2164,0,0,0,1,0,1,2,1,W,1,0,matched_secondary_full_career,0,0,0,0,0,1.3862943611198906,0,1.3862943611198906
2019-10-22_Juventus_Lokomotiv_Moscow_976,2019-10-22,2019/20,Juventus,Lokomotiv Moscow,UEFA Champions League,continental_club,H,0,0.94,34.7084,12677,975,701,216,299,0.718974358974359,3.0,1,3,6,3,4,10,17,0,1,0.8,1.0,0.85,0.8,0.7,0.1,0.8854906215812886,0.0353252008520923,3,0,3.0,13,12,1,0.9230769230769232,52,33,0.6346153846153846,15,24,1.0,1.0,2.2,0.6,5,0,0,0,0.0,0.0,0,0,0,0,0.0,0.0,0.0,0.0,0.0,0,1669.62,1500.0,169.62,0,164,127,0.774390243902439,499,400,0.8016032064128257,10,Tuesday,0.2247,0,0,0,0,0,0,2,1,W,0,0,matched_secondary_full_career,1,0,0,0,1,0.0,1,0.0
2019-10-30_Juventus_Genoa_977,2019-10-30,2019/20,Juventus,Genoa,Serie A,domestic_league,H,0,0.78,34.7304,12685,976,701,216,299,0.7182377049180327,8.0,0,2,6,2,3,6,17,0,1,0.6,0.6,0.85,0.6,0.6,0.0,0.619843435106902,0.0247276405964646,0,1,11.0,14,12,1,0.8571428571428571,53,33,0.6226415094339622,15,26,1.0,1.0,2.2,0.6,5,1,1,0,1.0,1.0,1,0,1,0,1.0,1.0,1.0,1.0,0.0,1,1675.09,1502.92,172.18,1,38,25,0.6578947368421053,500,400,0.8,10,Wednesday,0.2466,0,0,0,1,0,1,2,1,W,1,0,matched_secondary_full_career,0,0,0,0,0,0.6931471805599453,0,0.6931471805599453
2019-11-02_Juventus_Torino_978,2019-11-02,2019/20,Juventus,Torino,Serie A,domestic_league,A,0,0.78,34.7386,12688,977,702,216,298,0.7185261003070624,3.0,1,3,6,2,4,7,17,0,1,0.8,0.7,0.85,0.8,0.7,0.0,0.7338904045748313,0.0173093484175252,1,0,3.0,15,13,1,0.8666666666666667,54,34,0.6296296296296297,15,26,1.0,1.0,2.2,0.8,5,2,2,0,1.0,1.0,2,1,1,0,0.5,0.5,0.5,1.0,0.0,2,1680.51,1498.15,182.35,2,39,26,0.6666666666666666,447,287,0.6420581655480985,11,Saturday,0.2548,0,0,0,0,0,0,1,0,W,0,0,matched_secondary_full_career,0,0,0,0,0,1.0986122886681098,0,1.0986122886681098
2019-11-06_Juventus_Lokomotiv_Moscow_979,2019-11-06,2019/20,Juventus,Lokomotiv Moscow,UEFA Champions League,continental_club,A,0,0.94,34.7495,12692,978,702,216,298,0.7177914110429447,4.0,2,2,6,1,3,7,16,0,1,0.6,0.7,0.8,0.6,0.7,0.0,0.5137232832023819,0.0121165438922676,0,1,7.0,16,13,1,0.8125,55,34,0.6181818181818182,15,26,1.0,1.0,1.8,0.8,5,1,0,0,0.0,0.0,0,1,0,0,0.0,0.0,1.0,2.0,0.0,1,1685.69,1494.53,191.17,1,165,127,0.7696969696969697,448,287,0.640625,11,Wednesday,0.2658,0,0,0,0,0,0,2,1,W,0,0,matched_secondary_full_career,0,0,0,0,0,0.6931471805599453,0,0.6931471805599453
2019-11-10_Juventus_AC_Milan_980,2019-11-10,2019/20,Juventus,AC Milan,Serie A,domestic_league,H,0,0.78,34.7605,12696,979,702,216,298,0.7170582226762002,4.0,1,3,7,1,2,6,16,0,0,0.4,0.6,0.8,0.4,0.6,0.0,0.3596062982416673,0.0084815807245873,0,2,11.0,17,13,1,0.7647058823529411,56,34,0.6071428571428571,15,28,1.0,1.0,1.8,0.8,5,8,4,1,0.5,0.5,2,2,0,0,0.0,0.0,0.0,1.5,0.0,2,1690.69,1520.6,170.08,8,40,26,0.65,501,401,0.8003992015968064,11,Sunday,0.2767,0,0,0,0,0,0,1,0,W,0,0,matched_secondary_full_career,0,0,0,0,0,2.1972245773362196,0,2.1972245773362196
2019-11-14_Portugal_Lithuania_981,2019-11-14,2019/20,Portugal,Lithuania,Euros Qualifier,international,H,1,0.76,34.7714,12700,980,702,216,298,0.7163265306122449,4.0,1,3,6,0,1,5,16,0,0,0.2,0.5,0.8,0.2,0.5,0.0,0.2517244087691671,0.0059371065072111,0,3,15.0,18,13,1,0.7222222222222222,162,95,0.5864197530864198,12,18,0.8,0.8,2.8,1.0,5,2,4,0,2.0,0.5,4,2,0,0,0.0,0.0,1.0,4.5,0.0,2,1667.67,1485.33,182.34,2,33,27,0.8181818181818182,502,401,0.798804780876494,11,Thursday,0.2877,0,0,0,1,1,3,6,0,W,3,0,matched_secondary_full_career,0,0,0,0,0,1.0986122886681098,0,1.0986122886681098
2019-11-17_Portugal_Luxembourg_982,2019-11-17,2019/20,Portugal,Luxembourg,Euros Qualifier,international,A,1,0.76,34.7796,12703,981,705,216,295,0.7186544342507645,3.0,2,3,7,3,4,7,16,0,0,0.8,0.7,0.8,0.4,0.5,0.1,1.076207086138417,0.0041559745550478,1,0,3.0,19,16,1,0.8421052631578947,163,98,0.6012269938650306,12,20,0.8,0.8,3.8,1.0,5,7,4,1,0.5714285714285714,0.5714285714285714,3,7,0,0,0.0,0.0,0.1428571428571428,3.857142857142857,0.0,7,1672.86,1453.15,219.7,7,34,30,0.8823529411764706,449,287,0.6391982182628062,11,Sunday,0.2959,0,0,0,1,0,1,2,0,W,1,0,matched_secondary_full_career,0,0,0,0,0,2.0794415416798357,0,2.0794415416798357
2019-11-26_Juventus_Atletico_Madrid_983,2019-11-26,2019/20,Juventus,Atletico Madrid,UEFA Champions League,continental_club,H,0,0.94,34.8043,12712,982,706,216,294,0.7189409368635438,9.0,0,2,6,4,4,8,17,0,0,0.8,0.8,0.85,0.4,0.6,0.1,1.0533449602968918,0.0029091821885334,2,0,9.0,20,17,1,0.85,57,34,0.5964912280701754,15,30,1.0,1.0,1.6,0.6,5,34,25,5,0.7352941176470589,0.4411764705882353,3,1,1,1,1.3333333333333333,0.6666666666666666,1.3333333333333333,1.6666666666666667,0.3333333333333333,3,1696.15,1610.85,85.29,34,166,127,0.7650602409638554,503,404,0.8031809145129225,11,Tuesday,0.3205,0,0,0,0,0,0,1,0,W,0,0,matched_secondary_full_career,0,0,0,0,0,3.5553480614894135,0,3.5553480614894135
2019-12-01_Juventus_Sassuolo_984,2019-12-01,2019/20,Juventus,Sassuolo,Serie A,domestic_league,H,0,0.78,34.818,12717,983,706,216,294,0.7182095625635809,5.0,1,2,6,4,4,7,17,0,0,0.8,0.7,0.85,0.4,0.5,0.1,0.7373414722078242,0.0020364275319734,0,1,14.0,21,17,1,0.8095238095238095,58,34,0.5862068965517241,15,30,1.0,1.0,1.4,0.4,5,2,3,1,1.5,1.0,3,2,0,0,0.0,0.0,0.5,2.5,0.0,2,1703.74,1486.04,217.7,2,41,26,0.6341463414634146,504,404,0.8015873015873016,12,Sunday,0.3342,0,0,1,1,0,1,2,2,D,1,0,matched_secondary_full_career,0,0,0,0,0,1.0986122886681098,0,1.0986122886681098
2019-12-07_Juventus_Lazio_985,2019-12-07,2019/20,Juventus,Lazio,Serie A,domestic_league,A,0,0.78,34.8344,12723,984,707,216,293,0.7184959349593496,6.0,1,2,5,2,5,7,17,0,0,1.0,0.7,0.85,0.6,0.5,0.1,0.816139030545477,0.0014254992723813,1,0,6.0,22,18,1,0.8181818181818182,59,35,0.5932203389830508,13,28,0.8,1.0,1.4,0.6,5,2,1,1,0.5,0.5,1,2,0,0,0.0,0.0,0.5,2.0,0.0,2,1698.18,1485.87,212.31,2,42,27,0.6428571428571429,450,288,0.64,12,Saturday,0.3507,0,0,1,1,0,1,1,3,L,1,0,matched_secondary_full_career,0,0,0,0,0,1.0986122886681098,0,1.0986122886681098
2019-12-11_Juventus_Bayer_Leverkusen_986,2019-12-11,2019/20,Juventus,Bayer Leverkusen,UEFA Champions League,continental_club,A,0,0.94,34.8453,12727,985,708,216,292,0.7187817258883249,4.0,1,2,5,2,6,7,17,0,0,1.2,0.7,0.85,0.8,0.5,0.1,0.8712973213818338,0.0009978494906669,2,0,4.0,23,19,1,0.8260869565217391,60,36,0.6,10,25,0.6,0.8,1.4,1.2,5,1,1,0,1.0,1.0,1,1,0,0,0.0,0.0,0.0,3.0,0.0,1,1682.74,1494.14,188.6,1,167,127,0.7604790419161677,451,289,0.6407982261640798,12,Wednesday,0.3616,0,0,1,1,0,1,2,0,W,1,0,matched_secondary_full_career,0,0,0,0,0,0.6931471805599453,0,0.6931471805599453
2019-12-15_Juventus_Udinese_987,2019-12-15,2019/20,Juventus,Udinese,Serie A,domestic_league,H,0,0.78,34.8563,12731,986,709,216,291,0.7190669371196755,4.0,1,3,5,3,4,8,14,0,0,0.8,0.8,0.7,0.8,0.6,0.1,0.9099081249672836,0.0006984946434668,3,0,4.0,24,20,1,0.8333333333333334,61,37,0.6065573770491803,10,25,0.6,0.8,1.4,1.0,5,1,1,0,1.0,1.0,1,1,0,0,0.0,0.0,0.0,2.0,0.0,1,1687.78,1492.72,195.06,1,43,28,0.6511627906976745,505,405,0.801980198019802,12,Sunday,0.3726,0,0,1,1,1,2,3,1,W,2,0,matched_secondary_full_career,0,0,0,0,0,0.6931471805599453,0,0.6931471805599453
2019-12-18_Juventus_Sampdoria_988,2019-12-18,2019/20,Juventus,Sampdoria,Serie A,domestic_league,A,0,0.78,34.8645,12734,987,711,216,289,0.7203647416413373,3.0,2,3,5,4,5,9,16,0,0,1.0,0.9,0.8,0.8,0.6,0.2,1.2369356874770985,0.0004889462504268,4,0,3.0,25,22,1,0.88,62,39,0.6290322580645161,10,25,0.6,0.8,1.8,1.2,5,1,2,0,2.0,1.0,2,1,0,0,0.0,0.0,1.0,2.0,0.0,1,1692.69,1493.99,198.71,1,44,30,0.6818181818181818,452,290,0.6415929203539823,12,Wednesday,0.3808,0,0,1,1,0,1,2,1,W,1,0,matched_secondary_full_career,0,0,0,0,0,0.6931471805599453,0,0.6931471805599453
2019-12-22_Juventus_Lazio_989,2019-12-22,2019/20,Juventus,Lazio,Supercoppa Italiana,domestic_or_other_cup,H,0,0.82,34.8755,12738,988,712,216,288,0.7206477732793523,4.0,2,3,6,4,6,10,17,0,0,1.2,1.0,0.85,1.0,0.7,0.2,1.165854981233969,0.0003422623752987,5,0,4.0,26,23,1,0.8846153846153846,63,40,0.6349206349206349,10,25,0.6,0.8,2.0,1.4,5,3,2,1,0.6666666666666666,0.6666666666666666,2,2,0,1,1.0,0.3333333333333333,1.3333333333333333,1.6666666666666667,0.0,3,1697.53,1501.32,196.2,3,1,1,1.0,506,407,0.8043478260869565,12,Sunday,0.3918,0,0,1,0,0,0,1,3,L,0,0,matched_secondary_full_career,0,0,0,0,0,1.3862943611198906,0,1.3862943611198906
2020-01-06_Juventus_Cagliari_990,2020-01-06,2019/20,Juventus,Cagliari,Serie A,domestic_league,H,0,0.78,34.9165,12753,989,712,216,288,0.7199191102123357,15.0,0,0,5,3,5,10,16,0,0,1.0,1.0,0.8,0.8,0.7,0.2,0.8160984868637782,0.0002395836627091,0,1,19.0,27,23,1,0.8518518518518519,64,40,0.625,9,22,0.6,0.6,1.8,1.6,5,1,0,1,0.0,0.0,0,1,0,0,0.0,0.0,1.0,3.0,0.0,1,1682.41,1493.35,189.06,1,45,31,0.6888888888888889,507,407,0.8027613412228797,1,Monday,0.4329,0,0,1,1,1,3,4,0,W,3,1,matched_secondary_full_career,0,0,0,0,0,0.6931471805599453,0,0.6931471805599453
2020-01-12_Juventus_AS_Roma_991,2020-01-12,2019/20,Juventus,AS Roma,Serie A,domestic_league,A,0,0.78,34.933,12759,990,715,217,285,0.7222222222222222,6.0,1,1,4,4,7,13,18,1,1,1.4,1.3,0.9,0.8,0.8,0.3,1.4712689408046449,0.3001677085638964,1,0,6.0,28,26,2,0.9285714285714286,65,43,0.6615384615384615,12,22,0.8,0.8,2.4,1.0,5,8,5,2,0.625,0.5,1,1,0,1,1.5,0.5,1.0,0.5,0.5,2,1687.45,1499.3,188.15,8,46,34,0.7391304347826086,453,291,0.6423841059602649,1,Sunday,0.4493,0,0,1,1,0,1,2,1,W,1,0,matched_secondary_full_career,0,0,0,0,0,2.1972245773362196,0,2.1972245773362196
2020-01-19_Juventus_Parma_992,2020-01-19,2019/20,Juventus,Parma,Serie A,domestic_league,H,0,0.78,34.9521,12766,991,716,217,284,0.722502522704339,7.0,1,2,3,4,7,11,18,1,1,1.4,1.1,0.9,0.8,0.8,0.2,1.3298882585632512,0.2101173959947274,2,0,7.0,29,27,2,0.9310344827586208,66,44,0.6666666666666666,12,22,0.8,0.8,2.4,1.2,5,3,2,1,0.6666666666666666,0.3333333333333333,2,2,1,0,0.3333333333333333,0.3333333333333333,1.3333333333333333,2.0,0.0,3,1692.51,1489.69,202.82,3,47,35,0.7446808510638298,508,410,0.8070866141732284,1,Sunday,0.4685,0,0,1,1,1,2,2,1,W,2,0,matched_secondary_full_career,0,0,0,0,0,1.3862943611198906,0,1.3862943611198906
2020-01-22_Juventus_AS_Roma_993,2020-01-22,2019/20,Juventus,AS Roma,Coppa Italia,domestic_or_other_cup,H,0,0.72,34.9603,12769,992,718,217,282,0.7237903225806451,3.0,1,2,3,6,7,12,20,1,1,1.4,1.2,1.0,0.8,0.8,0.3,1.5309217809942757,0.1470821771963092,3,0,3.0,30,29,2,0.9666666666666668,67,46,0.6865671641791045,12,22,0.8,0.8,2.2,1.2,5,9,6,2,0.6666666666666666,0.5555555555555556,1,2,0,1,1.0,0.3333333333333333,1.0,1.0,0.3333333333333333,3,1697.26,1494.24,203.01,9,2,0,0.0,509,412,0.8094302554027505,1,Wednesday,0.4767,0,0,1,1,0,1,3,1,W,1,0,matched_secondary_full_career,0,0,0,0,0,2.302585092994046,0,2.302585092994046
2020-01-26_Juventus_Napoli_994,2020-01-26,2019/20,Juventus,Napoli,Serie A,domestic_league,A,0,0.78,34.9713,12773,993,719,217,281,0.7240684793554885,4.0,2,3,4,4,7,13,20,1,1,1.4,1.3,1.0,0.8,0.9,0.3,1.371645246695993,0.1029575240374164,4,0,4.0,31,30,2,0.967741935483871,68,47,0.6911764705882353,12,22,0.8,0.8,2.4,1.2,5,5,1,3,0.2,0.2,1,3,0,0,0.0,0.0,1.6666666666666667,3.0,0.0,3,1702.0,1473.53,228.46,5,48,37,0.7708333333333334,454,292,0.6431718061674009,1,Sunday,0.4877,0,0,1,1,0,1,1,2,L,1,0,matched_secondary_full_career,0,0,0,0,0,1.791759469228055,0,1.791759469228055
2020-02-02_Juventus_Fiorentina_995,2020-02-02,2019/20,Juventus,Fiorentina,Serie A,domestic_league,H,0,0.78,34.9905,12780,994,720,217,280,0.7243460764587525,7.0,1,3,5,4,8,13,20,1,1,1.6,1.3,1.0,1.0,0.9,0.3,1.260151672687195,0.0720702668261915,5,0,7.0,32,31,2,0.96875,69,48,0.6956521739130435,12,21,0.8,0.8,2.4,1.0,5,3,1,0,0.3333333333333333,0.3333333333333333,1,2,1,0,0.3333333333333333,0.3333333333333333,0.3333333333333333,1.6666666666666667,0.3333333333333333,3,1686.23,1492.43,193.8,3,49,38,0.7755102040816326,510,413,0.8098039215686275,2,Sunday,0.5068,0,0,0,1,1,2,3,0,W,2,0,matched_secondary_full_career,0,0,0,0,0,1.3862943611198906,0,1.3862943611198906
2020-02-08_Juventus_Verona_996,2020-02-08,2019/20,Juventus,Verona,Serie A,domestic_league,A,0,0.78,35.0069,12786,995,722,217,278,0.7256281407035176,6.0,1,2,5,4,7,14,21,0,1,1.4,1.4,1.05,1.0,0.9,0.4,1.4821061708810364,0.050449186778334,6,0,6.0,33,33,2,1.0,70,50,0.7142857142857143,12,24,0.8,0.8,2.2,1.0,5,1,1,1,1.0,1.0,1,1,0,0,0.0,0.0,1.0,2.0,0.0,1,1691.17,1493.85,197.32,1,50,40,0.8,455,293,0.643956043956044,2,Saturday,0.5233,0,0,0,1,0,1,1,2,L,1,0,matched_secondary_full_career,0,0,0,0,0,0.6931471805599453,0,0.6931471805599453
2020-02-13_Juventus_AC_Milan_997,2020-02-13,2019/20,Juventus,AC Milan,Coppa Italia,domestic_or_other_cup,A,0,0.72,35.0206,12791,996,723,217,277,0.7259036144578314,5.0,1,2,5,4,7,14,22,0,1,1.4,1.4,1.1,1.0,0.9,0.4,1.3374743196167254,0.0353144307448338,7,0,5.0,34,34,2,1.0,71,51,0.7183098591549296,9,21,0.6,0.6,2.0,1.2,5,9,4,1,0.4444444444444444,0.4444444444444444,2,3,0,0,0.0,0.0,0.0,1.3333333333333333,0.0,3,1676.03,1515.14,160.89,9,3,1,0.3333333333333333,456,294,0.6447368421052632,2,Thursday,0.537,0,0,0,1,0,1,1,1,D,1,0,matched_secondary_full_career,0,0,0,0,0,2.302585092994046,0,2.302585092994046
2020-02-22_Juventus_Spal_998,2020-02-22,2019/20,Juventus,Spal,Serie A,domestic_league,A,0,0.78,35.0452,12800,997,724,217,276,0.7261785356068204,9.0,0,2,4,4,6,13,22,0,1,1.2,1.3,1.1,1.0,0.9,0.3,1.2362320237317077,0.0247201015213836,8,0,9.0,35,35,2,1.0,72,52,0.7222222222222222,7,19,0.4,0.6,1.8,1.2,5,2,2,0,1.0,1.0,2,2,0,0,0.0,0.0,0.0,2.0,0.0,2,1671.7,1487.66,184.04,2,51,41,0.803921568627451,457,295,0.6455142231947484,2,Saturday,0.5616,0,0,0,1,0,1,2,1,W,1,0,matched_secondary_full_career,0,0,0,0,0,1.0986122886681098,0,1.0986122886681098
2020-02-26_Juventus_Lyon_999,2020-02-26,2019/20,Juventus,Lyon,UEFA Champions League,continental_club,A,0,0.94,35.0562,12804,998,725,217,275,0.7264529058116233,4.0,1,2,4,3,6,13,23,0,1,1.2,1.3,1.15,1.0,0.9,0.3,1.1653624166121954,0.0173040710649685,9,0,4.0,36,36,2,1.0,73,53,0.726027397260274,7,19,0.4,0.6,1.6,1.2,5,10,4,4,0.4,0.3,2,0,0,0,0.0,0.0,0.0,0.0,0.0,0,1676.85,1504.59,172.26,10,168,128,0.7619047619047619,458,296,0.6462882096069869,2,Wednesday,0.5726,0,0,0,0,0,0,0,1,L,0,0,matched_secondary_full_career,1,0,0,0,0,2.3978952727983707,0,2.3978952727983707
2020-03-08_Juventus_Inter_Milan_1000,2020-03-08,2019/20,Juventus,Inter Milan,Serie A,domestic_league,H,0,0.78,35.0863,12815,999,725,217,275,0.7257257257257257,11.0,0,1,4,2,5,13,23,0,1,1.0,1.3,1.15,0.8,0.9,0.3,0.8157536916285367,0.012112849745478,0,1,15.0,37,36,2,0.972972972972973,74,53,0.7162162162162162,7,19,0.4,0.6,1.4,1.0,5,6,2,0,0.3333333333333333,0.3333333333333333,1,2,1,0,0.3333333333333333,0.3333333333333333,0.6666666666666666,1.3333333333333333,0.0,3,1662.26,1494.79,167.48,6,52,42,0.8076923076923077,511,415,0.812133072407045,3,Sunday,0.6027,0,0,0,0,0,0,2,0,W,0,1,matched_secondary_full_career,0,0,0,0,0,1.9459101490553132,0,1.9459101490553132
2020-06-12_Juventus_AC_Milan_1001,2020-06-12,2019/20,Juventus,AC Milan,Coppa Italia,domestic_or_other_cup,H,0,0.72,35.3491,12911,1000,725,218,275,0.725,96.0,0,0,0,1,3,10,23,1,1,0.6,1.0,1.15,0.6,0.8,0.2,0.5710275841399757,0.3084789948218346,0,2,111.0,38,36,3,0.9473684210526316,75,53,0.7066666666666667,7,19,0.4,0.6,1.2,1.0,5,10,5,1,0.5,0.5,2,3,1,0,0.25,0.25,0.25,1.25,0.0,4,1667.78,1519.47,148.32,10,4,2,0.5,512,415,0.810546875,6,Friday,0.8658,0,1,0,0,0,0,0,0,D,0,0,matched_secondary_full_career,0,0,0,0,0,2.3978952727983707,0,2.3978952727983707
2020-06-17_Juventus_Napoli_1002,2020-06-17,2019/20,Juventus,Napoli,Coppa Italia,domestic_or_other_cup,A,0,0.72,35.3628,12916,1001,725,218,275,0.7242757242757243,5.0,1,1,1,0,2,9,20,1,1,0.4,0.9,1.0,0.4,0.7,0.2,0.3997193088979829,0.2159352963752842,0,3,116.0,39,36,3,0.9230769230769232,76,53,0.6973684210526315,8,17,0.4,0.8,1.0,0.6,5,6,2,3,0.3333333333333333,0.3333333333333333,2,3,0,1,0.75,0.25,1.75,2.5,0.0,4,1663.76,1489.3,174.46,6,5,2,0.4,459,296,0.644880174291939,6,Wednesday,0.8795,0,1,0,0,0,0,0,0,D,0,0,matched_secondary_full_career,0,0,0,0,0,1.9459101490553132,0,1.9459101490553132
2020-06-22_Juventus_Bologna_1003,2020-06-22,2019/20,Juventus,Bologna,Serie A,domestic_league,A,0,0.78,35.3765,12921,1002,725,218,275,0.7235528942115769,5.0,1,2,2,0,1,7,19,1,1,0.2,0.7,0.95,0.2,0.6,0.1,0.279803516228588,0.1511547074626989,0,4,121.0,40,36,3,0.9,77,53,0.6883116883116883,8,15,0.4,0.8,0.8,0.4,5,4,1,1,0.25,0.25,1,4,0,0,0.0,0.0,0.25,1.75,0.0,4,1659.12,1475.98,183.14,4,53,42,0.7924528301886793,460,296,0.6434782608695652,6,Monday,0.8932,0,1,0,1,0,1,2,0,W,1,0,matched_secondary_full_career,0,0,0,0,0,1.6094379124341003,0,1.6094379124341003
2020-06-26_Juventus_Lecce_1004,2020-06-26,2019/20,Juventus,Lecce,Serie A,domestic_league,H,0,0.78,35.3874,12925,1003,726,218,274,0.7238285144566301,4.0,1,3,3,1,1,7,20,1,1,0.2,0.7,1.0,0.2,0.6,0.1,0.4958624613600116,0.1058082952238892,1,0,4.0,41,37,3,0.902439024390244,78,54,0.6923076923076923,8,15,0.4,0.8,0.8,0.2,5,0,0,0,0.0,0.0,0,0,0,0,0.0,0.0,0.0,0.0,0.0,0,1664.29,1500.0,164.29,0,54,43,0.7962962962962963,513,415,0.8089668615984406,6,Friday,0.9041,0,1,0,1,0,1,4,0,W,1,1,matched_secondary_full_career,1,0,0,0,1,0.0,1,0.0
2020-06-30_Juventus_Genoa_1005,2020-06-30,2019/20,Juventus,Genoa,Serie A,domestic_league,A,0,0.78,35.3984,12929,1004,727,219,273,0.7241035856573705,4.0,1,3,4,2,2,7,20,2,2,0.4,0.7,1.0,0.4,0.6,0.1,0.6471037229520081,0.3740658066567224,2,0,4.0,42,38,4,0.9047619047619048,79,55,0.6962025316455697,11,18,0.6,1.0,1.6,0.0,5,2,2,0,1.0,1.0,2,1,1,0,0.5,0.5,1.0,1.5,0.0,2,1669.88,1497.5,172.38,2,55,44,0.8,461,297,0.6442516268980477,6,Tuesday,0.9151,0,1,0,1,0,1,3,1,W,1,0,matched_secondary_full_career,0,0,0,0,0,1.0986122886681098,0,1.0986122886681098
2020-07-04_Juventus_Torino_1006,2020-07-04,2019/20,Juventus,Torino,Serie A,domestic_league,H,0,0.78,35.4094,12933,1005,728,219,272,0.7243781094527363,4.0,1,3,5,3,3,6,20,1,2,0.6,0.6,1.0,0.6,0.6,0.0,0.7529726060664057,0.2618460646597057,3,0,4.0,43,39,4,0.9069767441860463,80,56,0.7,11,18,0.6,1.0,1.8,0.2,5,3,2,0,0.6666666666666666,0.6666666666666666,2,2,1,0,0.3333333333333333,0.3333333333333333,0.3333333333333333,1.0,0.0,3,1675.29,1492.97,182.32,3,56,45,0.8035714285714286,514,416,0.8093385214007782,7,Saturday,0.926,0,1,0,1,0,1,4,1,W,1,1,matched_secondary_full_career,0,0,0,0,0,1.3862943611198906,0,1.3862943611198906
2020-07-07_Juventus_AC_Milan_1007,2020-07-07,2019/20,Juventus,AC Milan,Serie A,domestic_league,A,0,0.78,35.4176,12936,1006,729,220,271,0.7246520874751491,3.0,2,3,6,3,4,6,20,2,3,0.8,0.6,1.0,0.8,0.6,0.0,0.827080824246484,0.483292245261794,4,0,3.0,44,40,5,0.9090909090909092,81,57,0.7037037037037037,13,21,0.8,1.0,2.6,0.4,5,11,5,1,0.4545454545454545,0.4545454545454545,1,3,2,0,0.4,0.4,0.2,1.0,0.2,5,1680.48,1523.49,156.98,11,57,46,0.8070175438596491,462,298,0.645021645021645,7,Tuesday,0.9342,0,1,0,1,0,1,2,4,L,1,0,matched_secondary_full_career,0,0,0,0,0,2.4849066497880004,0,2.4849066497880004
2020-07-11_Juventus_Atalanta_1008,2020-07-11,2019/20,Juventus,Atalanta,Serie A,domestic_league,H,0,0.78,35.4285,12940,1007,730,220,270,0.7249255213505462,4.0,2,3,7,3,5,6,19,2,3,1.0,0.6,0.95,1.0,0.6,0.0,0.8789565769725387,0.3383045716832558,5,0,4.0,45,41,5,0.9111111111111112,82,58,0.7073170731707317,12,20,0.8,0.8,3.0,1.2,5,3,1,0,0.3333333333333333,0.3333333333333333,1,0,2,1,1.6666666666666667,1.0,2.0,1.0,0.3333333333333333,3,1666.24,1521.94,144.3,3,58,47,0.8103448275862069,515,417,0.8097087378640777,7,Saturday,0.9452,0,1,0,1,1,2,2,2,D,2,0,matched_secondary_full_career,0,0,0,0,0,1.3862943611198906,0,1.3862943611198906
2020-07-15_Juventus_Sassuolo_1009,2020-07-15,2019/20,Juventus,Sassuolo,Serie A,domestic_league,A,0,0.78,35.4395,12944,1008,732,220,268,0.7261904761904762,4.0,1,3,7,4,6,7,20,2,3,1.2,0.7,1.0,1.0,0.6,0.1,1.215269603880777,0.236813200178279,6,0,4.0,46,43,5,0.9347826086956522,83,60,0.7228915662650602,10,18,0.6,0.8,3.0,1.6,5,3,4,1,1.3333333333333333,1.0,4,2,1,0,0.3333333333333333,0.3333333333333333,1.0,2.333333333333333,0.0,3,1662.31,1491.6,170.71,3,59,49,0.8305084745762712,463,299,0.6457883369330454,7,Wednesday,0.9562,0,1,0,0,0,0,3,3,D,0,0,matched_secondary_full_career,0,0,0,0,0,1.3862943611198906,0,1.3862943611198906
2020-07-20_Juventus_Lazio_1010,2020-07-20,2019/20,Juventus,Lazio,Serie A,domestic_league,H,0,0.78,35.4532,12949,1009,732,220,268,0.7254707631318137,5.0,1,3,7,3,5,7,20,1,3,1.0,0.7,1.0,0.8,0.6,0.1,0.8506887227165439,0.1657692401247953,0,1,9.0,47,43,5,0.9148936170212766,84,60,0.7142857142857143,8,19,0.4,0.8,2.8,2.2,5,4,2,1,0.5,0.5,2,2,0,2,1.5,0.5,1.75,1.5,0.0,4,1657.76,1516.44,141.32,4,60,49,0.8166666666666667,516,419,0.812015503875969,7,Monday,0.9699,0,1,0,1,1,2,2,1,W,2,0,matched_secondary_full_career,0,0,0,0,0,1.6094379124341003,0,1.6094379124341003
2020-07-23_Juventus_Udinese_1011,2020-07-23,2019/20,Juventus,Udinese,Serie A,domestic_league,A,0,0.78,35.4614,12952,1010,734,220,266,0.7267326732673267,3.0,1,3,7,4,6,9,19,1,2,1.2,0.9,0.95,0.8,0.7,0.2,1.1954821059015803,0.1160384680873567,1,0,3.0,48,45,5,0.9375,85,62,0.7294117647058823,8,19,0.4,0.8,2.6,2.2,5,2,3,0,1.5,1.0,3,2,0,0,0.0,0.0,0.5,2.5,0.0,2,1663.9,1487.81,176.09,2,61,51,0.8360655737704918,464,299,0.6443965517241379,7,Thursday,0.9781,0,1,0,0,0,0,1,2,L,0,0,matched_secondary_full_career,0,0,0,0,0,1.0986122886681098,0,1.0986122886681098
2020-07-26_Juventus_Sampdoria_1012,2020-07-26,2019/20,Juventus,Sampdoria,Serie A,domestic_league,H,0,0.78,35.4696,12955,1011,734,220,266,0.7260138476755688,3.0,2,3,8,2,5,9,18,0,2,1.0,0.9,0.9,0.6,0.7,0.2,0.8368374741311063,0.0812269276611497,0,1,6.0,49,45,5,0.9183673469387756,86,62,0.7209302325581395,5,18,0.2,0.6,2.0,2.4,5,2,3,0,1.5,1.0,3,2,0,0,0.0,0.0,1.0,2.0,0.0,2,1649.23,1489.15,160.07,2,62,51,0.8225806451612904,517,421,0.8143133462282398,7,Sunday,0.9863,0,1,0,1,0,1,2,0,W,1,0,matched_secondary_full_career,0,0,0,0,0,1.0986122886681098,0,1.0986122886681098
2020-07-29_Juventus_Cagliari_1013,2020-07-29,2019/20,Juventus,Cagliari,Serie A,domestic_league,A,0,0.78,35.4778,12958,1012,735,220,265,0.7262845849802372,3.0,2,4,8,3,5,10,17,0,2,1.0,1.0,0.85,0.6,0.8,0.2,0.8857862318917744,0.0568588493628047,1,0,3.0,50,46,5,0.92,87,63,0.7241379310344828,8,20,0.4,0.8,2.0,1.6,5,2,3,2,1.5,0.5,3,2,0,0,0.0,0.0,0.5,3.5,0.0,2,1654.92,1488.32,166.61,2,63,52,0.8253968253968254,465,299,0.6430107526881721,7,Wednesday,0.9945,0,1,0,0,0,0,0,2,L,0,0,matched_secondary_full_career,0,0,0,0,0,1.0986122886681098,0,1.0986122886681098
2020-08-07_Juventus_Lyon_1014,2020-08-07,2020/21,Juventus,Lyon,UEFA Champions League,continental_club,H,0,0.94,35.5024,12967,1013,735,220,265,0.7255676209279368,9.0,0,2,6,1,3,9,16,0,2,0.6,0.9,0.8,0.4,0.7,0.2,0.620050362324242,0.0398011945539633,0,1,12.0,0,0,0,0.0,88,63,0.7159090909090909,7,17,0.4,0.6,1.6,1.6,5,11,4,4,0.3636363636363636,0.2727272727272727,2,0,0,1,3.0,1.0,1.0,0.0,1.0,1,1640.46,1519.18,121.29,11,169,128,0.757396449704142,518,422,0.8146718146718147,8,Friday,0.0165,1,0,0,1,1,2,2,1,W,2,0,matched_secondary_full_career,0,0,0,0,0,2.4849066497880004,0,2.4849066497880004
2020-09-08_Portugal_Sweden_1015,2020-09-08,2020/21,Portugal,Sweden,UEFA Nations League,international,A,1,0.82,35.5901,12999,1014,737,220,263,0.7268244575936884,32.0,0,0,0,3,5,10,17,0,1,1.0,1.0,0.85,0.6,0.7,0.3,1.0340352536269697,0.0278608361877743,1,0,32.0,1,2,0,2.0,164,99,0.6036585365853658,12,23,0.8,0.8,3.4,0.6,5,6,5,1,0.8333333333333334,0.5,5,2,3,1,1.0,0.6666666666666666,1.1666666666666667,1.3333333333333333,0.3333333333333333,6,1677.26,1507.58,169.68,6,2,3,1.5,466,299,0.6416309012875536,9,Tuesday,0.1044,1,0,0,1,1,2,2,0,W,2,0,matched_secondary_full_career,0,0,0,0,0,1.9459101490553132,0,1.9459101490553132
2020-09-20_Juventus_Sampdoria_1016,2020-09-20,2020/21,Juventus,Sampdoria,Serie A,domestic_league,H,0,0.78,35.6229,13011,1015,739,220,261,0.7280788177339902,12.0,0,1,1,4,5,11,17,0,1,1.0,1.1,0.85,0.6,0.7,0.4,1.3238246775388784,0.019502585331442,2,0,12.0,2,4,0,2.0,89,65,0.7303370786516854,9,17,0.6,0.6,1.4,1.2,5,3,4,0,1.3333333333333333,1.0,4,3,0,0,0.0,0.0,0.6666666666666666,2.0,0.0,3,1647.11,1483.46,163.65,3,64,52,0.8125,519,424,0.8169556840077071,9,Sunday,0.1374,1,0,0,1,0,1,3,0,W,1,1,matched_secondary_full_career,0,0,0,0,0,1.3862943611198906,0,1.3862943611198906
2020-09-27_Juventus_AS_Roma_1017,2020-09-27,2020/21,Juventus,AS Roma,Serie A,domestic_league,A,0,0.78,35.6421,13018,1016,740,221,260,0.7283464566929134,7.0,1,1,2,5,6,11,17,1,1,1.2,1.1,0.85,0.8,0.7,0.4,1.2266772742772147,0.3136518097320094,3,0,7.0,3,5,1,1.6666666666666667,90,66,0.7333333333333333,9,17,0.6,0.6,1.6,1.0,5,10,7,2,0.7,0.6,2,3,0,1,0.75,0.25,1.0,1.5,0.25,4,1652.72,1489.5,163.22,10,65,53,0.8153846153846154,467,301,0.6445396145610278,9,Sunday,0.1566,1,0,0,1,1,2,2,2,D,2,0,matched_secondary_full_career,0,0,0,0,0,2.3978952727983707,0,2.3978952727983707
2020-10-07_Portugal_Spain_1018,2020-10-07,2020/21,Portugal,Spain,International Friendly,international,H,1,0.35,35.6695,13028,1017,742,221,258,0.7295968534906588,10.0,0,1,3,5,7,12,18,1,1,1.4,1.2,0.9,0.8,0.7,0.5,1.4586740919940504,0.2195562668124065,4,0,10.0,4,7,1,1.75,165,101,0.6121212121212121,12,25,0.8,0.8,2.8,0.4,5,5,3,0,0.6,0.2,3,2,2,1,1.0,0.6,0.8,1.6,0.4,5,1682.73,1506.67,176.05,5,47,17,0.3617021276595745,520,425,0.8173076923076923,10,Wednesday,0.1841,1,0,0,0,0,0,0,0,D,0,0,matched_secondary_full_career,0,0,0,0,0,1.791759469228055,0,1.791759469228055
2020-10-11_Portugal_France_1019,2020-10-11,2020/21,Portugal,France,UEFA Nations League,international,A,1,0.82,35.6804,13032,1018,742,221,258,0.7288801571709234,4.0,1,2,3,3,7,10,17,1,1,1.4,1.0,0.85,0.8,0.6,0.4,1.0210718643958352,0.1536893867686845,0,1,14.0,5,7,1,1.4,166,101,0.608433734939759,10,25,0.6,0.8,2.2,0.4,5,4,0,0,0.0,0.0,0,1,0,3,2.25,0.75,1.0,0.5,0.5,4,1678.06,1533.63,144.43,4,3,5,1.6666666666666667,468,303,0.6474358974358975,10,Sunday,0.1951,1,0,0,0,0,0,0,0,D,0,0,matched_secondary_full_career,0,0,0,0,0,1.6094379124341003,0,1.6094379124341003
2020-11-01_Juventus_Spezia_1020,2020-11-01,2020/21,Juventus,Spezia,Serie A,domestic_league,A,0,0.78,35.7379,13053,1019,742,221,258,0.7281648675171737,21.0,0,0,2,2,5,10,17,1,1,1.0,1.0,0.85,0.6,0.6,0.4,0.7147503050770846,0.1075825707380792,0,2,35.0,6,7,1,1.1666666666666667,91,68,0.7472527472527473,10,15,0.6,0.8,1.8,1.0,5,0,0,0,0.0,0.0,0,0,0,0,0.0,0.0,0.0,0.0,0.0,0,1648.34,1500.0,148.34,0,66,55,0.8333333333333334,469,303,0.6460554371002132,11,Sunday,0.2527,0,0,0,1,1,2,4,1,W,2,0,matched_secondary_full_career,1,0,0,0,1,0.0,1,0.0
2020-11-04_Juventus_Ferencvarosi_TC_1021,2020-11-04,2020/21,Juventus,Ferencvarosi TC,UEFA Champions League,continental_club,A,0,0.94,35.7461,13056,1020,744,221,256,0.7294117647058823,3.0,1,1,3,2,5,10,19,1,1,1.0,1.0,0.95,0.6,0.6,0.4,1.1003252135539592,0.0753077995166554,1,0,3.0,7,9,1,1.2857142857142858,92,70,0.7608695652173914,10,18,0.6,0.8,2.2,1.2,5,0,0,0,0.0,0.0,0,0,0,0,0.0,0.0,0.0,0.0,0.0,0,1654.31,1500.0,154.31,0,170,130,0.7647058823529411,470,305,0.648936170212766,11,Wednesday,0.261,0,0,0,0,0,0,4,1,W,0,1,matched_secondary_full_career,1,0,0,0,1,0.0,1,0.0
2020-11-08_Juventus_Lazio_1022,2020-11-08,2020/21,Juventus,Lazio,Serie A,domestic_league,A,0,0.78,35.7571,13060,1021,744,222,256,0.7286973555337904,4.0,2,2,3,2,4,10,19,1,2,0.8,1.0,0.95,0.4,0.6,0.4,0.7702276494877713,0.3527154596616588,0,1,7.0,8,9,2,1.125,93,70,0.7526881720430108,13,20,0.8,1.0,3.0,1.0,5,5,4,1,0.8,0.6,3,3,0,2,1.2,0.4,1.6,1.6,0.0,5,1660.14,1510.29,149.84,5,67,57,0.8507462686567164,471,305,0.6475583864118896,11,Sunday,0.272,0,0,0,1,0,1,1,1,D,1,0,matched_secondary_full_career,0,0,0,0,0,1.791759469228055,0,1.791759469228055
2020-11-11_Portugal_Andorra_1023,2020-11-11,2020/21,Portugal,Andorra,International Friendly,international,H,1,0.35,35.7653,13063,1022,745,222,255,0.7289628180039139,3.0,2,3,3,3,3,10,20,1,2,0.6,1.0,1.0,0.4,0.6,0.4,0.83915935464144,0.2469008217631611,1,0,3.0,9,10,2,1.1111111111111112,167,101,0.6047904191616766,11,23,0.6,1.0,2.0,0.0,5,2,5,0,2.5,1.0,5,2,0,0,0.0,0.0,0.0,4.0,0.0,2,1674.12,1489.03,185.09,2,48,17,0.3541666666666667,521,425,0.8157389635316699,11,Wednesday,0.2802,0,0,0,1,0,1,7,0,W,1,1,matched_secondary_full_career,0,0,0,0,0,1.0986122886681098,0,1.0986122886681098
2020-11-14_Portugal_France_1024,2020-11-14,2020/21,Portugal,France,UEFA Nations League,international,H,1,0.82,35.7735,13066,1023,746,223,254,0.729227761485826,3.0,2,4,4,2,4,11,20,2,3,0.8,1.1,1.0,0.6,0.7,0.4,0.8874115482490079,0.4728305752342128,2,0,3.0,10,11,3,1.1,168,102,0.6071428571428571,11,23,0.6,1.0,2.2,0.0,5,5,0,0,0.0,0.0,0,1,1,3,2.0,0.8,0.8,0.4,0.6,5,1679.25,1537.56,141.68,5,4,5,1.25,522,426,0.8160919540229885,11,Saturday,0.2885,0,0,0,0,0,0,0,1,L,0,0,matched_secondary_full_career,0,0,0,0,0,1.791759469228055,0,1.791759469228055
2020-11-17_Portugal_Croatia_1025,2020-11-17,2020/21,Portugal,Croatia,UEFA Nations League,international,A,1,0.82,35.7817,13069,1024,746,223,254,0.728515625,3.0,2,4,5,2,4,9,19,2,3,0.8,0.9,0.95,0.6,0.6,0.3,0.6211880837743055,0.3309814026639489,0,1,6.0,11,11,3,1.0,169,102,0.6035502958579881,8,20,0.4,0.8,1.8,0.2,5,3,1,1,0.3333333333333333,0.3333333333333333,1,3,0,0,0.0,0.0,0.0,1.3333333333333333,0.0,3,1665.38,1480.2,185.18,3,5,5,1.0,472,306,0.6483050847457628,11,Tuesday,0.2967,0,0,0,0,0,0,3,2,W,0,0,matched_secondary_full_career,0,0,0,0,0,1.3862943611198906,0,1.3862943611198906
2020-11-21_Juventus_Cagliari_1026,2020-11-21,2020/21,Juventus,Cagliari,Serie A,domestic_league,H,0,0.78,35.7927,13073,1025,746,223,254,0.7278048780487805,4.0,2,4,6,1,2,7,18,2,3,0.4,0.7,0.9,0.4,0.5,0.2,0.4348316586420138,0.2316869818647642,0,2,10.0,12,11,3,0.9166666666666666,94,71,0.7553191489361702,11,20,0.6,1.0,2.8,1.0,5,3,3,2,1.0,0.3333333333333333,3,2,0,1,1.0,0.3333333333333333,1.0,2.333333333333333,0.3333333333333333,3,1656.07,1502.77,153.3,3,68,58,0.8529411764705882,523,426,0.8145315487571702,11,Saturday,0.3077,0,0,0,1,1,2,2,0,W,2,0,matched_secondary_full_career,0,0,0,0,0,1.3862943611198906,0,1.3862943611198906
2020-11-24_Juventus_Ferencvarosi_TC_1027,2020-11-24,2020/21,Juventus,Ferencvarosi TC,UEFA Champions League,continental_club,H,0,0.94,35.8009,13076,1026,748,223,252,0.7290448343079922,3.0,2,4,7,2,4,8,19,1,2,0.8,0.8,0.95,0.6,0.5,0.3,0.9043821610494096,0.1621808873053349,1,0,3.0,13,13,3,1.0,95,73,0.7684210526315789,11,20,0.6,1.0,2.6,1.0,5,1,0,1,0.0,0.0,0,1,0,0,0.0,0.0,1.0,4.0,0.0,1,1661.93,1494.17,167.76,1,171,130,0.7602339181286549,524,428,0.816793893129771,11,Tuesday,0.3159,0,0,0,1,0,1,2,1,W,1,0,matched_secondary_full_career,0,0,0,0,0,0.6931471805599453,0,0.6931471805599453
2020-12-02_Juventus_Dynamo_Kyiv_1028,2020-12-02,2020/21,Juventus,Dynamo Kyiv,UEFA Champions League,continental_club,H,0,0.94,35.8228,13084,1027,749,223,251,0.7293086660175268,8.0,0,2,7,3,4,7,19,1,2,0.8,0.7,0.95,0.6,0.5,0.2,0.9330675127345868,0.1135266211137344,2,0,8.0,14,14,3,1.0,96,74,0.7708333333333334,13,23,0.8,1.0,2.6,0.8,5,2,3,0,1.5,1.0,3,0,0,0,0.0,0.0,0.0,0.0,0.0,0,1667.44,1489.82,177.63,2,172,131,0.7616279069767442,525,429,0.8171428571428572,12,Wednesday,0.3379,0,0,1,1,0,1,3,0,W,1,0,matched_secondary_full_career,1,0,0,0,0,1.0986122886681098,0,1.0986122886681098
2020-12-05_Juventus_Torino_1029,2020-12-05,2020/21,Juventus,Torino,Serie A,domestic_league,H,0,0.78,35.831,13087,1028,750,223,250,0.7295719844357976,3.0,1,3,7,4,4,8,18,0,2,0.8,0.8,0.9,0.6,0.6,0.2,0.9531472589142108,0.0794686347796141,3,0,3.0,15,15,3,1.0,97,75,0.7731958762886598,13,23,0.8,1.0,2.4,0.6,5,4,3,1,0.75,0.75,2,3,1,0,0.25,0.25,0.5,1.75,0.0,4,1672.73,1487.78,184.95,4,69,60,0.8695652173913043,526,430,0.8174904942965779,12,Saturday,0.3462,0,0,1,0,0,0,2,1,W,0,0,matched_secondary_full_career,0,0,0,0,0,1.6094379124341003,0,1.6094379124341003
2020-12-08_Juventus_Barcelona_1030,2020-12-08,2020/21,Juventus,Barcelona,UEFA Champions League,continental_club,A,0,0.94,35.8392,13090,1029,750,223,250,0.7288629737609329,3.0,2,3,8,2,4,8,18,0,2,0.8,0.8,0.9,0.6,0.6,0.2,0.6672030812399474,0.0556280443457298,0,1,6.0,16,15,3,0.9375,98,75,0.7653061224489796,13,26,0.8,1.0,2.0,0.6,5,33,18,1,0.5454545454545454,0.4848484848484848,2,0,0,0,0.0,0.0,0.0,0.0,0.0,0,1677.86,1678.06,-0.2,33,173,132,0.7630057803468208,473,306,0.6469344608879493,12,Tuesday,0.3544,0,0,1,1,1,2,3,0,W,2,0,matched_secondary_full_career,1,0,0,0,0,3.5263605246161616,0,3.5263605246161616
2020-12-13_Juventus_Genoa_1031,2020-12-13,2020/21,Juventus,Genoa,Serie A,domestic_league,A,0,0.78,35.8529,13095,1030,752,223,248,0.7300970873786408,5.0,1,3,7,3,6,8,18,0,2,1.2,0.8,0.9,0.8,0.6,0.2,1.067042156867963,0.0389396310420109,1,0,5.0,17,17,3,1.0,99,77,0.7777777777777778,15,26,1.0,1.0,2.4,0.4,5,3,3,0,1.0,1.0,3,2,1,0,0.3333333333333333,0.3333333333333333,1.0,2.0,0.0,3,1687.87,1492.09,195.77,3,70,60,0.8571428571428571,474,308,0.6497890295358649,12,Sunday,0.3681,0,0,1,1,1,2,3,1,W,2,0,matched_secondary_full_career,0,0,0,0,0,1.3862943611198906,0,1.3862943611198906
2020-12-16_Juventus_Atalanta_1032,2020-12-16,2020/21,Juventus,Atalanta,Serie A,domestic_league,H,0,0.78,35.8611,13098,1031,754,223,246,0.7313288069835111,3.0,1,4,7,4,6,10,20,0,1,1.2,1.0,1.0,0.8,0.7,0.3,1.3469295098075742,0.0272577417294076,2,0,3.0,18,19,3,1.0555555555555556,100,79,0.79,15,26,1.0,1.0,2.6,0.6,5,4,3,0,0.75,0.5,2,0,3,1,1.5,1.0,2.0,1.25,0.25,4,1692.76,1525.87,166.89,4,71,62,0.8732394366197183,527,430,0.8159392789373814,12,Wednesday,0.3764,0,0,1,0,0,0,1,1,D,0,0,matched_secondary_full_career,0,0,0,0,0,1.6094379124341003,0,1.6094379124341003
2020-12-19_Juventus_Parma_1033,2020-12-19,2020/21,Juventus,Parma,Serie A,domestic_league,A,0,0.78,35.8693,13101,1032,754,223,246,0.7306201550387597,3.0,2,4,7,4,5,9,19,0,1,1.0,0.9,0.95,0.6,0.6,0.3,0.942850656865302,0.0190804192105853,0,1,6.0,19,19,3,1.0,101,79,0.7821782178217822,13,26,0.8,1.0,2.4,0.6,5,4,4,1,1.0,0.5,4,3,1,0,0.25,0.25,1.25,2.0,0.0,4,1688.3,1484.94,203.35,4,72,62,0.8611111111111112,475,310,0.6526315789473685,12,Saturday,0.3846,0,0,1,1,1,2,4,0,W,2,0,matched_secondary_full_career,0,0,0,0,0,1.6094379124341003,0,1.6094379124341003
2020-12-22_Juventus_Fiorentina_1034,2020-12-22,2020/21,Juventus,Fiorentina,Serie A,domestic_league,H,0,0.78,35.8775,13104,1033,756,223,244,0.7318489835430784,3.0,2,4,7,4,6,10,21,0,0,1.2,1.0,1.05,0.6,0.6,0.4,1.2599954598057113,0.0133562934474097,1,0,3.0,20,21,3,1.05,102,81,0.7941176470588235,13,26,0.8,1.0,2.6,0.6,5,4,3,0,0.75,0.5,2,3,1,0,0.25,0.25,0.25,2.0,0.25,4,1693.03,1487.49,205.54,4,73,64,0.8767123287671232,528,430,0.8143939393939394,12,Tuesday,0.3929,0,0,1,0,0,0,0,3,L,0,0,matched_secondary_full_career,0,0,0,0,0,1.6094379124341003,0,1.6094379124341003
2021-01-03_Juventus_Udinese_1035,2021-01-03,2020/21,Juventus,Udinese,Serie A,domestic_league,H,0,0.78,35.9104,13116,1034,756,223,244,0.7311411992263056,12.0,0,1,6,2,6,10,19,0,0,1.2,1.0,0.95,0.6,0.6,0.4,0.8819968218639979,0.0093494054131868,0,1,15.0,21,21,3,1.0,103,81,0.7864077669902912,10,23,0.6,0.8,2.2,1.0,5,3,3,0,1.0,0.6666666666666666,3,2,0,1,1.0,0.3333333333333333,1.0,2.0,0.0,3,1677.72,1502.49,175.23,3,74,64,0.8648648648648649,529,430,0.8128544423440454,1,Sunday,0.4258,0,0,1,1,1,2,4,1,W,2,1,matched_secondary_full_career,0,0,0,0,0,1.3862943611198906,0,1.3862943611198906
2021-01-06_Juventus_AC_Milan_1036,2021-01-06,2020/21,Juventus,AC Milan,Serie A,domestic_league,A,0,0.78,35.9186,13119,1035,758,224,242,0.7323671497584541,3.0,1,1,6,4,6,12,19,1,1,1.2,1.2,0.95,0.6,0.7,0.5,1.2173977753047984,0.3065445837892308,1,0,3.0,22,23,4,1.0454545454545454,104,83,0.7980769230769231,10,25,0.6,0.8,2.4,1.2,5,12,6,1,0.5,0.5,2,3,2,1,0.8333333333333334,0.5,0.8333333333333334,1.1666666666666667,0.1666666666666666,6,1683.07,1537.73,145.34,12,75,66,0.88,476,312,0.6554621848739496,1,Wednesday,0.4341,0,0,1,0,0,0,3,1,W,0,0,matched_secondary_full_career,0,0,0,0,0,2.5649493574615367,0,2.5649493574615367
2021-01-10_Juventus_Sassuolo_1037,2021-01-10,2020/21,Juventus,Sassuolo,Serie A,domestic_league,H,0,0.78,35.9296,13123,1036,758,224,242,0.7316602316602316,4.0,2,2,6,2,4,10,18,1,1,0.8,1.0,0.9,0.4,0.6,0.4,0.8521784427133589,0.2145812086524615,0,1,7.0,23,23,4,1.0,105,83,0.7904761904761904,10,25,0.6,0.8,2.4,1.2,5,4,4,1,1.0,0.75,2,2,2,0,0.5,0.5,1.5,2.5,0.0,4,1689.11,1496.15,192.96,4,76,66,0.868421052631579,530,432,0.8150943396226416,1,Sunday,0.4451,0,0,1,1,0,1,3,1,W,1,0,matched_secondary_full_career,0,0,0,0,0,1.6094379124341003,0,1.6094379124341003
2021-01-13_Juventus_Genoa_1038,2021-01-13,2020/21,Juventus,Genoa,Coppa Italia,domestic_or_other_cup,H,0,0.72,35.9378,13126,1037,759,224,241,0.7319189971070396,3.0,2,3,6,3,5,10,17,1,1,1.0,1.0,0.85,0.6,0.6,0.4,0.8965249098993511,0.150206846056723,1,0,3.0,24,24,4,1.0,106,84,0.7924528301886793,12,25,0.8,0.8,2.8,1.2,5,4,5,0,1.25,1.0,4,3,1,0,0.25,0.25,1.0,2.25,0.0,4,1694.07,1487.2,206.87,4,6,2,0.3333333333333333,531,433,0.815442561205273,1,Wednesday,0.4533,0,0,1,0,0,0,3,2,W,0,0,matched_secondary_full_career,0,0,0,0,0,1.6094379124341003,0,1.6094379124341003
2021-01-17_Juventus_Inter_Milan_1039,2021-01-17,2020/21,Juventus,Inter Milan,Serie A,domestic_league,A,0,0.78,35.9487,13130,1038,759,224,241,0.7312138728323699,4.0,2,4,6,1,3,9,17,1,1,0.6,0.9,0.85,0.4,0.5,0.4,0.6275674369295458,0.1051447922397061,0,1,7.0,25,24,4,0.96,107,84,0.7850467289719626,12,25,0.8,0.8,2.6,1.6,5,7,2,1,0.2857142857142857,0.2857142857142857,1,3,1,0,0.25,0.25,0.5,1.5,0.0,4,1698.73,1489.27,209.46,7,77,67,0.8701298701298701,477,312,0.6540880503144654,1,Sunday,0.4643,0,0,1,0,0,0,0,2,L,0,0,matched_secondary_full_career,0,0,0,0,0,2.0794415416798357,0,2.0794415416798357
2021-01-20_Juventus_Napoli_1040,2021-01-20,2020/21,Juventus,Napoli,Supercoppa Italiana,domestic_or_other_cup,H,0,0.82,35.9569,13133,1039,759,224,241,0.7305101058710298,3.0,2,4,6,1,3,9,17,1,1,0.6,0.9,0.85,0.4,0.5,0.4,0.439297205850682,0.0736013545677942,0,2,10.0,26,24,4,0.9230769230769232,108,84,0.7777777777777778,12,22,0.8,0.8,2.6,1.4,5,7,2,3,0.2857142857142857,0.2857142857142857,2,3,1,1,0.8,0.4,1.4,2.0,0.2,5,1683.34,1493.94,189.4,7,2,1,0.5,532,433,0.8139097744360902,1,Wednesday,0.4725,0,0,1,1,0,1,2,0,W,1,0,matched_secondary_full_career,0,0,0,0,0,2.0794415416798357,0,2.0794415416798357
2021-01-24_Juventus_Bologna_1041,2021-01-24,2020/21,Juventus,Bologna,Serie A,domestic_league,H,0,0.78,35.9679,13137,1040,760,224,240,0.7307692307692307,4.0,2,4,6,1,2,8,16,0,1,0.4,0.8,0.8,0.4,0.5,0.3,0.6075080440954774,0.051520948197456,1,0,4.0,27,25,4,0.925925925925926,109,85,0.7798165137614679,12,22,0.8,0.8,2.2,1.2,5,5,2,1,0.4,0.4,2,5,0,0,0.0,0.0,0.2,1.8,0.0,5,1688.37,1470.81,217.55,5,78,67,0.8589743589743589,533,434,0.8142589118198874,1,Sunday,0.4835,0,0,1,0,0,0,2,0,W,0,1,matched_secondary_full_career,0,0,0,0,0,1.791759469228055,0,1.791759469228055
2021-01-30_Juventus_Sampdoria_1042,2021-01-30,2020/21,Juventus,Sampdoria,Serie A,domestic_league,A,0,0.78,35.9843,13143,1041,760,225,240,0.7300672430355427,6.0,1,3,7,1,2,6,16,1,2,0.4,0.6,0.8,0.4,0.4,0.2,0.4252556308668341,0.3360646637382192,0,1,10.0,28,25,5,0.8928571428571429,110,85,0.7727272727272727,12,22,0.8,0.8,2.0,1.0,5,4,5,1,1.25,1.0,3,4,0,0,0.0,0.0,0.5,2.25,0.0,4,1692.81,1477.85,214.96,4,79,67,0.8481012658227848,478,312,0.6527196652719666,1,Saturday,0.5,0,0,1,0,0,0,2,0,W,0,0,matched_secondary_full_career,0,0,0,0,0,1.6094379124341003,0,1.6094379124341003
2021-02-02_Juventus_Inter_Milan_1043,2021-02-02,2020/21,Juventus,Inter Milan,Coppa Italia,domestic_or_other_cup,A,0,0.72,35.9925,13146,1042,760,225,240,0.7293666026871402,3.0,1,3,8,1,1,6,15,1,2,0.2,0.6,0.75,0.2,0.4,0.2,0.2976789416067839,0.2352452646167534,0,2,13.0,29,25,5,0.8620689655172413,111,85,0.7657657657657657,12,24,0.8,0.8,1.8,0.8,5,8,2,1,0.25,0.25,0,3,1,1,0.8,0.4,0.8,1.2,0.2,5,1697.31,1504.66,192.66,8,7,2,0.2857142857142857,479,312,0.651356993736952,2,Tuesday,0.5082,0,0,0,1,1,2,2,1,W,2,0,matched_secondary_full_career,0,0,0,0,0,2.1972245773362196,0,2.1972245773362196
2021-02-06_Juventus_AS_Roma_1044,2021-02-06,2020/21,Juventus,AS Roma,Serie A,domestic_league,H,0,0.78,36.0035,13150,1043,762,225,238,0.7305848513902206,4.0,2,3,7,2,3,6,16,1,2,0.6,0.6,0.8,0.4,0.4,0.2,0.8083752591247486,0.1646716852317273,1,0,4.0,30,27,5,0.9,112,87,0.7767857142857143,12,24,0.8,0.8,1.6,0.6,5,11,9,2,0.8181818181818182,0.6363636363636364,4,3,1,1,0.8,0.4,1.2,1.6,0.2,5,1702.27,1493.88,208.39,11,80,67,0.8375,534,434,0.8127340823970037,2,Saturday,0.5192,0,0,0,1,0,1,2,0,W,1,0,matched_secondary_full_career,0,0,0,0,0,2.4849066497880004,0,2.4849066497880004
2021-02-09_Juventus_Inter_Milan_1045,2021-02-09,2020/21,Juventus,Inter Milan,Coppa Italia,domestic_or_other_cup,H,0,0.72,36.0117,13153,1044,763,225,237,0.7308429118773946,3.0,2,3,8,3,4,7,17,1,2,0.8,0.7,0.85,0.6,0.5,0.2,0.865862681387324,0.1152701796622091,2,0,3.0,31,28,5,0.9032258064516128,113,88,0.7787610619469026,15,27,1.0,1.0,2.0,0.2,5,9,4,1,0.4444444444444444,0.3333333333333333,2,4,1,1,0.6666666666666666,0.3333333333333333,0.8333333333333334,1.3333333333333333,0.1666666666666666,6,1706.9,1499.7,207.21,9,8,4,0.5,535,435,0.8130841121495327,2,Tuesday,0.5275,0,0,0,0,0,0,0,0,D,0,0,matched_secondary_full_career,0,0,0,0,0,2.302585092994046,0,2.302585092994046
2021-02-13_Juventus_Napoli_1046,2021-02-13,2020/21,Juventus,Napoli,Serie A,domestic_league,A,0,0.78,36.0226,13157,1045,763,225,237,0.7301435406698564,4.0,2,4,7,3,3,5,17,1,1,0.6,0.5,0.85,0.4,0.4,0.1,0.6061038769711268,0.0806891257635464,0,1,7.0,32,28,5,0.875,114,88,0.7719298245614035,13,25,0.8,1.0,1.6,0.2,5,8,3,3,0.375,0.375,2,4,1,1,0.6666666666666666,0.3333333333333333,1.1666666666666667,2.0,0.1666666666666666,6,1701.56,1488.91,212.65,8,81,68,0.8395061728395061,480,314,0.6541666666666667,2,Saturday,0.5385,0,0,0,0,0,0,0,1,L,0,0,matched_secondary_full_career,0,0,0,0,0,2.1972245773362196,0,2.1972245773362196
2021-02-17_Juventus_FC_Porto_1047,2021-02-17,2020/21,Juventus,FC Porto,UEFA Champions League,continental_club,A,0,0.94,36.0336,13161,1046,763,225,237,0.7294455066921606,4.0,1,3,7,1,3,5,15,0,1,0.6,0.5,0.75,0.4,0.4,0.1,0.4242727138797887,0.0564823880344824,0,2,11.0,33,28,5,0.8484848484848485,115,88,0.7652173913043478,10,22,0.6,0.8,1.2,0.4,5,6,1,0,0.1666666666666666,0.1666666666666666,1,0,0,0,0.0,0.0,0.0,0.0,0.0,0,1686.1,1533.65,152.45,6,174,134,0.7701149425287356,481,314,0.6528066528066528,2,Wednesday,0.5495,0,0,0,0,0,0,1,2,L,0,0,matched_secondary_full_career,1,0,0,0,0,1.9459101490553132,0,1.9459101490553132
2021-02-22_Juventus_Crotone_1048,2021-02-22,2020/21,Juventus,Crotone,Serie A,domestic_league,H,0,0.78,36.0473,13166,1047,763,225,237,0.728748806112703,5.0,1,3,7,0,3,4,14,0,1,0.6,0.4,0.7,0.4,0.3,0.1,0.2969908997158521,0.0395376716241377,0,3,16.0,34,28,5,0.8235294117647058,116,88,0.7586206896551724,7,19,0.4,0.6,1.0,0.8,5,0,0,0,0.0,0.0,0,0,0,0,0.0,0.0,0.0,0.0,0.0,0,1671.98,1500.0,171.98,0,82,68,0.8292682926829268,536,435,0.8115671641791045,2,Monday,0.5632,0,0,0,1,1,2,3,0,W,2,0,matched_secondary_full_career,1,0,0,0,1,0.0,1,0.0
2021-02-27_Juventus_Verona_1049,2021-02-27,2020/21,Juventus,Verona,Serie A,domestic_league,A,0,0.78,36.061,13171,1048,765,225,235,0.7299618320610687,5.0,1,3,7,2,3,6,15,0,1,0.6,0.6,0.75,0.4,0.4,0.2,0.8078936298010964,0.0276763701368964,1,0,5.0,35,30,5,0.8571428571428571,117,90,0.7692307692307693,7,19,0.4,0.6,1.2,0.6,5,2,2,1,1.0,1.0,2,1,0,1,1.5,0.5,1.5,1.5,0.0,2,1677.4,1508.98,168.41,2,83,70,0.8433734939759037,482,314,0.6514522821576764,2,Saturday,0.5769,0,0,0,1,0,1,1,1,D,1,0,matched_secondary_full_career,0,0,0,0,0,1.0986122886681098,0,1.0986122886681098
2021-03-02_Juventus_Spezia_1050,2021-03-02,2020/21,Juventus,Spezia,Serie A,domestic_league,H,0,0.78,36.0692,13174,1049,766,225,234,0.7302192564346998,3.0,1,3,7,3,3,7,16,0,1,0.6,0.7,0.8,0.4,0.5,0.2,0.8655255408607674,0.0193734590958274,2,0,3.0,36,31,5,0.8611111111111112,118,91,0.7711864406779662,5,20,0.2,0.6,1.0,0.8,5,1,2,0,2.0,1.0,2,1,0,0,0.0,0.0,1.0,4.0,0.0,1,1672.9,1494.03,178.87,1,84,71,0.8452380952380952,537,437,0.813780260707635,3,Tuesday,0.5852,0,0,0,1,0,1,3,0,W,1,0,matched_secondary_full_career,0,0,0,0,0,0.6931471805599453,0,0.6931471805599453
2021-03-06_Juventus_Lazio_1051,2021-03-06,2020/21,Juventus,Lazio,Serie A,domestic_league,H,0,0.78,36.0801,13178,1050,767,225,233,0.7304761904761905,4.0,2,3,7,4,4,7,15,0,1,0.8,0.7,0.75,0.6,0.5,0.2,0.9058678786025371,0.0135614213670792,3,0,4.0,37,32,5,0.8648648648648649,119,92,0.773109243697479,7,20,0.4,0.6,1.6,0.8,5,6,5,1,0.8333333333333334,0.6666666666666666,3,3,1,2,1.1666666666666667,0.5,1.5,1.5,0.0,6,1678.16,1514.36,163.8,6,85,72,0.8470588235294118,538,438,0.8141263940520446,3,Saturday,0.5962,0,0,0,0,0,0,3,1,W,0,0,matched_secondary_full_career,0,0,0,0,0,1.9459101490553132,0,1.9459101490553132
2021-03-09_Juventus_FC_Porto_1052,2021-03-09,2020/21,Juventus,FC Porto,UEFA Champions League,continental_club,H,0,0.94,36.0884,13181,1051,767,225,233,0.7297811607992388,3.0,2,3,7,2,4,7,13,0,0,0.8,0.7,0.65,0.6,0.5,0.2,0.634107515021776,0.0094929949569554,0,1,7.0,38,32,5,0.8421052631578947,120,92,0.7666666666666667,10,20,0.6,0.8,2.2,0.8,5,7,1,0,0.1428571428571428,0.1428571428571428,1,0,0,1,3.0,1.0,2.0,1.0,0.0,1,1683.76,1547.78,135.99,7,175,134,0.7657142857142857,539,438,0.8126159554730983,3,Tuesday,0.6044,0,0,0,0,0,0,3,2,W,0,1,matched_secondary_full_career,0,0,0,0,0,2.0794415416798357,0,2.0794415416798357
2021-03-14_Juventus_Cagliari_1053,2021-03-14,2020/21,Juventus,Cagliari,Serie A,domestic_league,A,0,0.78,36.102,13186,1052,767,226,233,0.7290874524714829,5.0,1,3,7,1,4,7,13,1,1,0.8,0.7,0.65,0.6,0.5,0.2,0.4438752605152432,0.3066450964698688,0,2,12.0,39,32,6,0.8205128205128205,121,92,0.7603305785123967,13,20,0.8,1.0,2.6,0.8,5,4,5,2,1.25,0.5,5,3,0,1,0.75,0.25,0.75,2.25,0.25,4,1690.04,1496.92,193.12,4,86,72,0.8372093023255814,483,315,0.6521739130434783,3,Sunday,0.6181,0,0,0,1,1,3,3,1,W,3,0,matched_secondary_full_career,0,0,0,0,0,1.6094379124341003,0,1.6094379124341003
2021-03-21_Juventus_Benevento_1054,2021-03-21,2020/21,Juventus,Benevento,Serie A,domestic_league,H,0,0.78,36.1212,13193,1053,770,226,230,0.7312440645773979,7.0,1,2,6,3,5,8,14,1,1,1.0,0.8,0.7,0.6,0.5,0.2,1.2107126823606702,0.2146515675289081,1,0,7.0,40,35,6,0.875,122,95,0.7786885245901639,13,20,0.8,1.0,2.6,1.0,5,0,0,0,0.0,0.0,0,0,0,0,0.0,0.0,0.0,0.0,0.0,0,1694.99,1500.0,194.99,0,87,75,0.8620689655172413,540,438,0.8111111111111111,3,Sunday,0.6374,0,0,0,0,0,0,0,1,L,0,0,matched_secondary_full_career,1,0,0,0,1,0.0,1,0.0
2021-03-24_Portugal_Azerbaijan_1055,2021-03-24,2020/21,Portugal,Azerbaijan,World Cup - Qualification Europe,international,H,1,0.76,36.1294,13196,1054,770,226,230,0.7305502846299811,3.0,1,2,7,3,4,7,14,1,1,0.8,0.7,0.7,0.4,0.4,0.2,0.8474988776524691,0.1502560972702357,0,1,10.0,41,35,6,0.8536585365853658,170,102,0.6,8,20,0.4,0.8,2.0,0.6,5,3,2,1,0.6666666666666666,0.3333333333333333,2,3,0,0,0.0,0.0,0.0,2.6666666666666665,0.0,3,1670.51,1479.66,190.85,3,38,30,0.7894736842105263,541,438,0.8096118299445472,3,Wednesday,0.6456,0,0,0,0,0,0,1,0,W,0,0,matched_secondary_full_career,0,0,0,0,0,1.3862943611198906,0,1.3862943611198906
2021-03-27_Portugal_Serbia_1056,2021-03-27,2020/21,Portugal,Serbia,World Cup - Qualification Europe,international,A,1,0.76,36.1376,13199,1055,770,226,230,0.7298578199052133,3.0,2,3,7,3,3,7,12,1,1,0.6,0.7,0.6,0.2,0.4,0.2,0.5932492143567284,0.1051792680891649,0,2,13.0,42,35,6,0.8333333333333334,171,102,0.5964912280701754,10,20,0.6,0.8,2.2,0.6,5,5,1,0,0.2,0.2,1,2,3,0,0.6,0.6,1.2,1.8,0.0,5,1675.51,1498.27,177.24,5,39,30,0.7692307692307693,484,318,0.6570247933884298,3,Saturday,0.6538,0,0,0,0,0,0,2,2,D,0,0,matched_secondary_full_career,0,0,0,0,0,1.791759469228055,0,1.791759469228055
2021-03-30_Portugal_Luxembourg_1057,2021-03-30,2020/21,Portugal,Luxembourg,World Cup - Qualification Europe,international,A,1,0.76,36.1458,13202,1056,770,226,230,0.7291666666666666,3.0,2,3,7,0,3,7,12,1,1,0.6,0.7,0.6,0.2,0.4,0.2,0.4152744500497098,0.0736254876624154,0,3,16.0,43,35,6,0.813953488372093,172,102,0.5930232558139535,10,21,0.6,0.8,2.6,1.0,5,8,5,1,0.625,0.625,3,8,0,0,0.0,0.0,0.125,3.625,0.0,8,1670.8,1448.75,222.05,8,40,30,0.75,485,318,0.6556701030927835,3,Tuesday,0.6621,0,0,0,1,0,1,3,1,W,1,0,matched_secondary_full_career,0,0,0,0,0,2.1972245773362196,0,2.1972245773362196
2021-04-03_Juventus_Torino_1058,2021-04-03,2020/21,Juventus,Torino,Serie A,domestic_league,A,0,0.78,36.1568,13206,1057,771,226,229,0.7294228949858089,4.0,2,4,7,1,4,8,12,0,1,0.8,0.8,0.6,0.4,0.5,0.2,0.5906921150347968,0.0515378413636908,1,0,4.0,44,36,6,0.8181818181818182,123,95,0.7723577235772358,12,17,0.8,0.8,2.4,1.0,5,5,3,1,0.6,0.6,1,4,1,0,0.2,0.2,0.6,1.8,0.0,5,1679.9,1482.65,197.25,5,88,75,0.8522727272727273,486,319,0.6563786008230452,4,Saturday,0.6731,0,0,0,1,0,1,2,2,D,1,0,matched_secondary_full_career,0,0,0,0,0,1.791759469228055,0,1.791759469228055
2021-04-07_Juventus_Napoli_1059,2021-04-07,2020/21,Juventus,Napoli,Serie A,domestic_league,H,0,0.78,36.1678,13210,1058,772,226,228,0.7296786389413988,4.0,1,4,7,2,2,7,13,0,1,0.4,0.7,0.65,0.4,0.5,0.1,0.7134844805243576,0.0360764889545835,2,0,4.0,45,37,6,0.8222222222222222,124,96,0.7741935483870968,10,17,0.6,0.8,2.2,1.4,5,9,3,3,0.3333333333333333,0.3333333333333333,1,4,1,2,1.0,0.4285714285714285,1.1428571428571428,1.7142857142857142,0.2857142857142857,7,1674.76,1504.36,170.4,9,89,76,0.8539325842696629,542,438,0.8081180811808119,4,Wednesday,0.6841,0,0,0,1,0,1,2,1,W,1,0,matched_secondary_full_career,0,0,0,0,0,2.302585092994046,0,2.302585092994046
2021-04-11_Juventus_Genoa_1060,2021-04-11,2020/21,Juventus,Genoa,Serie A,domestic_league,H,0,0.78,36.1787,13214,1059,773,226,227,0.7299338999055713,4.0,1,3,7,3,3,7,14,0,1,0.6,0.7,0.7,0.6,0.5,0.1,0.7994391363670503,0.0252535422682085,3,0,4.0,46,38,6,0.8260869565217391,125,97,0.776,10,20,0.6,0.8,2.0,1.4,5,5,5,0,1.0,0.8,3,4,1,0,0.2,0.2,1.2,2.4,0.0,5,1680.22,1482.54,197.68,5,90,77,0.8555555555555555,543,439,0.8084714548802947,4,Sunday,0.6951,0,0,0,0,0,0,3,1,W,0,0,matched_secondary_full_career,0,0,0,0,0,1.791759469228055,0,1.791759469228055
2021-04-21_Juventus_Parma_1061,2021-04-21,2020/21,Juventus,Parma,Serie A,domestic_league,H,0,0.78,36.2061,13224,1060,773,226,227,0.7292452830188679,10.0,0,2,6,2,3,6,13,0,1,0.6,0.6,0.65,0.6,0.4,0.1,0.5596073954569352,0.0176774795877459,0,1,14.0,47,38,6,0.8085106382978723,126,97,0.7698412698412699,10,23,0.6,0.8,2.0,1.2,5,5,6,1,1.2,0.6,4,4,1,0,0.2,0.2,1.0,2.4,0.0,5,1685.07,1480.21,204.86,5,91,77,0.8461538461538461,544,439,0.8069852941176471,4,Wednesday,0.7225,0,0,0,0,0,0,3,1,W,0,0,matched_secondary_full_career,0,0,0,0,0,1.791759469228055,0,1.791759469228055
2021-04-25_Juventus_Fiorentina_1062,2021-04-25,2020/21,Juventus,Fiorentina,Serie A,domestic_league,A,0,0.78,36.217,13228,1061,773,226,227,0.7285579641847314,4.0,1,2,6,1,3,6,13,0,1,0.6,0.6,0.65,0.6,0.4,0.1,0.3917251768198546,0.0123742357114221,0,2,18.0,48,38,6,0.7916666666666666,127,97,0.7637795275590551,10,23,0.6,0.8,2.0,1.2,5,5,3,0,0.6,0.4,2,3,1,1,0.8,0.4,0.8,1.6,0.4,5,1689.78,1502.8,186.98,5,92,77,0.8369565217391305,487,320,0.6570841889117043,4,Sunday,0.7335,0,0,0,0,0,0,1,1,D,0,0,matched_secondary_full_career,0,0,0,0,0,1.791759469228055,0,1.791759469228055
2021-05-02_Juventus_Udinese_1063,2021-05-02,2020/21,Juventus,Udinese,Serie A,domestic_league,A,0,0.78,36.2362,13235,1062,773,226,227,0.7278719397363466,7.0,1,2,5,0,2,6,13,0,0,0.4,0.6,0.65,0.4,0.4,0.1,0.2742076237738982,0.0086619649979955,0,3,25.0,49,38,6,0.7755102040816326,128,97,0.7578125,11,23,0.6,1.0,2.2,1.2,5,4,5,1,1.25,0.75,4,3,0,1,0.75,0.25,1.0,2.5,0.0,4,1684.86,1497.14,187.72,4,93,77,0.8279569892473119,488,320,0.6557377049180327,5,Sunday,0.7527,0,0,0,1,1,2,2,1,W,2,0,matched_secondary_full_career,0,0,0,0,0,1.6094379124341003,0,1.6094379124341003
2021-05-09_Juventus_AC_Milan_1064,2021-05-09,2020/21,Juventus,AC Milan,Serie A,domestic_league,H,0,0.78,36.2554,13242,1063,775,226,225,0.729068673565381,7.0,1,2,4,2,3,5,13,0,0,0.6,0.5,0.65,0.4,0.4,0.1,0.7919453366417287,0.0060633754985968,1,0,7.0,50,40,6,0.8,129,99,0.7674418604651163,13,23,0.8,1.0,2.2,1.0,5,13,6,1,0.4615384615384615,0.4615384615384615,1,4,2,1,0.7142857142857143,0.4285714285714285,0.8571428571428571,1.4285714285714286,0.1428571428571428,7,1689.93,1531.68,158.24,13,94,79,0.8404255319148937,545,439,0.8055045871559633,5,Sunday,0.772,0,0,0,0,0,0,0,3,L,0,0,matched_secondary_full_career,0,0,0,0,0,2.6390573296152584,0,2.6390573296152584
2021-05-12_Juventus_Sassuolo_1065,2021-05-12,2020/21,Juventus,Sassuolo,Serie A,domestic_league,A,0,0.78,36.2636,13245,1064,775,226,225,0.7283834586466166,3.0,1,2,4,2,2,5,12,0,0,0.4,0.5,0.6,0.2,0.4,0.1,0.5543617356492101,0.0042443628490178,0,1,10.0,51,40,6,0.7843137254901961,130,99,0.7615384615384615,10,20,0.6,0.8,1.8,1.4,5,5,5,1,1.0,0.8,2,3,2,0,0.4,0.4,1.4,2.6,0.0,5,1675.66,1491.2,184.47,5,95,79,0.8315789473684211,489,322,0.6584867075664622,5,Wednesday,0.7802,0,0,0,1,0,1,3,1,W,1,0,matched_secondary_full_career,0,0,0,0,0,1.791759469228055,0,1.791759469228055
2021-05-15_Juventus_Inter_Milan_1066,2021-05-15,2020/21,Juventus,Inter Milan,Serie A,domestic_league,H,0,0.78,36.2718,13248,1065,776,226,224,0.7286384976525822,3.0,2,3,5,3,3,6,13,0,0,0.6,0.6,0.65,0.4,0.5,0.1,0.688053214954447,0.0029710539943124,1,0,3.0,52,41,6,0.7884615384615384,131,100,0.7633587786259542,10,20,0.6,0.8,1.8,1.4,5,10,4,1,0.4,0.3,2,4,2,1,0.7142857142857143,0.4285714285714285,0.7142857142857143,1.1428571428571428,0.2857142857142857,7,1680.8,1505.04,175.76,10,96,80,0.8333333333333334,546,439,0.8040293040293041,5,Saturday,0.7885,0,0,0,1,0,1,3,2,W,1,0,matched_secondary_full_career,0,0,0,0,0,2.3978952727983707,0,2.3978952727983707
2021-05-19_Juventus_Atalanta_1067,2021-05-19,2020/21,Juventus,Atalanta,Coppa Italia,domestic_or_other_cup,A,0,0.72,36.2827,13252,1066,777,226,223,0.7288930581613509,4.0,2,3,6,2,4,7,14,0,0,0.8,0.7,0.7,0.6,0.6,0.1,0.7816372504681128,0.0020797377960187,2,0,4.0,53,42,6,0.7924528301886793,132,101,0.7651515151515151,10,20,0.6,0.8,1.8,1.6,5,5,3,0,0.6,0.4,2,0,4,1,1.4,1.0,1.8,1.2,0.2,5,1686.14,1530.34,155.8,5,9,4,0.4444444444444444,490,323,0.6591836734693878,5,Wednesday,0.7995,0,0,0,0,0,0,2,1,W,0,0,matched_secondary_full_career,0,0,0,0,0,1.791759469228055,0,1.791759469228055
2021-06-04_Portugal_Spain_1068,2021-06-04,2020/21,Portugal,Spain,International Friendly,international,A,1,0.35,36.3266,13268,1067,777,226,223,0.7282099343955014,16.0,0,0,4,2,4,6,14,0,0,0.8,0.6,0.7,0.6,0.5,0.1,0.5471460753276789,0.0014558164572131,0,1,20.0,54,42,6,0.7777777777777778,173,103,0.5953757225433526,10,21,0.6,0.8,1.8,1.2,5,6,3,0,0.5,0.1666666666666666,3,2,3,1,1.0,0.6666666666666666,0.6666666666666666,1.3333333333333333,0.5,6,1675.16,1511.35,163.81,6,49,18,0.3673469387755102,491,323,0.6578411405295316,6,Friday,0.8434,0,1,0,0,0,0,0,0,D,0,0,matched_secondary_full_career,0,0,0,0,0,1.9459101490553132,0,1.9459101490553132
2021-06-09_Portugal_Israel_1069,2021-06-09,2020/21,Portugal,Israel,International Friendly,international,H,1,0.35,36.3402,13273,1068,777,226,223,0.7275280898876404,5.0,1,1,4,1,2,5,12,0,0,0.4,0.5,0.6,0.4,0.4,0.1,0.3830022527293752,0.0010190715200491,0,2,25.0,55,42,6,0.7636363636363637,174,103,0.5919540229885057,11,19,0.6,1.0,1.8,1.0,5,2,0,1,0.0,0.0,0,0,2,0,1.0,1.0,2.0,2.0,0.0,2,1670.77,1506.45,164.32,2,50,18,0.36,547,440,0.8043875685557587,6,Wednesday,0.8571,0,1,0,1,0,1,4,0,W,1,0,matched_secondary_full_career,0,0,0,0,0,1.0986122886681098,0,1.0986122886681098
2021-06-15_Portugal_Hungary_1070,2021-06-15,2020/21,Portugal,Hungary,Euro Championship,international,A,1,0.95,36.3567,13279,1069,778,226,222,0.7277829747427502,6.0,1,2,3,1,3,5,12,0,0,0.6,0.5,0.6,0.6,0.4,0.1,0.5681015769105626,0.0007133500640344,1,0,6.0,56,43,6,0.7678571428571429,175,104,0.5942857142857143,11,19,0.6,1.0,2.0,0.6,5,5,4,2,0.8,0.4,4,4,1,0,0.2,0.2,0.6,2.2,0.0,5,1676.36,1480.3,196.06,5,21,9,0.4285714285714285,492,323,0.6565040650406504,6,Tuesday,0.8736,0,1,0,1,1,2,3,0,W,2,0,matched_secondary_full_career,0,0,0,0,0,1.791759469228055,0,1.791759469228055
2021-06-19_Portugal_Germany_1071,2021-06-19,2020/21,Portugal,Germany,Euro Championship,international,H,1,0.95,36.3676,13283,1070,780,226,220,0.7289719626168224,4.0,1,2,3,3,4,7,13,0,0,0.8,0.7,0.65,0.6,0.5,0.2,0.9976711038373938,0.000499345044824,2,0,4.0,57,45,6,0.7894736842105263,176,106,0.6022727272727273,11,21,0.6,1.0,2.4,0.6,5,4,0,0,0.0,0.0,0,0,0,4,3.0,1.0,2.75,0.75,0.5,4,1681.25,1552.09,129.16,4,22,11,0.5,548,441,0.8047445255474452,6,Saturday,0.8846,0,1,0,1,0,1,2,4,L,1,1,matched_secondary_full_career,0,0,0,0,0,1.6094379124341003,0,1.6094379124341003
2021-06-23_Portugal_France_1072,2021-06-23,2020/21,Portugal,France,Euro Championship,international,H,1,0.95,36.3786,13287,1071,781,227,219,0.7292250233426704,4.0,1,3,4,4,4,8,14,1,1,0.8,0.8,0.7,0.6,0.6,0.2,0.9983697726861755,0.3003495415313768,3,0,4.0,58,46,7,0.7931034482758621,177,107,0.6045197740112994,10,20,0.6,0.8,2.4,1.0,5,6,0,0,0.0,0.0,0,1,1,4,2.1666666666666665,0.8333333333333334,0.8333333333333334,0.3333333333333333,0.6666666666666666,6,1667.69,1551.43,116.27,6,23,12,0.5217391304347826,549,442,0.8051001821493625,6,Wednesday,0.8956,0,1,0,1,1,2,2,2,D,2,0,matched_secondary_full_career,0,0,0,0,0,1.9459101490553132,0,1.9459101490553132
2021-06-27_Portugal_Belgium_1073,2021-06-27,2020/21,Portugal,Belgium,Euro Championship,international,A,1,0.95,36.3895,13291,1072,783,227,217,0.730410447761194,4.0,1,3,5,5,6,10,16,1,1,1.2,1.0,0.8,0.8,0.7,0.3,1.2988588408803228,0.2102446790719637,4,0,4.0,59,48,7,0.8135593220338984,178,109,0.6123595505617978,8,18,0.4,0.8,2.2,1.2,5,2,3,1,1.5,1.0,3,2,0,0,0.0,0.0,0.5,3.0,0.0,2,1664.47,1486.85,177.61,2,24,14,0.5833333333333334,493,325,0.6592292089249493,6,Sunday,0.9066,0,1,0,0,0,0,0,1,L,0,0,matched_secondary_full_career,0,0,0,0,0,1.0986122886681098,0,1.0986122886681098
2021-08-22_Juventus_Udinese_1074,2021-08-22,2021/22,Juventus,Udinese,Serie A,domestic_league,A,0,0.78,36.5428,13347,1073,783,227,217,0.7297297297297297,56.0,0,0,0,3,6,8,13,1,1,1.2,0.8,0.65,0.8,0.6,0.2,0.909201188616226,0.1471712753503746,0,1,60.0,0,0,0,0.0,133,101,0.7593984962406015,12,23,0.8,0.8,2.0,1.6,5,5,7,1,1.4,0.8,4,4,0,1,0.6,0.2,1.0,2.4,0.0,5,1691.93,1492.08,199.85,5,97,81,0.8350515463917526,494,325,0.6578947368421053,8,Sunday,0.0577,1,0,0,0,0,0,2,2,D,0,0,matched_secondary_full_career,0,0,0,0,0,1.791759469228055,0,1.791759469228055
2021-09-01_Portugal_Republic_of_Ireland_1075,2021-09-01,2021/22,Portugal,Republic of Ireland,World Cup - Qualification Europe,international,H,1,0.76,36.5702,13357,1074,783,227,217,0.729050279329609,10.0,0,1,1,2,5,8,13,1,1,1.0,0.8,0.65,0.6,0.6,0.2,0.636440832031358,0.1030198927452622,0,2,70.0,1,0,0,0.0,179,109,0.6089385474860335,7,18,0.4,0.6,2.2,1.4,5,2,0,0,0.0,0.0,0,1,0,1,1.5,0.5,1.0,2.5,0.5,2,1649.76,1505.41,144.35,2,41,31,0.7560975609756098,550,444,0.8072727272727273,9,Wednesday,0.0852,1,0,0,1,1,2,2,1,W,2,0,matched_secondary_full_career,0,0,0,0,0,1.0986122886681098,0,1.0986122886681098
2021-09-11_Manchester_United_Newcastle_United_1076,2021-09-11,2021/22,Manchester United,Newcastle United,Premier League,domestic_league,H,0,0.78,36.5976,13367,1075,785,227,215,0.7302325581395349,10.0,0,1,2,2,5,9,15,1,1,1.0,0.9,0.75,0.6,0.6,0.3,1.0455085824219503,0.0721139249216835,1,0,10.0,2,2,0,1.0,292,118,0.4041095890410959,10,25,0.6,0.8,1.4,0.8,5,11,6,4,0.5454545454545454,0.2727272727272727,5,10,1,0,0.0909090909090909,0.0909090909090909,0.7272727272727273,2.909090909090909,0.0,11,1702.26,1448.26,254.01,11,196,84,0.4285714285714285,551,446,0.809437386569873,9,Saturday,0.1126,1,0,0,1,1,2,4,1,W,2,0,matched_secondary_full_career,0,0,0,0,0,2.4849066497880004,0,2.4849066497880004
2021-09-14_Manchester_United_BSC_Young_Boys_1077,2021-09-14,2021/22,Manchester United,BSC Young Boys,UEFA Champions League,continental_club,A,0,0.94,36.6058,13370,1076,787,227,213,0.7314126394052045,3.0,1,2,3,4,6,10,17,0,1,1.2,1.0,0.85,0.6,0.6,0.4,1.3318560076953654,0.0504797474451784,2,0,3.0,3,4,0,1.3333333333333333,293,120,0.409556313993174,10,25,0.6,0.8,1.6,0.8,5,1,0,1,0.0,0.0,0,0,0,0,0.0,0.0,0.0,0.0,0.0,0,1706.03,1514.13,191.89,1,176,134,0.7613636363636364,495,325,0.6565656565656566,9,Tuesday,0.1209,1,0,0,1,0,1,1,2,L,1,0,matched_secondary_full_career,1,0,0,0,0,0.6931471805599453,0,0.6931471805599453
2021-09-19_Manchester_United_West_Ham_United_1078,2021-09-19,2021/22,Manchester United,West Ham United,Premier League,domestic_league,A,0,0.78,36.6195,13375,1077,788,227,212,0.7316620241411328,5.0,1,2,4,5,5,11,17,0,1,1.0,1.1,0.85,0.6,0.7,0.4,1.2322992053867556,0.0353358232116249,3,0,5.0,4,5,0,1.25,294,121,0.4115646258503401,7,22,0.4,0.6,1.4,1.2,5,7,5,1,0.7142857142857143,0.4285714285714285,4,4,0,3,1.2857142857142858,0.4285714285714285,0.7142857142857143,1.2857142857142858,0.2857142857142857,7,1691.0,1522.51,168.49,7,197,86,0.4365482233502538,496,326,0.657258064516129,9,Sunday,0.1346,1,0,0,1,0,1,2,1,W,1,0,matched_secondary_full_career,0,0,0,0,0,2.0794415416798357,0,2.0794415416798357
2021-09-25_Manchester_United_Aston_Villa_1079,2021-09-25,2021/22,Manchester United,Aston Villa,Premier League,domestic_league,H,0,0.78,36.6359,13381,1078,789,227,211,0.7319109461966605,6.0,1,3,4,4,6,12,17,0,1,1.2,1.2,0.85,0.8,0.8,0.4,1.1626094437707288,0.0247350762481374,4,0,6.0,5,6,0,1.2,295,122,0.4135593220338983,7,22,0.4,0.6,1.4,1.2,5,14,9,3,0.6428571428571429,0.5,3,13,1,0,0.0714285714285714,0.0714285714285714,0.4285714285714285,2.4285714285714284,0.0714285714285714,14,1696.5,1436.48,260.02,14,198,87,0.4393939393939394,552,448,0.8115942028985508,9,Saturday,0.1511,1,0,0,0,0,0,0,1,L,0,0,matched_secondary_full_career,0,0,0,0,0,2.70805020110221,0,2.70805020110221
2021-09-29_Manchester_United_Villarreal_1080,2021-09-29,2021/22,Manchester United,Villarreal,UEFA Champions League,continental_club,H,0,0.94,36.6469,13385,1079,789,227,211,0.7312326227988879,4.0,1,2,5,2,6,11,16,0,1,1.2,1.1,0.8,0.8,0.7,0.4,0.8138266106395101,0.0173145533736962,0,1,10.0,6,6,0,1.0,296,122,0.4121621621621621,6,19,0.4,0.4,1.4,1.4,5,19,13,3,0.6842105263157895,0.5263157894736842,2,0,4,0,1.0,1.0,0.0,0.0,1.0,4,1680.16,1536.12,144.05,19,177,135,0.7627118644067796,553,448,0.810126582278481,9,Wednesday,0.1621,1,0,0,1,0,1,2,1,W,1,0,matched_secondary_full_career,0,0,0,0,0,2.995732273553991,0,2.995732273553991
2021-10-02_Manchester_United_Everton_1081,2021-10-02,2021/22,Manchester United,Everton,Premier League,domestic_league,H,0,0.78,36.6551,13388,1080,790,227,210,0.7314814814814815,3.0,2,3,5,2,5,10,17,0,1,1.0,1.0,0.85,0.8,0.7,0.3,0.8696786274476571,0.0121201873615873,1,0,3.0,7,7,0,1.0,297,123,0.4141414141414141,9,19,0.6,0.6,1.8,1.2,5,12,5,3,0.4166666666666667,0.3333333333333333,3,8,3,1,0.5,0.3333333333333333,0.9166666666666666,1.8333333333333333,0.1666666666666666,12,1686.24,1479.51,206.72,12,199,87,0.4371859296482412,554,449,0.8104693140794224,10,Saturday,0.1703,1,0,0,0,0,0,1,1,D,0,0,matched_secondary_full_career,0,0,0,0,0,2.5649493574615367,0,2.5649493574615367
2021-10-09_Portugal_Qatar_1082,2021-10-09,2021/22,Portugal,Qatar,International Friendly,international,H,1,0.35,36.6743,13395,1081,790,227,210,0.730804810360777,7.0,1,3,6,1,3,9,17,0,0,0.6,0.9,0.85,0.6,0.6,0.3,0.60877503921336,0.0084841311531111,0,1,10.0,8,7,0,0.875,180,111,0.6166666666666667,7,18,0.4,0.6,1.8,1.6,5,0,0,0,0.0,0.0,0,0,0,0,0.0,0.0,0.0,0.0,0.0,0,1655.83,1500.0,155.83,0,51,19,0.3725490196078431,555,449,0.809009009009009,10,Saturday,0.1896,1,0,0,1,0,1,3,0,W,1,0,matched_secondary_full_career,1,0,0,0,1,0.0,1,0.0
2021-10-12_Portugal_Luxembourg_1083,2021-10-12,2021/22,Portugal,Luxembourg,World Cup - Qualification Europe,international,H,1,0.76,36.6825,13398,1082,791,227,209,0.7310536044362292,3.0,1,3,6,2,3,8,18,0,0,0.6,0.8,0.9,0.6,0.6,0.2,0.7261425274493519,0.0059388918071777,1,0,3.0,9,8,0,0.8888888888888888,181,112,0.6187845303867403,7,18,0.4,0.6,1.8,1.6,5,9,6,1,0.6666666666666666,0.6666666666666666,3,9,0,0,0.0,0.0,0.2222222222222222,3.555555555555556,0.0,9,1661.62,1444.39,217.23,9,42,33,0.7857142857142857,556,450,0.8093525179856115,10,Tuesday,0.1978,1,0,0,1,1,3,5,0,W,3,0,matched_secondary_full_career,0,0,0,0,0,2.302585092994046,0,2.302585092994046
2021-10-16_Manchester_United_Leicester_City_1084,2021-10-16,2021/22,Manchester United,Leicester City,Premier League,domestic_league,A,0,0.78,36.6934,13402,1083,794,227,206,0.7331486611265005,4.0,2,3,6,4,5,11,19,0,0,1.0,1.1,0.95,0.6,0.7,0.3,1.4082997692145462,0.0041572242650244,2,0,4.0,10,11,0,1.1,298,123,0.412751677852349,7,17,0.4,0.6,1.2,1.2,5,1,0,0,0.0,0.0,0,1,0,0,0.0,0.0,0.0,1.0,0.0,1,1680.9,1492.25,188.65,1,200,87,0.435,497,327,0.6579476861167002,10,Saturday,0.2088,0,0,0,0,0,0,2,4,L,0,0,matched_secondary_full_career,0,0,0,0,0,0.6931471805599453,0,0.6931471805599453
2021-10-20_Manchester_United_Atalanta_1085,2021-10-20,2021/22,Manchester United,Atalanta,UEFA Champions League,continental_club,H,0,0.94,36.7044,13406,1084,794,227,206,0.7324723247232472,4.0,1,3,6,4,5,11,19,0,0,1.0,1.1,0.95,0.6,0.7,0.3,0.9858098384501824,0.0029100569855171,0,1,8.0,11,11,0,1.0,299,123,0.411371237458194,7,14,0.4,0.6,1.4,1.6,5,6,3,0,0.5,0.3333333333333333,2,0,0,0,0.0,0.0,0.0,0.0,0.0,0,1665.95,1524.54,141.41,6,178,136,0.7640449438202247,557,453,0.8132854578096947,10,Wednesday,0.2198,0,0,0,1,0,1,3,2,W,1,0,matched_secondary_full_career,1,0,0,0,0,1.9459101490553132,0,1.9459101490553132
2021-10-24_Manchester_United_Liverpool_1086,2021-10-24,2021/22,Manchester United,Liverpool,Premier League,domestic_league,H,0,0.78,36.7153,13410,1085,795,227,205,0.7327188940092166,4.0,1,3,7,4,5,10,19,0,0,1.0,1.0,0.95,0.6,0.7,0.2,0.9900668869151276,0.0020370398898619,1,0,4.0,12,12,0,1.0,300,124,0.4133333333333333,7,14,0.4,0.6,1.6,1.8,5,12,3,1,0.25,0.25,1,5,1,3,1.1111111111111112,0.4444444444444444,0.7777777777777778,1.0,0.3333333333333333,9,1672.09,1502.61,169.48,12,201,87,0.4328358208955223,558,454,0.8136200716845878,10,Sunday,0.2308,0,0,0,0,0,0,0,5,L,0,0,matched_secondary_full_career,0,0,0,0,0,2.5649493574615367,0,2.5649493574615367
2021-10-30_Manchester_United_Tottenham_Hotspur_1087,2021-10-30,2021/22,Manchester United,Tottenham Hotspur,Premier League,domestic_league,A,0,0.78,36.7318,13416,1086,795,227,205,0.7320441988950276,6.0,1,3,6,1,5,8,18,0,0,1.0,0.8,0.9,0.6,0.6,0.1,0.6930468208405893,0.0014259279229033,0,1,10.0,13,12,0,0.9230769230769232,301,124,0.4119601328903654,7,13,0.4,0.6,1.6,2.6,5,18,10,3,0.5555555555555556,0.4444444444444444,3,9,5,0,0.3571428571428571,0.3571428571428571,0.5714285714285714,1.7857142857142858,0.2142857142857142,14,1657.57,1492.08,165.48,18,202,87,0.4306930693069307,498,327,0.6566265060240963,10,Saturday,0.2473,0,0,0,1,0,1,3,0,W,1,1,matched_secondary_full_career,0,0,0,0,0,2.9444389791664403,0,2.9444389791664403
2021-11-02_Manchester_United_Atalanta_1088,2021-11-02,2021/22,Manchester United,Atalanta,UEFA Champions League,continental_club,A,0,0.94,36.74,13419,1087,796,228,204,0.7322907083716651,3.0,1,3,6,2,5,8,19,1,1,1.0,0.8,0.95,0.6,0.6,0.1,0.7851327745884125,0.3009981495460324,1,0,3.0,14,13,1,0.9285714285714286,302,125,0.4139072847682119,7,16,0.4,0.6,1.8,2.4,5,7,4,0,0.5714285714285714,0.4285714285714285,1,1,0,0,0.0,0.0,2.0,3.0,0.0,1,1663.13,1518.4,144.73,7,179,137,0.7653631284916201,499,328,0.657314629258517,11,Tuesday,0.2555,0,0,0,1,1,2,2,2,D,2,0,matched_secondary_full_career,0,0,0,0,0,2.0794415416798357,0,2.0794415416798357
2021-11-06_Manchester_United_Manchester_City_1089,2021-11-06,2021/22,Manchester United,Manchester City,Premier League,domestic_league,H,0,0.78,36.7509,13423,1088,798,228,202,0.7334558823529411,4.0,2,3,7,3,4,9,21,1,1,0.8,0.9,1.05,0.6,0.6,0.2,1.149592942211889,0.2106987046822226,2,0,4.0,15,15,1,1.0,303,127,0.4191419141914191,7,14,0.4,0.6,2.0,2.6,5,14,5,1,0.3571428571428571,0.3571428571428571,1,7,1,3,0.9090909090909092,0.3636363636363636,1.181818181818182,1.7272727272727273,0.0909090909090909,11,1659.19,1499.39,159.81,14,203,88,0.4334975369458128,559,454,0.8121645796064401,11,Saturday,0.2665,0,0,0,0,0,0,0,2,L,0,0,matched_secondary_full_career,0,0,0,0,0,2.70805020110221,0,2.70805020110221
2021-11-11_Portugal_Republic_of_Ireland_1090,2021-11-11,2021/22,Portugal,Republic of Ireland,World Cup - Qualification Europe,international,A,1,0.76,36.7646,13428,1089,798,228,202,0.7327823691460055,5.0,1,3,7,3,4,9,20,1,1,0.8,0.9,1.0,0.6,0.6,0.2,0.804715059548322,0.1474890932775558,0,1,9.0,16,15,1,0.9375,182,115,0.6318681318681318,10,20,0.6,0.8,2.4,0.8,5,3,2,0,0.6666666666666666,0.3333333333333333,2,2,0,1,1.0,0.3333333333333333,1.0,2.333333333333333,0.3333333333333333,3,1666.07,1499.34,166.74,3,43,36,0.8372093023255814,500,330,0.66,11,Thursday,0.2802,0,0,0,0,0,0,0,0,D,0,0,matched_secondary_full_career,0,0,0,0,0,1.3862943611198906,0,1.3862943611198906
2021-11-14_Portugal_Serbia_1091,2021-11-14,2021/22,Portugal,Serbia,World Cup - Qualification Europe,international,H,1,0.76,36.7728,13431,1090,798,228,202,0.7321100917431193,3.0,1,3,7,2,3,8,18,1,1,0.6,0.8,0.9,0.4,0.5,0.2,0.5633005416838254,0.1032423652942891,0,2,12.0,17,15,1,0.8823529411764706,183,115,0.6284153005464481,10,18,0.6,0.8,2.0,0.4,5,6,1,0,0.1666666666666666,0.1666666666666666,1,2,4,0,0.6666666666666666,0.6666666666666666,1.3333333333333333,1.8333333333333333,0.0,6,1661.61,1502.97,158.64,6,44,36,0.8181818181818182,560,454,0.8107142857142857,11,Sunday,0.2885,0,0,0,0,0,0,1,2,L,0,0,matched_secondary_full_career,0,0,0,0,0,1.9459101490553132,0,1.9459101490553132
2021-11-20_Manchester_United_Watford_1092,2021-11-20,2021/22,Manchester United,Watford,Premier League,domestic_league,A,0,0.78,36.7893,13437,1091,798,228,202,0.7314390467461045,6.0,1,3,6,0,3,8,17,1,1,0.6,0.8,0.85,0.4,0.5,0.2,0.3943103791786777,0.0722696557060023,0,3,18.0,18,15,1,0.8333333333333334,304,127,0.4177631578947368,7,14,0.4,0.6,1.6,2.2,5,3,2,1,0.6666666666666666,0.6666666666666666,2,3,0,0,0.0,0.0,0.6666666666666666,3.333333333333333,0.0,3,1644.89,1483.09,161.81,3,204,88,0.4313725490196078,501,330,0.6586826347305389,11,Saturday,0.3049,0,0,0,0,0,0,1,4,L,0,1,matched_secondary_full_career,0,0,0,0,0,1.3862943611198906,0,1.3862943611198906
2021-11-23_Manchester_United_Villarreal_1093,2021-11-23,2021/22,Manchester United,Villarreal,UEFA Champions League,continental_club,A,0,0.94,36.7975,13440,1092,798,229,202,0.7307692307692307,3.0,1,3,7,0,2,7,15,1,2,0.4,0.7,0.75,0.2,0.4,0.2,0.2760172654250744,0.3505887589942016,0,4,21.0,19,15,2,0.7894736842105263,305,127,0.4163934426229508,4,11,0.2,0.4,1.2,2.6,5,20,14,3,0.7,0.55,2,1,4,0,0.8,0.8,0.2,0.4,0.8,5,1630.54,1530.04,100.51,20,180,139,0.7722222222222223,502,330,0.6573705179282868,11,Tuesday,0.3132,0,0,0,1,0,1,2,0,W,1,0,matched_secondary_full_career,0,0,0,0,0,3.044522437723423,0,3.044522437723423
2021-11-28_Manchester_United_Chelsea_1094,2021-11-28,2021/22,Manchester United,Chelsea,Premier League,domestic_league,A,0,0.78,36.8112,13445,1093,799,229,201,0.7310155535224153,5.0,1,3,7,1,1,5,16,1,2,0.2,0.5,0.8,0.2,0.4,0.1,0.493212085797552,0.2454121312959411,1,0,5.0,20,16,2,0.8,306,128,0.4183006535947712,7,14,0.4,0.6,1.6,1.6,5,15,1,2,0.0666666666666666,0.0666666666666666,1,3,6,6,1.6,0.8,1.1333333333333333,0.9333333333333332,0.2666666666666666,15,1637.73,1572.37,65.36,15,205,88,0.4292682926829268,503,331,0.658051689860835,11,Sunday,0.3269,0,0,0,0,0,0,1,1,D,0,0,matched_secondary_full_career,0,0,0,0,0,2.772588722239781,0,2.772588722239781
2021-12-02_Manchester_United_Arsenal_1095,2021-12-02,2021/22,Manchester United,Arsenal,Premier League,domestic_league,H,0,0.78,36.8221,13449,1094,799,229,201,0.7303473491773309,4.0,1,3,7,1,1,5,16,1,2,0.2,0.5,0.8,0.2,0.4,0.1,0.3452484600582864,0.1717884919071587,0,1,9.0,21,16,2,0.7619047619047619,307,128,0.4169381107491857,5,12,0.2,0.6,1.2,1.8,5,15,6,1,0.4,0.2666666666666666,2,7,5,3,0.9333333333333332,0.5333333333333333,0.7333333333333333,1.2666666666666666,0.3333333333333333,15,1635.87,1522.27,113.61,15,206,88,0.4271844660194174,561,454,0.8092691622103387,12,Thursday,0.3379,0,0,1,1,1,2,3,2,W,2,0,matched_secondary_full_career,0,0,0,0,0,2.772588722239781,0,2.772588722239781
2021-12-05_Manchester_United_Crystal_Palace_1096,2021-12-05,2021/22,Manchester United,Crystal Palace,Premier League,domestic_league,H,0,0.78,36.8303,13452,1095,801,229,199,0.7315068493150685,3.0,2,3,7,3,3,6,16,1,2,0.6,0.6,0.8,0.4,0.4,0.2,0.8416739220408005,0.1202519443350111,1,0,3.0,22,18,2,0.8181818181818182,308,130,0.422077922077922,7,14,0.4,0.6,1.4,1.8,5,1,0,0,0.0,0.0,0,0,1,0,1.0,1.0,0.0,0.0,1.0,1,1642.71,1503.95,138.77,1,207,90,0.4347826086956521,562,456,0.8113879003558719,12,Sunday,0.3462,0,0,1,0,0,0,1,0,W,0,0,matched_secondary_full_career,0,0,0,0,0,0.6931471805599453,0,0.6931471805599453
2021-12-11_Manchester_United_Norwich_City_1097,2021-12-11,2021/22,Manchester United,Norwich City,Premier League,domestic_league,A,0,0.78,36.8468,13458,1096,801,229,199,0.7308394160583942,6.0,1,3,7,2,3,6,14,1,2,0.6,0.6,0.7,0.4,0.4,0.2,0.5891717454285603,0.0841763610345077,0,1,9.0,23,18,2,0.782608695652174,309,130,0.4207119741100323,10,17,0.6,0.8,1.6,1.4,5,2,0,0,0.0,0.0,0,1,0,1,1.5,0.5,1.5,1.0,0.5,2,1648.92,1506.29,142.63,2,208,90,0.4326923076923077,504,331,0.6567460317460317,12,Saturday,0.3626,0,0,1,1,0,1,1,0,W,1,0,matched_secondary_full_career,0,0,0,0,0,1.0986122886681098,0,1.0986122886681098
2021-12-27_Manchester_United_Newcastle_United_1098,2021-12-27,2021/22,Manchester United,Newcastle United,Premier League,domestic_league,A,0,0.78,36.8906,13474,1097,802,229,198,0.731084776663628,16.0,0,0,4,3,4,6,14,0,1,0.8,0.6,0.7,0.6,0.4,0.2,0.7124202217999922,0.0589234527241554,1,0,16.0,24,19,2,0.7916666666666666,310,131,0.4225806451612903,13,17,0.8,1.0,1.6,0.6,5,12,8,4,0.6666666666666666,0.3333333333333333,4,11,1,0,0.0833333333333333,0.0833333333333333,0.75,3.0,0.0,12,1655.03,1444.5,210.53,12,209,91,0.4354066985645933,505,332,0.6574257425742575,12,Monday,0.4066,0,0,1,0,0,0,1,1,D,0,0,matched_secondary_full_career,0,0,0,0,0,2.5649493574615367,0,2.5649493574615367
2021-12-30_Manchester_United_Burnley_1099,2021-12-30,2021/22,Manchester United,Burnley,Premier League,domestic_league,H,0,0.78,36.8988,13477,1098,802,229,198,0.7304189435336976,3.0,1,1,4,1,3,4,13,0,1,0.6,0.4,0.65,0.4,0.3,0.1,0.4986941552599945,0.0412464169069088,0,1,19.0,25,19,2,0.76,311,131,0.4212218649517685,11,18,0.6,1.0,1.4,0.8,5,0,0,0,0.0,0.0,0,0,0,0,0.0,0.0,0.0,0.0,0.0,0,1649.62,1500.0,149.62,0,210,91,0.4333333333333333,563,456,0.8099467140319716,12,Thursday,0.4148,0,0,1,1,0,1,3,1,W,1,1,matched_secondary_full_career,1,0,0,0,1,0.0,1,0.0
2022-01-03_Manchester_United_Wolverhampton_Wanderers_1100,2022-01-03,2021/22,Manchester United,Wolverhampton Wanderers,Premier League,domestic_league,H,0,0.78,36.9097,13481,1099,803,230,197,0.7306642402183804,4.0,2,2,4,2,4,5,14,1,2,0.8,0.5,0.7,0.6,0.4,0.1,0.6490859086819961,0.3288724918348361,1,0,4.0,26,20,3,0.7692307692307693,312,132,0.4230769230769231,13,18,0.8,1.0,1.8,0.8,5,2,0,0,0.0,0.0,0,1,0,1,1.5,0.5,0.5,0.5,0.5,2,1655.56,1502.65,152.9,2,211,92,0.4360189573459715,564,457,0.8102836879432624,1,Monday,0.4258,0,0,1,0,0,0,0,1,L,0,0,matched_secondary_full_career,0,0,0,0,0,1.0986122886681098,0,1.0986122886681098
2022-01-19_Manchester_United_Brentford_1101,2022-01-19,2021/22,Manchester United,Brentford,Premier League,domestic_league,A,0,0.78,36.9535,13497,1100,803,230,197,0.73,16.0,0,0,3,1,2,5,13,1,2,0.4,0.5,0.65,0.4,0.4,0.1,0.4543601360773972,0.2302107442843853,0,1,20.0,27,20,3,0.7407407407407407,313,132,0.4217252396166134,10,17,0.6,0.8,1.2,0.6,5,0,0,0,0.0,0.0,0,0,0,0,0.0,0.0,0.0,0.0,0.0,0,1641.42,1500.0,141.42,0,212,92,0.4339622641509434,506,332,0.6561264822134387,1,Wednesday,0.4698,0,0,1,0,0,0,3,1,W,0,0,matched_secondary_full_career,1,0,0,0,1,0.0,1,0.0
2022-01-22_Manchester_United_West_Ham_United_1102,2022-01-22,2021/22,Manchester United,West Ham United,Premier League,domestic_league,H,0,0.78,36.9617,13500,1101,803,230,197,0.7293369663941871,3.0,1,1,4,1,2,5,13,1,2,0.4,0.5,0.65,0.4,0.4,0.1,0.318052095254178,0.1611475209990697,0,2,23.0,28,20,3,0.7142857142857143,314,132,0.4203821656050955,10,20,0.6,0.8,1.6,0.8,5,8,6,1,0.75,0.5,3,5,0,3,1.125,0.375,0.75,1.375,0.25,8,1647.56,1517.02,130.54,8,213,92,0.431924882629108,565,457,0.8088495575221238,1,Saturday,0.478,0,0,1,0,0,0,1,0,W,0,0,matched_secondary_full_career,0,0,0,0,0,2.1972245773362196,0,2.1972245773362196
2022-02-04_Manchester_United_Middlesbrough_1103,2022-02-04,2021/22,Manchester United,Middlesbrough,FA Cup,domestic_or_other_cup,H,0,0.72,36.9973,13513,1102,803,230,197,0.7286751361161524,13.0,0,1,2,0,1,5,12,1,1,0.2,0.5,0.6,0.2,0.4,0.1,0.2226364666779246,0.1128032646993487,0,3,36.0,29,20,3,0.6896551724137931,315,132,0.419047619047619,10,23,0.6,0.8,1.6,0.8,5,14,5,1,0.3571428571428571,0.3571428571428571,2,7,5,2,0.7857142857142857,0.5,1.1428571428571428,1.7857142857142858,0.0714285714285714,14,1653.97,1504.92,149.05,14,26,13,0.5,566,457,0.8074204946996466,2,Friday,0.5137,0,0,0,0,0,0,1,1,D,0,0,matched_secondary_full_career,0,0,0,0,0,2.70805020110221,0,2.70805020110221
2022-02-08_Manchester_United_Burnley_1104,2022-02-08,2021/22,Manchester United,Burnley,Premier League,domestic_league,A,0,0.78,37.0083,13517,1103,803,230,197,0.7280145058930191,4.0,1,1,3,0,1,4,9,1,1,0.2,0.4,0.45,0.2,0.3,0.1,0.1558455266745472,0.0789622852895441,0,4,40.0,30,20,3,0.6666666666666666,316,132,0.4177215189873418,10,21,0.6,0.8,1.6,0.8,5,1,1,1,1.0,1.0,1,1,0,0,0.0,0.0,1.0,3.0,0.0,1,1649.93,1494.06,155.87,1,214,92,0.4299065420560747,507,332,0.6548323471400395,2,Tuesday,0.5247,0,0,0,0,0,0,1,1,D,0,0,matched_secondary_full_career,0,0,0,0,0,0.6931471805599453,0,0.6931471805599453
2022-02-12_Manchester_United_Southampton_1105,2022-02-12,2021/22,Manchester United,Southampton,Premier League,domestic_league,H,0,0.78,37.0192,13521,1104,803,230,197,0.7273550724637681,4.0,1,2,4,0,0,4,9,0,1,0.0,0.4,0.45,0.0,0.3,0.1,0.109091868672183,0.0552735997026809,0,5,44.0,31,20,3,0.6451612903225806,317,132,0.416403785488959,8,21,0.4,0.8,1.2,0.8,5,4,2,0,0.5,0.5,2,3,0,1,0.75,0.25,0.75,2.5,0.25,4,1645.72,1489.02,156.7,4,215,92,0.427906976744186,567,457,0.8059964726631393,2,Saturday,0.5357,0,0,0,0,0,0,1,1,D,0,0,matched_secondary_full_career,0,0,0,0,0,1.6094379124341003,0,1.6094379124341003
2022-02-15_Manchester_United_Brighton_1106,2022-02-15,2021/22,Manchester United,Brighton,Premier League,domestic_league,H,0,0.78,37.0275,13524,1105,803,230,197,0.7266968325791855,3.0,2,3,5,0,0,2,8,0,1,0.0,0.2,0.4,0.0,0.2,0.0,0.0763643080705281,0.0386915197918766,0,6,47.0,32,20,3,0.625,318,132,0.4150943396226415,9,19,0.4,1.0,1.4,0.8,5,0,0,0,0.0,0.0,0,0,0,0,0.0,0.0,0.0,0.0,0.0,0,1641.49,1500.0,141.49,0,216,92,0.4259259259259259,568,457,0.8045774647887324,2,Tuesday,0.544,0,0,0,1,0,1,2,0,W,1,0,matched_secondary_full_career,1,0,0,0,1,0.0,1,0.0
2022-02-20_Manchester_United_Leeds_United_1107,2022-02-20,2021/22,Manchester United,Leeds United,Premier League,domestic_league,A,0,0.78,37.0411,13529,1106,804,230,196,0.7269439421338155,5.0,1,3,5,1,1,3,9,0,1,0.2,0.3,0.45,0.2,0.3,0.0,0.3534550156493696,0.0270840638543136,1,0,5.0,33,21,3,0.6363636363636364,319,133,0.4169278996865204,9,19,0.4,1.0,1.2,0.6,5,1,0,0,0.0,0.0,0,1,0,0,0.0,0.0,0.0,1.0,0.0,1,1647.63,1490.47,157.16,1,217,93,0.4285714285714285,508,332,0.6535433070866141,2,Sunday,0.5577,0,0,0,0,0,0,4,2,W,0,0,matched_secondary_full_career,0,0,0,0,0,0.6931471805599453,0,0.6931471805599453
2022-02-23_Manchester_United_Atletico_Madrid_1108,2022-02-23,2021/22,Manchester United,Atletico Madrid,UEFA Champions League,continental_club,A,0,0.94,37.0494,13532,1107,804,230,196,0.7262872628726287,3.0,1,3,5,1,1,2,8,0,1,0.2,0.2,0.4,0.2,0.2,0.0,0.2474185109545587,0.0189588446980195,0,1,8.0,34,21,3,0.6176470588235294,320,133,0.415625,9,19,0.4,1.0,1.8,1.0,5,35,25,5,0.7142857142857143,0.4285714285714285,3,0,0,0,0.0,0.0,0.0,0.0,0.0,0,1653.39,1603.26,50.13,35,181,140,0.7734806629834254,509,332,0.6522593320235757,2,Wednesday,0.5659,0,0,0,0,0,0,1,1,D,0,0,matched_secondary_full_career,1,0,0,0,0,3.58351893845611,0,3.58351893845611
2022-02-26_Manchester_United_Watford_1109,2022-02-26,2021/22,Manchester United,Watford,Premier League,domestic_league,H,0,0.78,37.0576,13535,1108,804,230,196,0.7256317689530686,3.0,2,4,6,1,1,2,6,0,1,0.2,0.2,0.3,0.2,0.2,0.0,0.1731929576681911,0.0132711912886136,0,2,11.0,35,21,3,0.6,321,133,0.4143302180685358,9,19,0.4,1.0,1.8,1.0,5,4,2,2,0.5,0.5,2,3,0,1,0.75,0.25,1.5,2.75,0.0,4,1651.96,1497.43,154.53,4,218,93,0.4266055045871559,569,458,0.804920913884007,2,Saturday,0.5742,0,0,0,0,0,0,0,0,D,0,0,matched_secondary_full_career,0,0,0,0,0,1.6094379124341003,0,1.6094379124341003
2022-03-12_Manchester_United_Tottenham_Hotspur_1110,2022-03-12,2021/22,Manchester United,Tottenham Hotspur,Premier League,domestic_league,H,0,0.78,37.0959,13549,1109,804,230,196,0.7249774571686204,14.0,0,1,5,0,1,1,6,0,0,0.2,0.1,0.3,0.2,0.1,0.0,0.1212350703677337,0.0092898339020295,0,3,25.0,36,21,3,0.5833333333333334,322,133,0.4130434782608695,9,17,0.4,1.0,1.6,0.8,5,19,11,4,0.5789473684210527,0.4736842105263157,3,10,5,0,0.3333333333333333,0.3333333333333333,0.5333333333333333,1.8666666666666667,0.2,15,1647.78,1486.52,161.27,19,219,93,0.4246575342465753,570,458,0.8035087719298246,3,Saturday,0.6126,0,0,0,1,1,3,3,2,W,3,0,matched_secondary_full_career,0,0,0,0,0,2.995732273553991,0,2.995732273553991
2022-03-15_Manchester_United_Atletico_Madrid_1111,2022-03-15,2021/22,Manchester United,Atletico Madrid,UEFA Champions League,continental_club,H,0,0.94,37.1041,13552,1110,807,230,193,0.727027027027027,3.0,1,1,5,3,4,4,9,0,0,0.8,0.4,0.45,0.4,0.2,0.1,0.9848645492574136,0.0065028837314207,1,0,3.0,37,24,3,0.6486486486486487,323,136,0.4210526315789473,11,20,0.6,1.0,2.0,1.0,5,36,25,5,0.6944444444444444,0.4166666666666667,0,0,1,0,1.0,1.0,1.0,1.0,0.0,1,1653.45,1604.69,48.75,36,182,140,0.7692307692307693,571,461,0.8073555166374781,3,Tuesday,0.6209,0,0,0,0,0,0,0,1,L,0,0,matched_secondary_full_career,0,0,0,0,0,3.6109179126442243,0,3.6109179126442243
2022-03-24_Portugal_Türkiye_1112,2022-03-24,2021/22,Portugal,Türkiye,World Cup - Qualification Europe,international,H,1,0.76,37.1288,13561,1111,807,230,193,0.7263726372637264,9.0,0,2,4,3,3,4,9,0,0,0.6,0.4,0.45,0.2,0.2,0.1,0.6894051844801894,0.0045520186119944,0,1,12.0,38,24,3,0.631578947368421,184,115,0.625,10,17,0.6,0.8,2.2,0.6,5,2,0,1,0.0,0.0,0,1,0,1,1.5,0.5,1.5,1.5,0.0,2,1647.34,1506.9,140.44,2,45,36,0.8,572,461,0.8059440559440559,3,Thursday,0.6456,0,0,0,0,0,0,3,1,W,0,0,matched_secondary_full_career,0,0,0,0,0,1.0986122886681098,0,1.0986122886681098
2022-03-29_Portugal_North_Macedonia_1113,2022-03-29,2021/22,Portugal,North Macedonia,World Cup - Qualification Europe,international,H,1,0.76,37.1424,13566,1112,807,230,193,0.7257194244604317,5.0,1,2,3,3,3,4,9,0,0,0.6,0.4,0.45,0.2,0.2,0.1,0.4825836291361325,0.0031864130283961,0,2,17.0,39,24,3,0.6153846153846154,185,115,0.6216216216216216,10,17,0.6,0.8,2.4,0.6,5,1,0,0,0.0,0.0,0,0,1,0,1.0,1.0,0.0,0.0,1.0,1,1653.5,1503.76,149.74,1,46,36,0.782608695652174,573,461,0.8045375218150087,3,Tuesday,0.6593,0,0,0,0,0,0,2,0,W,0,1,matched_secondary_full_career,0,0,0,0,0,0.6931471805599453,0,0.6931471805599453
2022-04-09_Manchester_United_Everton_1114,2022-04-09,2021/22,Manchester United,Everton,Premier League,domestic_league,A,0,0.78,37.1726,13577,1113,807,231,193,0.7250673854447439,11.0,0,1,4,0,3,4,8,1,1,0.6,0.4,0.4,0.2,0.2,0.1,0.3378085403952928,0.3022304891198772,0,3,28.0,40,24,4,0.6,324,136,0.419753086419753,8,17,0.4,0.8,1.6,1.2,5,13,5,3,0.3846153846153846,0.3076923076923077,1,8,4,1,0.5384615384615384,0.3846153846153846,0.9230769230769232,1.7692307692307692,0.1538461538461538,13,1642.05,1484.85,157.21,13,220,96,0.4363636363636363,510,332,0.6509803921568628,4,Saturday,0.6896,0,0,0,0,0,0,0,1,L,0,0,matched_secondary_full_career,0,0,0,0,0,2.6390573296152584,0,2.6390573296152584
2022-04-16_Manchester_United_Norwich_City_1115,2022-04-16,2021/22,Manchester United,Norwich City,Premier League,domestic_league,H,0,0.78,37.1917,13584,1114,807,231,193,0.7244165170556554,7.0,1,1,3,0,3,4,8,1,1,0.6,0.4,0.4,0.2,0.2,0.1,0.2364659782767049,0.211561342383914,0,4,35.0,41,24,4,0.5853658536585366,325,136,0.4184615384615384,5,14,0.2,0.6,0.8,1.0,5,3,1,0,0.3333333333333333,0.3333333333333333,1,2,0,1,1.0,0.3333333333333333,1.0,1.0,0.3333333333333333,3,1627.81,1500.18,127.64,3,221,96,0.4343891402714932,574,461,0.8031358885017421,4,Saturday,0.7088,0,0,0,1,1,3,3,2,W,3,0,matched_secondary_full_career,0,0,0,0,0,1.3862943611198906,0,1.3862943611198906
2022-04-23_Manchester_United_Arsenal_1116,2022-04-23,2021/22,Manchester United,Arsenal,Premier League,domestic_league,A,0,0.78,37.2109,13591,1115,810,231,190,0.726457399103139,7.0,1,2,4,3,3,7,9,1,1,0.6,0.7,0.45,0.2,0.3,0.2,1.0655261847936934,0.1480929396687398,1,0,7.0,42,27,4,0.6428571428571429,326,139,0.4263803680981595,7,16,0.4,0.6,1.2,1.2,5,16,8,1,0.5,0.3125,4,8,5,3,0.875,0.5,0.8125,1.375,0.3125,16,1634.3,1515.42,118.87,16,222,99,0.4459459459459459,511,332,0.649706457925636,4,Saturday,0.728,0,0,0,1,0,1,1,3,L,1,0,matched_secondary_full_career,0,0,0,0,0,2.833213344056216,0,2.833213344056216
2022-04-28_Manchester_United_Chelsea_1117,2022-04-28,2021/22,Manchester United,Chelsea,Premier League,domestic_league,H,0,0.78,37.2246,13596,1116,811,231,189,0.7267025089605734,5.0,1,2,4,4,4,7,10,1,1,0.8,0.7,0.5,0.4,0.3,0.2,1.0458683293555853,0.1036650577681179,2,0,5.0,43,28,4,0.6511627906976745,327,140,0.4281345565749235,6,15,0.4,0.4,1.4,1.8,5,16,1,2,0.0625,0.0625,0,3,7,6,1.5625,0.8125,1.125,0.9375,0.25,16,1621.0,1574.23,46.78,16,223,100,0.4484304932735426,575,464,0.8069565217391305,4,Thursday,0.7418,0,0,0,1,0,1,1,1,D,1,0,matched_secondary_full_career,0,0,0,0,0,2.833213344056216,0,2.833213344056216
2022-05-02_Manchester_United_Brentford_1118,2022-05-02,2021/22,Manchester United,Brentford,Premier League,domestic_league,H,0,0.78,37.2355,13600,1117,812,231,188,0.7269471799462847,4.0,1,2,4,5,5,8,10,1,1,1.0,0.8,0.5,0.6,0.4,0.2,1.0321078305489095,0.0725655404376825,3,0,4.0,44,29,4,0.6590909090909091,328,141,0.4298780487804878,4,15,0.2,0.4,1.0,1.6,5,1,0,0,0.0,0.0,0,1,0,0,0.0,0.0,1.0,3.0,0.0,1,1619.67,1493.86,125.81,1,224,101,0.4508928571428571,576,465,0.8072916666666666,5,Monday,0.7527,0,0,0,1,0,1,3,0,W,1,0,matched_secondary_full_career,0,0,0,0,0,0.6931471805599453,0,0.6931471805599453
2022-05-07_Manchester_United_Brighton_1119,2022-05-07,2021/22,Manchester United,Brighton,Premier League,domestic_league,A,0,0.78,37.2492,13605,1118,813,231,187,0.7271914132379249,5.0,1,3,5,3,6,9,11,0,1,1.2,0.9,0.55,0.8,0.5,0.2,1.0224754813842367,0.0507958783063777,4,0,5.0,45,30,4,0.6666666666666666,329,142,0.4316109422492401,7,15,0.4,0.6,1.6,1.4,5,1,1,0,1.0,1.0,1,1,0,0,0.0,0.0,0.0,2.0,0.0,1,1626.19,1493.86,132.33,1,225,102,0.4533333333333333,512,333,0.650390625,5,Saturday,0.7665,0,0,0,0,0,0,0,4,L,0,0,matched_secondary_full_career,0,0,0,0,0,0.6931471805599453,0,0.6931471805599453
2022-06-02_Portugal_Spain_1120,2022-06-02,2021/22,Portugal,Spain,UEFA Nations League,international,A,1,0.82,37.3204,13631,1119,813,231,187,0.7265415549597856,26.0,0,0,1,2,6,9,10,0,1,1.2,0.9,0.5,0.8,0.5,0.2,0.7157328369689656,0.0355571148144644,0,1,31.0,46,30,4,0.6521739130434783,186,115,0.6182795698924731,10,17,0.6,0.8,2.2,0.6,5,7,3,0,0.4285714285714285,0.1428571428571428,3,2,4,1,1.0,0.7142857142857143,0.5714285714285714,1.1428571428571428,0.5714285714285714,7,1659.44,1515.74,143.7,7,6,5,0.8333333333333334,513,333,0.6491228070175439,6,Thursday,0.8379,0,1,0,0,0,0,1,1,D,0,0,matched_secondary_full_career,0,0,0,0,0,2.0794415416798357,0,2.0794415416798357
2022-06-05_Portugal_Switzerland_1121,2022-06-05,2021/22,Portugal,Switzerland,UEFA Nations League,international,H,1,0.82,37.3286,13634,1120,813,231,187,0.7258928571428571,3.0,1,1,2,1,3,6,10,0,1,0.6,0.6,0.5,0.6,0.4,0.1,0.5010129858782759,0.0248899803701251,0,2,34.0,47,30,4,0.6382978723404256,187,115,0.6149732620320856,8,18,0.4,0.8,1.4,0.8,5,2,3,0,1.5,0.5,3,2,0,0,0.0,0.0,0.5,2.5,0.0,2,1655.53,1489.18,166.35,2,7,5,0.7142857142857143,577,466,0.8076256499133448,6,Sunday,0.8462,0,1,0,1,1,2,4,0,W,2,0,matched_secondary_full_career,0,0,0,0,0,1.0986122886681098,0,1.0986122886681098
2022-06-09_Portugal_Czech_Republic_1122,2022-06-09,2021/22,Portugal,Czech Republic,UEFA Nations League,international,H,1,0.82,37.3396,13638,1121,815,231,185,0.7270294380017841,4.0,2,2,2,2,4,8,12,0,1,0.8,0.8,0.6,0.6,0.5,0.2,0.9507090901147932,0.0174229862590875,1,0,4.0,48,32,4,0.6666666666666666,188,117,0.6223404255319149,10,20,0.6,0.8,2.2,0.8,5,2,2,1,1.0,1.0,2,2,0,0,0.0,0.0,0.5,2.0,0.0,2,1661.07,1486.77,174.31,2,8,7,0.875,578,468,0.8096885813148789,6,Thursday,0.8571,0,1,0,0,0,0,2,0,W,0,0,matched_secondary_full_career,0,0,0,0,0,1.0986122886681098,0,1.0986122886681098
2022-08-07_Manchester_United_Brighton_1123,2022-08-07,2022/23,Manchester United,Brighton,Premier League,domestic_league,H,0,0.78,37.5011,13697,1122,815,231,185,0.7263814616755794,59.0,0,0,0,2,3,8,12,0,1,0.6,0.8,0.6,0.4,0.5,0.2,0.6654963630803551,0.0121960903813613,0,1,63.0,0,0,0,0.0,330,142,0.4303030303030303,7,12,0.4,0.6,1.6,2.0,5,2,1,0,0.5,0.5,1,1,0,1,1.5,0.5,2.0,1.0,0.5,2,1612.56,1507.5,105.06,2,226,102,0.4513274336283185,579,468,0.8082901554404145,8,Sunday,0.0165,1,0,0,0,0,0,1,2,L,0,0,matched_secondary_full_career,0,0,0,0,0,1.0986122886681098,0,1.0986122886681098
2022-08-13_Manchester_United_Brentford_1124,2022-08-13,2022/23,Manchester United,Brentford,Premier League,domestic_league,A,0,0.78,37.5175,13703,1123,815,231,185,0.7257346393588602,6.0,1,1,1,2,2,8,12,0,0,0.4,0.8,0.6,0.2,0.5,0.2,0.4658474541562485,0.0085372632669529,0,2,69.0,1,0,0,0.0,331,142,0.4290030211480362,4,11,0.2,0.4,1.2,2.0,5,2,1,0,0.5,0.5,1,2,0,0,0.0,0.0,0.5,3.0,0.0,2,1599.63,1487.33,112.29,2,227,102,0.4493392070484581,514,333,0.6478599221789884,8,Saturday,0.033,1,0,0,0,0,0,0,4,L,0,0,matched_secondary_full_career,0,0,0,0,0,1.0986122886681098,0,1.0986122886681098
2022-08-22_Manchester_United_Liverpool_1125,2022-08-22,2022/23,Manchester United,Liverpool,Premier League,domestic_league,H,0,0.78,37.5422,13712,1124,815,231,185,0.7250889679715302,9.0,0,1,2,0,2,8,12,0,0,0.4,0.8,0.6,0.2,0.5,0.2,0.3260932179093739,0.005976084286867,0,3,78.0,2,0,0,0.0,332,142,0.4277108433734939,4,10,0.2,0.4,1.0,2.2,5,13,3,1,0.2307692307692307,0.2307692307692307,0,5,1,4,1.3,0.5,1.2,0.9,0.4,10,1586.5,1517.14,69.36,13,228,102,0.4473684210526316,580,468,0.8068965517241379,8,Monday,0.0577,1,0,0,0,0,0,2,1,W,0,0,matched_secondary_full_career,0,0,0,0,0,2.6390573296152584,0,2.6390573296152584
2022-08-27_Manchester_United_Southampton_1126,2022-08-27,2022/23,Manchester United,Southampton,Premier League,domestic_league,A,0,0.78,37.5559,13717,1125,815,231,185,0.7244444444444444,5.0,1,2,3,0,2,5,12,0,0,0.4,0.5,0.6,0.2,0.4,0.1,0.2282652525365617,0.0041832590008069,0,4,83.0,3,0,0,0.0,333,142,0.4264264264264264,6,10,0.4,0.4,1.2,2.2,5,5,2,0,0.4,0.4,2,3,1,1,0.8,0.4,0.8,2.2,0.2,5,1594.53,1493.24,101.29,5,229,102,0.445414847161572,515,333,0.6466019417475728,8,Saturday,0.0714,1,0,0,0,0,0,1,0,W,0,0,matched_secondary_full_career,0,0,0,0,0,1.791759469228055,0,1.791759469228055
2022-09-01_Manchester_United_Leicester_City_1127,2022-09-01,2022/23,Manchester United,Leicester City,Premier League,domestic_league,A,0,0.78,37.5696,13722,1126,815,231,185,0.7238010657193605,5.0,1,2,4,0,0,4,11,0,0,0.0,0.4,0.55,0.0,0.3,0.1,0.1597856767755932,0.0029282813005648,0,5,88.0,4,0,0,0.0,334,142,0.4251497005988024,6,13,0.4,0.4,0.8,2.2,5,2,0,0,0.0,0.0,0,1,0,1,1.5,0.5,2.0,1.5,0.0,2,1601.7,1507.2,94.5,2,230,102,0.4434782608695652,516,333,0.6453488372093024,9,Thursday,0.0852,1,0,0,0,0,0,1,0,W,0,0,matched_secondary_full_career,0,0,0,0,0,1.0986122886681098,0,1.0986122886681098
2022-09-04_Manchester_United_Arsenal_1128,2022-09-04,2022/23,Manchester United,Arsenal,Premier League,domestic_league,H,0,0.78,37.5778,13725,1127,815,231,185,0.7231588287488908,3.0,1,3,5,0,0,3,11,0,0,0.0,0.3,0.55,0.0,0.2,0.1,0.1118499737429152,0.0020497969103953,0,6,91.0,5,0,0,0.0,335,142,0.4238805970149253,9,16,0.6,0.6,1.0,1.4,5,17,9,1,0.5294117647058824,0.3529411764705882,3,8,5,4,1.0,0.5294117647058824,0.9411764705882352,1.3529411764705883,0.2941176470588235,17,1609.04,1528.72,80.32,17,231,102,0.4415584415584415,581,468,0.8055077452667814,9,Sunday,0.0934,1,0,0,0,0,0,3,1,W,0,0,matched_secondary_full_career,0,0,0,0,0,2.8903717578961645,0,2.8903717578961645
2022-09-08_Manchester_United_Real_Sociedad_1129,2022-09-08,2022/23,Manchester United,Real Sociedad,UEFA Europa League,continental_club,H,0,0.84,37.5887,13729,1128,815,231,185,0.7225177304964538,4.0,2,3,5,0,0,2,11,0,0,0.0,0.2,0.55,0.0,0.1,0.1,0.0782949816200406,0.0014348578372767,0,7,95.0,6,0,0,0.0,336,142,0.4226190476190476,12,16,0.8,0.8,1.4,1.2,5,9,15,4,1.6666666666666667,0.7777777777777778,6,0,0,0,0.0,0.0,0.0,0.0,0.0,0,1616.77,1463.48,153.29,9,2,0,0.0,582,468,0.8041237113402062,9,Thursday,0.1044,1,0,0,0,0,0,0,1,L,0,0,matched_secondary_full_career,1,0,0,0,0,2.302585092994046,0,2.302585092994046
2022-09-15_Manchester_United_Sheriff_Tiraspol_1130,2022-09-15,2022/23,Manchester United,Sheriff Tiraspol,UEFA Europa League,continental_club,A,0,0.84,37.6079,13736,1129,815,231,185,0.7218777679362267,7.0,1,3,5,0,0,2,11,0,0,0.0,0.2,0.55,0.0,0.1,0.1,0.0548064871340284,0.0010044004860937,0,8,102.0,7,0,0,0.0,337,142,0.4213649851632047,12,16,0.8,0.8,1.4,0.6,5,0,0,0,0.0,0.0,0,0,0,0,0.0,0.0,0.0,0.0,0.0,0,1602.62,1500.0,102.62,0,3,0,0.0,517,333,0.6441005802707931,9,Thursday,0.1236,1,0,0,1,0,1,2,0,W,1,0,matched_secondary_full_career,1,0,0,0,1,0.0,1,0.0
2022-09-24_Portugal_Czech_Republic_1131,2022-09-24,2022/23,Portugal,Czech Republic,UEFA Nations League,international,A,1,0.82,37.6325,13745,1130,816,231,184,0.7221238938053097,9.0,0,1,5,1,1,3,9,0,0,0.2,0.3,0.45,0.2,0.2,0.1,0.3383645409938199,0.0007030803402656,1,0,9.0,8,1,0,0.125,189,117,0.6190476190476191,13,23,0.8,1.0,2.4,0.4,5,3,2,1,0.6666666666666666,0.6666666666666666,2,3,0,0,0.0,0.0,0.3333333333333333,2.0,0.0,3,1666.44,1481.4,185.04,3,9,7,0.7777777777777778,518,334,0.6447876447876448,9,Saturday,0.1484,1,0,0,0,0,0,4,0,W,0,1,matched_secondary_full_career,0,0,0,0,0,1.3862943611198906,0,1.3862943611198906
2022-09-27_Portugal_Spain_1132,2022-09-27,2022/23,Portugal,Spain,UEFA Nations League,international,H,1,0.82,37.6407,13748,1131,816,232,184,0.7214854111405835,3.0,1,2,5,1,1,1,9,1,1,0.2,0.1,0.45,0.2,0.1,0.0,0.2368551786956739,0.3004921562381859,0,1,12.0,9,1,1,0.1111111111111111,190,117,0.6157894736842106,13,23,0.8,1.0,2.6,0.2,5,8,3,0,0.375,0.125,0,2,5,1,1.0,0.75,0.625,1.125,0.5,8,1671.57,1519.66,151.91,8,10,7,0.7,583,468,0.8027444253859348,9,Tuesday,0.1566,1,0,0,0,0,0,0,1,L,0,0,matched_secondary_full_career,0,0,0,0,0,2.1972245773362196,0,2.1972245773362196
2022-10-06_Manchester_United_Omonia_Nicosia_1133,2022-10-06,2022/23,Manchester United,Omonia Nicosia,UEFA Europa League,continental_club,A,0,0.84,37.6654,13757,1132,816,232,184,0.7208480565371025,9.0,0,2,4,1,1,1,9,1,1,0.2,0.1,0.45,0.2,0.1,0.0,0.1657986250869717,0.2103445093667301,0,2,21.0,10,1,1,0.1,338,143,0.4230769230769231,12,18,0.8,0.8,1.4,0.4,5,0,0,0,0.0,0.0,0,0,0,0,0.0,0.0,0.0,0.0,0.0,0,1609.75,1500.0,109.75,0,4,1,0.25,519,334,0.6435452793834296,10,Thursday,0.1813,1,0,0,0,0,0,3,2,W,0,1,matched_secondary_full_career,1,0,0,0,1,0.0,1,0.0
2022-10-09_Manchester_United_Everton_1134,2022-10-09,2022/23,Manchester United,Everton,Premier League,domestic_league,A,0,0.78,37.6736,13760,1133,816,233,184,0.7202118270079435,3.0,1,2,4,0,1,1,9,2,2,0.2,0.1,0.45,0.2,0.1,0.0,0.1160590375608802,0.447241156556711,0,3,24.0,11,1,2,0.0909090909090909,339,143,0.4218289085545723,12,18,0.8,0.8,1.8,0.8,5,14,5,3,0.3571428571428571,0.2857142857142857,1,8,4,2,0.7142857142857143,0.4285714285714285,0.9285714285714286,1.6428571428571428,0.2142857142857142,14,1616.69,1499.09,117.61,14,232,102,0.4396551724137931,520,334,0.6423076923076924,10,Sunday,0.1896,1,0,0,1,0,1,2,1,W,1,0,matched_secondary_full_career,0,0,0,0,0,2.70805020110221,0,2.70805020110221
2022-10-13_Manchester_United_Omonia_Nicosia_1135,2022-10-13,2022/23,Manchester United,Omonia Nicosia,UEFA Europa League,continental_club,H,0,0.84,37.6846,13764,1134,817,233,183,0.7204585537918872,4.0,2,2,5,1,2,2,10,2,2,0.4,0.2,0.5,0.4,0.2,0.0,0.3812413262926161,0.3130688095896977,1,0,4.0,12,2,2,0.1666666666666666,340,144,0.4235294117647059,12,21,0.8,0.8,2.0,1.0,5,1,0,1,0.0,0.0,0,1,0,0,0.0,0.0,2.0,3.0,0.0,1,1623.43,1493.06,130.37,1,5,1,0.2,584,468,0.8013698630136986,10,Thursday,0.2005,0,0,0,0,0,0,1,0,W,0,0,matched_secondary_full_career,0,0,0,0,0,0.6931471805599453,0,0.6931471805599453
2022-10-16_Manchester_United_Newcastle_United_1136,2022-10-16,2022/23,Manchester United,Newcastle United,Premier League,domestic_league,H,0,0.78,37.6928,13767,1135,817,233,183,0.7198237885462555,3.0,2,3,5,1,1,2,7,2,2,0.2,0.2,0.35,0.2,0.2,0.0,0.2668689284048312,0.2191481667127883,0,1,7.0,13,2,2,0.1538461538461538,341,144,0.4222873900293255,12,24,0.8,0.8,1.6,0.8,5,13,8,4,0.6153846153846154,0.3076923076923077,2,11,2,0,0.1538461538461538,0.1538461538461538,0.7692307692307693,2.8461538461538463,0.0,13,1629.85,1449.91,179.94,13,233,103,0.4420600858369098,585,468,0.8,10,Sunday,0.2088,0,0,0,0,0,0,0,0,D,0,0,matched_secondary_full_career,0,0,0,0,0,2.6390573296152584,0,2.6390573296152584
2022-10-27_Manchester_United_Sheriff_Tiraspol_1137,2022-10-27,2022/23,Manchester United,Sheriff Tiraspol,UEFA Europa League,continental_club,H,0,0.84,37.7229,13778,1136,817,233,183,0.7191901408450704,11.0,0,2,5,1,1,2,6,1,2,0.2,0.2,0.3,0.2,0.2,0.0,0.1868082498833818,0.1534037166989518,0,2,18.0,14,2,2,0.1428571428571428,342,144,0.4210526315789473,13,25,0.8,1.0,1.6,0.6,5,1,1,0,1.0,1.0,1,1,0,0,0.0,0.0,0.0,2.0,0.0,1,1625.09,1492.87,132.22,1,6,1,0.1666666666666666,586,468,0.7986348122866894,10,Thursday,0.239,0,0,0,1,0,1,3,0,W,1,0,matched_secondary_full_career,0,0,0,0,0,0.6931471805599453,0,0.6931471805599453
2022-10-30_Manchester_United_West_Ham_United_1138,2022-10-30,2022/23,Manchester United,West Ham United,Premier League,domestic_league,H,0,0.78,37.7311,13781,1137,818,233,182,0.7194371152154794,3.0,1,2,5,1,2,3,6,1,2,0.4,0.3,0.3,0.4,0.3,0.0,0.4307657749183673,0.1073826016892662,1,0,3.0,15,3,2,0.2,343,145,0.4227405247813411,13,25,0.8,1.0,1.8,0.6,5,9,6,1,0.6666666666666666,0.4444444444444444,1,6,0,3,1.0,0.3333333333333333,0.6666666666666666,1.3333333333333333,0.2222222222222222,9,1631.45,1510.61,120.85,9,234,103,0.4401709401709401,587,469,0.7989778534923339,10,Sunday,0.2473,0,0,0,0,0,0,1,0,W,0,0,matched_secondary_full_career,0,0,0,0,0,2.302585092994046,0,2.302585092994046
2022-11-03_Manchester_United_Real_Sociedad_1139,2022-11-03,2022/23,Manchester United,Real Sociedad,UEFA Europa League,continental_club,A,0,0.84,37.742,13785,1138,818,233,182,0.718804920913884,4.0,2,2,6,1,2,3,5,0,2,0.4,0.3,0.25,0.4,0.3,0.0,0.3015360424428571,0.0751678211824863,0,1,7.0,16,3,2,0.1875,344,145,0.4215116279069767,13,25,0.8,1.0,1.4,0.2,5,10,15,4,1.5,0.7,4,0,0,1,3.0,1.0,1.0,0.0,1.0,1,1638.11,1477.62,160.49,10,7,2,0.2857142857142857,521,335,0.6429942418426103,11,Thursday,0.2582,0,0,0,0,0,0,1,0,W,0,1,matched_secondary_full_career,0,0,0,0,0,2.3978952727983707,0,2.3978952727983707
2022-11-06_Manchester_United_Aston_Villa_1140,2022-11-06,2022/23,Manchester United,Aston Villa,Premier League,domestic_league,A,0,0.78,37.7503,13788,1139,818,234,182,0.7181738366988587,3.0,2,3,6,1,1,3,5,1,3,0.2,0.3,0.25,0.2,0.3,0.0,0.2110752297099999,0.3526174748277405,0,2,10.0,17,3,3,0.1764705882352941,345,145,0.4202898550724637,13,25,0.8,1.0,1.2,0.0,5,15,9,3,0.6,0.4666666666666667,2,13,1,1,0.2666666666666666,0.1333333333333333,0.4666666666666667,2.2666666666666666,0.1333333333333333,15,1643.79,1452.82,190.97,15,235,103,0.4382978723404255,522,335,0.6417624521072797,11,Sunday,0.2665,0,0,0,0,0,0,1,3,L,0,0,matched_secondary_full_career,0,0,0,0,0,2.772588722239781,0,2.772588722239781
2022-11-24_Portugal_Ghana_1141,2022-11-24,2022/23,Portugal,Ghana,World Cup,international,H,1,1.0,37.7995,13806,1140,818,234,182,0.7175438596491228,18.0,0,0,4,0,1,2,5,1,3,0.2,0.2,0.25,0.2,0.2,0.0,0.1477526607969999,0.2468322323794183,0,3,28.0,18,3,3,0.1666666666666666,191,117,0.612565445026178,10,20,0.6,0.8,2.2,0.4,5,1,1,0,1.0,1.0,1,1,0,0,0.0,0.0,1.0,2.0,0.0,1,1657.45,1493.58,163.87,1,17,7,0.4117647058823529,588,469,0.7976190476190477,11,Thursday,0.3159,0,0,0,1,0,1,3,2,W,1,0,matched_secondary_full_career,0,0,0,0,0,0.6931471805599453,0,0.6931471805599453
2022-11-28_Portugal_Uruguay_1142,2022-11-28,2022/23,Portugal,Uruguay,World Cup,international,H,1,1.0,37.8105,13810,1141,819,234,181,0.7177914110429447,4.0,1,1,4,1,2,3,4,1,2,0.4,0.3,0.2,0.4,0.3,0.0,0.4034268625578999,0.1727825626655928,1,0,4.0,19,4,3,0.2105263157894736,192,118,0.6145833333333334,12,20,0.8,0.8,2.6,0.6,5,1,0,0,0.0,0.0,0,0,0,1,3.0,1.0,2.0,1.0,0.0,1,1663.06,1514.75,148.31,1,18,8,0.4444444444444444,589,470,0.797962648556876,11,Monday,0.3269,0,0,0,0,0,0,2,0,W,0,0,matched_secondary_full_career,0,0,0,0,0,0.6931471805599453,0,0.6931471805599453
2022-12-02_Portugal_South_Korea_1143,2022-12-02,2022/23,Portugal,South Korea,World Cup,international,A,1,1.0,37.8214,13814,1142,819,234,181,0.7171628721541156,4.0,1,2,4,1,1,3,4,1,2,0.2,0.3,0.2,0.2,0.3,0.0,0.2823988037905299,0.1209477938659149,0,1,8.0,20,4,3,0.2,193,118,0.6113989637305699,12,22,0.8,0.8,2.2,0.6,5,0,0,0,0.0,0.0,0,0,0,0,0.0,0.0,0.0,0.0,0.0,0,1669.03,1500.0,169.03,0,19,8,0.4210526315789473,523,335,0.6405353728489483,12,Friday,0.3379,0,0,1,0,0,0,1,2,L,0,0,matched_secondary_full_career,1,0,0,0,1,0.0,1,0.0
2022-12-06_Portugal_Switzerland_1144,2022-12-06,2022/23,Portugal,Switzerland,World Cup,international,H,1,1.0,37.8324,13818,1143,819,234,181,0.7165354330708661,4.0,1,3,4,1,1,3,4,1,1,0.2,0.3,0.2,0.2,0.3,0.0,0.1976791626533709,0.0846634557061404,0,2,12.0,21,4,3,0.1904761904761904,194,118,0.6082474226804123,9,22,0.6,0.6,2.0,1.0,5,3,5,0,1.6666666666666667,0.6666666666666666,5,3,0,0,0.0,0.0,0.3333333333333333,3.0,0.0,3,1654.52,1483.63,170.88,3,20,8,0.4,590,470,0.7966101694915254,12,Tuesday,0.3489,0,0,1,0,0,0,6,1,W,0,0,matched_secondary_full_career,0,0,0,0,0,1.3862943611198906,0,1.3862943611198906
2022-12-10_Portugal_Morocco_1145,2022-12-10,2022/23,Portugal,Morocco,World Cup,international,A,1,1.0,37.8434,13822,1144,819,234,181,0.7159090909090909,4.0,1,3,4,0,1,2,4,0,1,0.2,0.2,0.2,0.2,0.2,0.0,0.1383754138573596,0.0592644189942983,0,3,16.0,22,4,3,0.1818181818181818,195,118,0.6051282051282051,9,22,0.6,0.6,2.4,1.2,5,1,1,0,1.0,1.0,1,1,0,0,0.0,0.0,0.0,1.0,0.0,1,1659.96,1494.74,165.22,1,21,8,0.3809523809523809,524,335,0.6393129770992366,12,Saturday,0.3599,0,0,1,0,0,0,0,1,L,0,0,matched_secondary_full_career,0,0,0,0,0,0.6931471805599453,0,0.6931471805599453
2023-01-22_Al-Nassr_Al-Ettifaq_1146,2023-01-22,2022/23,Al-Nassr,Al-Ettifaq,Pro League,domestic_league,H,0,0.78,37.9611,13865,1145,819,234,181,0.7152838427947599,43.0,0,0,0,0,1,2,4,0,1,0.2,0.2,0.2,0.2,0.2,0.0,0.0968627897001517,0.0414850932960088,0,4,59.0,23,4,3,0.1739130434782608,0,0,0.0,0,0,0.0,0.0,0.0,0.0,0,0,0,0,0.0,0.0,0,0,0,0,0.0,0.0,0.0,0.0,0.0,0,1500.0,1500.0,0.0,0,0,0,0.0,591,470,0.7952622673434856,1,Sunday,0.478,0,0,1,0,0,0,1,0,W,0,0,matched_secondary_full_career,1,1,0,0,1,0.0,1,0.0
2023-01-26_Al-Nassr_Al-Ittihad_FC_1147,2023-01-26,2022/23,Al-Nassr,Al-Ittihad FC,Saudi Super Cup,domestic_or_other_cup,A,0,0.82,37.972,13869,1146,819,234,181,0.7146596858638743,4.0,1,1,1,0,0,2,4,0,1,0.0,0.2,0.2,0.0,0.2,0.0,0.0678039527901062,0.0290395653072061,0,5,63.0,24,4,3,0.1666666666666666,1,0,0.0,3,3,1.0,1.0,1.0,0.0,1,0,0,0,0.0,0.0,0,0,0,0,0.0,0.0,0.0,0.0,0.0,0,1510.0,1500.0,10.0,0,0,0,0.0,525,335,0.638095238095238,1,Thursday,0.489,0,0,1,0,0,0,1,3,L,0,0,matched_secondary_full_career,1,0,0,0,1,0.0,1,0.0
2023-02-03_Al-Nassr_Al-Fateh_1148,2023-02-03,2022/23,Al-Nassr,Al-Fateh,Pro League,domestic_league,A,0,0.78,37.9939,13877,1147,819,234,181,0.7140366172624237,8.0,0,2,2,0,0,1,4,0,1,0.0,0.1,0.2,0.0,0.1,0.0,0.0474627669530743,0.0203276957150443,0,6,71.0,25,4,3,0.16,2,0,0.0,3,3,0.5,0.5,1.0,1.5,2,0,0,0,0.0,0.0,0,0,0,0,0.0,0.0,0.0,0.0,0.0,0,1499.71,1500.0,-0.29,0,1,0,0.0,526,335,0.6368821292775665,2,Friday,0.511,0,0,0,1,0,1,2,2,D,1,0,matched_secondary_full_career,1,0,0,0,1,0.0,1,0.0
2023-02-09_Al-Nassr_Al_Wehda_Club_1149,2023-02-09,2022/23,Al-Nassr,Al Wehda Club,Pro League,domestic_league,A,0,0.78,38.0104,13883,1148,820,234,180,0.7142857142857143,6.0,1,2,3,1,1,2,5,0,1,0.2,0.2,0.25,0.2,0.2,0.0,0.333223936867152,0.014229387000531,1,0,6.0,26,5,3,0.1923076923076923,3,1,0.3333333333333333,4,4,0.3333333333333333,0.6666666666666666,1.3333333333333333,1.6666666666666667,3,0,0,0,0.0,0.0,0,0,0,0,0.0,0.0,0.0,0.0,0.0,0,1499.72,1500.0,-0.28,0,2,1,0.5,527,336,0.6375711574952562,2,Thursday,0.5275,0,0,0,1,1,4,4,0,W,4,0,matched_secondary_full_career,1,0,0,0,1,0.0,1,0.0
2023-02-17_Al-Nassr_Al_Taawon_1150,2023-02-17,2022/23,Al-Nassr,Al Taawon,Pro League,domestic_league,H,0,0.78,38.0323,13891,1149,824,234,176,0.7171453437771975,8.0,0,2,4,5,5,6,9,0,0,1.0,0.6,0.45,0.4,0.3,0.1,1.4332567558070064,0.0099605709003717,2,0,8.0,27,9,3,0.3333333333333333,4,5,1.25,7,7,0.5,0.75,2.0,1.25,4,0,0,0,0.0,0.0,0,0,0,0,0.0,0.0,0.0,0.0,0.0,0,1509.73,1500.0,9.73,0,3,5,1.6666666666666667,592,470,0.793918918918919,2,Friday,0.5495,0,0,0,0,0,0,2,1,W,0,2,matched_secondary_full_career,1,0,0,0,1,0.0,1,0.0
2023-02-25_Al-Nassr_Dhamk_1151,2023-02-25,2022/23,Al-Nassr,Dhamk,Pro League,domestic_league,A,0,0.78,38.0542,13899,1150,824,236,176,0.7165217391304348,8.0,0,1,4,5,5,6,8,2,2,1.0,0.6,0.4,0.4,0.3,0.1,1.0032797290649045,0.6069723996302602,0,1,16.0,28,9,5,0.3214285714285714,5,5,1.0,10,10,0.6,0.8,2.0,1.2,5,0,0,0,0.0,0.0,0,0,0,0,0.0,0.0,0.0,0.0,0.0,0,1519.45,1500.0,19.45,0,4,5,1.25,528,340,0.6439393939393939,2,Saturday,0.5714,0,0,0,1,1,3,3,0,W,3,0,matched_secondary_full_career,1,0,0,0,1,0.0,1,0.0
2023-03-03_Al-Nassr_Al_Baten_1152,2023-03-03,2022/23,Al-Nassr,Al Baten,Pro League,domestic_league,H,0,0.78,38.0706,13905,1151,827,236,173,0.7185056472632494,6.0,1,2,4,7,8,8,11,2,2,1.6,0.8,0.55,0.6,0.3,0.2,1.602295810345433,0.4248806797411821,1,0,6.0,29,12,5,0.4137931034482758,6,8,1.3333333333333333,10,13,0.6,0.8,2.4,1.2,5,0,0,0,0.0,0.0,0,0,0,0,0.0,0.0,0.0,0.0,0.0,0,1528.89,1500.0,28.89,0,5,8,1.6,593,470,0.7925801011804384,3,Friday,0.5879,0,0,0,0,0,0,3,1,W,0,0,matched_secondary_full_career,1,0,0,0,1,0.0,1,0.0
2023-03-09_Al-Nassr_Al-Ittihad_FC_1153,2023-03-09,2022/23,Al-Nassr,Al-Ittihad FC,Pro League,domestic_league,A,0,0.78,38.087,13911,1152,827,236,173,0.7178819444444444,6.0,1,2,4,3,8,8,11,2,2,1.6,0.8,0.55,0.6,0.3,0.2,1.121607067241803,0.2974164758188274,0,1,12.0,30,12,5,0.4,7,8,1.1428571428571428,13,16,0.8,1.0,2.8,0.8,5,1,0,0,0.0,0.0,0,0,0,1,3.0,1.0,3.0,1.0,0.0,1,1538.06,1510.29,27.77,1,6,8,1.3333333333333333,529,343,0.6483931947069943,3,Thursday,0.6044,0,0,0,0,0,0,0,1,L,0,0,matched_secondary_full_career,0,0,0,0,0,0.6931471805599453,0,0.6931471805599453
2023-03-14_Al-Nassr_Abha_1154,2023-03-14,2022/23,Al-Nassr,Abha,King's Cup,domestic_or_other_cup,H,0,0.72,38.1007,13916,1153,827,236,173,0.7172593235039029,5.0,1,2,4,3,7,8,11,2,2,1.4,0.8,0.55,0.4,0.3,0.2,0.7851249470692621,0.2081915330731792,0,2,17.0,31,12,5,0.3870967741935484,8,8,1.0,12,16,0.8,0.8,2.4,0.6,5,0,0,0,0.0,0.0,0,0,0,0,0.0,0.0,0.0,0.0,0.0,0,1527.26,1500.0,27.26,0,0,0,0.0,594,470,0.7912457912457912,3,Tuesday,0.6181,0,0,0,0,0,0,3,1,W,0,0,matched_secondary_full_career,1,0,0,0,1,0.0,1,0.0
2023-03-18_Al-Nassr_Abha_1155,2023-03-18,2022/23,Al-Nassr,Abha,Pro League,domestic_league,H,0,0.78,38.1117,13920,1154,827,236,173,0.7166377816291161,4.0,1,2,5,0,3,8,10,2,2,0.6,0.8,0.5,0.2,0.3,0.2,0.5495874629484834,0.1457340731512254,0,3,21.0,32,12,5,0.375,9,8,0.8888888888888888,12,19,0.8,0.8,2.2,0.8,5,1,0,0,0.0,0.0,0,1,0,0,0.0,0.0,1.0,3.0,0.0,1,1536.48,1490.78,45.7,1,7,8,1.1428571428571428,595,470,0.7899159663865546,3,Saturday,0.6291,0,0,0,1,0,1,2,1,W,1,0,matched_secondary_full_career,0,0,0,0,0,0.6931471805599453,0,0.6931471805599453
2023-03-23_Portugal_Liechtenstein_1156,2023-03-23,2022/23,Portugal,Liechtenstein,Euros Qualifier,international,H,1,0.76,38.1254,13925,1155,828,236,172,0.7168831168831169,5.0,1,3,5,1,4,9,11,0,2,0.8,0.9,0.55,0.4,0.4,0.2,0.6847112240639384,0.1020138512058578,1,0,5.0,33,13,5,0.3939393939393939,196,118,0.6020408163265306,9,19,0.6,0.6,2.4,1.2,5,2,0,1,0.0,0.0,0,1,1,0,0.5,0.5,1.5,2.0,0.0,2,1645.53,1493.69,151.84,2,35,31,0.8857142857142857,596,471,0.790268456375839,3,Thursday,0.6429,0,0,0,1,1,2,4,0,W,2,0,matched_secondary_full_career,0,0,0,0,0,1.0986122886681098,0,1.0986122886681098
2023-03-26_Portugal_Luxembourg_1157,2023-03-26,2022/23,Portugal,Luxembourg,Euros Qualifier,international,A,1,0.76,38.1336,13928,1156,830,236,170,0.7179930795847751,3.0,1,3,6,3,3,11,13,0,2,0.6,1.1,0.65,0.4,0.5,0.3,1.0792978568447569,0.0714096958441004,2,0,3.0,34,15,5,0.4411764705882353,197,120,0.6091370558375635,9,21,0.6,0.6,2.6,0.8,5,10,9,1,0.9,0.7,5,10,0,0,0.0,0.0,0.2,3.7,0.0,10,1651.42,1439.94,211.48,10,36,33,0.9166666666666666,530,343,0.6471698113207547,3,Sunday,0.6511,0,0,0,1,1,2,6,0,W,2,0,matched_secondary_full_career,0,0,0,0,0,2.3978952727983707,0,2.3978952727983707
2023-04-04_Al-Nassr_Al-Adalah_1158,2023-04-04,2022/23,Al-Nassr,Al-Adalah,Pro League,domestic_league,A,0,0.78,38.1582,13937,1157,832,236,168,0.7191011235955056,9.0,0,2,5,5,5,13,14,0,2,1.0,1.3,0.7,0.6,0.6,0.4,1.3555084997913296,0.0499867870908703,3,0,9.0,35,17,5,0.4857142857142857,10,9,0.9,12,22,0.8,0.8,2.2,0.8,5,0,0,0,0.0,0.0,0,0,0,0,0.0,0.0,0.0,0.0,0.0,0,1545.17,1500.0,45.17,0,8,9,1.125,531,345,0.6497175141242938,4,Tuesday,0.6758,0,0,0,1,1,2,5,0,W,2,0,matched_secondary_full_career,1,0,0,0,1,0.0,1,0.0
2023-04-09_Al-Nassr_Al-Fayha_1159,2023-04-09,2022/23,Al-Nassr,Al-Fayha,Pro League,domestic_league,A,0,0.78,38.1719,13942,1158,834,236,166,0.7202072538860104,5.0,1,2,5,6,7,14,16,0,2,1.4,1.4,0.8,0.8,0.6,0.5,1.5488559498539307,0.0349907509636092,4,0,5.0,36,19,5,0.5277777777777778,11,11,1.0,12,22,0.8,0.8,2.6,0.8,5,0,0,0,0.0,0.0,0,0,0,0,0.0,0.0,0.0,0.0,0.0,0,1553.88,1500.0,53.88,0,9,11,1.2222222222222223,532,347,0.6522556390977443,4,Sunday,0.6896,0,0,0,0,0,0,0,0,D,0,0,matched_secondary_full_career,1,0,0,0,1,0.0,1,0.0
2023-04-18_Al-Nassr_Al-Hilal_1160,2023-04-18,2022/23,Al-Nassr,Al-Hilal,Pro League,domestic_league,A,0,0.78,38.1965,13951,1159,834,236,166,0.719585849870578,9.0,0,2,4,4,7,10,16,0,2,1.4,1.0,0.8,0.8,0.5,0.4,1.0841991648977514,0.0244935256745264,0,1,14.0,37,19,5,0.5135135135135135,12,11,0.9166666666666666,10,23,0.6,0.8,2.0,0.6,5,0,0,0,0.0,0.0,0,0,0,0,0.0,0.0,0.0,0.0,0.0,0,1552.34,1500.0,52.34,0,10,11,1.1,533,347,0.651031894934334,4,Tuesday,0.7143,0,0,0,0,0,0,0,2,L,0,0,matched_secondary_full_career,1,0,0,0,1,0.0,1,0.0
2023-04-24_Al-Nassr_Al_Wehda_Club_1161,2023-04-24,2022/23,Al-Nassr,Al Wehda Club,King's Cup,domestic_or_other_cup,H,0,0.72,38.213,13957,1160,834,236,166,0.7189655172413794,6.0,1,1,4,2,6,10,16,0,0,1.2,1.0,0.8,0.6,0.5,0.4,0.7589394154284259,0.0171454679721685,0,2,20.0,38,19,5,0.5,13,11,0.8461538461538461,10,22,0.6,0.8,2.0,0.8,5,1,4,0,4.0,1.0,4,1,0,0,0.0,0.0,0.0,4.0,0.0,1,1540.84,1489.99,50.85,1,1,0,0.0,597,473,0.7922948073701842,4,Monday,0.7308,0,0,0,0,0,0,0,1,L,0,0,matched_secondary_full_career,0,0,0,0,0,0.6931471805599453,0,0.6931471805599453
2023-04-28_Al-Nassr_Al-Raed_1162,2023-04-28,2022/23,Al-Nassr,Al-Raed,Pro League,domestic_league,H,0,0.78,38.2239,13961,1161,834,236,166,0.7183462532299741,4.0,1,2,4,0,4,7,15,0,0,0.8,0.7,0.75,0.4,0.4,0.3,0.5312575907998981,0.0120018275805179,0,3,24.0,39,19,5,0.4871794871794871,14,11,0.7857142857142857,7,19,0.4,0.6,1.4,0.8,5,0,0,0,0.0,0.0,0,0,0,0,0.0,0.0,0.0,0.0,0.0,0,1529.39,1500.0,29.39,0,11,11,1.0,598,473,0.7909698996655519,4,Friday,0.7418,0,0,0,1,0,1,4,0,W,1,0,matched_secondary_full_career,1,0,0,0,1,0.0,1,0.0
2023-05-08_Al-Nassr_Al_Khaleej_Saihat_1163,2023-05-08,2022/23,Al-Nassr,Al Khaleej Saihat,Pro League,domestic_league,H,0,0.78,38.2513,13971,1162,835,236,165,0.7185886402753873,10.0,0,2,4,1,3,8,16,0,0,0.6,0.8,0.8,0.4,0.5,0.3,0.6718803135599286,0.0084012793063625,1,0,10.0,40,20,5,0.5,15,12,0.8,7,19,0.4,0.6,1.8,0.6,5,0,0,0,0.0,0.0,0,0,0,0,0.0,0.0,0.0,0.0,0.0,0,1538.55,1500.0,38.55,0,12,12,1.0,599,474,0.7913188647746243,5,Monday,0.7692,0,0,0,0,0,0,1,1,D,0,0,matched_secondary_full_career,1,0,0,0,1,0.0,1,0.0
2023-05-16_Al-Nassr_Al_Taee_1164,2023-05-16,2022/23,Al-Nassr,Al Taee,Pro League,domestic_league,A,0,0.78,38.2732,13979,1163,835,236,165,0.7179707652622528,8.0,0,1,4,1,1,8,16,0,0,0.2,0.8,0.8,0.2,0.5,0.3,0.47031621949195,0.0058808955144538,0,1,18.0,41,20,5,0.4878048780487805,16,12,0.75,5,17,0.2,0.6,1.0,0.8,5,0,0,0,0.0,0.0,0,0,0,0,0.0,0.0,0.0,0.0,0.0,0,1537.44,1500.0,37.44,0,13,12,0.9230769230769232,534,347,0.649812734082397,5,Tuesday,0.7912,0,0,0,1,0,1,2,0,W,1,0,matched_secondary_full_career,1,0,0,0,1,0.0,1,0.0
2023-05-23_Al-Nassr_Al_Shabab_1165,2023-05-23,2022/23,Al-Nassr,Al Shabab,Pro League,domestic_league,H,0,0.78,38.2924,13986,1164,836,236,164,0.718213058419244,7.0,1,1,4,2,2,9,17,0,0,0.4,0.9,0.85,0.4,0.6,0.3,0.6292213536443649,0.0041166268601176,1,0,7.0,42,21,5,0.5,17,13,0.7647058823529411,7,17,0.4,0.6,1.4,0.8,5,0,0,0,0.0,0.0,0,0,0,0,0.0,0.0,0.0,0.0,0.0,0,1546.37,1500.0,46.37,0,14,13,0.9285714285714286,600,474,0.79,5,Tuesday,0.8104,0,1,0,1,0,1,3,2,W,1,0,matched_secondary_full_career,1,0,0,0,1,0.0,1,0.0
2023-05-27_Al-Nassr_Al-Ettifaq_1166,2023-05-27,2022/23,Al-Nassr,Al-Ettifaq,Pro League,domestic_league,A,0,0.78,38.3033,13990,1165,837,236,163,0.7184549356223175,4.0,1,2,4,2,3,9,18,0,0,0.6,0.9,0.9,0.6,0.6,0.3,0.7404549475510553,0.0028816388020823,2,0,4.0,43,22,5,0.5116279069767442,18,14,0.7777777777777778,10,20,0.6,0.8,2.0,0.8,5,1,0,0,0.0,0.0,0,1,0,0,0.0,0.0,0.0,1.0,0.0,1,1555.04,1490.0,65.04,1,15,14,0.9333333333333332,535,348,0.6504672897196262,5,Saturday,0.8214,0,1,0,0,0,0,1,1,D,0,0,matched_secondary_full_career,0,0,0,0,0,0.6931471805599453,0,0.6931471805599453
2023-06-17_Portugal_Bosnia_&_Herzegovina_1167,2023-06-17,2022/23,Portugal,Bosnia & Herzegovina,Euros Qualifier,international,H,1,0.76,38.3608,14011,1166,837,236,163,0.7178387650085764,21.0,0,0,2,2,3,7,18,0,0,0.6,0.7,0.9,0.6,0.5,0.2,0.5183184632857387,0.0020171471614576,0,1,25.0,44,22,5,0.5,198,122,0.6161616161616161,9,21,0.6,0.6,3.4,0.8,5,2,2,0,1.0,0.5,2,1,1,0,0.5,0.5,1.0,3.0,0.5,2,1655.99,1497.37,158.61,2,37,35,0.945945945945946,601,475,0.7903494176372712,6,Saturday,0.8791,0,1,0,0,0,0,3,0,W,0,0,matched_secondary_full_career,0,0,0,0,0,1.0986122886681098,0,1.0986122886681098
2023-06-20_Portugal_Iceland_1168,2023-06-20,2022/23,Portugal,Iceland,Euros Qualifier,international,A,1,0.76,38.369,14014,1167,837,236,163,0.7172236503856041,3.0,1,1,3,1,2,5,18,0,0,0.4,0.5,0.9,0.4,0.4,0.1,0.362822924300017,0.0014120030130203,0,2,28.0,45,22,5,0.4888888888888889,199,122,0.6130653266331658,12,21,0.8,0.8,3.8,0.4,5,3,1,0,0.3333333333333333,0.3333333333333333,1,2,1,0,0.3333333333333333,0.3333333333333333,1.6666666666666667,3.0,0.0,3,1661.72,1492.07,169.64,3,38,35,0.9210526315789472,536,348,0.6492537313432836,6,Tuesday,0.8874,0,1,0,1,0,1,1,0,W,1,0,matched_secondary_full_career,0,0,0,0,0,1.3862943611198906,0,1.3862943611198906
2023-07-28_Al-Nassr_Al_Shabab_1169,2023-07-28,2022/23,Al-Nassr,Al Shabab,Arab Club Champions Cup,domestic_or_other_cup,H,0,0.72,38.4731,14052,1168,838,236,162,0.7174657534246576,38.0,0,0,0,1,3,4,18,0,0,0.6,0.4,0.9,0.6,0.4,0.0,0.5539760470100119,0.0009884021091142,1,0,38.0,46,23,5,0.5,19,14,0.7368421052631579,11,18,0.6,1.0,2.2,0.8,5,1,1,0,1.0,1.0,1,1,0,0,0.0,0.0,2.0,3.0,0.0,1,1553.19,1491.33,61.87,1,0,0,0.0,602,475,0.7890365448504983,7,Friday,0.9918,0,1,0,0,0,0,0,0,D,0,0,matched_secondary_full_career,0,0,0,0,0,0.6931471805599453,0,0.6931471805599453
2023-07-31_Al-Nassr_US_Monastirienne_1170,2023-07-31,2022/23,Al-Nassr,US Monastirienne,Arab Club Champions Cup,domestic_or_other_cup,A,0,0.72,38.4813,14055,1169,838,236,162,0.716852010265184,3.0,1,1,1,1,2,4,14,0,0,0.4,0.4,0.7,0.4,0.4,0.0,0.3877832329070083,0.0006918814763799,0,1,41.0,47,23,5,0.4893617021276595,20,14,0.7,9,16,0.4,1.0,1.4,0.8,5,0,0,0,0.0,0.0,0,0,0,0,0.0,0.0,0.0,0.0,0.0,0,1551.43,1500.0,51.43,0,1,0,0.0,537,349,0.6499068901303539,7,Monday,1.0,0,1,0,1,0,1,4,1,W,1,0,matched_secondary_full_career,1,0,0,0,1,0.0,1,0.0
2023-08-03_Al-Nassr_Zamalek_SC_1171,2023-08-03,2023/24,Al-Nassr,Zamalek SC,Arab Club Champions Cup,domestic_or_other_cup,A,0,0.72,38.4895,14058,1170,839,236,161,0.7170940170940171,3.0,2,2,2,2,2,5,15,0,0,0.4,0.5,0.75,0.4,0.5,0.0,0.5714482630349058,0.0004843170334659,1,0,3.0,0,0,0,0.0,21,15,0.7142857142857143,11,16,0.6,1.0,2.0,0.8,5,0,0,0,0.0,0.0,0,0,0,0,0.0,0.0,0.0,0.0,0.0,0,1559.96,1500.0,59.96,0,2,1,0.5,538,350,0.6505576208178439,8,Thursday,0.0055,1,0,0,1,0,1,1,1,D,1,0,matched_secondary_full_career,1,0,0,0,1,0.0,1,0.0
2023-08-06_Al-Nassr_Raja_Casablanca_1172,2023-08-06,2023/24,Al-Nassr,Raja Casablanca,Arab Club Champions Cup,domestic_or_other_cup,A,0,0.72,38.4977,14061,1171,840,236,160,0.71733561058924,3.0,2,3,3,2,3,6,13,0,0,0.6,0.6,0.65,0.6,0.6,0.0,0.700013784124434,0.0003390219234261,2,0,3.0,1,1,0,1.0,22,16,0.7272727272727273,9,16,0.4,1.0,1.8,1.0,5,0,0,0,0.0,0.0,0,0,0,0,0.0,0.0,0.0,0.0,0.0,0,1558.25,1500.0,58.25,0,3,2,0.6666666666666666,539,351,0.6512059369202227,8,Sunday,0.0137,1,0,0,1,0,1,3,1,W,1,0,matched_secondary_full_career,1,0,0,0,1,0.0,1,0.0
2023-08-09_Al-Nassr_Al_Shorta_1173,2023-08-09,2023/24,Al-Nassr,Al Shorta,Arab Club Champions Cup,domestic_or_other_cup,A,0,0.72,38.5059,14064,1172,841,236,159,0.7175767918088737,3.0,2,4,4,3,4,6,14,0,0,0.8,0.6,0.7,0.8,0.6,0.0,0.7900096488871038,0.0002373153463983,3,0,3.0,2,2,0,1.0,23,17,0.7391304347826086,9,19,0.4,1.0,1.8,0.8,5,0,0,0,0.0,0.0,0,0,0,0,0.0,0.0,0.0,0.0,0.0,0,1566.59,1500.0,66.59,0,4,3,0.75,540,352,0.6518518518518519,8,Wednesday,0.0219,1,0,0,1,0,1,1,0,W,1,0,matched_secondary_full_career,1,0,0,0,1,0.0,1,0.0
2023-08-12_Al-Nassr_Al-Hilal_1174,2023-08-12,2023/24,Al-Nassr,Al-Hilal,Arab Club Champions Cup,domestic_or_other_cup,A,0,0.72,38.5141,14067,1173,842,236,158,0.7178175618073316,3.0,2,4,5,3,4,7,15,0,0,0.8,0.7,0.75,0.8,0.7,0.0,0.8530067542209725,0.0001661207424788,4,0,3.0,3,3,0,1.0,24,18,0.75,11,22,0.6,1.0,1.8,0.6,5,1,0,0,0.0,0.0,0,0,0,1,3.0,1.0,2.0,0.0,1.0,1,1574.7,1511.5,63.2,1,5,4,0.8,541,353,0.6524953789279113,8,Saturday,0.0301,1,0,0,1,1,2,2,1,W,2,0,matched_secondary_full_career,0,0,0,0,0,0.6931471805599453,0,0.6931471805599453
2023-08-18_Al-Nassr_Al_Taawon_1175,2023-08-18,2023/24,Al-Nassr,Al Taawon,Pro League,domestic_league,H,0,0.78,38.5306,14073,1174,844,236,156,0.7189097103918228,6.0,1,3,6,4,6,8,17,0,0,1.2,0.8,0.85,1.0,0.7,0.1,1.1971047279546807,0.0001162845197351,5,0,6.0,4,5,0,1.25,25,20,0.8,13,22,0.8,1.0,2.2,0.8,5,1,0,2,0.0,0.0,0,1,0,0,0.0,0.0,1.0,2.0,0.0,1,1582.9,1490.28,92.62,1,16,14,0.875,603,475,0.7877280265339967,8,Friday,0.0466,1,0,0,0,0,0,0,2,L,0,0,matched_secondary_full_career,0,0,0,0,0,0.6931471805599453,0,0.6931471805599453
2023-08-22_Al-Nassr_Shabab_Al_Ahli_Dubai_1176,2023-08-22,2023/24,Al-Nassr,Shabab Al Ahli Dubai,AFC Champions League,continental_club,H,0,0.84,38.5415,14077,1175,844,236,156,0.7182978723404255,4.0,1,3,7,3,5,7,16,0,0,1.0,0.7,0.8,0.8,0.6,0.1,0.8379733095682764,8.13991638146276e-05,0,1,10.0,5,5,0,1.0,26,20,0.7692307692307693,10,21,0.6,0.8,1.4,1.0,5,0,0,0,0.0,0.0,0,0,0,0,0.0,0.0,0.0,0.0,0.0,0,1570.29,1500.0,70.29,0,0,0,0.0,604,475,0.7864238410596026,8,Tuesday,0.0575,1,0,0,0,0,0,4,2,W,0,1,matched_secondary_full_career,1,0,0,0,1,0.0,1,0.0
2023-08-25_Al-Nassr_Al-Fateh_1177,2023-08-25,2023/24,Al-Nassr,Al-Fateh,Pro League,domestic_league,A,0,0.78,38.5497,14080,1176,844,237,156,0.717687074829932,3.0,2,3,8,2,4,7,14,1,1,0.8,0.7,0.7,0.6,0.6,0.1,0.5865813166977935,0.3000569794146702,0,2,13.0,6,5,1,0.8333333333333334,27,20,0.7407407407407407,12,21,0.8,0.8,2.0,1.2,5,1,1,0,1.0,1.0,1,0,1,0,1.0,1.0,2.0,2.0,0.0,1,1578.3,1499.99,78.31,1,17,14,0.8235294117647058,542,355,0.6549815498154982,8,Friday,0.0658,1,0,0,1,1,3,5,0,W,3,1,matched_secondary_full_career,0,0,0,0,0,0.6931471805599453,0,0.6931471805599453
2023-08-29_Al-Nassr_Al_Shabab_1178,2023-08-29,2023/24,Al-Nassr,Al Shabab,Pro League,domestic_league,H,0,0.78,38.5607,14084,1177,847,238,153,0.719626168224299,4.0,2,3,8,3,6,10,15,2,2,1.2,1.0,0.75,0.6,0.7,0.2,1.3106069216884553,0.5100398855902691,1,0,4.0,7,8,2,1.1428571428571428,28,23,0.8214285714285714,12,21,0.8,0.8,2.4,1.0,5,2,1,0,0.5,0.5,1,1,1,0,0.5,0.5,1.0,1.5,0.5,2,1586.08,1493.09,92.99,2,18,17,0.9444444444444444,605,475,0.7851239669421488,8,Tuesday,0.0767,1,0,0,1,1,2,4,0,W,2,1,matched_secondary_full_career,0,0,0,0,0,1.0986122886681098,0,1.0986122886681098
2023-09-02_Al-Nassr_Al-Hazm_1179,2023-09-02,2023/24,Al-Nassr,Al-Hazm,Pro League,domestic_league,A,0,0.78,38.5716,14088,1178,849,239,151,0.7207130730050934,4.0,1,3,8,5,7,11,15,3,3,1.4,1.1,0.75,0.6,0.7,0.3,1.5174248451819186,0.6570279199131883,2,0,4.0,8,10,3,1.25,29,25,0.8620689655172413,12,23,0.8,0.8,3.0,1.0,5,0,0,0,0.0,0.0,0,0,0,0,0.0,0.0,0.0,0.0,0.0,0,1593.47,1500.0,93.47,0,19,19,1.0,543,358,0.6593001841620626,9,Saturday,0.0877,1,0,0,1,0,1,5,1,W,1,2,matched_secondary_full_career,1,0,0,0,1,0.0,1,0.0
2023-09-08_Portugal_Slovakia_1180,2023-09-08,2023/24,Portugal,Slovakia,Euros Qualifier,international,A,1,0.76,38.5881,14094,1179,850,241,150,0.720949957591179,6.0,1,3,7,6,6,12,16,5,5,1.2,1.2,0.8,0.6,0.8,0.3,1.3621973916273429,1.0599195439392315,3,0,6.0,9,11,5,1.2222222222222223,200,123,0.615,12,21,0.8,0.8,2.8,0.2,5,2,1,0,0.5,0.5,1,1,1,0,0.5,0.5,0.5,1.5,0.0,2,1667.19,1493.44,173.75,2,39,36,0.9230769230769232,544,359,0.6599264705882353,9,Friday,0.1041,1,0,0,0,0,0,1,0,W,0,0,matched_secondary_full_career,0,0,0,0,0,1.0986122886681098,0,1.0986122886681098
2023-09-16_Al-Nassr_Al-Raed_1181,2023-09-16,2023/24,Al-Nassr,Al-Raed,Pro League,domestic_league,A,0,0.78,38.61,14102,1180,850,241,150,0.7203389830508474,8.0,0,2,6,3,6,11,16,5,5,1.2,1.1,0.8,0.6,0.7,0.3,0.95353817413914,0.7419436807574622,0,1,14.0,10,11,5,1.1,30,26,0.8666666666666667,12,25,0.8,0.8,3.6,1.0,5,1,1,0,1.0,1.0,1,1,0,0,0.0,0.0,0.0,4.0,0.0,1,1600.84,1490.84,110.0,1,20,20,1.0,545,359,0.6587155963302752,9,Saturday,0.126,1,0,0,1,0,1,3,0,W,1,0,matched_secondary_full_career,0,0,0,0,0,0.6931471805599453,0,0.6931471805599453
2023-09-19_Al-Nassr_Persepolis_FC_1182,2023-09-19,2023/24,Al-Nassr,Persepolis FC,AFC Champions League,continental_club,A,0,0.84,38.6182,14105,1181,851,241,149,0.720575783234547,3.0,1,2,6,2,7,11,17,4,5,1.4,1.1,0.85,0.8,0.7,0.3,0.967476721897398,0.5193605765302235,1,0,3.0,11,12,5,1.0909090909090908,31,27,0.8709677419354839,15,25,1.0,1.0,4.2,0.6,5,0,0,0,0.0,0.0,0,0,0,0,0.0,0.0,0.0,0.0,0.0,0,1607.78,1500.0,107.78,0,1,0,0.0,546,360,0.6593406593406593,9,Tuesday,0.1342,1,0,0,0,0,0,2,0,W,0,0,matched_secondary_full_career,1,0,0,0,1,0.0,1,0.0
2023-09-22_Al-Nassr_Al-Ahli_Jeddah_1183,2023-09-22,2023/24,Al-Nassr,Al-Ahli Jeddah,Pro League,domestic_league,H,0,0.78,38.6264,14108,1182,851,241,149,0.7199661590524534,3.0,2,3,6,1,4,10,16,3,5,0.8,1.0,0.8,0.6,0.6,0.3,0.6772337053281785,0.3635524035711564,0,1,6.0,12,12,5,1.0,32,27,0.84375,15,27,1.0,1.0,3.8,0.2,5,0,0,0,0.0,0.0,0,0,0,0,0.0,0.0,0.0,0.0,0.0,0,1614.77,1500.0,114.77,0,21,21,1.0,606,477,0.7871287128712872,9,Friday,0.1425,1,0,0,1,1,2,4,3,W,2,0,matched_secondary_full_career,1,0,0,0,1,0.0,1,0.0
2023-09-29_Al-Nassr_Al_Taee_1184,2023-09-29,2023/24,Al-Nassr,Al Taee,Pro League,domestic_league,A,0,0.78,38.6456,14115,1183,853,241,147,0.7210481825866442,7.0,1,3,5,3,4,11,18,2,5,0.8,1.1,0.9,0.6,0.6,0.4,1.074063593729725,0.2544866824998095,1,0,7.0,13,14,5,1.0769230769230769,33,29,0.8787878787878788,15,27,1.0,1.0,3.6,0.8,5,1,1,0,1.0,1.0,1,1,0,0,0.0,0.0,0.0,2.0,0.0,1,1621.58,1491.07,130.51,1,22,23,1.0454545454545454,547,360,0.6581352833638026,9,Friday,0.1616,1,0,0,1,0,1,2,1,W,1,1,matched_secondary_full_career,0,0,0,0,0,0.6931471805599453,0,0.6931471805599453
2023-10-02_Al-Nassr_Istiqlol_1185,2023-10-02,2023/24,Al-Nassr,Istiqlol,AFC Champions League,continental_club,H,0,0.84,38.6538,14118,1184,854,242,146,0.7212837837837838,3.0,1,3,6,3,4,10,18,1,6,0.8,1.0,0.9,0.6,0.6,0.3,1.0518445156108074,0.4781406777498666,2,0,3.0,14,15,6,1.0714285714285714,34,30,0.8823529411764706,15,27,1.0,1.0,3.2,1.0,5,0,0,0,0.0,0.0,0,0,0,0,0.0,0.0,0.0,0.0,0.0,0,1627.99,1500.0,127.99,0,2,0,0.0,607,479,0.7891268533772653,10,Monday,0.1699,1,0,0,1,0,1,3,1,W,1,0,matched_secondary_full_career,1,0,0,0,1,0.0,1,0.0
2023-10-06_Al-Nassr_Abha_1186,2023-10-06,2023/24,Al-Nassr,Abha,Pro League,domestic_league,H,0,0.78,38.6647,14122,1185,855,242,145,0.7215189873417721,4.0,2,3,6,4,5,11,18,1,6,1.0,1.1,0.9,0.8,0.7,0.3,1.0362911609275651,0.3346984744249066,3,0,4.0,15,16,6,1.0666666666666669,35,31,0.8857142857142857,15,27,1.0,1.0,2.8,1.0,5,2,1,0,0.5,0.5,1,2,0,0,0.0,0.0,1.0,2.5,0.0,2,1634.47,1482.09,152.38,2,23,24,1.0434782608695652,608,480,0.7894736842105263,10,Friday,0.1808,1,0,0,0,0,0,2,2,D,0,0,matched_secondary_full_career,0,0,0,0,0,1.0986122886681098,0,1.0986122886681098
2023-10-13_Portugal_Slovakia_1187,2023-10-13,2023/24,Portugal,Slovakia,Euros Qualifier,international,H,1,0.76,38.6839,14129,1186,855,242,145,0.7209106239460371,7.0,1,3,6,2,4,11,18,1,5,0.8,1.1,0.9,0.6,0.7,0.3,0.7254038126492955,0.2342889320974346,0,1,11.0,16,16,6,1.0,201,123,0.6119402985074627,15,24,1.0,1.0,3.0,0.0,5,3,1,0,0.3333333333333333,0.3333333333333333,1,2,1,0,0.3333333333333333,0.3333333333333333,0.3333333333333333,1.3333333333333333,0.0,3,1672.57,1488.06,184.51,3,40,36,0.9,609,480,0.7881773399014779,10,Friday,0.2,1,0,0,1,1,2,3,2,W,2,0,matched_secondary_full_career,0,0,0,0,0,1.3862943611198906,0,1.3862943611198906
2023-10-16_Portugal_Bosnia_&_Herzegovina_1188,2023-10-16,2023/24,Portugal,Bosnia & Herzegovina,Euros Qualifier,international,A,1,0.76,38.6921,14132,1187,857,242,143,0.7219882055602359,3.0,1,3,7,3,6,10,20,1,4,1.2,1.0,1.0,0.8,0.7,0.3,1.1077826688545067,0.1640022524682042,1,0,3.0,17,18,6,1.0588235294117647,202,125,0.6188118811881188,15,24,1.0,1.0,2.8,0.4,5,3,2,0,0.6666666666666666,0.3333333333333333,2,2,1,0,0.3333333333333333,0.3333333333333333,0.6666666666666666,3.0,0.3333333333333333,3,1677.7,1491.65,186.06,3,41,38,0.926829268292683,548,361,0.6587591240875912,10,Monday,0.2082,0,0,0,1,1,2,5,0,W,2,1,matched_secondary_full_career,0,0,0,0,0,1.3862943611198906,0,1.3862943611198906
2023-10-21_Al-Nassr_Damac_1189,2023-10-21,2023/24,Al-Nassr,Damac,Pro League,domestic_league,H,0,0.78,38.7058,14137,1188,859,243,141,0.7230639730639731,5.0,1,2,6,4,6,10,21,2,4,1.2,1.0,1.05,0.8,0.7,0.3,1.3754478681981546,0.4148015767277429,2,0,5.0,18,20,7,1.1111111111111112,36,31,0.8611111111111112,13,28,0.8,1.0,2.6,1.4,5,0,0,0,0.0,0.0,0,0,0,0,0.0,0.0,0.0,0.0,0.0,0,1630.34,1500.0,130.34,0,24,24,1.0,610,482,0.7901639344262295,10,Saturday,0.2219,0,0,0,1,0,1,2,1,W,1,0,matched_secondary_full_career,1,0,0,0,1,0.0,1,0.0
2023-10-24_Al-Nassr_Al-Duhail_SC_1190,2023-10-24,2023/24,Al-Nassr,Al-Duhail SC,AFC Champions League,continental_club,H,0,0.84,38.714,14140,1189,860,243,140,0.7232968881412952,3.0,1,3,6,5,6,10,22,1,2,1.2,1.0,1.1,0.8,0.7,0.3,1.2628135077387082,0.29036110370942,3,0,3.0,19,21,7,1.105263157894737,37,32,0.8648648648648649,13,28,0.8,1.0,2.6,1.6,5,0,0,0,0.0,0.0,0,0,0,0,0.0,0.0,0.0,0.0,0.0,0,1636.76,1500.0,136.76,0,3,1,0.3333333333333333,611,483,0.79050736497545,10,Tuesday,0.2301,0,0,0,1,1,2,4,3,W,2,1,matched_secondary_full_career,1,0,0,0,1,0.0,1,0.0
2023-10-28_Al-Nassr_Al-Fayha_1191,2023-10-28,2023/24,Al-Nassr,Al-Fayha,Pro League,domestic_league,A,0,0.78,38.725,14144,1190,862,244,138,0.7243697478991596,4.0,2,3,7,5,7,12,23,2,3,1.4,1.2,1.15,0.8,0.8,0.4,1.4839694554170957,0.5032527725965941,4,0,4.0,20,23,8,1.15,38,34,0.8947368421052632,13,28,0.8,1.0,2.6,1.6,5,1,0,0,0.0,0.0,0,0,1,0,1.0,1.0,0.0,0.0,1.0,1,1643.01,1501.54,141.47,1,25,25,1.0,549,363,0.6612021857923497,10,Saturday,0.2411,0,0,0,0,0,0,3,1,W,0,1,matched_secondary_full_career,0,0,0,0,0,0.6931471805599453,0,0.6931471805599453
2023-10-31_Al-Nassr_Al-Ettifaq_1192,2023-10-31,2023/24,Al-Nassr,Al-Ettifaq,King's Cup,domestic_or_other_cup,H,0,0.72,38.7332,14147,1191,862,245,138,0.7237615449202351,3.0,2,3,7,3,7,11,22,3,4,1.4,1.1,1.1,0.8,0.7,0.4,1.038778618791967,0.6522769408176159,0,1,7.0,21,23,9,1.0952380952380951,39,34,0.8717948717948718,13,28,0.8,1.0,2.8,1.6,5,2,0,0,0.0,0.0,0,1,1,0,0.5,0.5,0.5,1.0,0.0,2,1649.15,1491.85,157.3,2,2,0,0.0,612,485,0.7924836601307189,10,Tuesday,0.2493,0,0,0,0,0,0,1,0,W,0,0,matched_secondary_full_career,0,0,0,0,0,1.0986122886681098,0,1.0986122886681098
2023-11-04_Al-Nassr_Al_Khaleej_Saihat_1193,2023-11-04,2023/24,Al-Nassr,Al Khaleej Saihat,Pro League,domestic_league,H,0,0.78,38.7441,14151,1192,862,245,138,0.7231543624161074,4.0,2,4,7,2,5,11,21,3,4,1.0,1.1,1.05,0.6,0.7,0.4,0.7271450331543768,0.4565938585723311,0,2,11.0,22,23,9,1.0454545454545454,40,34,0.85,13,28,0.8,1.0,2.4,1.4,5,1,0,0,0.0,0.0,0,0,1,0,1.0,1.0,1.0,1.0,0.0,1,1654.91,1501.1,153.8,1,26,25,0.9615384615384616,613,485,0.7911908646003263,11,Saturday,0.2603,0,0,0,1,0,1,2,0,W,1,1,matched_secondary_full_career,0,0,0,0,0,0.6931471805599453,0,0.6931471805599453
2023-11-11_Al-Nassr_Al_Wehda_Club_1194,2023-11-11,2023/24,Al-Nassr,Al Wehda Club,Pro League,domestic_league,A,0,0.78,38.7633,14158,1193,863,246,137,0.7233864207879296,7.0,1,3,7,1,4,10,21,3,5,0.8,1.0,1.05,0.6,0.7,0.3,0.8090015232080638,0.6196157010006318,1,0,7.0,23,24,10,1.0434782608695652,41,35,0.8536585365853658,15,28,1.0,1.0,2.4,1.0,5,2,4,0,2.0,0.5,4,1,0,1,1.5,0.5,0.5,2.0,0.5,2,1660.75,1501.45,159.31,2,27,26,0.9629629629629628,550,363,0.66,11,Saturday,0.2795,0,0,0,1,0,1,3,1,W,1,0,matched_secondary_full_career,0,0,0,0,0,1.0986122886681098,0,1.0986122886681098
2023-11-16_Portugal_Liechtenstein_1195,2023-11-16,2023/24,Portugal,Liechtenstein,Euros Qualifier,international,A,1,0.76,38.777,14163,1194,864,246,136,0.7236180904522613,5.0,1,2,6,2,4,10,20,3,4,0.8,1.0,1.0,0.6,0.7,0.3,0.8663010662456447,0.4337309907004422,2,0,5.0,24,25,10,1.0416666666666667,203,127,0.625615763546798,15,24,1.0,1.0,2.6,0.4,5,3,2,1,0.6666666666666666,0.3333333333333333,2,2,1,0,0.3333333333333333,0.3333333333333333,1.0,2.6666666666666665,0.0,3,1682.81,1487.8,195.0,3,42,40,0.9523809523809524,551,364,0.6606170598911071,11,Thursday,0.2932,0,0,0,1,0,1,2,0,W,1,0,matched_secondary_full_career,0,0,0,0,0,1.3862943611198906,0,1.3862943611198906
2023-11-19_Portugal_Iceland_1196,2023-11-19,2023/24,Portugal,Iceland,Euros Qualifier,international,H,1,0.76,38.7852,14166,1195,865,246,135,0.7238493723849372,3.0,1,2,7,3,3,10,21,2,4,0.6,1.0,1.05,0.6,0.7,0.3,0.9064107463719512,0.3036116934903095,3,0,3.0,25,26,10,1.04,204,128,0.6274509803921569,15,27,1.0,1.0,2.4,0.4,5,4,2,0,0.5,0.5,1,3,1,0,0.25,0.25,1.25,2.5,0.0,4,1687.72,1486.6,201.12,4,43,41,0.9534883720930232,614,486,0.7915309446254072,11,Sunday,0.3014,0,0,0,0,0,0,2,0,W,0,1,matched_secondary_full_career,0,0,0,0,0,1.6094379124341003,0,1.6094379124341003
2023-11-24_Al-Nassr_Al_Okhdood_1197,2023-11-24,2023/24,Al-Nassr,Al Okhdood,Pro League,domestic_league,H,0,0.78,38.7989,14171,1196,865,247,135,0.7232441471571907,5.0,1,3,6,2,3,10,21,2,5,0.6,1.0,1.05,0.6,0.7,0.3,0.6344875224603659,0.5125281854432167,0,1,8.0,26,26,11,1.0,42,36,0.8571428571428571,15,28,1.0,1.0,2.6,1.0,5,0,0,0,0.0,0.0,0,0,0,0,0.0,0.0,0.0,0.0,0.0,0,1666.46,1500.0,166.46,0,28,27,0.9642857142857144,615,486,0.7902439024390244,11,Friday,0.3151,0,0,0,1,1,2,3,0,W,2,0,matched_secondary_full_career,1,0,0,0,1,0.0,1,0.0
2023-11-27_Al-Nassr_Persepolis_FC_1198,2023-11-27,2023/24,Al-Nassr,Persepolis FC,AFC Champions League,continental_club,H,0,0.84,38.8071,14174,1197,867,247,133,0.7243107769423559,3.0,1,3,7,3,5,10,20,2,5,1.0,1.0,1.0,0.8,0.7,0.3,1.044141265722256,0.3587697298102516,1,0,3.0,27,28,11,1.037037037037037,43,38,0.8837209302325582,15,28,1.0,1.0,2.4,0.4,5,1,0,0,0.0,0.0,0,1,0,0,0.0,0.0,0.0,2.0,0.0,1,1672.01,1493.01,179.0,1,4,3,0.75,616,488,0.7922077922077922,11,Monday,0.3233,0,0,0,0,0,0,0,0,D,0,0,matched_secondary_full_career,0,0,0,0,0,0.6931471805599453,0,0.6931471805599453
2023-12-01_Al-Nassr_Al-Hilal_1199,2023-12-01,2023/24,Al-Nassr,Al-Hilal,Pro League,domestic_league,A,0,0.78,38.818,14178,1198,867,247,133,0.7237061769616027,4.0,2,3,6,2,4,8,18,1,4,0.8,0.8,0.9,0.6,0.6,0.2,0.7308988860055792,0.2511388108671761,0,1,7.0,28,28,11,1.0,44,38,0.8636363636363636,13,26,0.8,1.0,1.8,0.2,5,2,2,0,1.0,0.5,2,1,0,1,1.5,0.5,1.5,1.0,0.5,2,1667.27,1503.29,163.97,2,29,29,1.0,552,365,0.6612318840579711,12,Friday,0.3342,0,0,1,0,0,0,0,3,L,0,0,matched_secondary_full_career,0,0,0,0,0,1.0986122886681098,0,1.0986122886681098
2023-12-08_Al-Nassr_Al_Riyadh_1200,2023-12-08,2023/24,Al-Nassr,Al Riyadh,Pro League,domestic_league,H,0,0.78,38.8372,14185,1199,867,247,133,0.7231025854879066,7.0,1,3,6,2,3,7,17,1,4,0.6,0.7,0.85,0.4,0.5,0.2,0.5116292202039054,0.1757971676070232,0,2,14.0,29,28,11,0.9655172413793104,45,38,0.8444444444444444,10,23,0.6,0.8,1.6,0.8,5,0,0,0,0.0,0.0,0,0,0,0,0.0,0.0,0.0,0.0,0.0,0,1652.87,1500.0,152.87,0,30,29,0.9666666666666668,617,488,0.7909238249594813,12,Friday,0.3534,0,0,1,1,0,1,4,1,W,1,1,matched_secondary_full_career,1,0,0,0,1,0.0,1,0.0
2023-12-11_Al-Nassr_Al_Shabab_1201,2023-12-11,2023/24,Al-Nassr,Al Shabab,King's Cup,domestic_or_other_cup,A,0,0.72,38.8454,14188,1200,868,248,132,0.7233333333333334,3.0,1,3,7,1,3,6,18,2,4,0.6,0.6,0.9,0.4,0.5,0.1,0.6581404541427338,0.4230580173249162,1,0,3.0,30,29,12,0.9666666666666668,46,39,0.8478260869565217,10,25,0.6,0.8,2.0,1.0,5,3,3,1,1.0,0.6666666666666666,3,2,1,0,0.3333333333333333,0.3333333333333333,0.6666666666666666,2.333333333333333,0.3333333333333333,3,1658.73,1485.7,173.03,3,3,0,0.0,553,365,0.6600361663652803,12,Monday,0.3616,0,0,1,1,0,1,5,2,W,1,0,matched_secondary_full_career,0,0,0,0,0,1.3862943611198906,0,1.3862943611198906
2023-12-22_Al-Nassr_Al-Ettifaq_1202,2023-12-22,2023/24,Al-Nassr,Al-Ettifaq,Pro League,domestic_league,H,0,0.78,38.8755,14199,1201,869,248,131,0.723563696919234,11.0,0,2,5,2,4,7,18,1,3,0.8,0.7,0.9,0.6,0.6,0.1,0.7606983178999136,0.2961406121274413,2,0,11.0,31,30,12,0.967741935483871,47,40,0.851063829787234,10,25,0.6,0.8,2.4,1.2,5,3,0,0,0.0,0.0,0,2,1,0,0.3333333333333333,0.3333333333333333,0.3333333333333333,1.0,0.0,3,1664.13,1486.09,178.03,3,31,30,0.967741935483871,618,489,0.7912621359223301,12,Friday,0.3918,0,0,1,1,0,1,3,1,W,1,1,matched_secondary_full_career,0,0,0,0,0,1.3862943611198906,0,1.3862943611198906
2023-12-26_Al-Nassr_Al-Ittihad_FC_1203,2023-12-26,2023/24,Al-Nassr,Al-Ittihad FC,Pro League,domestic_league,A,0,0.78,38.8865,14203,1202,870,249,130,0.7237936772046589,4.0,1,1,5,3,3,8,19,2,4,0.6,0.8,0.95,0.6,0.7,0.1,0.8324888225299394,0.5072984284892089,3,0,4.0,32,31,13,0.96875,48,41,0.8541666666666666,10,25,0.6,0.8,2.4,1.4,5,2,0,0,0.0,0.0,0,0,0,2,3.0,1.0,2.0,0.5,0.5,2,1669.41,1521.09,148.32,2,32,31,0.96875,554,366,0.6606498194945848,12,Tuesday,0.4027,0,0,1,1,1,2,5,2,W,2,0,matched_secondary_full_career,0,0,0,0,0,1.0986122886681098,0,1.0986122886681098
2023-12-30_Al-Nassr_Al_Taawon_1204,2023-12-30,2023/24,Al-Nassr,Al Taawon,Pro League,domestic_league,A,0,0.78,38.8974,14207,1203,872,249,128,0.7248545303408146,4.0,1,2,5,4,5,9,19,2,3,1.0,0.9,0.95,0.8,0.7,0.2,1.1827421757709575,0.3551088999424462,4,0,4.0,33,33,13,1.0,49,43,0.8775510204081632,12,25,0.8,0.8,3.4,1.8,5,2,0,2,0.0,0.0,0,1,0,1,1.5,0.5,1.5,1.0,0.5,2,1675.38,1502.88,172.5,2,33,33,1.0,555,368,0.6630630630630631,12,Saturday,0.4137,0,0,1,1,0,1,4,1,W,1,0,matched_secondary_full_career,0,0,0,0,0,1.0986122886681098,0,1.0986122886681098
2024-02-14_Al-Nassr_Al-Fayha_1205,2024-02-14,2023/24,Al-Nassr,Al-Fayha,AFC Champions League,continental_club,A,0,0.84,39.0234,14253,1204,873,249,127,0.7250830564784053,46.0,0,0,0,4,6,9,19,2,3,1.2,0.9,0.95,1.0,0.7,0.2,1.12791952303967,0.2485762299597123,5,0,46.0,34,34,13,1.0,50,44,0.88,15,25,1.0,1.0,4.2,1.4,5,2,0,1,0.0,0.0,0,1,1,0,0.5,0.5,0.5,1.5,0.5,2,1680.79,1495.4,185.39,2,5,3,0.6,556,369,0.6636690647482014,2,Wednesday,0.5397,0,0,0,1,0,1,1,0,W,1,0,matched_secondary_full_career,0,0,0,0,0,1.0986122886681098,0,1.0986122886681098
2024-02-17_Al-Nassr_Al-Fateh_1206,2024-02-17,2023/24,Al-Nassr,Al-Fateh,Pro League,domestic_league,H,0,0.78,39.0316,14256,1205,874,249,126,0.725311203319502,3.0,1,1,1,4,6,9,19,1,3,1.2,0.9,0.95,1.0,0.7,0.2,1.089543666127769,0.1740033609717986,6,0,3.0,35,35,13,1.0,51,45,0.8823529411764706,15,25,1.0,1.0,3.6,1.2,5,2,4,1,2.0,1.0,4,1,1,0,0.5,0.5,1.0,3.5,0.0,2,1685.91,1492.21,193.7,2,34,34,1.0,619,490,0.7915993537964459,2,Saturday,0.5479,0,0,0,1,0,1,2,1,W,1,0,matched_secondary_full_career,0,0,0,0,0,1.0986122886681098,0,1.0986122886681098
2024-02-21_Al-Nassr_Al-Fayha_1207,2024-02-21,2023/24,Al-Nassr,Al-Fayha,AFC Champions League,continental_club,H,0,0.84,39.0426,14260,1206,875,249,125,0.7255389718076285,4.0,2,2,2,3,6,10,20,1,2,1.2,1.0,1.0,1.0,0.8,0.2,1.0626805662894383,0.121802352680259,7,0,4.0,36,36,13,1.0,52,46,0.8846153846153846,15,25,1.0,1.0,3.0,1.0,5,3,1,1,0.3333333333333333,0.3333333333333333,1,2,1,0,0.3333333333333333,0.3333333333333333,0.3333333333333333,1.3333333333333333,0.3333333333333333,3,1690.85,1490.28,200.56,3,6,4,0.6666666666666666,620,491,0.7919354838709678,2,Wednesday,0.5589,0,0,0,1,0,1,2,0,W,1,0,matched_secondary_full_career,0,0,0,0,0,1.3862943611198906,0,1.3862943611198906
2024-02-25_Al-Nassr_Al_Shabab_1208,2024-02-25,2023/24,Al-Nassr,Al Shabab,Pro League,domestic_league,A,0,0.78,39.0535,14264,1207,876,249,124,0.7257663628831814,4.0,1,3,3,3,6,9,19,0,2,1.2,0.9,0.95,1.0,0.8,0.1,1.0438763964026068,0.0852616468761813,8,0,4.0,37,37,13,1.0,53,47,0.8867924528301887,15,25,1.0,1.0,2.8,0.8,5,4,4,1,1.0,0.75,3,3,1,0,0.25,0.25,1.0,3.0,0.25,4,1695.64,1480.31,215.33,4,35,35,1.0,557,370,0.6642728904847397,2,Sunday,0.5699,0,0,0,1,0,1,3,2,W,1,0,matched_secondary_full_career,0,0,0,0,0,1.6094379124341003,0,1.6094379124341003
2024-03-04_Al-Nassr_Al_Ain_1209,2024-03-04,2023/24,Al-Nassr,Al Ain,AFC Champions League,continental_club,A,0,0.84,39.0754,14272,1208,877,249,123,0.7259933774834437,8.0,0,2,4,3,5,10,18,0,2,1.0,1.0,0.9,1.0,0.9,0.1,1.0307134774818247,0.0596831528133269,9,0,8.0,38,38,13,1.0,54,48,0.8888888888888888,15,27,1.0,1.0,2.4,0.8,5,0,0,0,0.0,0.0,0,0,0,0,0.0,0.0,0.0,0.0,0.0,0,1700.13,1500.0,200.13,0,7,5,0.7142857142857143,558,371,0.6648745519713262,3,Monday,0.5918,0,0,0,0,0,0,0,1,L,0,0,matched_secondary_full_career,1,0,0,0,1,0.0,1,0.0
2024-03-07_Al-Nassr_Al-Raed_1210,2024-03-07,2023/24,Al-Nassr,Al-Raed,Pro League,domestic_league,H,0,0.78,39.0836,14275,1209,877,249,123,0.7253928866832092,3.0,1,2,5,2,4,10,17,0,2,0.8,1.0,0.85,0.8,0.9,0.1,0.7214994342372772,0.0417782069693288,0,1,11.0,39,38,13,0.9743589743589745,55,48,0.8727272727272727,12,27,0.8,0.8,1.6,0.8,5,2,2,0,1.0,1.0,2,2,0,0,0.0,0.0,0.0,3.5,0.0,2,1684.93,1483.91,201.02,2,36,36,1.0,621,492,0.7922705314009661,3,Thursday,0.6,0,0,0,0,0,0,1,3,L,0,0,matched_secondary_full_career,0,0,0,0,0,1.0986122886681098,0,1.0986122886681098
2024-03-11_Al-Nassr_Al_Ain_1211,2024-03-11,2023/24,Al-Nassr,Al Ain,AFC Champions League,continental_club,H,0,0.84,39.0946,14279,1210,877,249,123,0.724793388429752,4.0,2,2,6,1,3,9,15,0,1,0.6,0.9,0.75,0.6,0.8,0.1,0.505049603966094,0.0292447448785301,0,2,15.0,40,38,13,0.95,56,48,0.8571428571428571,9,24,0.6,0.6,1.6,1.4,5,1,0,0,0.0,0.0,0,0,0,1,3.0,1.0,1.0,0.0,1.0,1,1669.71,1515.2,154.52,1,8,5,0.625,622,492,0.7909967845659164,3,Monday,0.611,0,0,0,1,0,1,4,3,W,1,0,matched_secondary_full_career,0,0,0,0,0,0.6931471805599453,0,0.6931471805599453
2024-03-15_Al-Nassr_Al-Ahli_Jeddah_1212,2024-03-15,2023/24,Al-Nassr,Al-Ahli Jeddah,Pro League,domestic_league,A,0,0.78,39.1055,14283,1211,878,249,122,0.7250206440957886,4.0,1,3,7,1,3,9,16,0,1,0.6,0.9,0.8,0.6,0.8,0.1,0.6535347227762658,0.0204713214149711,1,0,4.0,41,39,13,0.951219512195122,57,49,0.8596491228070176,9,24,0.6,0.6,2.0,1.8,5,1,2,0,2.0,1.0,2,1,0,0,0.0,0.0,3.0,4.0,0.0,1,1675.54,1493.19,182.35,1,37,36,0.972972972972973,559,371,0.6636851520572451,3,Friday,0.6219,0,0,0,1,0,1,1,0,W,1,0,matched_secondary_full_career,0,0,0,0,0,0.6931471805599453,0,0.6931471805599453
2024-03-26_Portugal_Slovenia_1213,2024-03-26,2023/24,Portugal,Slovenia,International Friendly,international,A,1,0.35,39.1356,14294,1212,879,249,121,0.7252475247524752,11.0,0,1,5,2,3,9,17,0,0,0.6,0.9,0.85,0.6,0.8,0.1,0.7574743059433859,0.0143299249904797,2,0,11.0,42,40,13,0.9523809523809524,205,128,0.624390243902439,15,27,1.0,1.0,2.6,0.4,5,0,0,0,0.0,0.0,0,0,0,0,0.0,0.0,0.0,0.0,0.0,0,1692.5,1500.0,192.5,0,52,20,0.3846153846153846,560,372,0.6642857142857143,3,Tuesday,0.6521,0,0,0,0,0,0,0,2,L,0,0,matched_secondary_full_career,1,0,0,0,1,0.0,1,0.0
2024-03-30_Al-Nassr_Al_Taee_1214,2024-03-30,2023/24,Al-Nassr,Al Taee,Pro League,domestic_league,H,0,0.78,39.1466,14298,1213,879,249,121,0.7246496290189612,4.0,1,1,5,2,2,7,16,0,0,0.4,0.7,0.8,0.4,0.7,0.0,0.5302320141603701,0.0100309474933358,0,1,15.0,43,40,13,0.9302325581395348,58,50,0.8620689655172413,9,24,0.6,0.6,1.8,1.8,5,2,2,1,1.0,1.0,2,2,0,0,0.0,0.0,0.5,2.0,0.0,2,1680.72,1484.66,196.06,2,38,37,0.9736842105263158,623,493,0.7913322632423756,3,Saturday,0.663,0,0,0,1,1,3,5,1,W,3,0,matched_secondary_full_career,0,0,0,0,0,1.0986122886681098,0,1.0986122886681098
2024-04-02_Al-Nassr_Abha_1215,2024-04-02,2023/24,Al-Nassr,Abha,Pro League,domestic_league,A,0,0.78,39.1548,14301,1214,882,249,118,0.7265238879736409,3.0,2,2,6,4,5,9,18,0,0,1.0,0.9,0.9,0.6,0.7,0.1,1.271162409912259,0.007021663245335,1,0,3.0,44,43,13,0.9772727272727272,59,53,0.8983050847457628,9,24,0.6,0.6,2.2,1.6,5,3,1,0,0.3333333333333333,0.3333333333333333,1,2,1,0,0.3333333333333333,0.3333333333333333,1.3333333333333333,2.333333333333333,0.0,3,1685.61,1486.22,199.4,3,39,40,1.0256410256410255,561,372,0.6631016042780749,4,Tuesday,0.6712,0,0,0,1,1,3,8,0,W,3,1,matched_secondary_full_career,0,0,0,0,0,1.3862943611198906,0,1.3862943611198906
2024-04-05_Al-Nassr_Damac_1216,2024-04-05,2023/24,Al-Nassr,Damac,Pro League,domestic_league,A,0,0.78,39.163,14304,1215,885,250,115,0.7283950617283951,3.0,2,3,6,6,8,11,20,1,1,1.6,1.1,1.0,0.8,0.7,0.2,1.7898136869385812,0.3049151642717345,2,0,3.0,45,46,14,1.022222222222222,60,56,0.9333333333333332,12,24,0.8,0.8,3.8,1.4,5,1,1,0,1.0,1.0,1,1,0,0,0.0,0.0,1.0,2.0,0.0,1,1690.43,1493.58,196.85,1,40,43,1.075,562,375,0.6672597864768683,4,Friday,0.6795,0,0,0,0,0,0,1,0,W,0,0,matched_secondary_date_discrepancy,0,0,0,0,0,0.6931471805599453,0,0.6931471805599453
2024-04-08_Al-Nassr_Al-Hilal_1217,2024-04-08,2023/24,Al-Nassr,Al-Hilal,Saudi Super Cup,domestic_or_other_cup,A,0,0.82,39.1712,14307,1216,885,250,115,0.727796052631579,3.0,2,4,6,6,7,10,20,1,1,1.4,1.0,1.0,0.6,0.6,0.2,1.2528695808570067,0.2134406149902141,0,1,6.0,46,46,14,1.0,61,56,0.918032786885246,15,24,1.0,1.0,3.8,0.8,5,3,2,0,0.6666666666666666,0.3333333333333333,2,1,0,2,2.0,0.6666666666666666,2.0,0.6666666666666666,0.6666666666666666,3,1695.3,1517.69,177.61,3,1,0,0.0,563,375,0.6660746003552398,4,Monday,0.6877,0,0,0,0,0,0,1,2,L,0,0,matched_secondary_full_career,0,0,0,0,0,1.3862943611198906,0,1.3862943611198906
2024-04-27_Al-Nassr_Al_Khaleej_Saihat_1218,2024-04-27,2023/24,Al-Nassr,Al Khaleej Saihat,Pro League,domestic_league,A,0,0.78,39.2233,14326,1217,885,250,115,0.7271980279375514,19.0,0,0,4,3,6,9,18,1,1,1.2,0.9,0.9,0.4,0.5,0.2,0.8770087065999046,0.1494084304931499,0,2,25.0,47,46,14,0.9787234042553192,62,56,0.9032258064516128,12,21,0.8,0.8,3.2,0.6,5,2,1,1,0.5,0.5,1,1,1,0,0.5,0.5,0.5,1.5,0.0,2,1680.59,1495.26,185.33,2,41,43,1.048780487804878,564,375,0.6648936170212766,4,Saturday,0.7397,0,0,0,0,0,0,1,0,W,0,0,matched_secondary_full_career,0,0,0,0,0,1.0986122886681098,0,1.0986122886681098
2024-05-01_Al-Nassr_Al_Khaleej_Saihat_1219,2024-05-01,2023/24,Al-Nassr,Al Khaleej Saihat,King's Cup,domestic_or_other_cup,H,0,0.72,39.2342,14330,1218,885,250,115,0.7266009852216748,4.0,1,1,4,0,6,8,18,1,1,1.2,0.8,0.9,0.4,0.4,0.2,0.6139060946199332,0.1045859013452049,0,3,29.0,48,46,14,0.9583333333333334,63,56,0.8888888888888888,12,21,0.8,0.8,3.2,0.6,5,3,1,1,0.3333333333333333,0.3333333333333333,1,2,1,0,0.3333333333333333,0.3333333333333333,0.3333333333333333,1.3333333333333333,0.0,3,1685.71,1490.14,195.57,3,4,1,0.25,624,496,0.7948717948717948,5,Wednesday,0.7507,0,0,0,1,1,2,3,1,W,2,0,matched_secondary_full_career,0,0,0,0,0,1.3862943611198906,0,1.3862943611198906
2024-05-04_Al-Nassr_Al_Wehda_Club_1220,2024-05-04,2023/24,Al-Nassr,Al Wehda Club,Pro League,domestic_league,H,0,0.78,39.2424,14333,1219,887,250,113,0.7276456111566858,3.0,2,2,4,2,5,10,20,1,1,1.0,1.0,1.0,0.4,0.5,0.3,1.0297342662339533,0.0732101309416434,1,0,3.0,49,48,14,0.979591836734694,64,58,0.90625,12,21,0.8,0.8,2.8,0.6,5,3,5,0,1.6666666666666667,0.6666666666666666,5,2,0,1,1.0,0.3333333333333333,0.6666666666666666,2.333333333333333,0.3333333333333333,3,1690.61,1495.73,194.88,3,42,43,1.0238095238095235,625,498,0.7968,5,Saturday,0.7589,0,0,0,1,1,3,6,0,W,3,0,matched_secondary_full_career,0,0,0,0,0,1.3862943611198906,0,1.3862943611198906
2024-05-09_Al-Nassr_Al_Okhdood_1221,2024-05-09,2023/24,Al-Nassr,Al Okhdood,Pro League,domestic_league,A,0,0.78,39.2561,14338,1220,890,250,110,0.7295081967213115,5.0,1,3,3,5,5,13,22,0,1,1.0,1.3,1.1,0.4,0.6,0.4,1.6208139863637672,0.0512470916591504,2,0,5.0,50,51,14,1.02,65,61,0.9384615384615383,12,24,0.8,0.8,2.4,0.6,5,1,2,0,2.0,1.0,2,1,0,0,0.0,0.0,0.0,3.0,0.0,1,1695.53,1494.46,201.07,1,43,46,1.069767441860465,565,375,0.6637168141592921,5,Thursday,0.7726,0,0,0,1,0,1,3,2,W,1,0,matched_secondary_full_career,0,0,0,0,0,0.6931471805599453,0,0.6931471805599453
2024-05-17_Al-Nassr_Al-Hilal_1222,2024-05-17,2023/24,Al-Nassr,Al-Hilal,Pro League,domestic_league,H,0,0.78,39.278,14346,1221,891,250,109,0.7297297297297297,8.0,0,2,4,6,6,13,22,0,1,1.2,1.3,1.1,0.6,0.6,0.4,1.434569790454637,0.0358729641614052,3,0,8.0,51,52,14,1.0196078431372548,66,62,0.9393939393939394,12,27,0.8,0.8,2.8,1.0,5,4,2,0,0.5,0.25,2,1,0,3,2.25,0.75,2.0,0.75,0.5,4,1700.31,1532.4,167.91,4,44,47,1.068181818181818,626,501,0.8003194888178914,5,Friday,0.7945,0,0,0,0,0,0,1,1,D,0,1,matched_secondary_full_career,0,0,0,0,0,1.6094379124341003,0,1.6094379124341003
2024-05-23_Al-Nassr_Al_Riyadh_1223,2024-05-23,2023/24,Al-Nassr,Al Riyadh,Pro League,domestic_league,A,0,0.78,39.2944,14352,1222,891,251,109,0.7291325695581015,6.0,1,2,5,4,6,12,21,1,2,1.2,1.2,1.05,0.6,0.5,0.4,1.004198853318246,0.3251110749129837,0,1,14.0,52,52,15,1.0,67,62,0.9253731343283582,13,25,0.8,1.0,2.8,0.8,5,1,1,1,1.0,1.0,1,1,0,0,0.0,0.0,1.0,4.0,0.0,1,1695.82,1494.14,201.68,1,45,47,1.0444444444444445,566,376,0.6643109540636042,5,Thursday,0.811,0,1,0,0,0,0,2,2,D,0,0,matched_secondary_full_career,0,0,0,0,0,0.6931471805599453,0,0.6931471805599453
2024-05-27_Al-Nassr_Al-Ittihad_FC_1224,2024-05-27,2023/24,Al-Nassr,Al-Ittihad FC,Pro League,domestic_league,H,0,0.78,39.3054,14356,1223,891,251,109,0.7285363859362224,4.0,1,2,6,1,6,12,19,1,2,1.2,1.2,0.95,0.6,0.5,0.4,0.7029391973227721,0.2275777524390885,0,2,18.0,53,52,15,0.981132075471698,68,62,0.9117647058823528,11,23,0.6,1.0,3.0,1.2,5,3,2,0,0.6666666666666666,0.3333333333333333,2,1,0,2,2.0,0.6666666666666666,2.0,2.0,0.3333333333333333,3,1690.59,1515.11,175.48,3,46,47,1.0217391304347827,627,501,0.7990430622009569,5,Monday,0.8219,0,1,0,1,1,2,4,2,W,2,0,matched_secondary_full_career,0,0,0,0,0,1.3862943611198906,0,1.3862943611198906
2024-05-31_Al-Nassr_Al-Hilal_1225,2024-05-31,2023/24,Al-Nassr,Al-Hilal,King's Cup,domestic_or_other_cup,A,0,0.72,39.3163,14360,1224,893,251,107,0.7295751633986928,4.0,1,3,6,2,6,11,20,1,2,1.2,1.1,1.0,0.6,0.5,0.4,1.0920574381259405,0.1593044267073619,1,0,4.0,54,54,15,1.0,69,64,0.927536231884058,11,23,0.6,1.0,3.2,1.4,5,5,2,1,0.4,0.2,0,1,1,3,2.0,0.8,1.8,0.8,0.4,5,1695.93,1536.89,159.04,5,5,3,0.6,567,376,0.6631393298059964,5,Friday,0.8329,0,1,0,0,0,0,1,1,D,0,0,matched_secondary_full_career,0,0,0,0,0,1.791759469228055,0,1.791759469228055
2024-06-11_Portugal_Republic_of_Ireland_1226,2024-06-11,2023/24,Portugal,Republic of Ireland,International Friendly,international,H,1,0.35,39.3465,14371,1225,893,251,107,0.7289795918367347,11.0,0,1,4,2,3,8,19,1,1,0.6,0.8,0.95,0.4,0.4,0.3,0.7644402066881583,0.1115130986951533,0,1,15.0,55,54,15,0.9818181818181818,206,128,0.6213592233009708,12,27,0.8,0.8,2.4,0.8,5,4,2,0,0.5,0.25,2,2,1,1,1.0,0.5,0.75,1.75,0.5,4,1677.46,1503.8,173.67,4,53,20,0.3773584905660377,628,503,0.8009554140127388,6,Tuesday,0.863,0,1,0,1,1,2,3,0,W,2,0,matched_secondary_full_career,0,0,0,0,0,1.6094379124341003,0,1.6094379124341003
2024-06-18_Portugal_Czech_Republic_1227,2024-06-18,2023/24,Portugal,Czech Republic,Euro Championship,international,H,1,0.95,39.3656,14378,1226,895,251,105,0.7300163132137031,7.0,1,1,4,4,4,10,20,1,1,0.8,1.0,1.0,0.4,0.5,0.4,1.1351081446817108,0.0780591690866073,1,0,7.0,56,56,15,1.0,207,130,0.6280193236714976,12,27,0.8,0.8,2.4,0.4,5,4,2,2,0.5,0.5,1,4,0,0,0.0,0.0,0.25,2.5,0.0,4,1682.84,1476.27,206.57,4,25,14,0.56,629,505,0.8028616852146264,6,Tuesday,0.8822,0,1,0,0,0,0,2,1,W,0,0,matched_secondary_full_career,0,0,0,0,0,1.6094379124341003,0,1.6094379124341003
2024-06-22_Portugal_Türkiye_1228,2024-06-22,2023/24,Portugal,Türkiye,Euro Championship,international,A,1,0.95,39.3766,14382,1227,895,251,105,0.7294213528932355,4.0,1,2,5,2,4,10,19,0,1,0.8,1.0,0.95,0.4,0.5,0.4,0.7945757012771976,0.0546414183606251,0,1,11.0,57,56,15,0.9824561403508772,208,130,0.625,12,27,0.8,0.8,1.8,0.6,5,3,0,1,0.0,0.0,0,2,0,1,1.0,0.3333333333333333,1.3333333333333333,2.0,0.0,3,1687.51,1500.74,186.78,3,26,14,0.5384615384615384,568,376,0.6619718309859155,6,Saturday,0.8932,0,1,0,0,0,0,3,0,W,0,1,matched_secondary_full_career,0,0,0,0,0,1.3862943611198906,0,1.3862943611198906
2024-06-26_Portugal_Georgia_1229,2024-06-26,2023/24,Portugal,Georgia,Euro Championship,international,A,1,0.95,39.3875,14386,1228,895,252,105,0.7288273615635179,4.0,1,2,5,2,4,10,18,1,2,0.8,1.0,0.9,0.4,0.5,0.4,0.5562029908940382,0.3382489928524376,0,2,15.0,58,56,16,0.9655172413793104,209,130,0.6220095693779905,12,27,0.8,0.8,2.0,0.6,5,1,0,0,0.0,0.0,0,1,0,0,0.0,0.0,0.0,2.0,0.0,1,1692.6,1492.87,199.73,1,27,14,0.5185185185185185,569,376,0.6608084358523726,6,Wednesday,0.9041,0,1,0,0,0,0,0,2,L,0,0,matched_secondary_full_career,0,0,0,0,0,0.6931471805599453,0,0.6931471805599453
2024-07-01_Portugal_Slovenia_1230,2024-07-01,2023/24,Portugal,Slovenia,Euro Championship,international,H,1,0.95,39.4012,14391,1229,895,252,105,0.7282343368592351,5.0,1,3,4,0,2,8,18,1,2,0.4,0.8,0.9,0.2,0.4,0.3,0.3893420936258267,0.2367742949967063,0,3,20.0,59,56,16,0.9491525423728814,210,130,0.6190476190476191,9,24,0.6,0.6,1.6,1.0,5,1,0,0,0.0,0.0,0,0,0,1,3.0,1.0,2.0,0.0,1.0,1,1677.41,1515.04,162.38,1,28,14,0.5,630,505,0.8015873015873016,7,Monday,0.9178,0,1,0,0,0,0,0,0,D,0,0,matched_secondary_full_career,0,0,0,0,0,0.6931471805599453,0,0.6931471805599453
2024-07-05_Portugal_France_1231,2024-07-05,2023/24,Portugal,France,Euro Championship,international,H,1,0.95,39.4122,14395,1230,895,252,105,0.7276422764227642,4.0,1,3,5,0,2,5,18,1,2,0.4,0.5,0.9,0.2,0.3,0.2,0.2725394655380787,0.1657420064976944,0,4,24.0,60,56,16,0.9333333333333332,211,130,0.6161137440758294,10,22,0.6,0.8,1.6,0.6,5,7,2,0,0.2857142857142857,0.1428571428571428,2,1,2,4,2.0,0.8571428571428571,1.0,0.5714285714285714,0.5714285714285714,7,1673.05,1554.66,118.4,7,29,14,0.4827586206896552,631,505,0.8003169572107766,7,Friday,0.9288,0,1,0,0,0,0,0,0,D,0,0,matched_secondary_full_career,0,0,0,0,0,2.0794415416798357,0,2.0794415416798357
2024-08-14_Al-Nassr_Al_Taawon_1232,2024-08-14,2024/25,Al-Nassr,Al Taawon,Saudi Super Cup,domestic_or_other_cup,A,0,0.82,39.5217,14435,1231,895,252,105,0.727051177904143,40.0,0,0,0,0,0,4,17,1,2,0.0,0.4,0.85,0.0,0.2,0.2,0.190777625876655,0.116019404548386,0,5,64.0,0,0,0,0.0,70,64,0.9142857142857144,9,21,0.4,1.0,2.2,1.6,5,3,1,2,0.3333333333333333,0.3333333333333333,1,2,0,1,1.0,0.3333333333333333,1.3333333333333333,2.0,0.3333333333333333,3,1691.65,1497.48,194.17,3,2,0,0.0,570,376,0.6596491228070176,8,Wednesday,0.0357,1,0,0,1,0,1,2,0,W,1,1,matched_secondary_full_career,0,0,0,0,0,1.3862943611198906,0,1.3862943611198906
2024-08-17_Al-Nassr_Al-Hilal_1233,2024-08-17,2024/25,Al-Nassr,Al-Hilal,Saudi Super Cup,domestic_or_other_cup,H,0,0.82,39.5299,14438,1232,896,253,104,0.7272727272727273,3.0,1,1,1,1,1,5,17,2,2,0.2,0.5,0.85,0.2,0.3,0.2,0.4335443381136585,0.3812135831838702,1,0,3.0,1,1,1,1.0,71,65,0.9154929577464788,9,21,0.4,1.0,2.0,1.2,5,6,2,1,0.3333333333333333,0.1666666666666666,0,1,2,3,1.8333333333333333,0.8333333333333334,1.6666666666666667,0.8333333333333334,0.3333333333333333,6,1696.57,1541.17,155.4,6,3,1,0.3333333333333333,632,505,0.7990506329113924,8,Saturday,0.044,1,0,0,1,0,1,1,4,L,1,0,matched_secondary_full_career,0,0,0,0,0,1.9459101490553132,0,1.9459101490553132
2024-08-22_Al-Nassr_Al-Raed_1234,2024-08-22,2024/25,Al-Nassr,Al-Raed,Pro League,domestic_league,H,0,0.78,39.5436,14443,1233,897,253,103,0.7274939172749392,5.0,1,2,2,2,2,6,18,1,2,0.4,0.6,0.9,0.4,0.4,0.2,0.6034810366795609,0.2668495082287091,2,0,5.0,2,2,1,1.0,72,66,0.9166666666666666,8,21,0.4,0.8,2.0,1.8,5,3,2,0,0.6666666666666666,0.6666666666666666,2,2,0,1,1.0,0.3333333333333333,1.0,2.6666666666666665,0.0,3,1682.38,1499.12,183.25,3,47,49,1.0425531914893618,633,506,0.7993680884676145,8,Thursday,0.0577,1,0,0,1,0,1,1,1,D,1,0,matched_secondary_full_career,0,0,0,0,0,1.3862943611198906,0,1.3862943611198906
2024-08-27_Al-Nassr_Al-Fayha_1235,2024-08-27,2024/25,Al-Nassr,Al-Fayha,Pro League,domestic_league,A,0,0.78,39.5573,14448,1234,898,253,102,0.7277147487844409,5.0,1,3,3,3,3,5,16,1,2,0.6,0.5,0.8,0.6,0.4,0.1,0.7224367256756925,0.1867946557600963,3,0,5.0,3,3,1,1.0,73,67,0.9178082191780822,8,19,0.4,0.8,1.8,1.6,5,4,2,1,0.5,0.5,2,3,1,0,0.25,0.25,0.25,1.5,0.25,4,1677.54,1485.49,192.06,4,48,50,1.0416666666666667,571,377,0.660245183887916,8,Tuesday,0.0714,1,0,0,1,0,1,4,1,W,1,1,matched_secondary_full_career,0,0,0,0,0,1.6094379124341003,0,1.6094379124341003
2024-09-05_Portugal_Croatia_1236,2024-09-05,2024/25,Portugal,Croatia,UEFA Nations League,international,H,1,0.82,39.5819,14457,1235,899,254,101,0.7279352226720648,9.0,0,2,4,3,4,6,14,2,3,0.8,0.6,0.7,0.8,0.5,0.1,0.8057057079729848,0.4307562590320674,4,0,9.0,4,4,2,1.0,212,130,0.6132075471698113,8,20,0.4,0.8,1.0,0.6,5,4,1,1,0.25,0.25,1,4,0,0,0.0,0.0,0.5,1.75,0.0,4,1669.77,1475.08,194.69,4,11,7,0.6363636363636364,634,507,0.7996845425867508,9,Thursday,0.0962,1,0,0,1,0,1,2,1,W,1,0,matched_secondary_full_career,0,0,0,0,0,1.6094379124341003,0,1.6094379124341003
2024-09-08_Portugal_Scotland_1237,2024-09-08,2024/25,Portugal,Scotland,UEFA Nations League,international,H,1,0.82,39.5901,14460,1236,900,254,100,0.7281553398058253,3.0,1,2,5,3,5,5,15,2,3,1.0,0.5,0.75,1.0,0.5,0.0,0.8639939955810894,0.3015293813224471,5,0,3.0,5,5,2,1.0,213,131,0.6150234741784038,8,20,0.4,0.8,1.0,0.6,5,0,0,0,0.0,0.0,0,0,0,0,0.0,0.0,0.0,0.0,0.0,0,1674.69,1500.0,174.69,0,12,8,0.6666666666666666,635,508,0.8,9,Sunday,0.1044,1,0,0,1,0,1,2,1,W,1,0,matched_secondary_full_career,1,0,0,0,1,0.0,1,0.0
2024-09-13_Al-Nassr_Al-Ahli_Jeddah_1238,2024-09-13,2024/25,Al-Nassr,Al-Ahli Jeddah,Pro League,domestic_league,H,0,0.78,39.6038,14465,1237,901,254,99,0.7283751010509296,5.0,1,2,6,3,5,6,16,1,3,1.0,0.6,0.8,1.0,0.6,0.0,0.9047957969067626,0.211070566925713,6,0,5.0,6,6,2,1.0,74,68,0.918918918918919,8,19,0.4,0.8,1.8,1.4,5,2,3,0,1.5,1.0,3,2,0,0,0.0,0.0,1.5,2.5,0.0,2,1682.52,1488.0,194.52,2,49,51,1.0408163265306123,636,509,0.800314465408805,9,Friday,0.1181,1,0,0,0,0,0,1,1,D,0,0,matched_secondary_full_career,0,0,0,0,0,1.0986122886681098,0,1.0986122886681098
2024-09-20_Al-Nassr_Al-Ettifaq_1239,2024-09-20,2024/25,Al-Nassr,Al-Ettifaq,Pro League,domestic_league,A,0,0.78,39.623,14472,1238,901,254,99,0.7277867528271406,7.0,1,2,5,2,4,6,16,1,2,0.8,0.6,0.8,0.8,0.6,0.0,0.6333570578347337,0.1477493968479991,0,1,12.0,7,6,2,0.8571428571428571,75,68,0.9066666666666666,8,17,0.4,0.8,1.8,1.4,5,4,1,1,0.25,0.25,1,3,1,0,0.25,0.25,0.5,1.5,0.0,4,1677.44,1480.81,196.63,4,50,51,1.02,572,378,0.6608391608391608,9,Friday,0.1374,1,0,0,1,0,1,3,0,W,1,0,matched_secondary_full_career,0,0,0,0,0,1.6094379124341003,0,1.6094379124341003
2024-09-27_Al-Nassr_Al_Wehda_Club_1240,2024-09-27,2024/25,Al-Nassr,Al Wehda Club,Pro League,domestic_league,H,0,0.78,39.6422,14479,1239,902,254,98,0.7280064568200162,7.0,1,2,4,2,4,7,15,1,2,0.8,0.7,0.75,0.8,0.7,0.0,0.7433499404843136,0.1034245777935993,1,0,7.0,8,7,2,0.875,76,69,0.9078947368421052,8,17,0.4,0.8,2.0,1.4,5,4,8,0,2.0,0.75,4,3,0,1,0.75,0.25,0.5,3.25,0.25,4,1682.32,1490.82,191.5,4,51,52,1.0196078431372548,637,509,0.7990580847723705,9,Friday,0.1566,1,0,0,1,0,1,2,0,W,1,0,matched_secondary_full_career,0,0,0,0,0,1.6094379124341003,0,1.6094379124341003
2024-09-30_Al-Nassr_Al-Rayyan_SC_1241,2024-09-30,2024/25,Al-Nassr,Al-Rayyan SC,AFC Champions League Elite,continental_club,H,0,0.84,39.6504,14482,1240,903,254,97,0.728225806451613,3.0,1,2,5,2,4,8,13,0,2,0.8,0.8,0.65,0.8,0.8,0.0,0.8203449583390194,0.0723972044555195,2,0,3.0,9,8,2,0.8888888888888888,77,70,0.9090909090909092,11,19,0.6,1.0,2.2,0.6,5,0,0,0,0.0,0.0,0,0,0,0,0.0,0.0,0.0,0.0,0.0,0,1687.3,1500.0,187.3,0,0,0,0.0,638,510,0.799373040752351,9,Monday,0.1648,1,0,0,1,0,1,2,1,W,1,0,matched_secondary_full_career,1,0,0,0,1,0.0,1,0.0
2024-10-05_Al-Nassr_Al_Orubah_1242,2024-10-05,2024/25,Al-Nassr,Al Orubah,Pro League,domestic_league,H,0,0.78,39.6641,14487,1241,904,254,96,0.7284448025785657,5.0,1,2,6,3,4,9,13,0,2,0.8,0.9,0.65,0.8,0.9,0.0,0.8742414708373136,0.0506780431188636,3,0,5.0,10,9,2,0.9,78,71,0.9102564102564102,13,21,0.8,1.0,2.4,0.6,5,0,0,0,0.0,0.0,0,0,0,0,0.0,0.0,0.0,0.0,0.0,0,1692.38,1500.0,192.38,0,52,53,1.0192307692307692,639,511,0.7996870109546166,10,Saturday,0.1786,1,0,0,1,0,1,3,0,W,1,1,matched_secondary_full_career,1,0,0,0,1,0.0,1,0.0
2024-10-12_Portugal_Poland_1243,2024-10-12,2024/25,Portugal,Poland,UEFA Nations League,international,A,1,0.82,39.6832,14494,1242,905,255,95,0.7286634460547504,7.0,1,2,5,3,4,9,14,1,2,0.8,0.9,0.7,0.8,0.9,0.0,0.9119690295861196,0.3354746301832045,4,0,7.0,11,10,3,0.9090909090909092,214,132,0.616822429906542,8,20,0.4,0.8,0.8,0.8,5,4,1,0,0.25,0.25,1,0,3,1,1.5,1.0,1.25,1.0,0.25,4,1680.04,1522.3,157.74,4,13,9,0.6923076923076923,573,379,0.6614310645724258,10,Saturday,0.1978,1,0,0,1,0,1,3,1,W,1,0,matched_secondary_full_career,0,0,0,0,0,1.6094379124341003,0,1.6094379124341003
2024-10-15_Portugal_Scotland_1244,2024-10-15,2024/25,Portugal,Scotland,UEFA Nations League,international,A,1,0.82,39.6914,14497,1243,906,255,94,0.7288817377312953,3.0,1,2,5,3,5,9,15,1,2,1.0,0.9,0.75,1.0,0.9,0.0,0.9383783207102836,0.2348322411282431,5,0,3.0,12,11,3,0.9166666666666666,215,133,0.6186046511627907,11,20,0.6,1.0,1.4,0.6,5,1,1,0,1.0,1.0,1,1,0,0,0.0,0.0,1.0,2.0,0.0,1,1685.79,1494.64,191.15,1,14,10,0.7142857142857143,574,380,0.662020905923345,10,Tuesday,0.206,0,0,0,0,0,0,0,0,D,0,0,matched_secondary_full_career,0,0,0,0,0,0.6931471805599453,0,0.6931471805599453
2024-10-18_Al-Nassr_Al_Shabab_1245,2024-10-18,2024/25,Al-Nassr,Al Shabab,Pro League,domestic_league,A,0,0.78,39.6997,14500,1244,906,255,94,0.7282958199356914,3.0,2,3,6,2,4,8,13,1,2,0.8,0.8,0.65,0.8,0.8,0.0,0.6568648244971985,0.1643825687897702,0,1,6.0,13,11,3,0.8461538461538461,79,72,0.9113924050632912,13,21,0.8,1.0,2.2,0.4,5,5,5,1,1.0,0.8,4,4,1,0,0.2,0.2,1.2,3.0,0.2,5,1697.35,1475.82,221.53,5,53,54,1.018867924528302,575,380,0.6608695652173913,10,Friday,0.2143,0,0,0,1,0,1,2,1,W,1,0,matched_secondary_full_career,0,0,0,0,0,1.791759469228055,0,1.791759469228055
2024-10-22_Al-Nassr_Esteghlal_FC_1246,2024-10-22,2024/25,Al-Nassr,Esteghlal FC,AFC Champions League Elite,continental_club,A,0,0.84,39.7106,14504,1245,907,255,93,0.7285140562248996,4.0,2,3,6,2,4,8,14,1,1,0.8,0.8,0.7,0.8,0.8,0.0,0.7598053771480389,0.1150677981528391,1,0,4.0,14,12,3,0.8571428571428571,80,73,0.9125,15,23,1.0,1.0,2.4,0.4,5,0,0,0,0.0,0.0,0,0,0,0,0.0,0.0,0.0,0.0,0.0,0,1701.71,1500.0,201.71,0,1,1,1.0,576,381,0.6614583333333334,10,Tuesday,0.2253,0,0,0,0,0,0,1,0,W,0,0,matched_secondary_full_career,1,0,0,0,1,0.0,1,0.0
2024-10-29_Al-Nassr_Al_Taawon_1247,2024-10-29,2024/25,Al-Nassr,Al Taawon,King's Cup,domestic_or_other_cup,H,0,0.72,39.7298,14511,1246,907,255,93,0.7279293739967897,7.0,1,3,6,1,3,7,12,1,1,0.6,0.7,0.6,0.6,0.7,0.0,0.5318637640036271,0.0805474587069873,0,1,11.0,15,12,3,0.8,81,73,0.9012345679012346,15,23,1.0,1.0,2.0,0.4,5,4,2,3,0.5,0.5,2,3,0,1,0.75,0.25,1.0,2.0,0.25,4,1706.48,1492.55,213.93,4,6,3,0.5,640,512,0.8,10,Tuesday,0.2445,0,0,0,0,0,0,0,1,L,0,0,matched_secondary_full_career,0,0,0,0,0,1.6094379124341003,0,1.6094379124341003
2024-11-01_Al-Nassr_Al-Hilal_1248,2024-11-01,2024/25,Al-Nassr,Al-Hilal,Pro League,domestic_league,H,0,0.78,39.738,14514,1247,907,255,93,0.7273456295108259,3.0,1,3,6,1,2,6,12,0,1,0.4,0.6,0.6,0.4,0.6,0.0,0.3723046348025389,0.0563832210948911,0,2,14.0,16,12,3,0.75,82,73,0.8902439024390244,12,23,0.8,0.8,1.6,0.6,5,7,3,1,0.4285714285714285,0.2857142857142857,1,1,2,4,2.0,0.8571428571428571,2.0,0.8571428571428571,0.2857142857142857,7,1691.0,1555.37,135.63,7,54,55,1.0185185185185186,641,512,0.7987519500780031,11,Friday,0.2527,0,0,0,0,0,0,1,1,D,0,0,matched_secondary_full_career,0,0,0,0,0,2.0794415416798357,0,2.0794415416798357
2024-11-05_Al-Nassr_Al_Ain_1249,2024-11-05,2024/25,Al-Nassr,Al Ain,AFC Champions League Elite,continental_club,H,0,0.84,39.7489,14518,1248,907,255,93,0.7267628205128205,4.0,2,3,6,0,1,6,12,0,1,0.2,0.6,0.6,0.2,0.6,0.0,0.2606132443617772,0.0394682547664238,0,3,18.0,17,12,3,0.7058823529411765,83,73,0.8795180722891566,10,23,0.6,0.8,1.4,0.6,5,2,1,0,0.5,0.5,1,1,0,1,1.5,0.5,2.0,2.0,0.5,2,1687.28,1509.37,177.91,2,2,1,0.5,642,512,0.7975077881619937,11,Tuesday,0.2637,0,0,0,1,0,1,5,1,W,1,0,matched_secondary_full_career,0,0,0,0,0,1.0986122886681098,0,1.0986122886681098
2024-11-08_Al-Nassr_Al_Riyadh_1250,2024-11-08,2024/25,Al-Nassr,Al Riyadh,Pro League,domestic_league,A,0,0.78,39.7571,14521,1249,908,255,92,0.7269815852682145,3.0,2,3,7,1,2,6,13,0,1,0.4,0.6,0.65,0.4,0.6,0.0,0.482429271053244,0.0276277783364966,1,0,3.0,18,13,3,0.7222222222222222,84,74,0.8809523809523809,10,23,0.6,0.8,1.8,0.8,5,2,1,1,0.5,0.5,1,1,1,0,0.5,0.5,1.5,3.0,0.0,2,1692.57,1499.37,193.2,2,55,55,1.0,577,381,0.6603119584055459,11,Friday,0.272,0,0,0,0,0,0,1,0,W,0,0,matched_secondary_full_career,0,0,0,0,0,1.0986122886681098,0,1.0986122886681098
2024-11-15_Portugal_Poland_1251,2024-11-15,2024/25,Portugal,Poland,UEFA Nations League,international,H,1,0.82,39.7763,14528,1250,908,255,92,0.7264,7.0,1,3,6,1,1,5,13,0,1,0.2,0.5,0.65,0.2,0.5,0.0,0.3377004897372708,0.0193394448355476,0,1,10.0,19,13,3,0.6842105263157895,216,133,0.6157407407407407,11,21,0.6,1.0,1.4,0.6,5,5,2,0,0.4,0.4,1,1,3,1,1.2,0.8,1.2,1.4,0.2,5,1680.79,1516.56,164.23,5,15,10,0.6666666666666666,643,513,0.7978227060653188,11,Friday,0.2912,0,0,0,1,1,2,5,1,W,2,1,matched_secondary_full_career,0,0,0,0,0,1.791759469228055,0,1.791759469228055
2024-11-22_Al-Nassr_Al-Qadisiyah_FC_1252,2024-11-22,2024/25,Al-Nassr,Al-Qadisiyah FC,Pro League,domestic_league,H,0,0.78,39.7955,14535,1251,910,256,90,0.7274180655475619,7.0,1,2,5,3,3,6,15,1,2,0.6,0.6,0.75,0.4,0.5,0.1,0.8363903428160896,0.3135376113848833,1,0,7.0,20,15,4,0.75,85,74,0.8705882352941177,10,25,0.6,0.8,1.6,0.6,5,0,0,0,0.0,0.0,0,0,0,0,0.0,0.0,0.0,0.0,0.0,0,1697.52,1500.0,197.52,0,56,55,0.9821428571428572,644,515,0.7996894409937888,11,Friday,0.3104,0,0,0,1,0,1,1,2,L,1,0,matched_secondary_full_career,1,0,0,0,1,0.0,1,0.0
2024-11-25_Al-Nassr_Al-Gharafa_1253,2024-11-25,2024/25,Al-Nassr,Al-Gharafa,AFC Champions League Elite,continental_club,A,0,0.84,39.8037,14538,1252,911,256,89,0.7276357827476039,3.0,1,2,6,3,4,6,15,1,1,0.8,0.6,0.75,0.6,0.5,0.1,0.8854732399712626,0.2194763279694183,2,0,3.0,21,16,4,0.7619047619047619,86,75,0.872093023255814,7,22,0.4,0.6,1.6,1.0,5,0,0,0,0.0,0.0,0,0,0,0,0.0,0.0,0.0,0.0,0.0,0,1682.37,1500.0,182.37,0,3,2,0.6666666666666666,578,381,0.6591695501730104,11,Monday,0.3187,0,0,0,1,1,2,3,1,W,2,0,matched_secondary_full_career,1,0,0,0,1,0.0,1,0.0
2024-11-29_Al-Nassr_Damac_1254,2024-11-29,2024/25,Al-Nassr,Damac,Pro League,domestic_league,H,0,0.78,39.8146,14542,1253,913,256,87,0.7286512370311253,4.0,2,3,6,5,6,7,16,1,1,1.2,0.7,0.8,0.8,0.5,0.2,1.2198312679798835,0.1536334295785928,3,0,4.0,22,18,4,0.8181818181818182,87,77,0.8850574712643678,10,22,0.6,0.8,2.2,1.0,5,2,1,0,0.5,0.5,1,2,0,0,0.0,0.0,0.5,1.5,0.0,2,1687.56,1488.71,198.85,2,57,56,0.9824561403508772,645,516,0.8,11,Friday,0.3297,0,0,0,1,1,2,2,0,W,2,0,matched_secondary_full_career,0,0,0,0,0,1.0986122886681098,0,1.0986122886681098
2024-12-06_Al-Nassr_Al-Ittihad_FC_1255,2024-12-06,2024/25,Al-Nassr,Al-Ittihad FC,Pro League,domestic_league,A,0,0.78,39.8338,14549,1254,915,256,85,0.7296650717703349,7.0,1,3,5,5,7,9,17,1,1,1.4,0.9,0.85,0.8,0.6,0.3,1.4538818875859183,0.1075434007050149,4,0,7.0,23,20,4,0.8695652173913043,88,79,0.8977272727272727,12,22,0.8,0.8,2.4,0.8,5,4,4,0,1.0,0.5,4,2,0,2,1.5,0.5,2.0,2.5,0.25,4,1692.39,1509.77,182.62,4,58,58,1.0,579,383,0.6614853195164075,12,Friday,0.3489,0,0,1,1,0,1,1,2,L,1,0,matched_secondary_full_career,0,0,0,0,0,1.6094379124341003,0,1.6094379124341003
2025-01-09_Al-Nassr_Al_Okhdood_1256,2025-01-09,2024/25,Al-Nassr,Al Okhdood,Pro League,domestic_league,H,0,0.78,39.9269,14583,1255,916,256,84,0.7298804780876494,34.0,0,0,0,5,8,9,17,1,1,1.6,0.9,0.85,1.0,0.6,0.3,1.317717321310143,0.0752803804935104,5,0,34.0,24,21,4,0.875,89,80,0.898876404494382,9,19,0.6,0.6,1.6,1.0,5,2,3,0,1.5,1.0,3,2,0,0,0.0,0.0,1.0,3.0,0.0,2,1677.57,1489.67,187.9,2,59,59,1.0,646,518,0.8018575851393189,1,Thursday,0.4423,0,0,1,1,0,1,3,1,W,1,0,matched_secondary_full_career,0,0,0,0,0,1.0986122886681098,0,1.0986122886681098
2025-01-17_Al-Nassr_Al_Taawon_1257,2025-01-17,2024/25,Al-Nassr,Al Taawon,Pro League,domestic_league,A,0,0.78,39.9488,14591,1256,917,256,83,0.7300955414012739,8.0,0,1,1,4,7,10,17,0,1,1.4,1.0,0.85,1.0,0.7,0.3,1.2224021249171,0.0526962663454573,6,0,8.0,25,22,4,0.88,90,81,0.9,9,19,0.6,0.6,2.0,1.2,5,5,2,3,0.4,0.4,2,3,0,2,1.2,0.4,1.0,1.6,0.4,5,1682.63,1508.03,174.6,5,60,60,1.0,580,384,0.6620689655172414,1,Friday,0.4643,0,0,1,0,0,0,1,1,D,0,0,matched_secondary_full_career,0,0,0,0,0,1.791759469228055,0,1.791759469228055
2025-01-21_Al-Nassr_Al_Khaleej_Saihat_1258,2025-01-21,2024/25,Al-Nassr,Al Khaleej Saihat,Pro League,domestic_league,A,0,0.78,39.9598,14595,1257,917,256,83,0.7295147175815434,4.0,1,2,2,2,6,10,16,0,1,1.2,1.0,0.8,0.8,0.7,0.3,0.8556814874419699,0.0368873864418201,0,1,12.0,26,22,4,0.8461538461538461,91,81,0.8901098901098901,10,17,0.6,0.8,2.0,1.0,5,4,3,1,0.75,0.5,3,3,1,0,0.25,0.25,0.5,1.75,0.0,4,1677.99,1485.24,192.75,4,61,60,0.9836065573770492,581,384,0.6609294320137694,1,Tuesday,0.4753,0,0,1,1,1,2,3,1,W,2,0,matched_secondary_full_career,0,0,0,0,0,1.6094379124341003,0,1.6094379124341003
2025-01-26_Al-Nassr_Al-Fateh_1259,2025-01-26,2024/25,Al-Nassr,Al-Fateh,Pro League,domestic_league,H,0,0.78,39.9734,14600,1258,919,256,81,0.7305246422893482,5.0,1,2,3,3,6,12,18,0,1,1.2,1.2,0.9,0.8,0.8,0.4,1.1989770412093788,0.025821170509274,1,0,5.0,27,24,4,0.8888888888888888,92,83,0.9021739130434784,10,20,0.6,0.8,2.0,1.0,5,3,5,1,1.6666666666666667,1.0,5,2,1,0,0.3333333333333333,0.3333333333333333,1.0,3.0,0.0,3,1682.95,1487.27,195.68,3,62,62,1.0,647,519,0.8021638330757341,1,Sunday,0.489,0,0,1,1,0,1,3,1,W,1,0,matched_secondary_full_career,0,0,0,0,0,1.3862943611198906,0,1.3862943611198906
2025-01-30_Al-Nassr_Al-Raed_1260,2025-01-30,2024/25,Al-Nassr,Al-Raed,Pro League,domestic_league,A,0,0.78,39.9844,14604,1259,920,256,80,0.7307386814932486,4.0,1,3,4,3,5,12,18,0,1,1.0,1.2,0.9,0.8,0.8,0.4,1.139283928846565,0.0180748193564918,2,0,4.0,28,25,4,0.8928571428571429,93,84,0.9032258064516128,10,22,0.6,0.8,2.2,1.2,5,4,3,0,0.75,0.75,2,2,1,1,1.0,0.5,1.0,2.25,0.0,4,1687.85,1503.96,183.89,4,63,63,1.0,582,386,0.6632302405498282,1,Thursday,0.5,0,0,1,1,0,1,2,1,W,1,1,matched_secondary_full_career,0,0,0,0,0,1.6094379124341003,0,1.6094379124341003
2025-02-03_Al-Nassr_Al-Wasl_FC_1261,2025-02-03,2024/25,Al-Nassr,Al-Wasl FC,AFC Champions League Elite,continental_club,H,0,0.84,39.9953,14608,1260,921,257,79,0.7309523809523809,4.0,1,3,5,4,5,13,18,1,2,1.0,1.3,0.9,0.8,0.9,0.4,1.0974987501925957,0.3126523735495443,3,0,4.0,29,26,5,0.896551724137931,94,85,0.9042553191489362,13,22,0.8,1.0,2.4,1.0,5,0,0,0,0.0,0.0,0,0,0,0,0.0,0.0,0.0,0.0,0.0,0,1693.0,1500.0,193.0,0,4,4,1.0,648,520,0.8024691358024691,2,Monday,0.511,0,0,0,1,1,2,4,0,W,2,0,matched_secondary_full_career,1,0,0,0,1,0.0,1,0.0
2025-02-07_Al-Nassr_Al-Fayha_1262,2025-02-07,2024/25,Al-Nassr,Al-Fayha,Pro League,domestic_league,H,0,0.78,40.0063,14612,1261,923,257,77,0.7319587628865979,4.0,1,3,6,4,6,13,19,1,1,1.2,1.3,0.95,0.8,0.9,0.4,1.3682491251348168,0.2188566614846809,4,0,4.0,30,28,5,0.9333333333333332,95,87,0.9157894736842104,13,22,0.8,1.0,2.6,0.8,5,5,3,2,0.6,0.6,3,4,1,0,0.2,0.2,0.4,2.0,0.2,5,1697.95,1480.51,217.44,5,64,64,1.0,649,522,0.8043143297380585,2,Friday,0.522,0,0,0,1,0,1,3,0,W,1,0,matched_secondary_full_career,0,0,0,0,0,1.791759469228055,0,1.791759469228055
2025-02-13_Al-Nassr_Al-Ahli_Jeddah_1263,2025-02-13,2024/25,Al-Nassr,Al-Ahli Jeddah,Pro League,domestic_league,A,0,0.78,40.0227,14618,1262,924,257,76,0.7321711568938193,6.0,1,3,6,4,7,13,19,1,1,1.4,1.3,0.95,1.0,0.9,0.4,1.2577743875943717,0.1531996630392766,5,0,6.0,31,29,5,0.935483870967742,96,88,0.9166666666666666,15,25,1.0,1.0,3.0,0.6,5,3,3,0,1.0,0.6666666666666666,3,2,1,0,0.3333333333333333,0.3333333333333333,1.3333333333333333,2.0,0.0,3,1702.4,1493.08,209.32,3,65,65,1.0,583,387,0.6638078902229846,2,Thursday,0.5385,0,0,0,0,0,0,3,2,W,0,0,matched_secondary_full_career,0,0,0,0,0,1.3862943611198906,0,1.3862943611198906
2025-02-21_Al-Nassr_Al-Ettifaq_1264,2025-02-21,2024/25,Al-Nassr,Al-Ettifaq,Pro League,domestic_league,H,0,0.78,40.0446,14626,1263,924,257,76,0.7315914489311164,8.0,0,2,5,3,5,11,18,1,1,1.0,1.1,0.9,0.8,0.8,0.3,0.8804420713160601,0.1072397641274936,0,1,14.0,32,29,5,0.90625,97,88,0.9072164948453608,15,25,1.0,1.0,3.0,0.8,5,5,2,1,0.4,0.4,2,4,1,0,0.2,0.2,0.4,1.8,0.0,5,1707.01,1475.93,231.08,5,66,65,0.9848484848484848,650,523,0.8046153846153846,2,Friday,0.5604,0,0,0,0,0,0,2,3,L,0,0,matched_secondary_full_career,0,0,0,0,0,1.791759469228055,0,1.791759469228055
2025-02-25_Al-Nassr_Al_Wehda_Club_1265,2025-02-25,2024/25,Al-Nassr,Al Wehda Club,Pro League,domestic_league,A,0,0.78,40.0556,14630,1264,924,257,76,0.7310126582278481,4.0,1,2,6,1,4,9,18,1,1,0.8,0.9,0.9,0.6,0.7,0.2,0.616309449921242,0.0750678348892455,0,2,18.0,33,29,5,0.8787878787878788,98,88,0.8979591836734694,12,22,0.8,0.8,2.8,1.2,5,5,9,0,1.8,0.8,5,4,0,1,0.6,0.2,0.4,3.0,0.2,5,1691.2,1485.83,205.36,5,67,65,0.9701492537313432,584,387,0.6626712328767124,2,Tuesday,0.5714,0,0,0,1,0,1,2,0,W,1,0,matched_secondary_full_career,0,0,0,0,0,1.791759469228055,0,1.791759469228055
2025-02-28_Al-Nassr_Al_Orubah_1266,2025-02-28,2024/25,Al-Nassr,Al Orubah,Pro League,domestic_league,A,0,0.78,40.0638,14633,1265,925,257,75,0.7312252964426877,3.0,2,2,6,1,4,9,18,0,1,0.8,0.9,0.9,0.6,0.7,0.2,0.7314166149448693,0.0525474844224718,1,0,3.0,34,30,5,0.8823529411764706,99,89,0.898989898989899,12,25,0.8,0.8,2.8,1.0,5,1,1,1,1.0,1.0,1,1,0,0,0.0,0.0,0.0,3.0,0.0,1,1695.89,1495.03,200.86,1,68,66,0.9705882352941176,585,388,0.6632478632478632,2,Friday,0.5797,0,0,0,0,0,0,1,2,L,0,0,matched_secondary_full_career,0,0,0,0,0,0.6931471805599453,0,0.6931471805599453
2025-03-07_Al-Nassr_Al_Shabab_1267,2025-03-07,2024/25,Al-Nassr,Al Shabab,Pro League,domestic_league,H,0,0.78,40.083,14640,1266,925,257,75,0.7306477093206951,7.0,1,3,5,1,2,8,18,0,1,0.4,0.8,0.9,0.4,0.6,0.2,0.5119916304614085,0.0367832390957303,0,1,10.0,35,30,5,0.8571428571428571,100,89,0.89,9,22,0.6,0.6,2.2,1.4,5,6,6,1,1.0,0.8333333333333334,3,5,1,0,0.1666666666666666,0.1666666666666666,1.1666666666666667,2.833333333333333,0.1666666666666666,6,1680.68,1471.45,209.22,6,69,66,0.9565217391304348,651,523,0.8033794162826421,3,Friday,0.5989,0,0,0,1,0,1,2,2,D,1,0,matched_secondary_full_career,0,0,0,0,0,1.9459101490553132,0,1.9459101490553132
2025-03-10_Al-Nassr_Esteghlal_FC_1268,2025-03-10,2024/25,Al-Nassr,Esteghlal FC,AFC Champions League Elite,continental_club,H,0,0.84,40.0912,14643,1267,926,257,74,0.7308602999210734,3.0,1,3,5,2,2,9,19,0,1,0.4,0.9,0.95,0.4,0.7,0.2,0.6583941413229859,0.0257482673670112,1,0,3.0,36,31,5,0.8611111111111112,101,90,0.8910891089108911,7,22,0.4,0.6,2.0,1.8,5,1,0,0,0.0,0.0,0,1,0,0,0.0,0.0,0.0,1.0,0.0,1,1675.29,1495.23,180.06,1,5,6,1.2,652,524,0.803680981595092,3,Monday,0.6071,0,0,0,1,0,1,3,0,W,1,0,matched_secondary_full_career,0,0,0,0,0,0.6931471805599453,0,0.6931471805599453
2025-03-14_Al-Nassr_Al_Kholood_1269,2025-03-14,2024/25,Al-Nassr,Al Kholood,Pro League,domestic_league,H,0,0.78,40.1021,14647,1268,927,257,73,0.7310725552050473,4.0,2,3,6,2,3,8,20,0,1,0.6,0.8,1.0,0.6,0.7,0.1,0.7608758989260901,0.0180237871569078,2,0,4.0,37,32,5,0.8648648648648649,102,91,0.8921568627450981,7,22,0.4,0.6,2.0,1.4,5,0,0,0,0.0,0.0,0,0,0,0,0.0,0.0,0.0,0.0,0.0,0,1680.53,1500.0,180.53,0,70,67,0.9571428571428572,653,525,0.8039816232771823,3,Friday,0.6181,0,0,0,1,0,1,3,1,W,1,0,matched_secondary_full_career,1,0,0,0,1,0.0,1,0.0
2025-03-20_Portugal_Denmark_1270,2025-03-20,2024/25,Portugal,Denmark,UEFA Nations League,international,A,1,0.82,40.1186,14653,1269,928,257,72,0.731284475965327,6.0,1,3,6,3,4,8,20,0,1,0.8,0.8,1.0,0.8,0.7,0.1,0.832613129248263,0.0126166510098355,3,0,6.0,38,33,5,0.868421052631579,217,135,0.6221198156682027,13,21,0.8,1.0,2.4,0.8,5,7,3,2,0.4285714285714285,0.4285714285714285,1,4,1,2,1.0,0.4285714285714285,1.4285714285714286,1.7142857142857142,0.0,7,1686.38,1501.86,184.52,7,16,12,0.75,586,388,0.6621160409556314,3,Thursday,0.6346,0,0,0,0,0,0,0,1,L,0,0,matched_secondary_full_career,0,0,0,0,0,2.0794415416798357,0,2.0794415416798357
2025-03-23_Portugal_Denmark_1271,2025-03-23,2024/25,Portugal,Denmark,UEFA Nations League,international,H,1,0.82,40.1268,14656,1270,928,257,72,0.7307086614173228,3.0,1,3,7,2,3,7,20,0,0,0.6,0.7,1.0,0.6,0.6,0.1,0.5828291904737841,0.0088316557068848,0,1,9.0,39,33,5,0.8461538461538461,218,135,0.6192660550458715,10,18,0.6,0.8,2.0,0.8,5,8,3,2,0.375,0.375,1,4,1,3,1.25,0.5,1.375,1.5,0.125,8,1671.52,1516.72,154.8,8,17,12,0.7058823529411765,654,526,0.8042813455657493,3,Sunday,0.6429,0,0,0,1,0,1,5,2,W,1,0,matched_secondary_full_career,0,0,0,0,0,2.1972245773362196,0,2.1972245773362196
2025-04-04_Al-Nassr_Al-Hilal_1272,2025-04-04,2024/25,Al-Nassr,Al-Hilal,Pro League,domestic_league,A,0,0.78,40.1596,14668,1271,929,257,71,0.7309205350118018,12.0,0,1,5,2,4,6,19,0,0,0.8,0.6,0.95,0.8,0.6,0.0,0.7079804333316488,0.0061821589948193,1,0,12.0,40,34,5,0.85,103,92,0.8932038834951457,10,22,0.6,0.8,2.2,1.0,5,8,3,1,0.375,0.25,1,1,3,4,1.875,0.875,1.875,0.875,0.25,8,1685.75,1559.09,126.67,8,71,68,0.9577464788732394,587,388,0.6609880749574105,4,Friday,0.6758,0,0,0,1,1,2,3,1,W,2,0,matched_secondary_full_career,0,0,0,0,0,2.1972245773362196,0,2.1972245773362196
2025-04-12_Al-Nassr_Al_Riyadh_1273,2025-04-12,2024/25,Al-Nassr,Al Riyadh,Pro League,domestic_league,H,0,0.78,40.1815,14676,1272,931,257,69,0.7319182389937107,8.0,0,1,4,3,5,7,20,0,0,1.0,0.7,1.0,0.8,0.6,0.1,1.095586303332154,0.0043275112963735,2,0,8.0,41,36,5,0.8780487804878049,104,94,0.903846153846154,10,22,0.6,0.8,2.4,1.2,5,3,1,1,0.3333333333333333,0.3333333333333333,1,2,1,0,0.3333333333333333,0.3333333333333333,1.0,2.333333333333333,0.0,3,1692.26,1494.42,197.84,3,72,70,0.9722222222222222,655,527,0.8045801526717558,4,Saturday,0.6978,0,0,0,1,1,2,2,1,W,2,0,matched_secondary_full_career,0,0,0,0,0,1.3862943611198906,0,1.3862943611198906
2025-04-18_Al-Nassr_Al-Qadisiyah_FC_1274,2025-04-18,2024/25,Al-Nassr,Al-Qadisiyah FC,Pro League,domestic_league,A,0,0.78,40.198,14682,1273,933,257,67,0.7329143754909663,6.0,1,2,4,5,6,9,20,0,0,1.2,0.9,1.0,0.8,0.7,0.2,1.3669104123325078,0.0030292579074615,3,0,6.0,42,38,5,0.9047619047619048,105,96,0.9142857142857144,13,22,0.8,1.0,2.6,1.0,5,1,1,0,1.0,1.0,1,0,0,1,3.0,1.0,2.0,1.0,0.0,1,1697.11,1515.14,181.97,1,73,72,0.9863013698630136,588,390,0.6632653061224489,4,Friday,0.7143,0,0,0,0,0,0,1,2,L,0,0,matched_secondary_full_career,0,0,0,0,0,0.6931471805599453,0,0.6931471805599453
2025-04-26_Al-Nassr_Yokohama_F._Marinos_1275,2025-04-26,2024/25,Al-Nassr,Yokohama F. Marinos,AFC Champions League Elite,continental_club,A,0,0.84,40.2199,14690,1274,933,257,67,0.7323390894819466,8.0,0,2,3,4,5,9,18,0,0,1.0,0.9,0.9,0.6,0.7,0.2,0.9568372886327554,0.002120480535223,0,1,14.0,43,38,5,0.8837209302325582,106,96,0.9056603773584906,12,19,0.8,0.8,2.4,1.0,5,0,0,0,0.0,0.0,0,0,0,0,0.0,0.0,0.0,0.0,0.0,0,1682.3,1500.0,182.3,0,6,7,1.1666666666666667,589,390,0.6621392190152802,4,Saturday,0.7363,0,0,0,1,0,1,4,1,W,1,0,matched_secondary_full_career,1,0,0,0,1,0.0,1,0.0
2025-04-30_Al-Nassr_Kawasaki_Frontale_1276,2025-04-30,2024/25,Al-Nassr,Kawasaki Frontale,AFC Champions League Elite,continental_club,H,0,0.84,40.2308,14694,1275,934,257,66,0.7325490196078431,4.0,1,2,4,3,6,9,18,0,0,1.2,0.9,0.9,0.8,0.7,0.2,0.9697861020429288,0.0014843363746561,1,0,4.0,44,39,5,0.8863636363636364,107,97,0.9065420560747663,12,19,0.8,0.8,2.6,1.2,5,0,0,0,0.0,0.0,0,0,0,0,0.0,0.0,0.0,0.0,0.0,0,1687.49,1500.0,187.49,0,7,8,1.1428571428571428,656,529,0.8064024390243902,4,Wednesday,0.7473,0,0,0,0,0,0,2,3,L,0,0,matched_secondary_full_career,1,0,0,0,1,0.0,1,0.0
2025-05-07_Al-Nassr_Al-Ittihad_FC_1277,2025-05-07,2024/25,Al-Nassr,Al-Ittihad FC,Pro League,domestic_league,H,0,0.78,40.25,14701,1276,934,257,66,0.731974921630094,7.0,1,2,4,1,5,9,17,0,0,1.0,0.9,0.85,0.6,0.7,0.2,0.6788502714300502,0.0010390354622592,0,1,11.0,45,39,5,0.8666666666666667,108,97,0.8981481481481481,9,19,0.6,0.6,2.4,1.6,5,5,5,0,1.0,0.6,5,2,0,3,1.8,0.6,2.0,2.2,0.2,5,1672.56,1524.59,147.97,5,74,72,0.972972972972973,657,529,0.8051750380517504,5,Wednesday,0.7665,0,0,0,0,0,0,2,3,L,0,0,matched_secondary_full_career,0,0,0,0,0,1.791759469228055,0,1.791759469228055
2025-05-21_Al-Nassr_Al_Khaleej_Saihat_1278,2025-05-21,2024/25,Al-Nassr,Al Khaleej Saihat,Pro League,domestic_league,H,0,0.78,40.2883,14715,1277,934,257,66,0.7314017227877838,14.0,0,1,3,1,3,8,17,0,0,0.6,0.8,0.85,0.4,0.6,0.2,0.4751951900010351,0.0007273248235815,0,2,25.0,46,39,5,0.8478260869565217,109,97,0.8899082568807339,6,16,0.4,0.4,2.2,2.0,5,5,5,1,1.0,0.6,4,4,1,0,0.2,0.2,0.6,2.0,0.0,5,1658.55,1480.29,178.26,5,75,72,0.96,658,529,0.8039513677811551,5,Wednesday,0.8049,0,1,0,1,0,1,2,0,W,1,0,matched_secondary_full_career,0,0,0,0,0,1.791759469228055,0,1.791759469228055
2025-05-26_Al-Nassr_Al-Fateh_1279,2025-05-26,2024/25,Al-Nassr,Al-Fateh,Pro League,domestic_league,A,0,0.78,40.302,14720,1278,935,257,65,0.7316118935837246,5.0,1,1,4,1,2,8,16,0,0,0.4,0.8,0.8,0.4,0.6,0.2,0.6326366330007245,0.000509127376507,1,0,5.0,47,40,5,0.851063829787234,110,98,0.8909090909090909,6,19,0.4,0.4,2.2,1.8,5,4,6,1,1.5,1.0,5,3,1,0,0.25,0.25,1.0,3.0,0.0,4,1663.82,1482.37,181.45,4,76,73,0.9605263157894736,590,391,0.6627118644067796,5,Monday,0.8187,0,1,0,1,0,1,2,3,L,1,0,matched_secondary_full_career,0,0,0,0,0,1.6094379124341003,0,1.6094379124341003
2025-06-04_Portugal_Germany_1280,2025-06-04,2024/25,Portugal,Germany,UEFA Nations League,international,A,1,0.82,40.3266,14729,1279,936,257,64,0.7318217357310399,9.0,0,2,3,2,3,8,16,0,0,0.6,0.8,0.8,0.6,0.6,0.2,0.742845643100507,0.0003563891635549,2,0,9.0,48,41,5,0.8541666666666666,219,136,0.6210045662100456,10,18,0.6,0.8,2.6,1.0,5,5,1,1,0.2,0.2,1,0,0,5,3.0,1.0,3.0,1.0,0.4,5,1677.34,1565.64,111.69,5,18,13,0.7222222222222222,591,392,0.6632825719120136,6,Wednesday,0.8434,0,1,0,1,0,1,2,1,W,1,0,matched_secondary_full_career,0,0,0,0,0,1.791759469228055,0,1.791759469228055
2025-06-08_Portugal_Spain_1281,2025-06-08,2024/25,Portugal,Spain,UEFA Nations League,international,H,1,0.82,40.3376,14733,1280,937,257,63,0.73203125,4.0,1,2,3,3,3,9,16,0,0,0.6,0.9,0.8,0.6,0.7,0.2,0.819991950170355,0.0002494724144884,3,0,4.0,49,42,5,0.8571428571428571,220,137,0.6227272727272727,10,21,0.6,0.8,2.4,1.0,5,9,3,0,0.3333333333333333,0.1111111111111111,0,2,5,2,1.2222222222222223,0.7777777777777778,0.6666666666666666,1.0,0.5555555555555556,9,1684.23,1533.77,150.46,9,19,14,0.7368421052631579,659,530,0.8042488619119879,6,Sunday,0.8544,0,1,0,1,0,1,2,2,D,1,0,matched_secondary_full_career,0,0,0,0,0,2.302585092994046,0,2.302585092994046
2025-08-19_Al-Nassr_Al-Ittihad_FC_1282,2025-08-19,2025/26,Al-Nassr,Al-Ittihad FC,Saudi Super Cup,domestic_or_other_cup,N,0,0.82,40.5347,14805,1281,938,257,62,0.73224043715847,72.0,0,0,0,3,4,9,15,0,0,0.8,0.9,0.75,0.8,0.7,0.2,0.8739943651192483,0.0001746306901419,4,0,72.0,0,0,0,0.0,111,99,0.8918918918918919,6,18,0.4,0.4,2.4,2.0,5,6,5,0,0.8333333333333334,0.5,3,2,0,4,2.0,0.6666666666666666,2.1666666666666665,2.1666666666666665,0.1666666666666666,6,1649.03,1538.61,110.42,6,4,2,0.5,29,14,0.4827586206896552,8,Tuesday,0.0495,1,0,0,0,0,0,2,1,W,0,1,matched_secondary_full_career,0,0,0,0,0,1.9459101490553132,0,1.9459101490553132
2025-08-23_Al-Nassr_Al-Ahli_Jeddah_1283,2025-08-23,2025/26,Al-Nassr,Al-Ahli Jeddah,Saudi Super Cup,domestic_or_other_cup,N,0,0.82,40.5457,14809,1282,938,258,62,0.7316692667706708,4.0,1,1,1,2,4,7,14,1,1,0.8,0.7,0.7,0.8,0.6,0.1,0.6117960555834738,0.3001222414830993,0,1,76.0,1,0,1,0.0,112,99,0.8839285714285714,6,18,0.4,0.4,2.0,2.0,5,4,3,0,0.75,0.5,1,3,1,0,0.25,0.25,1.5,2.25,0.0,4,1655.95,1488.47,167.48,4,5,2,0.4,30,14,0.4666666666666667,8,Saturday,0.0604,1,0,0,1,0,1,2,2,D,1,0,matched_secondary_full_career,0,0,0,0,0,1.6094379124341003,0,1.6094379124341003
2025-08-29_Al-Nassr_Al_Taawon_1284,2025-08-29,2025/26,Al-Nassr,Al Taawon,Pro League,domestic_league,A,0,0.78,40.5621,14815,1283,939,258,61,0.7318784099766174,6.0,1,2,2,2,4,6,15,1,1,0.8,0.6,0.75,0.8,0.6,0.0,0.7282572389084316,0.2100855690381695,1,0,6.0,2,1,1,0.5,113,100,0.8849557522123894,7,16,0.4,0.6,2.0,1.8,5,6,2,3,0.3333333333333333,0.3333333333333333,1,3,1,2,1.1666666666666667,0.5,1.0,1.5,0.3333333333333333,6,1651.47,1512.67,138.8,6,77,74,0.961038961038961,592,393,0.6638513513513513,8,Friday,0.0769,1,0,0,1,0,1,5,0,W,1,0,matched_secondary_full_career,0,0,0,0,0,1.9459101490553132,0,1.9459101490553132
2025-09-06_Portugal_Armenia_1285,2025-09-06,2025/26,Portugal,Armenia,World Cup - Qualification Europe,international,A,1,0.76,40.584,14823,1284,940,258,60,0.7320872274143302,8.0,0,2,3,2,4,7,16,1,1,0.8,0.7,0.8,0.8,0.7,0.0,0.8097800672359021,0.1470598983267186,2,0,8.0,3,2,1,0.6666666666666666,221,138,0.6244343891402715,10,21,0.6,0.8,2.8,1.4,5,4,5,0,1.25,0.75,4,3,1,0,0.25,0.25,0.75,1.5,0.0,4,1680.15,1484.0,196.15,4,47,36,0.7659574468085106,593,394,0.6644182124789207,9,Saturday,0.0989,1,0,0,1,1,2,5,0,W,2,0,matched_secondary_full_career,0,0,0,0,0,1.6094379124341003,0,1.6094379124341003
2025-09-09_Portugal_Hungary_1286,2025-09-09,2025/26,Portugal,Hungary,World Cup - Qualification Europe,international,A,1,0.76,40.5922,14826,1285,942,258,58,0.7330739299610894,3.0,1,2,4,4,5,8,17,1,1,1.0,0.8,0.85,0.8,0.7,0.1,1.1668460470651314,0.102941928828703,3,0,3.0,4,4,1,1.0,222,140,0.6306306306306306,10,23,0.6,0.8,2.8,1.2,5,6,6,2,1.0,0.5,4,5,1,0,0.1666666666666666,0.1666666666666666,0.5,2.333333333333333,0.0,6,1685.04,1475.41,209.63,6,48,38,0.7916666666666666,594,396,0.6666666666666666,9,Tuesday,0.1071,1,0,0,1,0,1,3,2,W,1,0,matched_secondary_full_career,0,0,0,0,0,1.9459101490553132,0,1.9459101490553132
2025-09-14_Al-Nassr_Al_Kholood_1287,2025-09-14,2025/26,Al-Nassr,Al Kholood,Pro League,domestic_league,H,0,0.78,40.6059,14831,1286,943,258,57,0.7332814930015552,5.0,1,2,5,4,5,9,18,1,1,1.0,0.9,0.9,0.8,0.8,0.1,1.116792232945592,0.0720593501800921,4,0,5.0,5,5,1,1.0,114,101,0.8859649122807017,10,16,0.6,0.8,2.6,1.2,5,1,1,0,1.0,1.0,1,1,0,0,0.0,0.0,1.0,3.0,0.0,1,1657.68,1494.77,162.9,1,78,75,0.9615384615384616,660,531,0.8045454545454546,9,Sunday,0.1209,1,0,0,0,0,0,2,0,W,0,0,matched_secondary_full_career,0,0,0,0,0,0.6931471805599453,0,0.6931471805599453
2025-09-20_Al-Nassr_Al_Riyadh_1288,2025-09-20,2025/26,Al-Nassr,Al Riyadh,Pro League,domestic_league,H,0,0.78,40.6223,14837,1287,943,258,57,0.7327117327117327,6.0,1,3,5,3,5,9,17,0,1,1.0,0.9,0.85,0.8,0.8,0.1,0.7817545630619143,0.0504415451260644,0,1,11.0,6,5,1,0.8333333333333334,115,101,0.8782608695652174,10,16,0.6,0.8,2.6,1.2,5,4,3,1,0.75,0.5,2,3,1,0,0.25,0.25,1.0,2.25,0.0,4,1663.31,1489.57,173.74,4,79,75,0.9493670886075948,661,531,0.8033282904689864,9,Saturday,0.1374,1,0,0,1,1,2,5,1,W,2,0,matched_secondary_full_career,0,0,0,0,0,1.6094379124341003,0,1.6094379124341003
2025-09-26_Al-Nassr_Al-Ittihad_FC_1289,2025-09-26,2025/26,Al-Nassr,Al-Ittihad FC,Pro League,domestic_league,A,0,0.78,40.6388,14843,1288,945,258,55,0.7336956521739131,6.0,1,2,5,3,6,10,18,0,1,1.2,1.0,0.9,0.8,0.8,0.2,1.1472281941433398,0.0353090815882451,1,0,6.0,7,7,1,1.0,116,103,0.8879310344827587,13,19,0.8,1.0,3.2,0.8,5,7,5,1,0.7142857142857143,0.4285714285714285,1,3,0,4,1.7142857142857142,0.5714285714285714,2.0,2.142857142857143,0.1428571428571428,7,1668.68,1531.69,137.0,7,80,77,0.9625,595,397,0.6672268907563025,9,Friday,0.1538,1,0,0,1,0,1,2,0,W,1,0,matched_secondary_date_discrepancy,0,0,0,0,0,2.0794415416798357,0,2.0794415416798357
2025-10-11_Portugal_Republic_of_Ireland_1290,2025-10-11,2025/26,Portugal,Republic of Ireland,World Cup - Qualification Europe,international,H,1,0.76,40.6798,14858,1289,946,258,54,0.7339022498060512,15.0,0,0,3,3,6,10,18,0,1,1.2,1.0,0.9,0.8,0.8,0.2,1.1030597359003378,0.0247163571117715,2,0,15.0,8,8,1,1.0,223,141,0.6322869955156951,13,23,0.8,1.0,3.4,1.4,5,5,4,0,0.8,0.4,4,3,1,1,0.8,0.4,0.6,2.0,0.4,5,1689.64,1498.42,191.22,5,49,39,0.7959183673469388,662,533,0.8051359516616314,10,Saturday,0.1951,1,0,0,0,0,0,1,0,W,0,0,matched_secondary_full_career,0,0,0,0,0,1.791759469228055,0,1.791759469228055
2025-10-14_Portugal_Hungary_1291,2025-10-14,2025/26,Portugal,Hungary,World Cup - Qualification Europe,international,H,1,0.76,40.688,14861,1290,946,258,54,0.7333333333333333,3.0,1,1,4,3,4,9,18,0,1,0.8,0.9,0.9,0.6,0.7,0.2,0.7721418151302364,0.0173014499782401,0,1,18.0,9,8,1,0.8888888888888888,224,141,0.6294642857142857,13,23,0.8,1.0,2.6,1.0,5,7,7,2,1.0,0.5714285714285714,3,6,1,0,0.1428571428571428,0.1428571428571428,0.7142857142857143,2.4285714285714284,0.0,7,1694.63,1470.8,223.83,7,50,39,0.78,663,533,0.803921568627451,10,Tuesday,0.2033,0,0,0,1,1,2,2,2,D,2,0,matched_secondary_full_career,0,0,0,0,0,2.0794415416798357,0,2.0794415416798357
2025-10-18_Al-Nassr_Al-Fateh_1292,2025-10-18,2025/26,Al-Nassr,Al-Fateh,Pro League,domestic_league,H,0,0.78,40.699,14865,1291,948,258,52,0.7343144848954299,4.0,2,2,4,3,5,10,19,0,1,1.0,1.0,0.95,0.6,0.7,0.3,1.1404992705911654,0.012111014984768,1,0,4.0,10,10,1,1.0,117,104,0.8888888888888888,13,19,0.8,1.0,3.2,0.6,5,5,7,1,1.4,1.0,3,3,1,1,0.8,0.4,1.4,2.8,0.0,5,1674.93,1497.17,177.77,5,81,78,0.9629629629629628,664,535,0.8057228915662651,10,Saturday,0.2143,0,0,0,1,0,1,5,1,W,1,1,matched_secondary_full_career,0,0,0,0,0,1.791759469228055,0,1.791759469228055
2025-10-25_Al-Nassr_Al-Hazm_1293,2025-10-25,2025/26,Al-Nassr,Al-Hazm,Pro League,domestic_league,A,0,0.78,40.7182,14872,1292,949,259,51,0.7345201238390093,7.0,1,3,4,3,6,11,18,1,1,1.2,1.1,0.9,0.8,0.8,0.3,1.0983494894138155,0.3084777104893376,2,0,7.0,11,11,2,1.0,118,105,0.8898305084745762,15,22,1.0,1.0,3.8,0.4,5,1,1,2,1.0,1.0,1,1,0,0,0.0,0.0,1.0,5.0,0.0,1,1680.22,1492.63,187.59,1,82,79,0.9634146341463414,596,398,0.6677852348993288,10,Saturday,0.2335,0,0,0,1,0,1,2,0,W,1,0,matched_secondary_full_career,0,0,0,0,0,0.6931471805599453,0,0.6931471805599453
2025-10-28_Al-Nassr_Al-Ittihad_FC_1294,2025-10-28,2025/26,Al-Nassr,Al-Ittihad FC,King's Cup,domestic_or_other_cup,N,0,0.72,40.7264,14875,1293,950,259,50,0.7347254447022429,3.0,1,3,4,4,5,11,17,1,1,1.0,1.1,0.85,0.8,0.8,0.3,1.068844642589671,0.2159343973425363,3,0,3.0,12,12,2,1.0,119,106,0.8907563025210085,15,25,1.0,1.0,3.2,0.4,5,8,6,1,0.75,0.5,1,4,0,4,1.5,0.5,1.75,2.125,0.125,8,1685.29,1525.44,159.85,8,7,3,0.4285714285714285,31,15,0.4838709677419355,10,Tuesday,0.2418,0,0,0,0,0,0,1,2,L,0,0,matched_secondary_full_career,0,0,0,0,0,2.1972245773362196,0,2.1972245773362196
2025-11-01_Al-Nassr_Al-Fayha_1295,2025-11-01,2025/26,Al-Nassr,Al-Fayha,Pro League,domestic_league,H,0,0.78,40.7373,14879,1294,950,259,50,0.7341576506955177,4.0,2,3,5,2,4,10,17,1,1,0.8,1.0,0.85,0.6,0.7,0.3,0.7481912498127696,0.1511540781397754,0,1,7.0,13,12,2,0.9230769230769232,120,106,0.8833333333333333,12,22,0.8,0.8,3.0,0.8,5,6,4,2,0.6666666666666666,0.6666666666666666,3,5,1,0,0.1666666666666666,0.1666666666666666,0.3333333333333333,2.1666666666666665,0.1666666666666666,6,1670.99,1476.07,194.92,6,83,80,0.963855421686747,665,536,0.806015037593985,11,Saturday,0.2527,0,0,0,1,1,2,2,1,W,2,0,matched_secondary_full_career,0,0,0,0,0,1.9459101490553132,0,1.9459101490553132
2025-11-08_Al-Nassr_NEOM_1296,2025-11-08,2025/26,Al-Nassr,NEOM,Pro League,domestic_league,A,0,0.78,40.7565,14886,1295,952,259,48,0.7351351351351352,7.0,1,3,6,3,6,10,18,1,1,1.2,1.0,0.9,0.8,0.7,0.3,1.1237338748689387,0.1058078546978427,1,0,7.0,14,14,2,1.0,121,108,0.8925619834710744,12,25,0.8,0.8,2.4,0.8,5,0,0,0,0.0,0.0,0,0,0,0,0.0,0.0,0.0,0.0,0.0,0,1675.9,1500.0,175.9,0,84,82,0.9761904761904762,597,399,0.6683417085427136,11,Saturday,0.272,0,0,0,1,0,1,3,1,W,1,0,matched_secondary_full_career,1,0,0,0,1,0.0,1,0.0
2025-11-13_Portugal_Republic_of_Ireland_1297,2025-11-13,2025/26,Portugal,Republic of Ireland,World Cup - Qualification Europe,international,A,1,0.76,40.7702,14891,1296,953,259,47,0.7353395061728395,5.0,1,2,6,3,5,10,19,1,1,1.0,1.0,0.95,0.8,0.7,0.3,1.086613712408257,0.0740654982884899,2,0,5.0,15,15,2,1.0,225,143,0.6355555555555555,11,21,0.6,1.0,2.6,1.2,5,6,4,0,0.6666666666666666,0.3333333333333333,2,4,1,1,0.6666666666666666,0.3333333333333333,0.5,1.8333333333333333,0.3333333333333333,6,1688.96,1493.43,195.53,6,51,41,0.803921568627451,598,400,0.6688963210702341,11,Thursday,0.2857,0,0,0,0,0,0,0,2,L,0,0,matched_secondary_full_career,0,0,0,0,0,1.9459101490553132,0,1.9459101490553132
2025-11-23_Al-Nassr_Al_Khaleej_Saihat_1298,2025-11-23,2025/26,Al-Nassr,Al Khaleej Saihat,Pro League,domestic_league,H,0,0.78,40.7976,14901,1297,953,259,47,0.7347725520431766,10.0,0,1,5,3,4,10,19,0,1,0.8,1.0,0.95,0.6,0.7,0.3,0.76062959868578,0.0518458488019429,0,1,15.0,16,15,2,0.9375,122,109,0.8934426229508197,12,25,0.8,0.8,2.6,1.0,5,6,6,1,1.0,0.6666666666666666,5,5,1,0,0.1666666666666666,0.1666666666666666,0.5,2.0,0.0,6,1681.23,1475.01,206.22,6,85,83,0.976470588235294,666,538,0.8078078078078078,11,Sunday,0.3132,0,0,0,1,0,1,4,1,W,1,0,matched_secondary_full_career,0,0,0,0,0,1.9459101490553132,0,1.9459101490553132
2025-12-24_Al-Nassr_Al_Zawra'a_1299,2025-12-24,2025/26,Al-Nassr,Al Zawra'a,AFC Champions League Two,continental_club,H,0,0.84,40.8824,14932,1298,954,259,46,0.7349768875192604,31.0,0,0,0,2,4,9,19,0,1,0.8,0.9,0.95,0.6,0.7,0.2,0.832440719080046,0.03629209416136,1,0,31.0,17,16,2,0.9411764705882352,123,110,0.8943089430894309,12,27,0.8,0.8,2.4,1.0,5,0,0,0,0.0,0.0,0,0,0,0,0.0,0.0,0.0,0.0,0.0,0,1685.91,1500.0,185.91,0,0,0,0.0,667,539,0.808095952023988,12,Wednesday,0.3984,0,0,1,0,0,0,5,1,W,0,1,matched_secondary_full_career,1,0,0,0,1,0.0,1,0.0
2025-12-27_Al-Nassr_Al_Okhdood_1300,2025-12-27,2025/26,Al-Nassr,Al Okhdood,Pro League,domestic_league,H,0,0.78,40.8906,14935,1299,954,260,46,0.7344110854503464,3.0,1,1,1,1,4,8,18,1,2,0.8,0.8,0.9,0.6,0.6,0.2,0.5827085033560322,0.325404465912952,0,1,34.0,18,16,3,0.8888888888888888,124,110,0.8870967741935484,12,27,0.8,0.8,3.0,1.2,5,3,4,0,1.3333333333333333,1.0,4,3,0,0,0.0,0.0,1.0,3.0,0.0,3,1691.01,1484.61,206.41,3,86,84,0.9767441860465116,668,539,0.8068862275449101,12,Saturday,0.4066,0,0,1,1,1,2,3,0,W,2,0,matched_secondary_full_career,0,0,0,0,0,1.3862943611198906,0,1.3862943611198906
2025-12-30_Al-Nassr_Al-Ettifaq_1301,2025-12-30,2025/26,Al-Nassr,Al-Ettifaq,Pro League,domestic_league,A,0,0.78,40.8989,14938,1300,956,260,44,0.7353846153846154,3.0,2,2,2,3,4,10,19,1,2,0.8,1.0,0.95,0.6,0.7,0.3,1.0078959523492226,0.2277831261390664,1,0,3.0,19,18,3,0.9473684210526316,125,112,0.896,15,27,1.0,1.0,3.4,0.8,5,6,2,1,0.3333333333333333,0.3333333333333333,2,4,1,1,0.6666666666666666,0.3333333333333333,0.8333333333333334,1.8333333333333333,0.0,6,1695.69,1491.75,203.94,6,87,86,0.9885057471264368,599,400,0.667779632721202,12,Tuesday,0.4148,0,0,1,1,0,1,2,2,D,1,0,matched_secondary_full_career,0,0,0,0,0,1.9459101490553132,0,1.9459101490553132
2026-01-02_Al-Nassr_Al-Ahli_Jeddah_1302,2026-01-02,2025/26,Al-Nassr,Al-Ahli Jeddah,Pro League,domestic_league,A,0,0.78,40.9071,14941,1301,957,260,43,0.7355880092236741,3.0,2,3,3,3,4,9,19,1,2,0.8,0.9,0.95,0.6,0.7,0.2,1.0055271666444558,0.1594481882973464,2,0,3.0,20,19,3,0.95,126,113,0.8968253968253969,13,25,0.8,1.0,3.4,1.0,5,5,4,0,0.8,0.6,1,3,2,0,0.4,0.4,1.6,2.2,0.0,5,1690.41,1492.95,197.46,5,88,87,0.9886363636363636,600,401,0.6683333333333333,1,Friday,0.4231,0,0,1,0,0,0,2,3,L,0,0,matched_secondary_full_career,0,0,0,0,0,1.791759469228055,0,1.791759469228055
2026-01-08_Al-Nassr_Al-Qadisiyah_FC_1303,2026-01-08,2025/26,Al-Nassr,Al-Qadisiyah FC,Pro League,domestic_league,H,0,0.78,40.9235,14947,1302,957,260,43,0.7350230414746544,6.0,1,3,4,3,4,8,19,1,1,0.8,0.8,0.95,0.6,0.6,0.2,0.703869016651119,0.1116137318081425,0,1,9.0,21,19,3,0.9047619047619048,127,113,0.889763779527559,10,22,0.6,0.8,3.2,1.4,5,2,1,0,0.5,0.5,1,0,0,2,3.0,1.0,2.0,1.0,0.0,2,1675.27,1529.95,145.32,2,89,87,0.9775280898876404,669,541,0.8086696562032885,1,Thursday,0.4396,0,0,1,1,0,1,1,2,L,1,0,matched_secondary_full_career,0,0,0,0,0,1.0986122886681098,0,1.0986122886681098
2026-01-12_Al-Nassr_Al-Hilal_1304,2026-01-12,2025/26,Al-Nassr,Al-Hilal,Pro League,domestic_league,A,0,0.78,40.9344,14951,1303,958,260,42,0.7352264006139677,4.0,1,3,5,2,4,8,19,1,1,0.8,0.8,0.95,0.6,0.6,0.2,0.7927083116557833,0.0781296122656997,1,0,4.0,22,20,3,0.9090909090909092,128,114,0.890625,7,19,0.4,0.6,2.6,1.6,5,9,5,1,0.5555555555555556,0.3333333333333333,3,2,3,4,1.6666666666666667,0.7777777777777778,1.7777777777777777,1.1111111111111112,0.2222222222222222,9,1661.31,1552.58,108.74,9,90,88,0.9777777777777776,601,401,0.6672212978369384,1,Monday,0.4505,0,0,1,1,0,1,1,3,L,1,0,matched_secondary_full_career,0,0,0,0,0,2.302585092994046,0,2.302585092994046
2026-01-17_Al-Nassr_Al_Shabab_1305,2026-01-17,2025/26,Al-Nassr,Al Shabab,Pro League,domestic_league,H,0,0.78,40.9481,14956,1304,959,260,41,0.7354294478527608,5.0,1,2,6,2,5,9,19,0,1,1.0,0.9,0.95,0.8,0.7,0.2,0.8548958181590482,0.0546907285859898,2,0,5.0,23,21,3,0.9130434782608696,129,115,0.8914728682170543,4,16,0.2,0.4,1.8,2.0,5,7,7,1,1.0,0.8571428571428571,3,5,2,0,0.2857142857142857,0.2857142857142857,1.2857142857142858,2.7142857142857144,0.1428571428571428,7,1648.28,1476.84,171.44,7,91,89,0.978021978021978,670,542,0.808955223880597,1,Saturday,0.4643,0,0,1,0,0,0,3,2,W,0,0,matched_secondary_full_career,0,0,0,0,0,2.0794415416798357,0,2.0794415416798357
2026-01-21_Al-Nassr_Damac_1306,2026-01-21,2025/26,Al-Nassr,Damac,Pro League,domestic_league,A,0,0.78,40.9591,14960,1305,959,260,41,0.7348659003831418,4.0,1,3,7,2,3,7,17,0,1,0.6,0.7,0.85,0.6,0.6,0.1,0.5984270727113338,0.0382835100101928,0,1,9.0,24,21,3,0.875,130,115,0.8846153846153846,4,19,0.2,0.4,1.8,2.4,5,3,3,0,1.0,0.6666666666666666,3,3,0,0,0.0,0.0,0.3333333333333333,1.6666666666666667,0.0,3,1653.71,1483.88,169.83,3,92,89,0.967391304347826,602,402,0.6677740863787376,1,Wednesday,0.4753,0,0,1,1,0,1,2,1,W,1,0,matched_secondary_full_career,0,0,0,0,0,1.3862943611198906,0,1.3862943611198906
2026-01-26_Al-Nassr_Al_Taawon_1307,2026-01-26,2025/26,Al-Nassr,Al Taawon,Pro League,domestic_league,H,0,0.78,40.9728,14965,1306,960,260,40,0.7350689127105666,5.0,1,3,7,2,3,7,17,0,1,0.6,0.7,0.85,0.6,0.6,0.1,0.7188989508979335,0.026798457007135,1,0,5.0,25,22,3,0.88,131,116,0.8854961832061069,6,19,0.4,0.4,1.8,2.2,5,7,3,3,0.4285714285714285,0.4285714285714285,1,4,1,2,1.0,0.4285714285714285,0.8571428571428571,2.0,0.2857142857142857,7,1659.18,1506.47,152.71,7,93,90,0.967741935483871,671,542,0.8077496274217586,1,Monday,0.489,0,0,1,0,0,0,1,0,W,0,0,matched_secondary_full_career,0,0,0,0,0,2.0794415416798357,0,2.0794415416798357
2026-01-30_Al-Nassr_Al_Kholood_1308,2026-01-30,2025/26,Al-Nassr,Al Kholood,Pro League,domestic_league,A,0,0.78,40.9837,14969,1307,960,260,40,0.7345065034429993,4.0,1,3,6,1,3,7,17,0,1,0.6,0.7,0.85,0.6,0.6,0.1,0.5032292656285534,0.0187589199049945,0,1,9.0,26,22,3,0.8461538461538461,132,116,0.8787878787878788,9,19,0.6,0.6,1.6,1.6,5,2,1,0,0.5,0.5,1,2,0,0,0.0,0.0,0.5,2.5,0.0,2,1665.05,1489.15,175.9,2,94,90,0.9574468085106383,603,403,0.6683250414593698,1,Friday,0.5,0,0,1,1,0,1,3,0,W,1,0,matched_secondary_full_career,0,0,0,0,0,1.0986122886681098,0,1.0986122886681098
2026-02-14_Al-Nassr_Al-Fateh_1309,2026-02-14,2025/26,Al-Nassr,Al-Fateh,Pro League,domestic_league,A,0,0.78,41.0248,14984,1308,961,260,39,0.7347094801223242,15.0,0,0,4,2,3,7,16,0,1,0.6,0.7,0.8,0.6,0.6,0.1,0.6522604859399874,0.0131312439334961,1,0,15.0,27,23,3,0.8518518518518519,133,117,0.8796992481203008,12,19,0.8,0.8,2.0,1.2,5,6,8,2,1.3333333333333333,1.0,3,4,1,1,0.6666666666666666,0.3333333333333333,1.3333333333333333,3.1666666666666665,0.0,6,1670.38,1491.88,178.5,6,95,91,0.9578947368421052,604,404,0.6688741721854304,2,Saturday,0.5412,0,0,0,1,0,1,2,0,W,1,0,matched_secondary_full_career,0,0,0,0,0,1.9459101490553132,0,1.9459101490553132
2026-02-21_Al-Nassr_Al-Hazm_1310,2026-02-21,2025/26,Al-Nassr,Al-Hazm,Pro League,domestic_league,H,0,0.78,41.044,14991,1309,962,260,38,0.7349121466768526,7.0,1,1,3,2,3,8,16,0,0,0.6,0.8,0.8,0.6,0.7,0.1,0.7565823401579912,0.0091918707534473,2,0,7.0,28,24,3,0.8571428571428571,134,118,0.8805970149253731,15,19,1.0,1.0,2.2,0.6,5,2,2,2,1.0,1.0,2,2,0,0,0.0,0.0,0.5,3.5,0.0,2,1675.65,1487.56,188.09,2,96,92,0.9583333333333334,672,542,0.8065476190476191,2,Saturday,0.5604,0,0,0,1,1,2,4,0,W,2,0,matched_secondary_full_career,0,0,0,0,0,1.0986122886681098,0,1.0986122886681098
2026-02-25_Al-Nassr_Al_Najma_1311,2026-02-25,2025/26,Al-Nassr,Al Najma,Pro League,domestic_league,A,0,0.78,41.0549,14995,1310,964,260,36,0.7358778625954199,4.0,1,2,4,4,5,8,18,0,0,1.0,0.8,0.9,0.8,0.7,0.1,1.1296076381105935,0.0064343095274131,3,0,4.0,29,26,3,0.896551724137931,135,120,0.8888888888888888,15,19,1.0,1.0,2.4,0.2,5,0,0,0,0.0,0.0,0,0,0,0,0.0,0.0,0.0,0.0,0.0,0,1680.71,1500.0,180.71,0,97,94,0.9690721649484536,605,405,0.6694214876033058,2,Wednesday,0.5714,0,0,0,1,0,1,5,0,W,1,1,matched_secondary_full_career,1,0,0,0,1,0.0,1,0.0
2026-02-28_Al-Nassr_Al-Fayha_1312,2026-02-28,2025/26,Al-Nassr,Al-Fayha,Pro League,domestic_league,A,0,0.78,41.0631,14998,1311,965,261,35,0.7360793287566743,3.0,2,3,4,4,5,8,17,1,1,1.0,0.8,0.85,0.8,0.7,0.1,1.0907253466774156,0.3045040166691892,4,0,3.0,30,27,4,0.9,136,121,0.8897058823529411,15,21,1.0,1.0,3.0,0.0,5,7,6,2,0.8571428571428571,0.7142857142857143,4,6,1,0,0.1428571428571428,0.1428571428571428,0.4285714285714285,2.142857142857143,0.1428571428571428,7,1685.93,1471.15,214.78,7,98,95,0.9693877551020408,606,406,0.66996699669967,2,Saturday,0.5797,0,0,0,0,0,0,3,1,W,0,0,matched_secondary_full_career,0,0,0,0,0,2.0794415416798357,0,2.0794415416798357
2026-04-03_Al-Nassr_Al_Najma_1313,2026-04-03,2025/26,Al-Nassr,Al Najma,Pro League,domestic_league,H,0,0.78,41.1562,15032,1312,965,261,35,0.7355182926829268,34.0,0,0,0,3,5,8,16,1,1,1.0,0.8,0.8,0.8,0.7,0.1,0.7635077426741909,0.2131528116684324,0,1,37.0,31,27,4,0.8709677419354839,137,121,0.8832116788321168,15,24,1.0,1.0,3.4,0.2,5,1,1,1,1.0,1.0,1,1,0,0,0.0,0.0,0.0,5.0,0.0,1,1690.43,1494.78,195.65,1,99,95,0.9595959595959596,673,544,0.8083209509658247,4,Friday,0.6731,0,0,0,1,1,2,5,2,W,2,0,matched_secondary_full_career,0,0,0,0,0,0.6931471805599453,0,0.6931471805599453
2026-04-11_Al-Nassr_Al_Okhdood_1314,2026-04-11,2025/26,Al-Nassr,Al Okhdood,Pro League,domestic_league,A,0,0.78,41.1781,15040,1313,967,261,33,0.7364813404417365,8.0,0,1,1,3,6,9,17,1,1,1.2,0.9,0.85,0.8,0.7,0.2,1.1344554198719337,0.1492069681679027,1,0,8.0,32,29,4,0.90625,138,123,0.8913043478260869,15,27,1.0,1.0,3.8,0.6,5,4,6,0,1.5,1.0,4,4,0,0,0.0,0.0,0.75,3.0,0.0,4,1695.33,1479.94,215.39,4,100,97,0.97,607,406,0.6688632619439868,4,Saturday,0.6951,0,0,0,1,0,1,2,0,W,1,0,matched_secondary_full_career,0,0,0,0,0,1.6094379124341003,0,1.6094379124341003
2026-04-15_Al-Nassr_Al-Ettifaq_1315,2026-04-15,2025/26,Al-Nassr,Al-Ettifaq,Pro League,domestic_league,H,0,0.78,41.1891,15044,1314,968,261,32,0.7366818873668188,4.0,1,2,2,3,6,9,18,1,1,1.2,0.9,0.9,0.8,0.7,0.2,1.0941187939103536,0.1044448777175318,2,0,4.0,33,30,4,0.9090909090909092,139,124,0.8920863309352518,15,30,1.0,1.0,3.8,0.6,5,7,3,1,0.4285714285714285,0.4285714285714285,2,4,2,1,0.7142857142857143,0.4285714285714285,1.0,1.8571428571428568,0.0,7,1699.82,1497.03,202.79,7,101,98,0.9702970297029704,674,546,0.8100890207715133,4,Wednesday,0.706,0,0,0,0,0,0,1,0,W,0,0,matched_secondary_full_career,0,0,0,0,0,2.0794415416798357,0,2.0794415416798357
2026-04-19_Al-Nassr_Al-Wasl_FC_1316,2026-04-19,2025/26,Al-Nassr,Al-Wasl FC,AFC Champions League Two,continental_club,N,0,0.84,41.2,15048,1315,968,261,32,0.7361216730038023,4.0,1,2,3,3,4,9,16,1,1,0.8,0.9,0.8,0.6,0.7,0.2,0.7658831557372475,0.0731114144022723,0,1,8.0,34,30,4,0.8823529411764706,140,124,0.8857142857142857,15,30,1.0,1.0,3.2,0.6,5,1,2,0,2.0,1.0,2,1,0,0,0.0,0.0,0.0,4.0,0.0,1,1704.56,1495.05,209.52,1,1,0,0.0,32,15,0.46875,4,Sunday,0.717,0,0,0,1,0,1,4,0,W,1,0,matched_secondary_full_career,0,0,0,0,0,0.6931471805599453,0,0.6931471805599453
2026-04-22_Al-Nassr_Al_Ahli_Doha_1317,2026-04-22,2025/26,Al-Nassr,Al Ahli Doha,AFC Champions League Two,continental_club,H,0,0.84,41.2082,15051,1316,969,261,31,0.736322188449848,3.0,2,3,4,2,4,9,16,0,1,0.8,0.9,0.8,0.6,0.7,0.2,0.8361182090160733,0.0511779900815906,1,0,3.0,35,31,4,0.8857142857142857,141,125,0.8865248226950354,15,30,1.0,1.0,3.0,0.6,5,0,0,0,0.0,0.0,0,0,0,0,0.0,0.0,0.0,0.0,0.0,0,1709.17,1500.0,209.17,0,2,1,0.5,675,546,0.8088888888888889,4,Wednesday,0.7253,0,0,0,0,0,0,5,1,W,0,0,matched_secondary_full_career,1,0,0,0,1,0.0,1,0.0
2026-04-29_Al-Nassr_Al-Ahli_Jeddah_1318,2026-04-29,2025/26,Al-Nassr,Al-Ahli Jeddah,Pro League,domestic_league,H,0,0.78,41.2274,15058,1317,969,261,31,0.7357630979498861,7.0,1,3,5,1,4,9,16,0,1,0.8,0.9,0.8,0.6,0.7,0.2,0.5852827463112512,0.0358245930571134,0,1,10.0,36,31,4,0.8611111111111112,142,125,0.8802816901408451,15,30,1.0,1.0,3.4,0.6,5,6,4,0,0.6666666666666666,0.5,1,3,2,1,0.8333333333333334,0.5,1.8333333333333333,2.1666666666666665,0.0,6,1713.79,1508.09,205.7,6,102,98,0.9607843137254902,676,546,0.8076923076923077,4,Wednesday,0.7445,0,0,0,1,0,1,2,0,W,1,0,matched_secondary_full_career,0,0,0,0,0,1.9459101490553132,0,1.9459101490553132
2026-05-03_Al-Nassr_Al-Qadisiyah_FC_1319,2026-05-03,2025/26,Al-Nassr,Al-Qadisiyah FC,Pro League,domestic_league,A,0,0.78,41.2384,15062,1318,970,261,30,0.7359635811836115,4.0,1,3,6,2,3,9,16,0,1,0.6,0.9,0.8,0.6,0.7,0.2,0.7096979224178759,0.0250772151399793,1,0,4.0,37,32,4,0.8648648648648649,143,126,0.8811188811188811,15,30,1.0,1.0,2.8,0.2,5,3,2,0,0.6666666666666666,0.6666666666666666,2,0,0,3,3.0,1.0,2.0,1.0,0.0,3,1718.47,1543.9,174.57,3,103,99,0.9611650485436892,608,407,0.6694078947368421,5,Sunday,0.7555,0,0,0,0,0,0,1,3,L,0,0,matched_secondary_full_career,0,0,0,0,0,1.3862943611198906,0,1.3862943611198906
2026-05-07_Al-Nassr_Al_Shabab_1320,2026-05-07,2025/26,Al-Nassr,Al Shabab,Pro League,domestic_league,A,0,0.78,41.2493,15066,1319,970,261,30,0.7354056103108415,4.0,1,2,6,1,2,8,16,0,1,0.4,0.8,0.8,0.4,0.6,0.2,0.4967885456925131,0.0175540505979855,0,1,8.0,38,32,4,0.8421052631578947,144,126,0.875,12,27,0.8,0.8,2.6,0.8,5,8,7,1,0.875,0.75,2,6,2,0,0.25,0.25,1.375,2.75,0.125,8,1703.83,1471.41,232.43,8,104,99,0.9519230769230768,609,407,0.6683087027914614,5,Thursday,0.7665,0,0,0,1,0,1,4,2,W,1,0,matched_secondary_full_career,0,0,0,0,0,2.1972245773362196,0,2.1972245773362196
2026-05-12_Al-Nassr_Al-Hilal_1321,2026-05-12,2025/26,Al-Nassr,Al-Hilal,Pro League,domestic_league,H,0,0.78,41.263,15071,1320,971,261,29,0.7356060606060606,5.0,1,3,6,2,3,7,15,0,1,0.6,0.7,0.75,0.6,0.6,0.1,0.6477519819847591,0.0122878354185899,1,0,5.0,39,33,4,0.8461538461538461,145,127,0.8758620689655172,12,27,0.8,0.8,3.2,1.2,5,10,6,1,0.6,0.4,3,2,3,5,1.8,0.8,1.9,1.1,0.2,10,1707.99,1565.61,142.38,10,105,100,0.9523809523809524,677,547,0.8079763663220089,5,Tuesday,0.7802,0,0,0,0,0,0,1,1,D,0,0,matched_secondary_full_career,0,0,0,0,0,2.3978952727983707,0,2.3978952727983707
2026-05-16_Al-Nassr_Gamba_Osaka_1322,2026-05-16,2025/26,Al-Nassr,Gamba Osaka,AFC Champions League Two,continental_club,N,0,0.84,41.2739,15075,1321,971,261,29,0.7350492051476154,4.0,1,3,6,1,2,6,14,0,0,0.4,0.6,0.7,0.4,0.5,0.1,0.4534263873893314,0.0086014847930129,0,1,9.0,40,33,4,0.825,146,127,0.8698630136986302,10,25,0.6,0.8,2.6,1.4,5,1,1,0,1.0,1.0,1,0,0,0,0.0,0.0,0.0,0.0,0.0,0,1704.11,1495.3,208.8,1,3,1,0.3333333333333333,33,16,0.4848484848484848,5,Saturday,0.7912,0,0,0,0,0,0,0,1,L,0,0,matched_secondary_full_career,1,0,0,0,0,0.6931471805599453,0,0.6931471805599453
2026-05-21_Al-Nassr_Damac_1323,2026-05-21,2025/26,Al-Nassr,Damac,Pro League,domestic_league,H,0,0.78,41.2876,15080,1322,971,261,29,0.7344931921331316,5.0,1,3,6,1,2,6,14,0,0,0.4,0.6,0.7,0.4,0.5,0.1,0.3173984711725319,0.006021039355109,0,2,14.0,41,33,4,0.8048780487804879,147,127,0.8639455782312925,7,22,0.4,0.6,1.6,1.4,5,4,4,0,1.0,0.75,3,4,0,0,0.0,0.0,0.5,1.75,0.0,4,1688.73,1478.42,210.31,4,106,100,0.9433962264150944,678,547,0.8067846607669616,5,Thursday,0.8049,0,1,0,1,1,2,4,1,W,2,0,matched_secondary_full_career,0,0,0,0,0,1.6094379124341003,0,1.6094379124341003
2026-06-06_Portugal_Chile_1324,2026-06-06,2025/26,Portugal,Chile,International Friendly,international,H,1,0.35,41.3314,15096,1323,973,261,27,0.7354497354497355,16.0,0,0,4,2,3,6,15,0,0,0.6,0.6,0.75,0.4,0.5,0.1,0.8221789298207723,0.0042147275485763,1,0,16.0,42,35,4,0.8333333333333334,226,143,0.6327433628318584,10,20,0.6,0.8,2.2,1.2,5,1,0,0,0.0,0.0,0,0,1,0,1.0,1.0,0.0,0.0,1.0,1,1673.86,1504.6,169.25,1,54,22,0.4074074074074074,679,549,0.8085419734904271,6,Saturday,0.8489,0,1,0,0,0,0,2,1,W,0,0,matched_secondary_full_career,0,0,0,0,0,0.6931471805599453,0,0.6931471805599453
2026-06-10_Portugal_Nigeria_1325,2026-06-10,2025/26,Portugal,Nigeria,International Friendly,international,H,1,0.35,41.3424,15100,1324,973,261,27,0.7348942598187311,4.0,1,1,4,2,3,5,14,0,0,0.6,0.5,0.7,0.4,0.4,0.1,0.5755252508745407,0.0029503092840034,0,1,20.0,43,35,4,0.813953488372093,227,143,0.6299559471365639,10,20,0.6,0.8,1.6,1.4,5,0,0,0,0.0,0.0,0,0,0,0,0.0,0.0,0.0,0.0,0.0,0,1679.34,1500.0,179.34,0,55,22,0.4,680,549,0.8073529411764706,6,Wednesday,0.8599,0,1,0,0,0,0,2,1,W,0,0,matched_secondary_full_career,1,0,0,0,1,0.0,1,0.0
2026-06-17_Portugal_Congo_DR_1326,2026-06-17,2025/26,Portugal,Congo DR,World Cup,international,H,1,1.0,41.3616,15107,1325,973,261,27,0.7343396226415094,7.0,1,2,3,2,2,5,14,0,0,0.4,0.5,0.7,0.2,0.4,0.1,0.4028676756121784,0.0020652164988024,0,2,27.0,44,35,4,0.7954545454545454,228,143,0.6271929824561403,10,23,0.6,0.8,1.4,1.2,5,0,0,0,0.0,0.0,0,0,0,0,0.0,0.0,0.0,0.0,0.0,0,1684.59,1500.0,184.59,0,22,8,0.3636363636363636,681,549,0.8061674008810573,6,Wednesday,0.8791,0,1,0,0,0,0,1,1,D,0,0,matched_secondary_full_career,1,0,0,0,1,0.0,1,0.0
2026-06-23_Portugal_Uzbekistan_1327,2026-06-23,2025/26,Portugal,Uzbekistan,World Cup,international,H,1,1.0,41.378,15113,1326,973,261,27,0.7337858220211161,6.0,1,2,3,0,2,4,13,0,0,0.4,0.4,0.65,0.2,0.3,0.1,0.2820073729285249,0.0014456515491616,0,3,33.0,45,35,4,0.7777777777777778,229,143,0.6244541484716157,8,21,0.4,0.8,1.4,1.4,5,0,0,0,0.0,0.0,0,0,0,0,0.0,0.0,0.0,0.0,0.0,0,1679.73,1500.0,179.73,0,23,8,0.3478260869565217,682,549,0.8049853372434017,6,Tuesday,0.8956,0,1,0,1,1,2,5,0,W,2,0,matched_secondary_full_career,1,0,0,0,1,0.0,1,0.0
2026-06-27_Portugal_Colombia_1328,2026-06-27,2025/26,Portugal,Colombia,World Cup,international,A,1,1.0,41.3889,15117,1327,975,261,25,0.73474001507159,4.0,1,2,4,2,4,6,15,0,0,0.8,0.6,0.75,0.4,0.4,0.2,0.7974051610499674,0.0010119560844131,1,0,4.0,46,37,4,0.8043478260869565,230,145,0.6304347826086957,10,21,0.6,0.8,2.0,1.0,5,0,0,0,0.0,0.0,0,0,0,0,0.0,0.0,0.0,0.0,0.0,0,1684.97,1500.0,184.97,0,24,10,0.4166666666666667,610,408,0.6688524590163935,6,Saturday,0.9066,0,1,0,0,0,0,0,0,D,0,0,matched_secondary_full_career,1,0,0,0,1,0.0,1,0.0
2026-07-02_Portugal_Croatia_1329,2026-07-02,2025/26,Portugal,Croatia,World Cup,international,H,1,1.0,41.4026,15122,1328,975,261,25,0.7341867469879518,5.0,1,2,5,2,2,5,14,0,0,0.4,0.5,0.7,0.2,0.3,0.2,0.5581836127349772,0.0007083692590892,0,1,9.0,47,37,4,0.7872340425531915,231,145,0.6277056277056277,11,21,0.6,1.0,2.0,0.6,5,5,2,1,0.4,0.4,1,5,0,0,0.0,0.0,0.6,1.8,0.0,5,1680.1,1470.16,209.94,5,25,10,0.4,683,551,0.8067349926793558,7,Thursday,0.9203,0,1,0,1,0,1,2,1,W,1,0,matched_secondary_full_career,0,0,0,0,0,1.791759469228055,0,1.791759469228055
2026-07-06_Portugal_Spain_1330,2026-07-06,2025/26,Portugal,Spain,World Cup,international,H,1,1.0,41.4136,15126,1329,976,261,24,0.7343867569601203,4.0,1,3,6,3,3,6,14,0,0,0.6,0.6,0.7,0.4,0.4,0.2,0.690728528914484,0.0004958584813624,1,0,4.0,48,38,4,0.7916666666666666,232,146,0.6293103448275862,11,21,0.6,1.0,2.0,0.6,5,10,4,0,0.4,0.2,1,2,6,2,1.2,0.8,0.8,1.1,0.5,10,1684.7,1537.85,146.85,10,26,11,0.4230769230769231,684,552,0.8070175438596491,7,Monday,0.9313,0,1,0,0,0,0,0,1,L,0,0,matched_secondary_full_career,0,0,0,0,0,2.3978952727983707,0,2.3978952727983707
2026-08-21_Al-Nassr_Al_Riyadh_1331,2026-08-21,2026/27,Al-Nassr,Al Riyadh,Pro League,domestic_league,A,0,0.78,41.5395,15172,1330,976,261,24,0.7338345864661654,46.0,0,0,0,1,3,5,12,0,0,0.6,0.5,0.6,0.4,0.3,0.2,0.4835099702401387,0.0003471009369537,0,1,50.0,0,0,0,0.0,148,129,0.8716216216216216,7,22,0.4,0.6,2.0,1.6,5,5,5,1,1.0,0.6,4,4,1,0,0.2,0.2,1.0,2.8,0.0,5,1693.32,1484.19,209.13,5,107,102,0.9532710280373832,611,408,0.6677577741407529,8,Friday,0.0549,1,0,0,1,0,1,4,0,W,1,0,matched_secondary_full_career,0,0,0,0,0,1.791759469228055,0,1.791759469228055
2026-08-25_Al-Nassr_Al-Ettifaq_1332,2026-08-25,2026/27,Al-Nassr,Al-Ettifaq,Pro League,domestic_league,A,0,0.78,41.5505,15176,1331,977,261,23,0.7340345604808415,4.0,1,1,1,2,4,6,12,0,0,0.8,0.6,0.6,0.6,0.4,0.2,0.6384569791680971,0.0002429706558676,1,0,4.0,1,1,0,1.0,149,130,0.87248322147651,10,22,0.6,0.8,2.6,1.0,5,8,3,1,0.375,0.375,1,5,2,1,0.625,0.375,0.875,1.75,0.0,8,1697.94,1492.28,205.65,8,108,103,0.9537037037037036,612,409,0.6683006535947712,8,Tuesday,0.0659,1,0,0,0,0,0,3,2,W,0,0,matched_secondary_full_career,0,0,0,0,0,2.1972245773362196,0,2.1972245773362196
2026-08-28_Al-Nassr_Al_Taawon_1333,2026-08-28,2026/27,Al-Nassr,Al Taawon,Pro League,domestic_league,H,0,0.78,41.5587,15179,1332,977,261,23,0.7334834834834835,3.0,2,2,2,1,2,6,12,0,0,0.4,0.6,0.6,0.4,0.4,0.2,0.4469198854176679,0.0001700794591073,0,1,7.0,2,1,0,0.5,150,130,0.8666666666666667,10,22,0.6,0.8,2.4,1.0,5,8,3,3,0.375,0.375,1,5,1,2,0.875,0.375,0.75,1.875,0.25,8,1702.62,1500.6,202.02,8,109,103,0.944954128440367,685,552,0.8058394160583942,8,Friday,0.0742,1,0,0,1,0,1,2,1,W,1,0,matched_secondary_full_career,0,0,0,0,0,2.1972245773362196,0,2.1972245773362196
