match_id,date,season,team,opponent,competition,competition_type,venue,is_national_team,competition_importance,age_years,age_days,career_appearances_pre,career_goals_pre,career_assists_pre,goals_to_1000_pre,career_goals_per_game_pre,days_rest,matches_last_7d,matches_last_14d,matches_last_30d,goals_last_3,goals_last_5,goals_last_10,goals_last_20,assists_last_5,assists_last_10,goals_per_game_last_5,goals_per_game_last_10,goals_per_game_last_20,scoring_rate_last_5,scoring_rate_last_10,multi_goal_rate_last_10,goals_ewma_pre,assists_ewma_pre,consecutive_scoring_games_pre,goalless_streak_games_pre,days_since_last_goal,season_appearances_pre,season_goals_pre,season_assists_pre,season_goals_per_game_pre,team_appearances_with_ronaldo_pre,team_goals_by_ronaldo_pre,team_ronaldo_goals_per_game_pre,team_points_last_5_ronaldo_apps_pre,team_points_last_10_ronaldo_apps_pre,team_win_rate_last_5_ronaldo_apps_pre,team_unbeaten_rate_last_5_ronaldo_apps_pre,team_goals_for_last_5_scored_matches_pre,team_goals_against_last_5_scored_matches_pre,team_score_coverage_last_5_pre,opponent_prior_meetings_pre,ronaldo_goals_vs_opponent_pre,ronaldo_assists_vs_opponent_pre,ronaldo_goals_per_game_vs_opponent_pre,ronaldo_scoring_rate_vs_opponent_pre,ronaldo_goals_last_3_vs_opponent_pre,team_h2h_wins_pre,team_h2h_draws_pre,team_h2h_losses_pre,opponent_h2h_points_per_game_pre,opponent_h2h_unbeaten_rate_pre,opponent_goals_for_per_h2h_scored_match_pre,opponent_goals_against_per_h2h_scored_match_pre,opponent_clean_sheet_rate_h2h_scored_match_pre,opponent_score_data_h2h_matches_pre,team_matchup_elo_pre,opponent_matchup_elo_pre,matchup_elo_diff_pre,opponent_matchup_elo_games_pre,competition_appearances_pre,competition_goals_pre,competition_goals_per_game_pre,venue_appearances_pre,venue_goals_pre,venue_goals_per_game_pre,month,day_of_week,season_progress_pct,is_season_opening_phase,is_season_run_in,is_dec_jan_congestion,target_scored,target_multi_goal,target_goals
2002-08-14_Sporting_CP_Inter_Milan_1,2002-08-14,2002/03,Sporting CP,Inter Milan,Champions League Qualifying,continental_club,H,0,0.72,17.5199,6399,0,0,0,1000,,,0,0,0,0,0,0,0,0,0,,,,,,,,,0,0,,0,0,0,,0,0,,0,0,,,,,0,0,0,0,,,0,0,0,0,,,,,,0,1500.0,1500.0,0.0,0,0,0,,0,0,,8,Wednesday,0.0357,1,0,0,0,0,0
2002-09-19_Portugal_Partizan_Belgrade_2,2002-09-19,2002/03,Portugal,Partizan Belgrade,UEFA Europa League,international,H,1,0.84,17.6184,6435,1,0,0,1000,0.0,36,0,0,0,0,0,0,0,0,0,0.0,0.0,0.0,0.0,0.0,0.0,0,0,0,1,,1,0,0,0.0,0,0,,0,0,,,,,0,0,0,0,,,0,0,0,0,,,,,,0,1500.0,1500.0,0.0,0,0,0,,1,0,0.0,9,Thursday,0.1346,1,0,0,0,0,0
2002-09-30_Sporting_CP_Sporting_Braga_3,2002-09-30,2002/03,Sporting CP,Sporting Braga,Primeira Liga,domestic_league,A,0,0.78,17.6485,6446,2,0,0,1000,0.0,11,0,1,1,0,0,0,0,0,0,0.0,0.0,0.0,0.0,0.0,0.0,0.0,0.0,0,2,,2,0,0,0.0,1,0,0.0,1,1,0.0,1.0,,,0,0,0,0,,,0,0,0,0,,,,,,0,1500.0,1500.0,0.0,0,0,0,,0,0,,9,Monday,0.1648,1,0,0,0,0,0
2002-10-03_Portugal_Partizan_Belgrade_4,2002-10-03,2002/03,Portugal,Partizan Belgrade,UEFA Europa League,international,A,1,0.84,17.6568,6449,3,0,0,1000,0.0,3,1,2,2,0,0,0,0,0,0,0.0,0.0,0.0,0.0,0.0,0.0,0.0,0.0,0,3,,3,0,0,0.0,1,0,0.0,0,0,0.0,0.0,,,0,1,0,0,0.0,0.0,0,0,0,1,3.0,1.0,,,,0,1490.0,1510.0,-20.0,1,1,0,0.0,1,0,0.0,10,Thursday,0.1731,1,0,0,0,0,0
2002-10-07_Sporting_CP_Moreirense_5,2002-10-07,2002/03,Sporting CP,Moreirense,Primeira Liga,domestic_league,H,0,0.78,17.6677,6453,4,0,0,1000,0.0,4,2,2,3,0,0,0,0,0,0,0.0,0.0,0.0,0.0,0.0,0.0,0.0,0.0,0,4,,4,0,0,0.0,2,0,0.0,1,1,0.0,0.5,,,0,0,0,0,,,0,0,0,0,,,,,,0,1490.0,1500.0,-10.0,0,1,0,0.0,2,0,0.0,10,Monday,0.1841,1,0,0,1,1,2
2002-10-20_Sporting_CP_Belenenses_6,2002-10-20,2002/03,Sporting CP,Belenenses,Primeira Liga,domestic_league,H,0,0.78,17.7033,6466,5,2,0,998,0.4,13,0,1,3,2,2,2,2,0,0,0.4,0.4,0.4,0.2,0.2,0.2,0.6,0.0,1,0,13,5,2,0,0.4,3,2,0.6667,4,4,0.3333,0.6667,,,0,0,0,0,,,0,0,0,0,,,,,,0,1500.29,1500.0,0.29,0,2,2,1.0,3,2,0.6667,10,Sunday,0.2198,0,0,0,0,0,0
2002-10-26_Sporting_CP_Boavista_7,2002-10-26,2002/03,Sporting CP,Boavista,Primeira Liga,domestic_league,A,0,0.78,17.7197,6472,6,2,0,998,0.3333,6,1,1,4,2,2,2,2,0,0,0.4,0.3333,0.3333,0.2,0.1667,0.1667,0.42,0.0,0,1,19,6,2,0,0.3333,4,2,0.5,7,7,0.5,0.75,,,0,0,0,0,,,0,0,0,0,,,,,,0,1510.28,1500.0,10.28,0,3,2,0.6667,2,0,0.0,10,Saturday,0.2363,0,0,0,1,0,1
2002-11-02_Sporting_CP_Gil_Vicente_8,2002-11-02,2002/03,Sporting CP,Gil Vicente,Primeira Liga,domestic_league,H,0,0.78,17.7389,6479,7,3,0,997,0.4286,7,1,2,4,3,3,3,3,0,0,0.6,0.4286,0.4286,0.4,0.2857,0.1429,0.594,0.0,1,0,7,7,3,0,0.4286,5,3,0.6,10,10,0.6,0.8,,,0,0,0,0,,,0,0,0,0,,,,,,0,1519.98,1500.0,19.98,0,4,3,0.75,4,2,0.5,11,Saturday,0.2555,0,0,0,0,0,0
2002-11-08_Sporting_CP_Vitoria_Guimaraes_9,2002-11-08,2002/03,Sporting CP,Vitoria Guimaraes,Primeira Liga,domestic_league,A,0,0.78,17.7553,6485,8,3,0,997,0.375,6,1,2,3,1,3,3,3,0,0,0.6,0.375,0.375,0.4,0.25,0.125,0.4158,0.0,0,1,13,8,3,0,0.375,6,3,0.5,9,10,0.6,0.6,,,0,0,0,0,,,0,0,0,0,,,,,,0,1509.41,1500.0,9.41,0,5,3,0.6,3,1,0.3333,11,Friday,0.272,0,0,0,0,0,0
2002-11-15_Sporting_CP_Maritimo_de_Funchal_10,2002-11-15,2002/03,Sporting CP,Maritimo de Funchal,Primeira Liga,domestic_league,H,0,0.78,17.7745,6492,9,3,1,997,0.3333,7,1,2,4,1,3,3,3,1,1,0.6,0.3333,0.3333,0.4,0.2222,0.1111,0.2911,0.3,0,2,20,9,3,1,0.3333,7,3,0.4286,12,13,0.8,0.8,,,0,0,0,0,,,0,0,0,0,,,,,,0,1519.14,1500.0,19.14,0,6,3,0.5,5,2,0.4,11,Friday,0.2912,0,0,0,0,0,0
2002-11-24_Sporting_CP_Estarreja_11,2002-11-24,2002/03,Sporting CP,Estarreja,Taça de Portugal,domestic_or_other_cup,H,0,0.72,17.7991,6501,10,3,1,997,0.3,9,0,1,4,0,1,3,3,1,1,0.2,0.3,0.3,0.2,0.2,0.1,0.2037,0.21,0,3,29,10,3,1,0.3,8,3,0.375,12,16,0.8,0.8,,,0,0,0,0,,,0,0,0,0,,,,,,0,1528.59,1500.0,28.59,0,0,0,,6,2,0.3333,11,Sunday,0.3159,0,0,0,1,0,1
2002-11-30_Sporting_CP_Beira-Mar_12,2002-11-30,2002/03,Sporting CP,Beira-Mar,Primeira Liga,domestic_league,A,0,0.78,17.8156,6507,11,4,1,996,0.3636,6,1,1,4,1,2,4,4,1,1,0.4,0.4,0.3636,0.4,0.3,0.1,0.4426,0.147,1,0,6,11,4,1,0.3636,9,4,0.4444,12,19,0.8,0.8,,,0,0,0,0,,,0,0,0,0,,,,,,0,1537.77,1500.0,37.77,0,7,3,0.4286,4,1,0.25,11,Saturday,0.3324,0,0,0,0,0,0
2002-12-07_Sporting_CP_Benfica_13,2002-12-07,2002/03,Sporting CP,Benfica,Primeira Liga,domestic_league,H,0,0.78,17.8347,6514,12,4,2,996,0.3333,7,1,2,4,1,1,4,4,2,2,0.2,0.4,0.3333,0.2,0.3,0.1,0.3098,0.4029,0,1,13,12,4,2,0.3333,10,4,0.4,12,22,0.8,0.8,,,0,0,0,0,,,0,0,0,0,,,,,,0,1546.68,1500.0,46.68,0,8,3,0.375,7,3,0.4286,12,Saturday,0.3516,0,0,1,0,0,0
2002-12-14_Sporting_CP_Leiria_14,2002-12-14,2002/03,Sporting CP,Leiria,Primeira Liga,domestic_league,A,0,0.78,17.8539,6521,13,4,2,996,0.3077,7,1,2,4,1,1,4,4,2,2,0.2,0.4,0.3077,0.2,0.3,0.1,0.2169,0.282,0,2,20,13,4,2,0.3077,11,4,0.3636,12,21,0.8,0.8,,,0,0,0,0,,,0,0,0,0,,,,,,0,1535.35,1500.0,35.35,0,9,3,0.3333,5,1,0.2,12,Saturday,0.3709,0,0,1,0,0,0
2002-12-18_Sporting_CP_FC_Oliveira_do_Hospital_15,2002-12-18,2002/03,Sporting CP,FC Oliveira do Hospital,Taça de Portugal,domestic_or_other_cup,H,0,0.72,17.8648,6525,14,4,4,996,0.2857,4,1,2,4,0,1,4,4,3,4,0.2,0.4,0.2857,0.2,0.3,0.1,0.1518,0.7974,0,3,24,14,4,4,0.2857,12,4,0.3333,9,21,0.6,0.6,,,0,0,0,0,,,0,0,0,0,,,,,,0,1524.33,1500.0,24.33,0,1,1,1.0,8,3,0.375,12,Wednesday,0.3819,0,0,1,1,0,1
2002-12-22_Sporting_CP_Nacional_da_Madeira_16,2002-12-22,2002/03,Sporting CP,Nacional da Madeira,Primeira Liga,domestic_league,H,0,0.78,17.8758,6529,15,5,4,995,0.3333,4,1,2,5,1,2,3,5,3,4,0.4,0.3,0.3333,0.4,0.3,0.0,0.4063,0.5582,1,0,4,15,5,4,0.3333,13,5,0.3846,9,21,0.6,0.6,,,0,0,0,0,,,0,0,0,0,,,,,,0,1533.64,1500.0,33.64,0,10,3,0.3,9,4,0.4444,12,Sunday,0.3929,0,0,1,0,0,0
2003-01-04_Sporting_CP_Vitoria_Setubal_17,2003-01-04,2002/03,Sporting CP,Vitoria Setubal,Primeira Liga,domestic_league,A,0,0.78,17.9114,6542,16,5,4,995,0.3125,13,0,1,4,1,1,3,5,3,4,0.2,0.3,0.3125,0.2,0.3,0.0,0.2844,0.3907,0,1,17,16,5,4,0.3125,14,5,0.3571,9,21,0.6,0.6,,,0,0,0,0,,,0,0,0,0,,,,,,0,1542.67,1500.0,42.67,0,11,3,0.2727,6,1,0.1667,1,Saturday,0.4286,0,0,1,0,0,0
2003-01-11_Sporting_CP_FC_Porto_18,2003-01-11,2002/03,Sporting CP,FC Porto,Primeira Liga,domestic_league,H,0,0.78,17.9306,6549,17,5,4,995,0.2941,7,1,1,4,1,1,2,5,2,4,0.2,0.2,0.2941,0.2,0.2,0.0,0.1991,0.2735,0,2,24,17,5,4,0.2941,15,5,0.3333,9,21,0.6,0.6,,,0,0,0,0,,,0,0,0,0,,,,,,0,1551.45,1500.0,51.45,0,12,3,0.25,10,4,0.4,1,Saturday,0.4478,0,0,1,0,0,0
2003-01-25_Sporting_CP_Santa_Clara_19,2003-01-25,2002/03,Sporting CP,Santa Clara,Primeira Liga,domestic_league,A,0,0.78,17.9689,6563,18,5,4,995,0.2778,14,0,1,2,0,1,2,5,2,4,0.2,0.2,0.2778,0.2,0.2,0.0,0.1394,0.1915,0,3,38,18,5,4,0.2778,16,5,0.3125,9,21,0.6,0.6,,,0,0,0,0,,,0,0,0,0,,,,,,0,1539.98,1500.0,39.98,0,13,3,0.2308,7,1,0.1429,1,Saturday,0.4863,0,0,1,0,0,0
2003-02-05_Sporting_CP_Académica_20,2003-02-05,2002/03,Sporting CP,Académica,Primeira Liga,domestic_league,H,0,0.78,17.999,6574,19,5,4,995,0.2632,11,0,1,2,0,1,2,5,0,3,0.2,0.2,0.2632,0.2,0.2,0.0,0.0975,0.134,0,4,49,19,5,4,0.2632,17,5,0.2941,12,21,0.8,0.8,,,0,0,0,0,,,0,0,0,0,,,,,,0,1548.83,1500.0,48.83,0,14,3,0.2143,11,4,0.3636,2,Wednesday,0.5165,0,0,0,0,0,0
2003-03-01_Sporting_CP_Belenenses_21,2003-03-01,2002/03,Sporting CP,Belenenses,Primeira Liga,domestic_league,A,0,0.78,18.0647,6598,20,5,4,995,0.25,24,0,0,1,0,0,2,5,0,3,0.0,0.2,0.25,0.0,0.2,0.0,0.0683,0.0938,0,5,73,20,5,4,0.25,18,5,0.2778,12,21,0.8,0.8,,,0,1,0,0,0.0,0.0,0,1,0,0,0.0,0.0,,,,0,1557.44,1490.01,67.43,1,15,3,0.2,8,1,0.125,3,Saturday,0.5824,0,0,0,0,0,0
2003-03-08_Sporting_CP_Naval_22,2003-03-08,2002/03,Sporting CP,Naval,Taça de Portugal,domestic_or_other_cup,H,0,0.72,18.0839,6605,21,5,4,995,0.2381,7,1,1,1,0,0,1,5,0,3,0.0,0.1,0.25,0.0,0.1,0.0,0.0478,0.0657,0,6,80,21,5,4,0.2381,19,5,0.2632,10,19,0.6,0.8,,,0,0,0,0,,,0,0,0,0,,,,,,0,1555.52,1500.0,55.52,0,2,2,1.0,12,4,0.3333,3,Saturday,0.6016,0,0,0,0,0,0
2003-03-16_Sporting_CP_Boavista_23,2003-03-16,2002/03,Sporting CP,Boavista,Primeira Liga,domestic_league,H,0,0.78,18.1058,6613,22,5,4,995,0.2273,8,0,1,2,0,0,1,5,0,2,0.0,0.1,0.25,0.0,0.1,0.0,0.0335,0.046,0,7,88,22,5,4,0.2273,20,5,0.25,7,16,0.4,0.6,,,0,1,1,0,1.0,1.0,1,1,0,0,0.0,0.0,,,,0,1543.94,1490.3,53.64,1,16,3,0.1875,13,4,0.3077,3,Sunday,0.6236,0,0,0,0,0,0
2003-03-21_Sporting_CP_Gil_Vicente_24,2003-03-21,2002/03,Sporting CP,Gil Vicente,Primeira Liga,domestic_league,A,0,0.78,18.1195,6618,23,5,4,995,0.2174,5,1,2,3,0,0,1,5,0,2,0.0,0.1,0.25,0.0,0.1,0.0,0.0234,0.0322,0,8,93,23,5,4,0.2174,21,5,0.2381,8,17,0.4,0.8,,,0,1,0,0,0.0,0.0,0,0,0,1,3.0,1.0,,,,0,1542.4,1510.57,31.83,1,17,3,0.1765,9,1,0.1111,3,Friday,0.6374,0,0,0,0,0,0
2003-04-06_Sporting_CP_Vitoria_Guimaraes_25,2003-04-06,2002/03,Sporting CP,Vitoria Guimaraes,Primeira Liga,domestic_league,H,0,0.78,18.1633,6634,24,5,4,995,0.2083,16,0,0,3,0,0,1,5,0,0,0.0,0.1,0.25,0.0,0.1,0.0,0.0164,0.0225,0,9,109,24,5,4,0.2083,22,5,0.2273,5,17,0.2,0.6,,,0,1,0,1,0.0,0.0,0,1,0,0,0.0,0.0,,,,0,1531.49,1490.27,41.22,1,18,3,0.1667,14,4,0.2857,4,Sunday,0.6813,0,0,0,0,0,0
2003-04-19_Sporting_CP_Maritimo_de_Funchal_26,2003-04-19,2002/03,Sporting CP,Maritimo de Funchal,Primeira Liga,domestic_league,A,0,0.78,18.1989,6647,25,5,4,995,0.2,13,0,1,2,0,0,0,3,0,0,0.0,0.0,0.15,0.0,0.0,0.0,0.0115,0.0158,0,10,122,25,5,4,0.2,23,5,0.2174,3,15,0.0,0.6,,,0,1,0,0,0.0,0.0,0,1,0,0,0.0,0.0,,,,0,1530.31,1490.55,39.76,1,19,3,0.1579,10,1,0.1,4,Saturday,0.717,0,0,0,0,0,0
2003-04-25_Sporting_CP_Beira-Mar_27,2003-04-25,2002/03,Sporting CP,Beira-Mar,Primeira Liga,domestic_league,H,0,0.78,18.2153,6653,26,5,4,995,0.1923,6,1,1,2,0,0,0,3,0,0,0.0,0.0,0.15,0.0,0.0,0.0,0.008,0.011,0,11,128,26,5,4,0.1923,24,5,0.2083,5,15,0.2,0.6,,,0,1,0,1,0.0,0.0,0,1,0,0,0.0,0.0,,,,0,1539.17,1491.08,48.09,1,20,3,0.15,15,4,0.2667,4,Friday,0.7335,0,0,0,0,0,0
2003-05-12_Sporting_CP_Leiria_28,2003-05-12,2002/03,Sporting CP,Leiria,Primeira Liga,domestic_league,H,0,0.78,18.2618,6670,27,5,4,995,0.1852,17,0,0,2,0,0,0,2,0,0,0.0,0.0,0.1,0.0,0.0,0.0,0.0056,0.0077,0,12,145,27,5,4,0.1852,25,5,0.2,6,13,0.2,0.8,,,0,1,0,2,0.0,0.0,0,0,0,1,3.0,1.0,,,,0,1537.79,1511.01,26.78,1,21,3,0.1429,16,4,0.25,5,Monday,0.7802,0,0,0,0,0,0
2003-05-17_Sporting_CP_Nacional_da_Madeira_29,2003-05-17,2002/03,Sporting CP,Nacional da Madeira,Primeira Liga,domestic_league,A,0,0.78,18.2755,6675,28,5,4,995,0.1786,5,1,1,3,0,0,0,2,0,0,0.0,0.0,0.1,0.0,0.0,0.0,0.0039,0.0054,0,13,150,28,5,4,0.1786,26,5,0.1923,6,14,0.2,0.8,,,0,1,0,0,0.0,0.0,0,1,0,0,0.0,0.0,,,,0,1537.03,1490.97,46.06,1,22,3,0.1364,11,1,0.0909,5,Saturday,0.794,0,0,0,0,0,0
2003-05-24_Sporting_CP_Vitoria_Setubal_30,2003-05-24,2002/03,Sporting CP,Vitoria Setubal,Primeira Liga,domestic_league,H,0,0.78,18.2947,6682,29,5,4,995,0.1724,7,1,2,3,0,0,0,2,0,0,0.0,0.0,0.1,0.0,0.0,0.0,0.0028,0.0038,0,14,157,29,5,4,0.1724,27,5,0.1852,7,12,0.2,1.0,,,0,1,0,0,0.0,0.0,0,1,0,0,0.0,0.0,,,,0,1535.71,1491.22,44.49,1,23,3,0.1304,17,4,0.2353,5,Saturday,0.8132,0,1,0,0,0,0
2003-06-01_Sporting_CP_FC_Porto_31,2003-06-01,2002/03,Sporting CP,FC Porto,Primeira Liga,domestic_league,A,0,0.78,18.3166,6690,30,5,4,995,0.1667,8,0,1,3,0,0,0,2,0,0,0.0,0.0,0.1,0.0,0.0,0.0,0.0019,0.0027,0,15,165,30,5,4,0.1667,28,5,0.1786,6,9,0.2,0.8,,,0,1,0,0,0.0,0.0,0,0,0,1,3.0,1.0,,,,0,1524.43,1511.47,12.96,1,24,3,0.125,12,1,0.0833,6,Sunday,0.8352,0,1,0,0,0,0
2003-08-16_Manchester_United_Bolton_Wanderers_32,2003-08-16,2003/04,Manchester United,Bolton Wanderers,Premier League,domestic_league,H,0,0.78,18.5247,6766,31,5,4,995,0.1613,76,0,0,0,0,0,0,1,0,0,0.0,0.0,0.05,0.0,0.0,0.0,0.0014,0.0019,0,16,241,0,0,0,,0,0,,0,0,,,,,0,0,0,0,,,0,0,0,0,,,,,,0,1500.0,1500.0,0.0,0,0,0,,18,4,0.2222,8,Saturday,0.0411,1,0,0,0,0,0
2003-08-20_Portugal_Kazakhstan_33,2003-08-20,2003/04,Portugal,Kazakhstan,International Friendly,international,H,1,0.35,18.5356,6770,32,5,4,995,0.1562,4,1,1,1,0,0,0,1,0,0,0.0,0.0,0.05,0.0,0.0,0.0,0.0009,0.0013,0,17,245,1,0,0,0.0,2,0,0.0,1,1,0.0,0.5,,,0,0,0,0,,,0,0,0,0,,,,,,0,1490.58,1500.0,-9.42,0,0,0,,19,4,0.2105,8,Wednesday,0.0521,1,0,0,0,0,0
2003-08-23_Manchester_United_Newcastle_United_34,2003-08-23,2003/04,Manchester United,Newcastle United,Premier League,domestic_league,A,0,0.78,18.5438,6773,33,5,4,995,0.1515,3,2,2,2,0,0,0,1,0,0,0.0,0.0,0.05,0.0,0.0,0.0,0.0007,0.0009,0,18,248,2,0,0,0.0,1,0,0.0,3,3,1.0,1.0,,,0,0,0,0,,,0,0,0,0,,,,,,0,1510.0,1500.0,10.0,0,1,0,0.0,13,1,0.0769,8,Saturday,0.0603,1,0,0,0,0,0
2003-08-27_Manchester_United_Wolverhampton_Wanderers_35,2003-08-27,2003/04,Manchester United,Wolverhampton Wanderers,Premier League,domestic_league,H,0,0.78,18.5548,6777,34,5,4,995,0.1471,4,2,3,3,0,0,0,1,0,0,0.0,0.0,0.05,0.0,0.0,0.0,0.0005,0.0006,0,19,252,3,0,0,0.0,2,0,0.0,6,6,1.0,1.0,,,0,0,0,0,,,0,0,0,0,,,,,,0,1519.71,1500.0,19.71,0,2,0,0.0,20,4,0.2,8,Wednesday,0.0712,1,0,0,0,0,0
2003-08-31_Manchester_United_Southampton_36,2003-08-31,2003/04,Manchester United,Southampton,Premier League,domestic_league,A,0,0.78,18.5657,6781,35,5,4,995,0.1429,4,1,3,4,0,0,0,0,0,0,0.0,0.0,0.0,0.0,0.0,0.0,0.0003,0.0004,0,20,256,4,0,0,0.0,3,0,0.0,9,9,1.0,1.0,,,0,0,0,0,,,0,0,0,0,,,,,,0,1529.15,1500.0,29.15,0,3,0,0.0,14,1,0.0714,8,Sunday,0.0822,1,0,0,0,0,0
2003-09-13_Manchester_United_Charlton_Athletic_37,2003-09-13,2003/04,Manchester United,Charlton Athletic,Premier League,domestic_league,A,0,0.78,18.6013,6794,36,5,4,995,0.1389,13,0,1,5,0,0,0,0,0,0,0.0,0.0,0.0,0.0,0.0,0.0,0.0002,0.0003,0,21,269,5,0,0,0.0,4,0,0.0,9,9,0.75,0.75,,,0,0,0,0,,,0,0,0,0,,,,,,0,1518.31,1500.0,18.31,0,4,0,0.0,15,1,0.0667,9,Saturday,0.1178,1,0,0,0,0,0
2003-09-21_Manchester_United_Arsenal_38,2003-09-21,2003/04,Manchester United,Arsenal,Premier League,domestic_league,H,0,0.78,18.6232,6802,37,5,4,995,0.1351,8,0,1,4,0,0,0,0,0,0,0.0,0.0,0.0,0.0,0.0,0.0,0.0002,0.0002,0,22,277,6,0,0,0.0,5,0,0.0,12,12,0.8,0.8,,,0,0,0,0,,,0,0,0,0,,,,,,0,1527.78,1500.0,27.78,0,5,0,0.0,21,4,0.1905,9,Sunday,0.1397,1,0,0,0,0,0
2003-10-01_Manchester_United_VfB_Stuttgart_39,2003-10-01,2003/04,Manchester United,VfB Stuttgart,UEFA Champions League,continental_club,A,0,0.94,18.6506,6812,38,5,4,995,0.1316,10,0,1,2,0,0,0,0,0,0,0.0,0.0,0.0,0.0,0.0,0.0,0.0001,0.0002,0,23,287,7,0,0,0.0,6,0,0.0,10,13,0.6,0.8,,,0,0,0,0,,,0,0,0,0,,,,,,0,1526.98,1500.0,26.98,0,0,0,,16,1,0.0625,10,Wednesday,0.1671,1,0,0,0,0,0
2003-10-11_Portugal_Albania_40,2003-10-11,2003/04,Portugal,Albania,International Friendly,international,H,1,0.35,18.678,6822,39,5,4,995,0.1282,10,0,1,3,0,0,0,0,0,0,0.0,0.0,0.0,0.0,0.0,0.0,0.0001,0.0001,0,24,297,8,0,0,0.0,3,0,0.0,4,4,0.3333,0.6667,,,0,0,0,0,,,0,0,0,0,,,,,,0,1500.85,1500.0,0.85,0,1,0,0.0,22,4,0.1818,10,Saturday,0.1945,1,0,0,0,0,0
2003-10-18_Manchester_United_Leeds_United_41,2003-10-18,2003/04,Manchester United,Leeds United,Premier League,domestic_league,A,0,0.78,18.6972,6829,40,5,4,995,0.125,7,1,1,3,0,0,0,0,0,0,0.0,0.0,0.0,0.0,0.0,0.0,0.0001,0.0001,0,25,304,9,0,0,0.0,7,0,0.0,7,13,0.4,0.6,,,0,0,0,0,,,0,0,0,0,,,,,,0,1516.21,1500.0,16.21,0,6,0,0.0,17,1,0.0588,10,Saturday,0.2137,0,0,0,0,0,0
2003-10-25_Manchester_United_Fulham_42,2003-10-25,2003/04,Manchester United,Fulham,Premier League,domestic_league,H,0,0.78,18.7163,6836,41,5,4,995,0.122,7,1,2,3,0,0,0,0,0,0,0.0,0.0,0.0,0.0,0.0,0.0,0.0,0.0001,0,26,311,10,0,0,0.0,8,0,0.0,7,16,0.4,0.6,,,0,0,0,0,,,0,0,0,0,,,,,,0,1525.74,1500.0,25.74,0,7,0,0.0,23,4,0.1739,10,Saturday,0.2329,0,0,0,0,0,0
2003-11-01_Manchester_United_Portsmouth_43,2003-11-01,2003/04,Manchester United,Portsmouth,Premier League,domestic_league,H,0,0.78,18.7355,6843,42,5,4,995,0.119,7,1,2,3,0,0,0,0,0,0,0.0,0.0,0.0,0.0,0.0,0.0,0.0,0.0,0,27,318,11,0,0,0.0,9,0,0.0,7,16,0.4,0.6,,,0,0,0,0,,,0,0,0,0,,,,,,0,1515.0,1500.0,15.0,0,8,0,0.0,24,4,0.1667,11,Saturday,0.2521,0,0,0,1,0,1
2003-11-04_Manchester_United_Glasgow_Rangers_44,2003-11-04,2003/04,Manchester United,Glasgow Rangers,UEFA Champions League,continental_club,H,0,0.94,18.7437,6846,43,6,5,994,0.1395,3,1,2,4,1,1,1,1,1,1,0.2,0.1,0.05,0.2,0.1,0.0,0.3,0.3,1,0,3,12,1,1,0.0833,10,1,0.1,7,19,0.4,0.6,,,0,0,0,0,,,0,0,0,0,,,,,,0,1524.57,1500.0,24.57,0,1,0,0.0,25,5,0.2,11,Tuesday,0.2603,0,0,0,0,0,0
2003-11-22_Manchester_United_Blackburn_Rovers_45,2003-11-22,2003/04,Manchester United,Blackburn Rovers,Premier League,domestic_league,H,0,0.78,18.793,6864,44,6,5,994,0.1364,18,0,0,3,1,1,1,1,1,1,0.2,0.1,0.05,0.2,0.1,0.0,0.21,0.21,0,1,21,13,1,1,0.0769,11,1,0.0909,9,19,0.6,0.6,,,0,0,0,0,,,0,0,0,0,,,,,,0,1533.87,1500.0,33.87,0,9,1,0.1111,26,5,0.1923,11,Saturday,0.3096,0,0,0,0,0,0
2003-11-26_Manchester_United_Panathinaikos_46,2003-11-26,2003/04,Manchester United,Panathinaikos,UEFA Champions League,continental_club,A,0,0.94,18.8039,6868,45,6,5,994,0.1333,4,1,1,3,1,1,1,1,1,1,0.2,0.1,0.05,0.2,0.1,0.0,0.147,0.147,0,2,25,14,1,1,0.0714,12,1,0.0833,12,19,0.8,0.8,,,0,0,0,0,,,0,0,0,0,,,,,,0,1542.89,1500.0,42.89,0,2,0,0.0,18,1,0.0556,11,Wednesday,0.3205,0,0,0,0,0,0
2003-11-30_Manchester_United_Chelsea_47,2003-11-30,2003/04,Manchester United,Chelsea,Premier League,domestic_league,A,0,0.78,18.8149,6872,46,6,5,994,0.1304,4,1,2,4,0,1,1,1,1,1,0.2,0.1,0.05,0.2,0.1,0.0,0.1029,0.1029,0,3,29,15,1,1,0.0667,13,1,0.0769,12,19,0.8,0.8,,,0,0,0,0,,,0,0,0,0,,,,,,0,1551.67,1500.0,51.67,0,10,1,0.1,19,1,0.0526,11,Sunday,0.3315,0,0,0,0,0,0
2003-12-03_Manchester_United_West_Bromwich_Albion_48,2003-12-03,2003/04,Manchester United,West Bromwich Albion,League Cup,domestic_or_other_cup,A,0,0.72,18.8231,6875,47,6,5,994,0.1277,3,2,3,4,0,1,1,1,1,1,0.2,0.1,0.05,0.2,0.1,0.0,0.072,0.072,0,4,32,16,1,1,0.0625,14,1,0.0714,12,19,0.8,0.8,,,0,0,0,0,,,0,0,0,0,,,,,,0,1540.19,1500.0,40.19,0,0,0,,20,1,0.05,12,Wednesday,0.3397,0,0,1,0,0,0
2003-12-06_Manchester_United_Aston_Villa_49,2003-12-06,2003/04,Manchester United,Aston Villa,Premier League,domestic_league,H,0,0.78,18.8313,6878,48,6,5,994,0.125,3,2,4,4,0,0,1,1,0,1,0.0,0.1,0.05,0.0,0.1,0.0,0.0504,0.0504,0,5,35,17,1,1,0.0588,15,1,0.0667,9,16,0.6,0.6,,,0,0,0,0,,,0,0,0,0,,,,,,0,1529.04,1500.0,29.04,0,11,1,0.0909,27,5,0.1852,12,Saturday,0.3479,0,0,1,0,0,0
2003-12-13_Manchester_United_Manchester_City_50,2003-12-13,2003/04,Manchester United,Manchester City,Premier League,domestic_league,H,0,0.78,18.8505,6885,49,6,5,994,0.1224,7,1,3,5,0,0,1,1,0,1,0.0,0.1,0.05,0.0,0.1,0.0,0.0353,0.0353,0,6,42,18,1,1,0.0556,16,1,0.0625,9,18,0.6,0.6,,,0,0,0,0,,,0,0,0,0,,,,,,0,1538.2,1500.0,38.2,0,12,1,0.0833,28,5,0.1786,12,Saturday,0.3671,0,0,1,0,0,0
2003-12-21_Manchester_United_Tottenham_Hotspur_51,2003-12-21,2003/04,Manchester United,Tottenham Hotspur,Premier League,domestic_league,A,0,0.78,18.8724,6893,50,6,5,994,0.12,8,0,1,6,0,0,1,1,0,1,0.0,0.1,0.05,0.0,0.1,0.0,0.0247,0.0247,0,7,50,19,1,1,0.0526,17,1,0.0588,9,21,0.6,0.6,,,0,0,0,0,,,0,0,0,0,,,,,,0,1547.11,1500.0,47.11,0,13,1,0.0769,21,1,0.0476,12,Sunday,0.389,0,0,1,0,0,0
2003-12-26_Manchester_United_Everton_52,2003-12-26,2003/04,Manchester United,Everton,Premier League,domestic_league,H,0,0.78,18.8861,6898,51,6,5,994,0.1176,5,1,2,6,0,0,1,1,0,1,0.0,0.1,0.05,0.0,0.1,0.0,0.0173,0.0173,0,8,55,20,1,1,0.05,18,1,0.0556,9,21,0.6,0.6,,,0,0,0,0,,,0,0,0,0,,,,,,0,1555.76,1500.0,55.76,0,14,1,0.0714,29,5,0.1724,12,Friday,0.4027,0,0,1,0,0,0
2004-01-17_Manchester_United_Wolverhampton_Wanderers_53,2004-01-17,2003/04,Manchester United,Wolverhampton Wanderers,Premier League,domestic_league,A,0,0.78,18.9463,6920,52,6,6,994,0.1154,22,0,0,2,0,0,1,1,1,2,0.0,0.1,0.05,0.0,0.1,0.0,0.0121,0.3121,0,9,77,21,1,2,0.0476,19,1,0.0526,12,24,0.8,0.8,,,0,1,0,0,0.0,0.0,0,1,0,0,0.0,0.0,,,,0,1564.17,1490.57,73.6,1,15,1,0.0667,22,1,0.0455,1,Saturday,0.463,0,0,1,0,0,0
2004-01-25_Manchester_United_Northampton_Town_54,2004-01-25,2003/04,Manchester United,Northampton Town,FA Cup,domestic_or_other_cup,A,0,0.72,18.9682,6928,53,6,6,994,0.1132,8,0,1,2,0,0,0,1,1,1,0.0,0.0,0.05,0.0,0.0,0.0,0.0085,0.2185,0,10,85,22,1,2,0.0455,20,1,0.05,12,21,0.8,0.8,,,0,0,0,0,,,0,0,0,0,,,,,,0,1552.08,1500.0,52.08,0,0,0,,23,1,0.0435,1,Sunday,0.4849,0,0,1,0,0,0
2004-01-31_Manchester_United_Southampton_55,2004-01-31,2003/04,Manchester United,Southampton,Premier League,domestic_league,H,0,0.78,18.9846,6934,54,6,7,994,0.1111,6,1,2,2,0,0,0,1,2,2,0.0,0.0,0.05,0.0,0.0,0.0,0.0059,0.4529,0,11,91,23,1,3,0.0435,21,1,0.0476,12,21,0.8,0.8,,,0,1,0,0,0.0,0.0,0,0,0,1,3.0,1.0,,,,0,1560.59,1510.84,49.76,1,16,1,0.0625,30,5,0.1667,1,Saturday,0.5014,0,0,1,0,0,0
2004-02-07_Manchester_United_Everton_56,2004-02-07,2003/04,Manchester United,Everton,Premier League,domestic_league,A,0,0.78,19.0038,6941,55,6,7,994,0.1091,7,1,2,3,0,0,0,1,2,2,0.0,0.0,0.05,0.0,0.0,0.0,0.0042,0.3171,0,12,98,24,1,3,0.0417,22,1,0.0455,12,21,0.8,0.8,,,0,1,0,1,0.0,0.0,0,1,0,0,0.0,0.0,,,,0,1569.17,1491.59,77.58,1,17,1,0.0588,24,1,0.0417,2,Saturday,0.5205,0,0,0,0,0,0
2004-02-11_Manchester_United_Middlesbrough_57,2004-02-11,2003/04,Manchester United,Middlesbrough,Premier League,domestic_league,H,0,0.78,19.0148,6945,56,6,8,994,0.1071,4,1,2,4,0,0,0,1,3,3,0.0,0.0,0.05,0.0,0.0,0.0,0.0029,0.5219,0,13,102,25,1,4,0.04,23,1,0.0435,12,21,0.8,0.8,,,0,0,0,0,,,0,0,0,0,,,,,,0,1576.98,1500.0,76.98,0,18,1,0.0556,31,5,0.1613,2,Wednesday,0.5315,0,0,0,0,0,0
2004-02-14_Manchester_United_Manchester_City_58,2004-02-14,2003/04,Manchester United,Manchester City,FA Cup,domestic_or_other_cup,H,0,0.72,19.023,6948,57,6,8,994,0.1053,3,2,3,5,0,0,0,1,2,3,0.0,0.0,0.05,0.0,0.0,0.0,0.002,0.3654,0,14,105,26,1,4,0.0385,24,1,0.0417,9,21,0.6,0.6,,,0,1,0,0,0.0,0.0,0,1,0,0,0.0,0.0,,,,0,1564.8,1491.1,73.7,1,1,0,0.0,32,5,0.1562,2,Saturday,0.5397,0,0,0,1,0,1
2004-02-18_Portugal_England_59,2004-02-18,2003/04,Portugal,England,International Friendly,international,H,1,0.35,19.0339,6952,58,7,8,993,0.1207,4,2,3,5,1,1,1,2,2,3,0.2,0.1,0.1,0.2,0.1,0.0,0.3014,0.2557,1,0,4,27,2,4,0.0741,4,0,0.0,7,7,0.5,0.75,,,0,0,0,0,,,0,0,0,0,,,,,,0,1510.82,1500.0,10.82,0,2,0,0.0,33,6,0.1818,2,Wednesday,0.5507,0,0,0,0,0,0
2004-02-25_Manchester_United_FC_Porto_60,2004-02-25,2003/04,Manchester United,FC Porto,UEFA Champions League,continental_club,A,0,0.94,19.0531,6959,59,7,8,993,0.1186,7,1,3,5,1,1,1,2,1,3,0.2,0.1,0.1,0.2,0.1,0.0,0.211,0.179,0,1,11,28,2,4,0.0714,25,2,0.08,12,24,0.8,0.8,,,0,2,0,0,0.0,0.0,0,0,0,2,3.0,1.0,,,,0,1572.71,1521.84,50.86,2,3,0,0.0,25,1,0.04,2,Wednesday,0.5699,0,0,0,0,0,0
2004-02-28_Manchester_United_Fulham_61,2004-02-28,2003/04,Manchester United,Fulham,Premier League,domestic_league,A,0,0.78,19.0613,6962,60,7,8,993,0.1167,3,1,3,6,1,1,1,2,1,3,0.2,0.1,0.1,0.2,0.1,0.0,0.1477,0.1253,0,2,14,29,2,4,0.069,26,2,0.0769,9,21,0.6,0.6,,,0,1,0,0,0.0,0.0,0,0,0,1,3.0,1.0,,,,0,1561.25,1510.74,50.51,1,19,1,0.0526,26,1,0.0385,2,Saturday,0.5781,0,0,0,0,0,0
2004-03-06_Manchester_United_Fulham_62,2004-03-06,2003/04,Manchester United,Fulham,FA Cup,domestic_or_other_cup,H,0,0.72,19.0805,6969,61,7,9,993,0.1148,7,1,2,6,0,1,1,2,1,4,0.2,0.1,0.1,0.2,0.1,0.0,0.1034,0.3877,0,3,21,30,2,5,0.0667,27,2,0.0741,7,19,0.4,0.6,,,0,2,0,1,0.0,0.0,0,0,1,1,2.0,1.0,,,,0,1559.81,1512.18,47.63,2,2,1,0.5,34,6,0.1765,3,Saturday,0.5973,0,0,0,0,0,0
2004-03-09_Manchester_United_FC_Porto_63,2004-03-09,2003/04,Manchester United,FC Porto,UEFA Champions League,continental_club,H,0,0.94,19.0887,6972,62,7,10,993,0.1129,3,1,3,6,0,1,1,2,2,4,0.2,0.1,0.1,0.2,0.1,0.0,0.0724,0.5714,0,4,24,31,2,6,0.0645,28,2,0.0714,7,19,0.4,0.6,,,0,3,0,0,0.0,0.0,0,0,0,3,3.0,1.0,,,,0,1568.45,1533.3,35.15,3,4,0,0.0,35,6,0.1714,3,Tuesday,0.6055,0,0,0,0,0,0
2004-03-14_Manchester_United_Manchester_City_64,2004-03-14,2003/04,Manchester United,Manchester City,Premier League,domestic_league,A,0,0.78,19.1024,6977,63,7,10,993,0.1111,5,1,2,6,0,0,1,1,2,4,0.0,0.1,0.05,0.0,0.1,0.0,0.0507,0.4,0,5,29,32,2,6,0.0625,29,2,0.069,8,17,0.4,0.8,,,0,2,1,0,0.5,0.5,1,2,0,0,0.0,0.0,,,,0,1567.44,1483.19,84.25,2,20,1,0.05,27,1,0.037,3,Sunday,0.6192,0,0,0,0,0,0
2004-03-20_Manchester_United_Tottenham_Hotspur_65,2004-03-20,2003/04,Manchester United,Tottenham Hotspur,Premier League,domestic_league,H,0,0.78,19.1188,6983,64,7,10,993,0.1094,6,1,3,5,0,0,1,1,2,3,0.0,0.1,0.05,0.0,0.1,0.0,0.0355,0.28,0,6,35,33,2,6,0.0606,30,2,0.0667,5,17,0.2,0.6,,,0,1,0,0,0.0,0.0,0,1,0,0,0.0,0.0,,,,0,1555.06,1491.35,63.71,1,21,1,0.0476,36,6,0.1667,3,Saturday,0.6356,0,0,0,1,0,1
2004-03-31_Portugal_Italy_66,2004-03-31,2003/04,Portugal,Italy,International Friendly,international,H,1,0.35,19.1489,6994,65,8,10,992,0.1231,11,0,1,4,1,1,2,2,2,3,0.2,0.2,0.1,0.2,0.2,0.0,0.3248,0.196,1,0,11,34,3,6,0.0882,5,0,0.0,8,8,0.4,0.8,,,0,0,0,0,,,0,0,0,0,,,,,,0,1510.51,1500.0,10.51,0,3,0,0.0,37,7,0.1892,3,Wednesday,0.6658,0,0,0,0,0,0
2004-04-03_Manchester_United_Arsenal_67,2004-04-03,2003/04,Manchester United,Arsenal,FA Cup,domestic_or_other_cup,N,0,0.72,19.1571,6997,66,8,10,992,0.1212,3,1,2,5,1,1,2,2,1,2,0.2,0.2,0.1,0.2,0.2,0.0,0.2274,0.1372,0,1,14,35,3,6,0.0857,31,3,0.0968,8,17,0.4,0.8,,,0,1,0,0,0.0,0.0,0,0,1,0,1.0,1.0,,,,0,1563.25,1500.8,62.45,1,3,1,0.3333,0,0,,4,Saturday,0.674,0,0,0,0,0,0
2004-04-10_Manchester_United_Birmingham_City_68,2004-04-10,2003/04,Manchester United,Birmingham City,Premier League,domestic_league,A,0,0.78,19.1763,7004,67,8,10,992,0.1194,7,1,2,4,1,1,2,2,0,2,0.2,0.2,0.1,0.2,0.2,0.0,0.1592,0.096,0,2,21,36,3,6,0.0833,32,3,0.0938,10,17,0.6,0.8,,,0,0,0,0,,,0,0,0,0,,,,,,0,1571.47,1500.0,71.47,0,22,2,0.0909,28,1,0.0357,4,Saturday,0.6932,0,0,0,1,0,1
2004-04-13_Manchester_United_Leicester_City_69,2004-04-13,2003/04,Manchester United,Leicester City,Premier League,domestic_league,H,0,0.78,19.1845,7007,68,9,10,991,0.1324,3,1,3,5,1,2,2,3,0,2,0.4,0.2,0.15,0.4,0.2,0.0,0.4114,0.0672,1,0,3,37,4,6,0.1081,33,4,0.1212,10,17,0.6,0.8,,,0,0,0,0,,,0,0,0,0,,,,,,0,1579.44,1500.0,79.44,0,23,3,0.1304,38,7,0.1842,4,Tuesday,0.7014,0,0,0,0,0,0
2004-04-17_Manchester_United_Portsmouth_70,2004-04-17,2003/04,Manchester United,Portsmouth,Premier League,domestic_league,A,0,0.78,19.1955,7011,69,9,10,991,0.1304,4,2,3,5,1,2,2,3,0,2,0.4,0.2,0.15,0.4,0.2,0.0,0.288,0.0471,0,1,7,38,4,6,0.1053,34,4,0.1176,12,20,0.8,0.8,,,0,1,1,1,1.0,1.0,1,1,0,0,0.0,0.0,,,,0,1587.19,1490.43,96.76,1,24,3,0.125,29,2,0.069,4,Saturday,0.7123,0,0,0,0,0,0
2004-04-20_Manchester_United_Charlton_Athletic_71,2004-04-20,2003/04,Manchester United,Charlton Athletic,Premier League,domestic_league,H,0,0.78,19.2037,7014,70,9,10,991,0.1286,3,2,3,5,1,1,2,3,0,2,0.2,0.2,0.15,0.2,0.2,0.0,0.2016,0.0329,0,2,10,39,4,6,0.1026,35,4,0.1143,12,17,0.8,0.8,,,0,1,0,0,0.0,0.0,0,1,0,0,0.0,0.0,,,,0,1574.48,1490.53,83.95,1,25,3,0.12,39,7,0.1795,4,Tuesday,0.7205,0,0,0,0,0,0
2004-04-24_Manchester_United_Liverpool_72,2004-04-24,2003/04,Manchester United,Liverpool,Premier League,domestic_league,H,0,0.78,19.2146,7018,71,9,10,991,0.1268,4,2,4,6,0,1,2,3,0,1,0.2,0.2,0.15,0.2,0.2,0.0,0.1411,0.0231,0,3,14,40,4,6,0.1,36,4,0.1111,12,20,0.8,0.8,,,0,0,0,0,,,0,0,0,0,,,,,,0,1582.11,1500.0,82.11,0,26,3,0.1154,40,7,0.175,4,Saturday,0.7315,0,0,0,0,0,0
2004-04-28_Portugal_Sweden_73,2004-04-28,2003/04,Portugal,Sweden,International Friendly,international,H,1,0.35,19.2256,7022,72,9,10,991,0.125,4,1,3,7,0,1,2,3,0,0,0.2,0.2,0.15,0.2,0.2,0.0,0.0988,0.0161,0,4,18,41,4,6,0.0976,6,0,0.0,8,8,0.4,0.8,,,0,0,0,0,,,0,0,0,0,,,,,,0,1500.21,1500.0,0.21,0,4,0,0.0,41,7,0.1707,4,Wednesday,0.7425,0,0,0,0,0,0
2004-05-08_Manchester_United_Chelsea_74,2004-05-08,2003/04,Manchester United,Chelsea,Premier League,domestic_league,H,0,0.78,19.253,7032,73,9,11,991,0.1233,10,0,2,6,0,0,2,3,1,1,0.0,0.2,0.15,0.0,0.2,0.0,0.0691,0.3113,0,5,28,42,4,7,0.0952,37,4,0.1081,9,19,0.6,0.6,,,0,1,0,0,0.0,0.0,0,0,0,1,3.0,1.0,,,,0,1569.79,1511.48,58.31,1,27,3,0.1111,42,7,0.1667,5,Saturday,0.7699,0,0,0,0,0,0
2004-05-15_Manchester_United_Aston_Villa_75,2004-05-15,2003/04,Manchester United,Aston Villa,Premier League,domestic_league,A,0,0.78,19.2721,7039,74,9,11,991,0.1216,7,1,1,5,0,0,2,3,1,1,0.0,0.2,0.15,0.0,0.2,0.0,0.0484,0.2179,0,6,35,43,4,7,0.093,38,4,0.1053,7,17,0.4,0.6,,,0,1,0,0,0.0,0.0,0,1,0,0,0.0,0.0,,,,0,1568.12,1490.83,77.29,1,28,3,0.1071,30,2,0.0667,5,Saturday,0.789,0,0,0,1,0,1
2004-05-22_Manchester_United_Millwall_76,2004-05-22,2003/04,Manchester United,Millwall,FA Cup,domestic_or_other_cup,N,0,0.72,19.2913,7046,75,10,11,990,0.1333,7,1,2,4,1,1,2,4,1,1,0.2,0.2,0.2,0.2,0.2,0.0,0.3339,0.1525,1,0,7,44,5,7,0.1136,39,5,0.1282,7,19,0.4,0.6,,,0,0,0,0,,,0,0,0,0,,,,,,0,1575.93,1500.0,75.93,0,4,1,0.25,1,0,0.0,5,Saturday,0.8082,0,1,0,1,0,1
2004-05-29_Portugal_Luxembourg_77,2004-05-29,2003/04,Portugal,Luxembourg,International Friendly,international,H,1,0.35,19.3105,7053,76,11,11,989,0.1447,7,1,2,3,2,2,3,5,1,1,0.4,0.3,0.25,0.4,0.3,0.0,0.5337,0.1068,2,0,7,45,6,7,0.1333,7,0,0.0,8,9,0.4,0.8,,,0,0,0,0,,,0,0,0,0,,,,,,0,1500.2,1500.0,0.2,0,5,0,0.0,43,7,0.1628,5,Saturday,0.8274,0,1,0,0,0,0
2004-06-05_Portugal_Lithuania_78,2004-06-05,2003/04,Portugal,Lithuania,International Friendly,international,H,1,0.35,19.3296,7060,77,11,11,989,0.1429,7,1,2,4,2,2,3,5,1,1,0.4,0.3,0.25,0.4,0.3,0.0,0.3736,0.0747,0,1,14,46,6,7,0.1304,8,0,0.0,8,12,0.4,0.8,,,0,0,0,0,,,0,0,0,0,,,,,,0,1510.2,1500.0,10.2,0,6,0,0.0,44,7,0.1591,6,Saturday,0.8466,0,1,0,0,0,0
2004-06-12_Portugal_Greece_79,2004-06-12,2003/04,Portugal,Greece,Euro Championship,international,H,1,0.95,19.3488,7067,78,11,11,989,0.141,7,1,2,4,1,2,2,4,0,1,0.4,0.2,0.2,0.4,0.2,0.0,0.2615,0.0523,0,2,21,47,6,7,0.1277,9,0,0.0,8,15,0.4,0.8,,,0,0,0,0,,,0,0,0,0,,,,,,0,1519.9,1500.0,19.9,0,0,0,,45,7,0.1556,6,Saturday,0.8658,0,1,0,1,0,1
2004-06-16_Portugal_Russia_80,2004-06-16,2003/04,Portugal,Russia,Euro Championship,international,H,1,0.95,19.3597,7071,79,12,11,988,0.1519,4,1,2,4,1,3,3,5,0,1,0.6,0.3,0.25,0.6,0.3,0.0,0.4831,0.0366,1,0,4,48,7,7,0.1458,10,1,0.1,7,15,0.4,0.6,,,0,0,0,0,,,0,0,0,0,,,,,,0,1509.33,1500.0,9.33,0,1,1,1.0,46,8,0.1739,6,Wednesday,0.8767,0,1,0,0,0,0
2004-06-20_Portugal_Spain_81,2004-06-20,2003/04,Portugal,Spain,Euro Championship,international,H,1,0.95,19.3707,7075,80,12,12,988,0.15,4,1,2,5,1,2,3,5,1,2,0.4,0.3,0.25,0.4,0.3,0.0,0.3381,0.3256,0,1,8,49,7,8,0.1429,11,1,0.0909,10,18,0.6,0.8,,,0,0,0,0,,,0,0,0,0,,,,,,0,1519.06,1500.0,19.06,0,2,1,0.5,47,8,0.1702,6,Sunday,0.8877,0,1,0,0,0,0
2004-06-24_Portugal_England_82,2004-06-24,2003/04,Portugal,England,Euro Championship,international,H,1,0.95,19.3816,7079,81,12,12,988,0.1481,4,1,3,5,1,1,3,5,1,2,0.2,0.3,0.25,0.2,0.3,0.0,0.2367,0.2279,0,2,12,50,7,8,0.14,12,1,0.0833,12,20,0.8,0.8,,,0,1,0,0,0.0,0.0,0,0,1,0,1.0,1.0,,,,0,1528.51,1500.31,28.2,1,3,1,0.3333,48,8,0.1667,6,Thursday,0.8986,0,1,0,0,0,0
2004-06-30_Portugal_Netherlands_83,2004-06-30,2003/04,Portugal,Netherlands,Euro Championship,international,H,1,0.95,19.3981,7085,82,12,12,988,0.1463,6,1,3,5,0,1,3,5,1,2,0.2,0.3,0.25,0.2,0.3,0.0,0.1657,0.1596,0,3,18,51,7,8,0.1373,13,1,0.0769,12,20,0.8,0.8,,,0,0,0,0,,,0,0,0,0,,,,,,0,1537.7,1500.0,37.7,0,4,1,0.25,49,8,0.1633,6,Wednesday,0.9151,0,1,0,1,0,1
2004-07-04_Portugal_Greece_84,2004-07-04,2003/04,Portugal,Greece,Euro Championship,international,H,1,0.95,19.409,7089,83,13,13,987,0.1566,4,1,3,6,1,2,4,6,2,2,0.4,0.4,0.3,0.4,0.4,0.0,0.416,0.4117,1,0,4,52,8,9,0.1538,14,2,0.1429,12,20,0.8,0.8,,,0,1,1,0,1.0,1.0,1,0,0,1,3.0,1.0,,,,0,1546.62,1510.57,36.05,1,5,2,0.4,50,9,0.18,7,Sunday,0.926,0,1,0,0,0,0
2004-08-21_Manchester_United_Norwich_City_85,2004-08-21,2004/05,Manchester United,Norwich City,Premier League,domestic_league,H,0,0.78,19.5404,7137,84,13,13,987,0.1548,48,0,0,0,1,1,4,6,2,2,0.2,0.4,0.3,0.2,0.4,0.0,0.2912,0.2882,0,1,52,0,0,0,,40,6,0.15,10,22,0.6,0.8,,,0,0,0,0,,,0,0,0,0,,,,,,0,1583.78,1500.0,83.78,0,29,4,0.1379,51,9,0.1765,8,Saturday,0.0549,1,0,0,0,0,0
2004-08-25_Manchester_United_Dinamo_Bucharest_86,2004-08-25,2004/05,Manchester United,Dinamo Bucharest,Champions League Qualifying,continental_club,H,0,0.72,19.5514,7141,85,13,13,987,0.1529,4,1,1,1,1,1,3,5,1,2,0.2,0.3,0.25,0.2,0.3,0.0,0.2038,0.2017,0,2,56,1,0,0,0.0,41,6,0.1463,10,22,0.6,0.8,,,0,0,0,0,,,0,0,0,0,,,,,,0,1591.42,1500.0,91.42,0,1,0,0.0,52,9,0.1731,8,Wednesday,0.0659,1,0,0,0,0,0
2004-08-28_Manchester_United_Blackburn_Rovers_87,2004-08-28,2004/05,Manchester United,Blackburn Rovers,Premier League,domestic_league,A,0,0.78,19.5596,7144,86,13,13,987,0.1512,3,2,2,2,0,1,2,5,1,2,0.2,0.2,0.25,0.2,0.2,0.0,0.1427,0.1412,0,3,59,2,0,0,0.0,42,6,0.1429,13,22,0.8,1.0,,,0,1,0,0,0.0,0.0,0,1,0,0,0.0,0.0,,,,0,1598.85,1490.97,107.87,1,30,4,0.1333,31,3,0.0968,8,Saturday,0.0742,1,0,0,0,0,0
2004-08-30_Manchester_United_Everton_88,2004-08-30,2004/05,Manchester United,Everton,Premier League,domestic_league,H,0,0.78,19.5651,7146,87,13,13,987,0.1494,2,2,3,3,0,1,2,5,1,2,0.2,0.2,0.25,0.2,0.2,0.0,0.0999,0.0988,0,4,61,3,0,0,0.0,43,6,0.1395,13,20,0.8,1.0,,,0,2,0,2,0.0,0.0,0,2,0,0,0.0,0.0,,,,0,1595.84,1483.79,112.05,2,31,4,0.129,53,9,0.1698,8,Monday,0.0797,1,0,0,0,0,0
2004-09-04_Portugal_Latvia_89,2004-09-04,2004/05,Portugal,Latvia,World Cup - Qualification Europe,international,A,1,0.76,19.5788,7151,88,13,13,987,0.1477,5,2,4,4,0,0,2,4,0,2,0.0,0.2,0.2,0.0,0.2,0.0,0.0699,0.0692,0,5,66,4,0,0,0.0,15,2,0.1333,12,19,0.8,0.8,,,0,0,0,0,,,0,0,0,0,,,,,,0,1535.59,1500.0,35.59,0,0,0,,32,3,0.0938,9,Saturday,0.0934,1,0,0,1,0,1
2004-09-08_Portugal_Estonia_90,2004-09-08,2004/05,Portugal,Estonia,World Cup - Qualification Europe,international,H,1,0.76,19.5897,7155,89,14,14,986,0.1573,4,1,4,5,1,1,2,5,1,3,0.2,0.2,0.25,0.2,0.2,0.0,0.3489,0.3484,1,0,4,5,1,1,0.2,16,3,0.1875,12,22,0.8,0.8,,,0,0,0,0,,,0,0,0,0,,,,,,0,1544.57,1500.0,44.57,0,1,1,1.0,54,9,0.1667,9,Wednesday,0.1044,1,0,0,1,0,1
2004-09-11_Manchester_United_Bolton_Wanderers_91,2004-09-11,2004/05,Manchester United,Bolton Wanderers,Premier League,domestic_league,A,0,0.78,19.5979,7158,90,15,16,985,0.1667,3,2,4,6,2,2,3,6,3,4,0.4,0.3,0.3,0.4,0.3,0.0,0.5443,0.8439,2,0,3,6,2,3,0.3333,44,6,0.1364,11,18,0.6,1.0,,,0,1,0,0,0.0,0.0,0,1,0,0,0.0,0.0,,,,0,1592.72,1490.0,102.72,1,32,4,0.125,33,4,0.1212,9,Saturday,0.1126,1,0,0,0,0,0
2004-09-15_Manchester_United_Lyon_92,2004-09-15,2004/05,Manchester United,Lyon,UEFA Champions League,continental_club,A,0,0.94,19.6089,7162,91,15,16,985,0.1648,4,2,3,7,2,2,3,6,3,4,0.4,0.3,0.3,0.4,0.3,0.0,0.381,0.5907,0,1,7,7,2,3,0.2857,45,6,0.1333,9,19,0.4,1.0,,,0,0,0,0,,,0,0,0,0,,,,,,0,1589.85,1500.0,89.85,0,5,0,0.0,34,4,0.1176,9,Wednesday,0.1236,1,0,0,0,0,0
2004-09-20_Manchester_United_Liverpool_93,2004-09-20,2004/05,Manchester United,Liverpool,Premier League,domestic_league,H,0,0.78,19.6226,7167,92,15,17,985,0.163,5,1,3,8,1,2,3,6,4,5,0.4,0.3,0.3,0.4,0.3,0.0,0.2667,0.7135,0,2,12,8,2,4,0.25,46,6,0.1304,7,17,0.2,1.0,,,0,1,0,0,0.0,0.0,0,0,0,1,3.0,1.0,,,,0,1587.32,1512.32,75.0,1,33,4,0.1212,55,10,0.1818,9,Monday,0.1374,1,0,0,0,0,0
2004-09-25_Manchester_United_Tottenham_Hotspur_94,2004-09-25,2004/05,Manchester United,Tottenham Hotspur,Premier League,domestic_league,A,0,0.78,19.6363,7172,93,15,17,985,0.1613,5,1,3,7,0,2,2,6,4,4,0.4,0.2,0.3,0.4,0.2,0.0,0.1867,0.4995,0,3,17,9,2,4,0.2222,47,6,0.1277,7,20,0.2,1.0,,,0,2,1,0,0.5,0.5,1,2,0,0,0.0,0.0,,,,0,1595.19,1483.16,112.03,2,34,4,0.1176,35,4,0.1143,9,Saturday,0.1511,1,0,0,0,0,0
2004-10-03_Manchester_United_Middlesbrough_95,2004-10-03,2004/05,Manchester United,Middlesbrough,Premier League,domestic_league,H,0,0.78,19.6582,7180,94,15,17,985,0.1596,8,0,2,6,0,1,2,6,3,4,0.2,0.2,0.3,0.2,0.2,0.0,0.1307,0.3496,0,4,25,10,2,4,0.2,48,6,0.125,9,22,0.4,1.0,,,0,1,0,0,0.0,0.0,0,0,0,1,3.0,1.0,,,,0,1602.07,1512.18,89.89,1,35,4,0.1143,56,10,0.1786,10,Sunday,0.1731,1,0,0,0,0,0
2004-10-09_Portugal_Liechtenstein_96,2004-10-09,2004/05,Portugal,Liechtenstein,World Cup - Qualification Europe,international,A,1,0.76,19.6746,7186,95,15,18,985,0.1579,6,1,2,5,0,0,2,5,2,5,0.0,0.2,0.25,0.0,0.2,0.0,0.0915,0.5447,0,5,31,11,2,5,0.1818,17,4,0.2353,12,24,0.8,0.8,,,0,0,0,0,,,0,0,0,0,,,,,,0,1553.29,1500.0,53.29,0,2,2,1.0,36,4,0.1111,10,Saturday,0.1896,1,0,0,0,0,0
2004-10-13_Portugal_Russia_97,2004-10-13,2004/05,Portugal,Russia,World Cup - Qualification Europe,international,H,1,0.76,19.6856,7190,96,15,18,985,0.1562,4,1,2,5,0,0,2,4,2,5,0.0,0.2,0.2,0.0,0.2,0.0,0.064,0.3813,0,6,35,12,2,5,0.1667,18,4,0.2222,10,22,0.6,0.8,,,0,1,0,1,0.0,0.0,0,1,0,0,0.0,0.0,,,,0,1551.77,1490.27,61.5,1,3,2,0.6667,57,10,0.1754,10,Wednesday,0.2005,0,0,0,1,1,2
2004-10-16_Manchester_United_Birmingham_City_98,2004-10-16,2004/05,Manchester United,Birmingham City,Premier League,domestic_league,A,0,0.78,19.6938,7193,97,17,19,983,0.1753,3,2,3,5,2,2,4,6,2,6,0.4,0.4,0.3,0.2,0.3,0.1,0.6448,0.5669,1,0,3,13,4,6,0.3077,49,6,0.1224,9,20,0.4,1.0,,,0,1,1,0,1.0,1.0,1,1,0,0,0.0,0.0,,,,0,1599.54,1492.03,107.51,1,36,4,0.1111,37,4,0.1081,10,Saturday,0.2088,0,0,0,0,0,0
2004-10-19_Manchester_United_Sparta_Prague_99,2004-10-19,2004/05,Manchester United,Sparta Prague,UEFA Champions League,continental_club,A,0,0.94,19.702,7196,98,17,19,983,0.1735,3,2,3,6,2,2,4,6,2,6,0.4,0.4,0.3,0.2,0.3,0.1,0.4514,0.3968,0,1,6,14,4,6,0.2857,50,6,0.12,9,18,0.4,1.0,,,0,0,0,0,,,0,0,0,0,,,,,,0,1596.54,1500.0,96.54,0,6,0,0.0,38,4,0.1053,10,Tuesday,0.217,0,0,0,0,0,0
2004-10-24_Manchester_United_Arsenal_100,2004-10-24,2004/05,Manchester United,Arsenal,Premier League,domestic_league,H,0,0.78,19.7157,7201,99,17,19,983,0.1717,5,1,3,6,2,2,3,5,2,5,0.4,0.3,0.25,0.2,0.2,0.1,0.316,0.2778,0,2,11,15,4,6,0.2667,51,6,0.1176,9,16,0.4,1.0,,,0,2,0,0,0.0,0.0,0,1,1,0,0.5,0.5,,,,0,1593.83,1492.58,101.26,2,37,4,0.1081,58,12,0.2069,10,Sunday,0.2308,0,0,0,0,0,0
2004-10-30_Manchester_United_Portsmouth_101,2004-10-30,2004/05,Manchester United,Portsmouth,Premier League,domestic_league,A,0,0.78,19.7321,7207,100,17,19,983,0.17,6,1,3,6,0,2,2,5,1,3,0.4,0.2,0.25,0.2,0.1,0.1,0.2212,0.1945,0,3,17,16,4,6,0.25,52,6,0.1154,9,16,0.4,1.0,,,0,2,1,1,0.5,0.5,1,1,0,1,1.5,0.5,,,,0,1601.0,1503.15,97.85,2,38,4,0.1053,39,4,0.1026,10,Saturday,0.2473,0,0,0,0,0,0
2004-11-03_Manchester_United_Sparta_Prague_102,2004-11-03,2004/05,Manchester United,Sparta Prague,UEFA Champions League,continental_club,H,0,0.94,19.743,7211,101,17,19,983,0.1683,4,1,2,6,0,2,2,5,1,3,0.4,0.2,0.25,0.2,0.1,0.1,0.1548,0.1361,0,4,21,17,4,6,0.2353,53,6,0.1132,6,15,0.2,0.8,,,0,1,0,0,0.0,0.0,0,0,1,0,1.0,1.0,,,,0,1588.25,1502.71,85.55,1,7,0,0.0,59,12,0.2034,11,Wednesday,0.2582,0,0,0,0,0,0
2004-11-07_Manchester_United_Manchester_City_103,2004-11-07,2004/05,Manchester United,Manchester City,Premier League,domestic_league,H,0,0.78,19.754,7215,102,17,19,983,0.1667,4,1,3,7,0,0,2,5,0,2,0.0,0.2,0.25,0.0,0.1,0.1,0.1084,0.0953,0,5,25,18,4,6,0.2222,54,6,0.1111,8,17,0.4,0.8,,,0,3,1,0,0.3333,0.3333,1,2,0,1,1.0,0.3333,,,,0,1595.84,1495.56,100.28,3,39,4,0.1026,60,12,0.2,11,Sunday,0.2692,0,0,0,0,0,0
2004-11-14_Manchester_United_Newcastle_United_104,2004-11-14,2004/05,Manchester United,Newcastle United,Premier League,domestic_league,A,0,0.78,19.7732,7222,103,17,19,983,0.165,7,1,2,6,0,0,2,4,0,2,0.0,0.2,0.2,0.0,0.1,0.1,0.0759,0.0667,0,6,32,19,4,6,0.2105,55,6,0.1091,8,17,0.4,0.8,,,0,1,0,0,0.0,0.0,0,1,0,0,0.0,0.0,,,,0,1593.03,1490.29,102.74,1,40,4,0.1,40,4,0.1,11,Sunday,0.2885,0,0,0,0,0,0
2004-11-17_Portugal_Luxembourg_105,2004-11-17,2004/05,Portugal,Luxembourg,World Cup - Qualification Europe,international,A,1,0.76,19.7814,7225,104,17,19,983,0.1635,3,1,3,6,0,0,2,4,0,2,0.0,0.2,0.2,0.0,0.1,0.1,0.0531,0.0467,0,7,35,20,4,6,0.2,19,6,0.3158,10,22,0.6,0.8,,,0,1,0,0,0.0,0.0,0,1,0,0,0.0,0.0,,,,0,1560.02,1490.01,70.01,1,4,4,1.0,41,4,0.0976,11,Wednesday,0.2967,0,0,0,1,0,1
2004-11-23_Manchester_United_Lyon_106,2004-11-23,2004/05,Manchester United,Lyon,UEFA Champions League,continental_club,H,0,0.94,19.7978,7231,105,18,19,982,0.1714,6,1,2,6,1,1,3,5,0,1,0.2,0.3,0.25,0.2,0.2,0.1,0.3372,0.0327,1,0,6,21,5,6,0.2381,56,6,0.1071,10,19,0.6,0.8,,,0,1,0,1,0.0,0.0,0,0,1,0,1.0,1.0,,,,0,1600.16,1502.53,97.63,1,8,0,0.0,61,12,0.1967,11,Tuesday,0.3132,0,0,0,0,0,0
2004-11-27_Manchester_United_West_Bromwich_Albion_107,2004-11-27,2004/05,Manchester United,West Bromwich Albion,Premier League,domestic_league,A,0,0.78,19.8088,7235,106,18,19,982,0.1698,4,1,3,6,1,1,3,5,0,1,0.2,0.3,0.25,0.2,0.2,0.1,0.236,0.0229,0,1,10,22,5,6,0.2273,57,6,0.1053,10,19,0.6,0.8,,,0,1,0,0,0.0,0.0,0,0,0,1,3.0,1.0,,,,0,1607.42,1511.15,96.27,1,41,4,0.0976,42,5,0.119,11,Saturday,0.3242,0,0,0,0,0,0
2004-12-04_Manchester_United_Southampton_108,2004-12-04,2004/05,Manchester United,Southampton,Premier League,domestic_league,H,0,0.78,19.8279,7242,107,18,19,982,0.1682,7,1,2,5,1,1,1,5,0,0,0.2,0.1,0.25,0.2,0.1,0.0,0.1652,0.016,0,2,17,23,5,6,0.2174,58,6,0.1034,13,19,0.8,1.0,,,0,2,0,0,0.0,0.0,0,1,0,1,1.5,0.5,,,,0,1614.72,1502.26,112.46,2,42,4,0.0952,62,12,0.1935,12,Saturday,0.3434,0,0,1,1,0,1
2004-12-08_Manchester_United_Fenerbahce_109,2004-12-08,2004/05,Manchester United,Fenerbahce,UEFA Champions League,continental_club,A,0,0.94,19.8389,7246,108,19,19,981,0.1759,4,1,2,5,1,2,2,6,0,0,0.4,0.2,0.3,0.4,0.2,0.0,0.4157,0.0112,1,0,4,24,6,6,0.25,59,7,0.1186,13,21,0.8,1.0,,,0,0,0,0,,,0,0,0,0,,,,,,0,1621.59,1500.0,121.59,0,9,0,0.0,43,5,0.1163,12,Wednesday,0.3544,0,0,1,0,0,0
2004-12-13_Manchester_United_Fulham_110,2004-12-13,2004/05,Manchester United,Fulham,Premier League,domestic_league,A,0,0.78,19.8526,7251,109,19,19,981,0.1743,5,1,2,6,1,2,2,5,0,0,0.4,0.2,0.25,0.4,0.2,0.0,0.291,0.0078,0,1,9,25,6,6,0.24,60,7,0.1167,12,20,0.8,0.8,,,0,3,0,2,0.0,0.0,0,1,1,1,1.3333,0.6667,,,,0,1608.23,1503.55,104.68,3,43,5,0.1163,44,5,0.1136,12,Monday,0.3681,0,0,1,0,0,0
2004-12-26_Manchester_United_Bolton_Wanderers_111,2004-12-26,2004/05,Manchester United,Bolton Wanderers,Premier League,domestic_league,H,0,0.78,19.8882,7264,110,19,19,981,0.1727,13,0,1,4,1,1,2,4,0,0,0.2,0.2,0.2,0.2,0.2,0.0,0.2037,0.0055,0,2,22,26,6,6,0.2308,61,7,0.1148,10,20,0.6,0.8,,,0,2,0,0,0.0,0.0,0,1,1,0,0.5,0.5,,,,0,1605.3,1492.87,112.43,2,44,5,0.1136,63,13,0.2063,12,Sunday,0.4038,0,0,1,0,0,0
2004-12-28_Manchester_United_Aston_Villa_112,2004-12-28,2004/05,Manchester United,Aston Villa,Premier League,domestic_league,A,0,0.78,19.8936,7266,111,19,20,981,0.1712,2,1,1,4,0,1,2,4,1,1,0.2,0.2,0.2,0.2,0.2,0.0,0.1426,0.3038,0,3,24,27,6,7,0.2222,62,7,0.1129,10,20,0.6,0.8,,,0,2,1,0,0.5,0.5,1,2,0,0,0.0,0.0,,,,0,1612.17,1483.02,129.15,2,45,5,0.1111,45,5,0.1111,12,Tuesday,0.4093,0,0,1,0,0,0
2005-01-01_Manchester_United_Middlesbrough_113,2005-01-01,2004/05,Manchester United,Middlesbrough,Premier League,domestic_league,A,0,0.78,19.9046,7270,112,19,20,981,0.1696,4,2,2,5,0,1,2,4,1,1,0.2,0.2,0.2,0.2,0.2,0.0,0.0998,0.2127,0,4,28,28,6,7,0.2143,63,7,0.1111,10,23,0.6,0.8,,,0,2,0,1,0.0,0.0,0,0,1,1,2.0,1.0,,,,0,1618.62,1514.71,103.91,2,46,5,0.1087,46,5,0.1087,1,Saturday,0.4203,0,0,1,0,0,0
2005-01-04_Manchester_United_Tottenham_Hotspur_114,2005-01-04,2004/05,Manchester United,Tottenham Hotspur,Premier League,domestic_league,H,0,0.78,19.9128,7273,113,19,20,981,0.1681,3,2,3,5,0,0,2,4,1,1,0.0,0.2,0.2,0.0,0.2,0.0,0.0699,0.1489,0,5,31,29,6,7,0.2069,64,7,0.1094,10,23,0.6,0.8,,,0,3,1,0,0.3333,0.3333,1,3,0,0,0.0,0.0,,,,0,1625.71,1476.28,149.44,3,47,5,0.1064,64,13,0.2031,1,Tuesday,0.4286,0,0,1,0,0,0
2005-01-08_Manchester_United_Exeter_City_115,2005-01-08,2004/05,Manchester United,Exeter City,FA Cup,domestic_or_other_cup,H,0,0.72,19.9237,7277,114,19,20,981,0.1667,4,2,4,5,0,0,2,4,1,1,0.0,0.2,0.2,0.0,0.2,0.0,0.0489,0.1042,0,6,35,30,6,7,0.2,65,7,0.1077,11,23,0.6,1.0,,,0,0,0,0,,,0,0,0,0,,,,,,0,1621.66,1500.0,121.66,0,5,2,0.4,65,13,0.2,1,Saturday,0.4396,0,0,1,0,0,0
2005-01-12_Manchester_United_Chelsea_116,2005-01-12,2004/05,Manchester United,Chelsea,League Cup,domestic_or_other_cup,A,0,0.72,19.9347,7281,115,19,20,981,0.1652,4,1,3,6,0,0,1,4,1,1,0.0,0.1,0.2,0.0,0.1,0.0,0.0342,0.073,0,7,39,31,6,7,0.1935,66,7,0.1061,11,21,0.6,1.0,,,0,2,0,0,0.0,0.0,0,0,1,1,2.0,1.0,,,,0,1618.29,1513.14,105.16,2,1,0,0.0,47,5,0.1064,1,Wednesday,0.4505,0,0,1,0,0,0
2005-01-15_Manchester_United_Liverpool_117,2005-01-15,2004/05,Manchester United,Liverpool,Premier League,domestic_league,A,0,0.78,19.9429,7284,116,19,20,981,0.1638,3,2,4,6,0,0,1,4,0,1,0.0,0.1,0.2,0.0,0.1,0.0,0.024,0.0511,0,8,42,32,6,7,0.1875,67,7,0.1045,9,19,0.4,1.0,,,0,2,0,0,0.0,0.0,0,1,0,1,1.5,0.5,,,,0,1615.36,1504.45,110.91,2,48,5,0.1042,48,5,0.1042,1,Saturday,0.4588,0,0,1,0,0,0
2005-01-19_Manchester_United_Exeter_City_118,2005-01-19,2004/05,Manchester United,Exeter City,FA Cup,domestic_or_other_cup,A,0,0.72,19.9539,7288,117,19,21,981,0.1624,4,2,3,7,0,0,1,2,1,2,0.0,0.1,0.1,0.0,0.1,0.0,0.0168,0.3357,0,9,46,33,6,8,0.1818,68,7,0.1029,9,19,0.4,1.0,,,0,1,0,0,0.0,0.0,0,0,1,0,1.0,1.0,,,,0,1622.27,1503.37,118.9,1,6,2,0.3333,49,5,0.102,1,Wednesday,0.4698,0,0,1,1,0,1
2005-01-22_Manchester_United_Aston_Villa_119,2005-01-22,2004/05,Manchester United,Aston Villa,Premier League,domestic_league,H,0,0.78,19.9621,7291,118,20,21,980,0.1695,3,2,4,8,1,1,1,3,1,2,0.2,0.1,0.15,0.2,0.1,0.0,0.3117,0.235,1,0,3,34,7,8,0.2059,69,8,0.1159,9,19,0.4,1.0,,,0,3,1,0,0.3333,0.3333,1,3,0,0,0.0,0.0,,,,0,1628.97,1476.58,152.4,3,49,5,0.102,66,13,0.197,1,Saturday,0.478,0,0,1,1,0,1
2005-01-26_Manchester_United_Chelsea_120,2005-01-26,2004/05,Manchester United,Chelsea,League Cup,domestic_or_other_cup,H,0,0.72,19.973,7295,119,21,21,979,0.1765,4,2,4,8,2,2,2,4,1,2,0.4,0.2,0.2,0.4,0.2,0.0,0.5182,0.1645,2,0,4,35,8,8,0.2286,70,9,0.1286,11,22,0.6,1.0,,,0,3,0,0,0.0,0.0,0,0,2,1,1.6667,1.0,,,,0,1634.85,1516.08,118.77,3,2,0,0.0,67,14,0.209,1,Wednesday,0.489,0,0,1,0,0,0
2005-01-29_Manchester_United_Middlesbrough_121,2005-01-29,2004/05,Manchester United,Middlesbrough,FA Cup,domestic_or_other_cup,H,0,0.72,19.9812,7298,120,21,21,979,0.175,3,2,4,8,2,2,2,4,1,2,0.4,0.2,0.2,0.4,0.2,0.0,0.3628,0.1152,0,1,7,36,8,8,0.2222,71,9,0.1268,10,21,0.6,0.8,,,0,3,0,1,0.0,0.0,0,1,1,1,1.3333,0.6667,,,,0,1621.56,1507.62,113.94,3,7,3,0.4286,68,14,0.2059,1,Saturday,0.4973,0,0,1,0,0,0
2005-02-01_Manchester_United_Arsenal_122,2005-02-01,2004/05,Manchester United,Arsenal,Premier League,domestic_league,A,0,0.78,19.9895,7301,121,21,21,979,0.1736,3,2,4,8,1,2,2,4,1,1,0.4,0.2,0.2,0.4,0.2,0.0,0.2539,0.0806,0,2,10,37,8,8,0.2162,72,9,0.125,12,21,0.8,0.8,,,0,3,0,0,0.0,0.0,0,2,1,0,0.3333,0.3333,,,,0,1628.39,1485.41,142.98,3,50,6,0.12,50,6,0.12,2,Tuesday,0.5055,0,0,0,1,1,2
2005-02-05_Manchester_United_Birmingham_City_123,2005-02-05,2004/05,Manchester United,Birmingham City,Premier League,domestic_league,H,0,0.78,20.0004,7305,122,23,21,977,0.1885,4,2,4,8,2,4,4,6,0,1,0.8,0.4,0.3,0.6,0.3,0.1,0.7777,0.0564,1,0,4,38,10,8,0.2632,73,11,0.1507,12,21,0.8,0.8,,,0,2,1,0,0.5,0.5,1,1,1,0,0.5,0.5,,,,0,1634.49,1495.03,139.47,2,51,8,0.1569,69,14,0.2029,2,Saturday,0.5165,0,0,0,0,0,0
2005-02-09_Portugal_Republic_of_Ireland_124,2005-02-09,2004/05,Portugal,Republic of Ireland,International Friendly,international,A,1,0.35,20.0114,7309,123,23,22,977,0.187,4,1,4,8,2,3,4,6,1,2,0.6,0.4,0.3,0.4,0.3,0.1,0.5444,0.3395,0,1,8,39,10,9,0.2564,20,7,0.35,13,25,0.8,1.0,,,0,0,0,0,,,0,0,0,0,,,,,,0,1568.03,1500.0,68.03,0,7,0,0.0,51,8,0.1569,2,Wednesday,0.5275,0,0,0,0,0,0
2005-02-13_Manchester_United_Manchester_City_125,2005-02-13,2004/05,Manchester United,Manchester City,Premier League,domestic_league,A,0,0.78,20.0223,7313,124,23,22,977,0.1855,4,1,3,8,2,2,4,6,1,2,0.4,0.4,0.3,0.2,0.3,0.1,0.3811,0.2377,0,2,12,40,10,9,0.25,74,11,0.1486,12,21,0.8,0.8,,,0,4,1,0,0.25,0.25,1,2,1,1,1.0,0.5,,,,0,1640.68,1498.37,142.31,4,52,8,0.1538,52,8,0.1538,2,Sunday,0.5385,0,0,0,0,0,0
2005-02-19_Manchester_United_Everton_126,2005-02-19,2004/05,Manchester United,Everton,FA Cup,domestic_or_other_cup,A,0,0.72,20.0387,7319,125,23,22,977,0.184,6,1,3,7,0,2,4,5,1,2,0.4,0.4,0.25,0.2,0.3,0.1,0.2668,0.1664,0,3,18,41,10,9,0.2439,75,11,0.1467,12,23,0.8,0.8,,,0,3,0,2,0.0,0.0,0,2,1,0,0.3333,0.3333,,,,0,1646.8,1486.91,159.9,3,8,3,0.375,53,8,0.1509,2,Saturday,0.5549,0,0,0,1,0,1
2005-02-23_Manchester_United_AC_Milan_127,2005-02-23,2004/05,Manchester United,AC Milan,UEFA Champions League,continental_club,H,0,0.94,20.0497,7323,126,24,23,976,0.1905,4,1,3,7,1,3,5,6,2,3,0.6,0.5,0.3,0.4,0.4,0.1,0.4867,0.4164,1,0,4,42,11,10,0.2619,76,12,0.1579,15,25,1.0,1.0,,,0,0,0,0,,,0,0,0,0,,,,,,0,1652.5,1500.0,152.5,0,10,0,0.0,70,14,0.2,2,Wednesday,0.5659,0,0,0,0,0,0
2005-02-26_Manchester_United_Portsmouth_128,2005-02-26,2004/05,Manchester United,Portsmouth,Premier League,domestic_league,H,0,0.78,20.0579,7326,127,24,23,976,0.189,3,2,3,7,1,1,5,6,2,2,0.2,0.5,0.3,0.2,0.4,0.1,0.3407,0.2915,0,1,7,43,11,10,0.2558,77,12,0.1558,12,24,0.8,0.8,,,0,3,1,1,0.3333,0.3333,1,1,0,2,2.0,0.6667,,,,0,1638.37,1515.89,122.48,3,53,8,0.1509,71,14,0.1972,2,Saturday,0.5742,0,0,0,0,0,0
2005-03-05_Manchester_United_Crystal_Palace_129,2005-03-05,2004/05,Manchester United,Crystal Palace,Premier League,domestic_league,A,0,0.78,20.0771,7333,128,24,23,976,0.1875,7,1,3,6,1,1,4,5,1,2,0.2,0.4,0.25,0.2,0.3,0.1,0.2385,0.2041,0,2,14,44,11,10,0.25,78,12,0.1538,12,24,0.8,0.8,,,0,0,0,0,,,0,0,0,0,,,,,,0,1644.98,1500.0,144.98,0,54,8,0.1481,54,9,0.1667,3,Saturday,0.5934,0,0,0,0,0,0
2005-03-08_Manchester_United_AC_Milan_130,2005-03-08,2004/05,Manchester United,AC Milan,UEFA Champions League,continental_club,A,0,0.94,20.0853,7336,129,24,23,976,0.186,3,1,3,6,0,1,3,5,1,2,0.2,0.3,0.25,0.2,0.2,0.1,0.167,0.1428,0,3,17,45,11,10,0.2444,79,12,0.1519,10,22,0.6,0.8,,,0,1,0,0,0.0,0.0,0,0,0,1,3.0,1.0,,,,0,1641.04,1514.13,126.91,1,11,0,0.0,55,9,0.1636,3,Tuesday,0.6016,0,0,0,0,0,0
2005-03-12_Manchester_United_Southampton_131,2005-03-12,2004/05,Manchester United,Southampton,FA Cup,domestic_or_other_cup,A,0,0.72,20.0962,7340,130,24,23,976,0.1846,4,2,3,6,0,1,3,5,1,2,0.2,0.3,0.25,0.2,0.2,0.1,0.1169,0.1,0,4,21,46,11,10,0.2391,80,12,0.15,7,19,0.4,0.6,,,0,3,1,0,0.3333,0.3333,1,2,0,1,1.0,0.3333,,,,0,1627.54,1495.39,132.15,3,9,4,0.4444,56,9,0.1607,3,Saturday,0.6126,0,0,0,1,0,1
2005-03-19_Manchester_United_Fulham_132,2005-03-19,2004/05,Manchester United,Fulham,Premier League,domestic_league,H,0,0.78,20.1154,7347,131,25,23,975,0.1908,7,1,3,6,1,1,4,6,0,2,0.2,0.4,0.3,0.2,0.3,0.1,0.3818,0.07,1,0,7,47,12,10,0.2553,81,13,0.1605,7,22,0.4,0.6,,,0,4,0,2,0.0,0.0,0,1,2,1,1.25,0.75,,,,0,1633.91,1506.47,127.44,4,55,8,0.1455,72,14,0.1944,3,Saturday,0.6319,0,0,0,1,0,1
2005-03-26_Portugal_Canada_133,2005-03-26,2004/05,Portugal,Canada,International Friendly,international,H,1,0.35,20.1346,7354,132,26,23,974,0.197,7,1,2,5,2,2,3,7,0,2,0.4,0.3,0.35,0.4,0.3,0.0,0.5673,0.049,2,0,7,48,13,10,0.2708,21,7,0.3333,10,22,0.6,0.8,,,0,0,0,0,,,0,0,0,0,,,,,,0,1556.1,1500.0,56.1,0,8,0,0.0,73,15,0.2055,3,Saturday,0.6511,0,0,0,0,0,0
2005-03-30_Portugal_Slovakia_134,2005-03-30,2004/05,Portugal,Slovakia,World Cup - Qualification Europe,international,A,1,0.76,20.1455,7358,133,26,23,974,0.1955,4,1,2,5,2,2,3,7,0,1,0.4,0.3,0.35,0.4,0.3,0.0,0.3971,0.0343,0,1,11,49,13,10,0.2653,22,7,0.3182,10,22,0.6,0.8,,,0,0,0,0,,,0,0,0,0,,,,,,0,1564.5,1500.0,64.5,0,5,5,1.0,57,10,0.1754,3,Wednesday,0.6621,0,0,0,0,0,0
2005-04-02_Manchester_United_Blackburn_Rovers_135,2005-04-02,2004/05,Manchester United,Blackburn Rovers,Premier League,domestic_league,H,0,0.78,20.1537,7361,134,26,23,974,0.194,3,2,3,6,1,2,3,7,0,1,0.4,0.3,0.35,0.4,0.3,0.0,0.278,0.024,0,2,14,50,13,10,0.26,82,14,0.1707,10,22,0.6,0.8,,,0,2,0,0,0.0,0.0,0,1,1,0,0.5,0.5,,,,0,1640.4,1493.98,146.42,2,56,9,0.1607,74,15,0.2027,4,Saturday,0.6703,0,0,0,0,0,0
2005-04-09_Manchester_United_Norwich_City_136,2005-04-09,2004/05,Manchester United,Norwich City,Premier League,domestic_league,A,0,0.78,20.1729,7368,135,26,23,974,0.1926,7,1,3,5,0,2,3,7,0,1,0.4,0.3,0.35,0.4,0.3,0.0,0.1946,0.0168,0,3,21,51,13,10,0.2549,83,14,0.1687,8,20,0.4,0.8,,,0,1,0,0,0.0,0.0,0,1,0,0,0.0,0.0,,,,0,1636.42,1492.37,144.05,1,57,9,0.1579,58,10,0.1724,4,Saturday,0.6896,0,0,0,0,0,0
2005-04-17_Manchester_United_Newcastle_United_137,2005-04-17,2004/05,Manchester United,Newcastle United,FA Cup,domestic_or_other_cup,N,0,0.72,20.1948,7376,136,26,23,974,0.1912,8,0,1,5,0,1,2,7,0,0,0.2,0.2,0.35,0.2,0.2,0.0,0.1362,0.0118,0,4,29,52,13,10,0.25,84,14,0.1667,7,17,0.4,0.6,,,0,2,0,0,0.0,0.0,0,2,0,0,0.0,0.0,,,,0,1622.49,1483.16,139.33,2,10,5,0.5,2,1,0.5,4,Sunday,0.7115,0,0,0,1,0,1
2005-04-20_Manchester_United_Everton_138,2005-04-20,2004/05,Manchester United,Everton,Premier League,domestic_league,A,0,0.78,20.203,7379,137,27,25,973,0.1971,3,1,2,5,1,1,3,8,2,2,0.2,0.3,0.4,0.2,0.3,0.0,0.3953,0.6082,1,0,3,53,14,12,0.2642,85,15,0.1765,10,17,0.6,0.8,,,0,4,1,3,0.25,0.25,1,3,1,0,0.25,0.25,,,,0,1628.68,1481.21,147.48,4,58,9,0.1552,59,10,0.1695,4,Wednesday,0.7198,0,0,0,0,0,0
2005-04-24_Manchester_United_Newcastle_United_139,2005-04-24,2004/05,Manchester United,Newcastle United,Premier League,domestic_league,H,0,0.78,20.214,7383,138,27,25,973,0.1957,4,2,2,6,1,1,3,7,2,2,0.2,0.3,0.35,0.2,0.3,0.0,0.2767,0.4258,0,1,7,54,14,12,0.2593,86,15,0.1744,7,14,0.4,0.6,,,0,3,1,2,0.3333,0.3333,1,3,0,0,0.0,0.0,,,,0,1614.68,1476.97,137.71,3,59,9,0.1525,75,15,0.2,4,Sunday,0.7308,0,0,0,0,0,0
2005-05-07_Manchester_United_West_Bromwich_Albion_140,2005-05-07,2004/05,Manchester United,West Bromwich Albion,Premier League,domestic_league,H,0,0.78,20.2496,7396,139,27,25,973,0.1942,13,0,1,4,1,1,3,6,2,2,0.2,0.3,0.3,0.2,0.3,0.0,0.1937,0.298,0,2,20,55,14,12,0.2545,87,15,0.1724,7,17,0.4,0.6,,,0,2,0,0,0.0,0.0,0,1,0,1,1.5,0.5,,,,0,1620.91,1503.85,117.06,2,60,9,0.15,76,15,0.1974,5,Saturday,0.7665,0,0,0,0,0,0
2005-05-10_Manchester_United_Chelsea_141,2005-05-10,2004/05,Manchester United,Chelsea,Premier League,domestic_league,H,0,0.78,20.2578,7399,140,27,25,973,0.1929,3,1,1,4,0,1,3,6,2,2,0.2,0.3,0.3,0.2,0.3,0.0,0.1356,0.2086,0,3,23,56,14,12,0.25,88,15,0.1705,7,15,0.4,0.6,,,0,4,0,0,0.0,0.0,0,0,2,2,2.0,1.0,,,,0,1617.66,1529.37,88.29,4,61,9,0.1475,77,15,0.1948,5,Tuesday,0.7747,0,0,0,0,0,0
2005-05-21_Manchester_United_Arsenal_142,2005-05-21,2004/05,Manchester United,Arsenal,FA Cup,domestic_or_other_cup,N,0,0.72,20.2879,7410,141,27,25,973,0.1915,11,0,2,3,0,1,2,6,2,2,0.2,0.2,0.3,0.2,0.2,0.0,0.0949,0.146,0,4,34,57,14,12,0.2456,89,15,0.1685,7,14,0.4,0.6,,,0,4,2,0,0.5,0.25,2,3,1,0,0.25,0.25,,,,0,1605.17,1479.31,125.87,4,11,6,0.5455,3,2,0.6667,5,Saturday,0.8049,0,1,0,0,0,0
2005-06-04_Portugal_Slovakia_143,2005-06-04,2004/05,Portugal,Slovakia,World Cup - Qualification Europe,international,H,1,0.76,20.3262,7424,142,27,25,973,0.1901,14,0,1,3,0,0,1,4,0,2,0.0,0.1,0.2,0.0,0.1,0.0,0.0664,0.1022,0,5,48,58,14,12,0.2414,23,7,0.3043,10,20,0.6,0.8,,,0,1,0,0,0.0,0.0,0,0,1,0,1.0,1.0,,,,0,1562.66,1501.84,60.83,1,6,5,0.8333,78,15,0.1923,6,Saturday,0.8434,0,1,0,1,0,1
2005-06-08_Portugal_Estonia_144,2005-06-08,2004/05,Portugal,Estonia,World Cup - Qualification Europe,international,A,1,0.76,20.3372,7428,143,28,25,972,0.1958,4,1,1,3,1,1,2,5,0,2,0.2,0.2,0.25,0.2,0.2,0.0,0.3465,0.0716,1,0,4,59,15,12,0.2542,24,8,0.3333,10,20,0.6,0.8,,,0,1,1,2,1.0,1.0,1,1,0,0,0.0,0.0,,,,0,1570.93,1491.28,79.65,1,7,6,0.8571,60,10,0.1667,6,Wednesday,0.8544,0,1,0,1,0,1
2005-08-09_Manchester_United_Debrecen_145,2005-08-09,2005/06,Manchester United,Debrecen,Champions League Qualifying,continental_club,H,0,0.72,20.5069,7490,144,29,25,971,0.2014,62,0,0,0,2,2,3,6,0,2,0.4,0.3,0.3,0.4,0.3,0.0,0.5426,0.0501,2,0,62,0,0,0,,90,15,0.1667,4,14,0.2,0.4,,,0,0,0,0,,,0,0,0,0,,,,,,0,1591.7,1500.0,91.7,0,2,0,0.0,79,16,0.2025,8,Tuesday,0.022,1,0,0,1,0,1
2005-08-20_Manchester_United_Aston_Villa_146,2005-08-20,2005/06,Manchester United,Aston Villa,Premier League,domestic_league,H,0,0.78,20.537,7501,145,30,25,970,0.2069,11,0,1,1,3,3,4,7,0,2,0.6,0.4,0.35,0.6,0.4,0.0,0.6798,0.0351,3,0,11,1,1,0,1.0,91,16,0.1758,7,14,0.4,0.6,,,0,4,2,0,0.5,0.5,2,4,0,0,0.0,0.0,,,,0,1599.12,1470.7,128.42,4,62,9,0.1452,80,17,0.2125,8,Saturday,0.0522,1,0,0,0,0,0
2005-08-24_Manchester_United_Debrecen_147,2005-08-24,2005/06,Manchester United,Debrecen,Champions League Qualifying,continental_club,A,0,0.72,20.548,7505,146,30,25,970,0.2055,4,1,1,2,2,3,4,6,0,2,0.6,0.4,0.3,0.6,0.4,0.0,0.4759,0.0245,0,1,15,2,1,0,0.5,92,16,0.1739,7,14,0.4,0.6,,,0,1,1,0,1.0,1.0,1,1,0,0,0.0,0.0,,,,0,1605.59,1492.58,113.01,1,3,1,0.3333,61,11,0.1803,8,Wednesday,0.0632,1,0,0,0,0,0
2005-08-28_Manchester_United_Newcastle_United_148,2005-08-28,2005/06,Manchester United,Newcastle United,Premier League,domestic_league,A,0,0.78,20.5589,7509,147,30,26,970,0.2041,4,1,2,3,1,3,3,6,1,1,0.6,0.3,0.3,0.6,0.3,0.0,0.3331,0.3172,0,2,19,3,1,1,0.3333,93,16,0.172,9,16,0.6,0.6,,,0,4,1,2,0.25,0.25,1,4,0,0,0.0,0.0,,,,0,1612.44,1470.74,141.7,4,63,9,0.1429,62,11,0.1774,8,Sunday,0.0742,1,0,0,0,0,0
2005-09-03_Portugal_Luxembourg_149,2005-09-03,2005/06,Portugal,Luxembourg,World Cup - Qualification Europe,international,H,1,0.76,20.5754,7515,148,30,26,970,0.2027,6,1,3,4,0,2,3,6,1,1,0.4,0.3,0.3,0.4,0.3,0.0,0.2332,0.222,0,3,25,4,1,1,0.25,25,9,0.36,10,23,0.6,0.8,,,0,2,1,0,0.5,0.5,1,2,0,0,0.0,0.0,,,,0,1578.67,1481.99,96.68,2,8,7,0.875,81,17,0.2099,9,Saturday,0.0907,1,0,0,0,0,0
2005-09-07_Portugal_Russia_150,2005-09-07,2005/06,Portugal,Russia,World Cup - Qualification Europe,international,A,1,0.76,20.5863,7519,149,30,26,970,0.2013,4,1,3,5,0,1,3,6,1,1,0.2,0.3,0.3,0.2,0.3,0.0,0.1632,0.1554,0,4,29,5,1,1,0.2,26,9,0.3462,13,23,0.8,1.0,,,0,2,2,2,1.0,0.5,2,2,0,0,0.0,0.0,,,,0,1585.96,1482.02,103.94,2,9,7,0.7778,63,11,0.1746,9,Wednesday,0.1016,1,0,0,0,0,0
2005-09-14_Manchester_United_Villarreal_151,2005-09-14,2005/06,Manchester United,Villarreal,UEFA Champions League,continental_club,A,0,0.94,20.6055,7526,150,30,26,970,0.2,7,1,2,5,0,0,3,6,1,1,0.0,0.3,0.3,0.0,0.3,0.0,0.1143,0.1088,0,5,36,6,1,1,0.1667,94,16,0.1702,12,19,0.8,0.8,,,0,0,0,0,,,0,0,0,0,,,,,,0,1618.58,1500.0,118.58,0,12,0,0.0,64,11,0.1719,9,Wednesday,0.1209,1,0,0,0,0,0
2005-09-18_Manchester_United_Liverpool_152,2005-09-18,2005/06,Manchester United,Liverpool,Premier League,domestic_league,A,0,0.78,20.6164,7530,151,30,26,970,0.1987,4,1,2,6,0,0,3,5,1,1,0.0,0.3,0.25,0.0,0.3,0.0,0.08,0.0762,0,6,40,7,1,1,0.1429,95,16,0.1684,13,17,0.8,1.0,,,0,3,0,1,0.0,0.0,0,2,0,1,1.0,0.3333,,,,0,1615.29,1497.53,117.76,3,64,9,0.1406,65,11,0.1692,9,Sunday,0.1319,1,0,0,0,0,0
2005-09-24_Manchester_United_Blackburn_Rovers_153,2005-09-24,2005/06,Manchester United,Blackburn Rovers,Premier League,domestic_league,H,0,0.78,20.6329,7536,152,30,26,970,0.1974,6,1,2,5,0,0,3,4,0,1,0.0,0.3,0.2,0.0,0.3,0.0,0.056,0.0533,0,7,46,8,1,1,0.125,96,16,0.1667,11,18,0.6,1.0,,,0,3,0,0,0.0,0.0,0,1,2,0,0.6667,0.6667,,,,0,1612.02,1497.96,114.06,3,65,9,0.1385,82,17,0.2073,9,Saturday,0.1484,1,0,0,0,0,0
2005-09-27_Manchester_United_Benfica_154,2005-09-27,2005/06,Manchester United,Benfica,UEFA Champions League,continental_club,H,0,0.94,20.6411,7539,153,30,26,970,0.1961,3,1,3,6,0,0,2,4,0,1,0.0,0.2,0.2,0.0,0.2,0.0,0.0392,0.0373,0,8,49,9,1,1,0.1111,97,16,0.1649,8,15,0.4,0.8,,,0,1,0,0,0.0,0.0,0,0,0,1,3.0,1.0,,,,0,1598.85,1511.34,87.52,1,13,0,0.0,83,17,0.2048,9,Tuesday,0.1566,1,0,0,0,0,0
2005-10-01_Manchester_United_Fulham_155,2005-10-01,2005/06,Manchester United,Fulham,Premier League,domestic_league,A,0,0.78,20.652,7543,154,30,26,970,0.1948,4,2,3,6,0,0,1,4,0,1,0.0,0.1,0.2,0.0,0.1,0.0,0.0274,0.0261,0,9,53,10,1,1,0.1,98,16,0.1633,8,17,0.4,0.8,,,0,5,1,2,0.2,0.2,1,2,2,1,1.0,0.6,,,,0,1606.39,1499.98,106.41,5,66,9,0.1364,66,11,0.1667,10,Saturday,0.1676,1,0,0,0,0,0
2005-10-08_Portugal_Liechtenstein_156,2005-10-08,2005/06,Portugal,Liechtenstein,World Cup - Qualification Europe,international,H,1,0.76,20.6712,7550,155,30,26,970,0.1935,7,1,3,5,0,0,0,4,0,1,0.0,0.0,0.2,0.0,0.0,0.0,0.0192,0.0183,0,10,60,11,1,1,0.0909,27,9,0.3333,11,21,0.6,1.0,,,0,1,0,0,0.0,0.0,0,0,1,0,1.0,1.0,,,,0,1583.06,1501.52,81.53,1,10,7,0.7,84,17,0.2024,10,Saturday,0.1868,1,0,0,0,0,0
2005-10-12_Portugal_Latvia_157,2005-10-12,2005/06,Portugal,Latvia,World Cup - Qualification Europe,international,H,1,0.76,20.6821,7554,156,30,27,970,0.1923,4,1,2,6,0,0,0,4,1,2,0.0,0.0,0.2,0.0,0.0,0.0,0.0134,0.3128,0,11,64,12,1,2,0.0833,28,9,0.3214,13,23,0.8,1.0,,,0,1,1,1,1.0,1.0,1,1,0,0,0.0,0.0,,,,0,1590.75,1491.02,99.73,1,11,7,0.6364,85,17,0.2,10,Wednesday,0.1978,1,0,0,0,0,0
2005-10-15_Manchester_United_Sunderland_158,2005-10-15,2005/06,Manchester United,Sunderland,Premier League,domestic_league,A,0,0.78,20.6904,7557,157,30,27,970,0.1911,3,2,3,6,0,0,0,3,1,1,0.0,0.0,0.15,0.0,0.0,0.0,0.0094,0.219,0,12,67,13,1,2,0.0769,99,16,0.1616,8,20,0.4,0.8,,,0,0,0,0,,,0,0,0,0,,,,,,0,1613.42,1500.0,113.42,0,67,9,0.1343,67,11,0.1642,10,Saturday,0.206,0,0,0,0,0,0
2005-10-18_Manchester_United_Lille_159,2005-10-18,2005/06,Manchester United,Lille,UEFA Champions League,continental_club,H,0,0.94,20.6986,7560,158,30,27,970,0.1899,3,2,3,7,0,0,0,3,1,1,0.0,0.0,0.15,0.0,0.0,0.0,0.0066,0.1533,0,13,70,14,1,2,0.0714,100,16,0.16,10,23,0.6,0.8,,,0,0,0,0,,,0,0,0,0,,,,,,0,1620.26,1500.0,120.26,0,14,0,0.0,86,17,0.1977,10,Tuesday,0.2143,0,0,0,0,0,0
2005-10-22_Manchester_United_Tottenham_Hotspur_160,2005-10-22,2005/06,Manchester United,Tottenham Hotspur,Premier League,domestic_league,H,0,0.78,20.7095,7564,159,30,27,970,0.1887,4,2,4,7,0,0,0,3,1,1,0.0,0.0,0.15,0.0,0.0,0.0,0.0046,0.1073,0,14,74,15,1,2,0.0667,101,16,0.1584,10,21,0.6,0.8,,,0,4,1,0,0.25,0.25,1,3,1,0,0.25,0.25,,,,0,1616.93,1480.33,136.6,4,68,9,0.1324,87,17,0.1954,10,Saturday,0.2253,0,0,0,0,0,0
2005-10-29_Manchester_United_Middlesbrough_161,2005-10-29,2005/06,Manchester United,Middlesbrough,Premier League,domestic_league,A,0,0.78,20.7287,7571,160,30,27,970,0.1875,7,1,3,6,0,0,0,3,1,1,0.0,0.0,0.15,0.0,0.0,0.0,0.0032,0.0751,0,15,81,16,1,2,0.0625,102,16,0.1569,11,19,0.6,1.0,,,0,4,0,1,0.0,0.0,0,2,1,1,1.0,0.5,,,,0,1613.19,1500.78,112.41,4,69,9,0.1304,68,11,0.1618,10,Saturday,0.2445,0,0,0,1,0,1
2005-11-02_Manchester_United_Lille_162,2005-11-02,2005/06,Manchester United,Lille,UEFA Champions League,continental_club,A,0,0.94,20.7396,7575,161,31,27,969,0.1925,4,1,2,6,1,1,1,4,0,1,0.2,0.1,0.2,0.2,0.1,0.0,0.3023,0.0526,1,0,4,17,2,2,0.1176,103,17,0.165,8,16,0.4,0.8,,,0,1,0,0,0.0,0.0,0,0,1,0,1.0,1.0,,,,0,1600.07,1503.33,96.74,1,15,0,0.0,69,12,0.1739,11,Wednesday,0.2555,0,0,0,0,0,0
2005-11-06_Manchester_United_Chelsea_163,2005-11-06,2005/06,Manchester United,Chelsea,Premier League,domestic_league,H,0,0.78,20.7506,7579,162,31,27,969,0.1914,4,1,2,7,1,1,1,4,0,1,0.2,0.1,0.2,0.2,0.1,0.0,0.2116,0.0368,0,1,8,18,2,2,0.1111,104,17,0.1635,5,13,0.2,0.6,,,0,5,0,0,0.0,0.0,0,0,2,3,2.2,1.0,,,,0,1587.35,1541.86,45.5,5,70,10,0.1429,88,17,0.1932,11,Sunday,0.2665,0,0,0,0,0,0
2005-11-12_Portugal_Croatia_164,2005-11-12,2005/06,Portugal,Croatia,International Friendly,international,H,1,0.35,20.767,7585,163,31,28,969,0.1902,6,1,3,6,1,1,1,3,1,2,0.2,0.1,0.15,0.2,0.1,0.0,0.1481,0.3258,0,2,14,19,2,3,0.1053,29,9,0.3103,13,23,0.8,1.0,,,0,0,0,0,,,0,0,0,0,,,,,,0,1597.96,1500.0,97.96,0,9,0,0.0,89,17,0.191,11,Saturday,0.283,0,0,0,0,0,0
2005-11-15_Portugal_Northern_Ireland_165,2005-11-15,2005/06,Portugal,Northern Ireland,International Friendly,international,A,1,0.35,20.7752,7588,164,31,29,969,0.189,3,1,3,6,0,1,1,2,2,3,0.2,0.1,0.1,0.2,0.1,0.0,0.1037,0.528,0,3,17,20,2,4,0.1,30,9,0.3,13,23,0.8,1.0,,,0,0,0,0,,,0,0,0,0,,,,,,0,1605.21,1500.0,105.21,0,10,0,0.0,70,12,0.1714,11,Tuesday,0.2912,0,0,0,0,0,0
2005-11-19_Manchester_United_Charlton_Athletic_166,2005-11-19,2005/06,Manchester United,Charlton Athletic,Premier League,domestic_league,A,0,0.78,20.7862,7592,165,31,29,969,0.1879,4,2,3,6,0,1,1,1,2,3,0.2,0.1,0.05,0.2,0.1,0.0,0.0726,0.3696,0,4,21,21,2,4,0.0952,105,17,0.1619,5,15,0.2,0.6,,,0,2,0,0,0.0,0.0,0,2,0,0,0.0,0.0,,,,0,1596.05,1482.9,113.15,2,71,10,0.1408,71,12,0.169,11,Saturday,0.3022,0,0,0,0,0,0
2005-11-22_Manchester_United_Villarreal_167,2005-11-22,2005/06,Manchester United,Villarreal,UEFA Champions League,continental_club,H,0,0.94,20.7944,7595,166,31,29,969,0.1867,3,2,3,6,0,0,1,1,2,2,0.0,0.1,0.05,0.0,0.1,0.0,0.0508,0.2587,0,5,24,22,2,4,0.0909,106,17,0.1604,7,17,0.4,0.6,,,0,1,0,0,0.0,0.0,0,0,1,0,1.0,1.0,,,,0,1602.9,1503.29,99.62,1,16,0,0.0,90,17,0.1889,11,Tuesday,0.3104,0,0,0,0,0,0
2005-11-30_Manchester_United_West_Bromwich_Albion_168,2005-11-30,2005/06,Manchester United,West Bromwich Albion,League Cup,domestic_or_other_cup,H,0,0.72,20.8163,7603,167,31,29,969,0.1856,8,0,2,6,0,0,1,1,2,2,0.0,0.1,0.05,0.0,0.1,0.0,0.0356,0.1811,0,6,32,23,2,4,0.087,107,17,0.1589,7,18,0.4,0.6,,,0,3,0,0,0.0,0.0,0,1,1,1,1.3333,0.6667,,,,0,1600.11,1507.1,93.01,3,3,0,0.0,91,17,0.1868,11,Wednesday,0.3324,0,0,0,1,0,1
2005-12-03_Manchester_United_Portsmouth_169,2005-12-03,2005/06,Manchester United,Portsmouth,Premier League,domestic_league,H,0,0.78,20.8245,7606,168,32,29,968,0.1905,3,1,3,6,1,1,2,2,1,2,0.2,0.2,0.1,0.2,0.2,0.0,0.3249,0.1268,1,0,3,24,3,4,0.125,108,18,0.1667,10,18,0.6,0.8,,,0,4,1,1,0.25,0.25,0,2,0,2,1.5,0.5,,,,0,1607.5,1509.28,98.22,4,72,10,0.1389,92,18,0.1957,12,Saturday,0.3407,0,0,1,0,0,0
2005-12-07_Manchester_United_Benfica_170,2005-12-07,2005/06,Manchester United,Benfica,UEFA Champions League,continental_club,A,0,0.94,20.8355,7610,169,32,30,968,0.1893,4,2,2,6,1,1,2,2,1,3,0.2,0.2,0.1,0.2,0.2,0.0,0.2274,0.3887,0,1,7,25,3,5,0.12,109,18,0.1651,13,18,0.8,1.0,,,0,2,0,0,0.0,0.0,0,1,0,1,1.5,0.5,,,,0,1614.74,1503.8,110.94,2,17,0,0.0,72,12,0.1667,12,Wednesday,0.3516,0,0,1,0,0,0
2005-12-11_Manchester_United_Everton_171,2005-12-11,2005/06,Manchester United,Everton,Premier League,domestic_league,H,0,0.78,20.8464,7614,170,32,30,968,0.1882,4,1,3,7,1,1,2,2,1,3,0.2,0.2,0.1,0.2,0.2,0.0,0.1592,0.2721,0,2,11,26,3,5,0.1154,110,18,0.1636,10,15,0.6,0.8,,,0,5,1,3,0.2,0.2,1,3,1,1,0.8,0.4,,,,0,1601.65,1495.22,106.44,5,73,10,0.137,93,18,0.1935,12,Sunday,0.3626,0,0,1,0,0,0
2005-12-14_Manchester_United_Wigan_Athletic_172,2005-12-14,2005/06,Manchester United,Wigan Athletic,Premier League,domestic_league,H,0,0.78,20.8546,7617,171,32,30,968,0.1871,3,2,4,7,0,1,1,2,1,3,0.2,0.1,0.1,0.2,0.1,0.0,0.1114,0.1905,0,3,14,27,3,5,0.1111,111,18,0.1622,8,15,0.4,0.8,,,0,0,0,0,,,0,0,0,0,,,,,,0,1598.68,1500.0,98.68,0,74,10,0.1351,94,18,0.1915,12,Wednesday,0.3709,0,0,1,0,0,0
2005-12-17_Manchester_United_Aston_Villa_173,2005-12-17,2005/06,Manchester United,Aston Villa,Premier League,domestic_league,A,0,0.78,20.8629,7620,172,32,30,968,0.186,3,2,4,7,0,1,1,2,1,3,0.2,0.1,0.1,0.2,0.1,0.0,0.078,0.1333,0,4,17,28,3,5,0.1071,112,18,0.1607,10,17,0.6,0.8,,,0,5,2,0,0.4,0.4,1,5,0,0,0.0,0.0,,,,0,1605.92,1464.24,141.68,5,75,10,0.1333,73,12,0.1644,12,Saturday,0.3791,0,0,1,0,0,0
2005-12-20_Manchester_United_Birmingham_City_174,2005-12-20,2005/06,Manchester United,Birmingham City,League Cup,domestic_or_other_cup,A,0,0.72,20.8711,7623,173,32,30,968,0.185,3,2,4,7,0,0,1,2,1,2,0.0,0.1,0.1,0.0,0.1,0.0,0.0546,0.0933,0,5,20,29,3,5,0.1034,113,18,0.1593,10,20,0.6,0.8,,,0,3,1,1,0.3333,0.3333,1,2,1,0,0.3333,0.3333,,,,0,1612.05,1488.84,123.21,3,4,1,0.25,74,12,0.1622,12,Tuesday,0.3874,0,0,1,0,0,0
2005-12-28_Manchester_United_Birmingham_City_175,2005-12-28,2005/06,Manchester United,Birmingham City,Premier League,domestic_league,A,0,0.78,20.893,7631,174,32,31,968,0.1839,8,0,3,7,0,0,1,2,1,2,0.0,0.1,0.1,0.0,0.1,0.0,0.0382,0.3653,0,6,28,30,3,6,0.1,114,18,0.1579,10,23,0.6,0.8,,,0,4,1,2,0.25,0.25,0,3,1,0,0.25,0.25,,,,0,1618.65,1482.24,136.4,4,76,10,0.1316,75,12,0.16,12,Wednesday,0.4093,0,0,1,0,0,0
2005-12-31_Manchester_United_Bolton_Wanderers_176,2005-12-31,2005/06,Manchester United,Bolton Wanderers,Premier League,domestic_league,H,0,0.78,20.9012,7634,175,32,31,968,0.1829,3,1,3,7,0,0,1,2,1,2,0.0,0.1,0.1,0.0,0.1,0.0,0.0268,0.2557,0,7,31,31,3,6,0.0968,115,18,0.1565,11,21,0.6,1.0,,,0,3,0,1,0.0,0.0,0,2,1,0,0.3333,0.3333,,,,0,1614.91,1486.0,128.91,3,77,10,0.1299,95,18,0.1895,12,Saturday,0.4176,0,0,1,1,1,2
2006-01-03_Manchester_United_Arsenal_177,2006-01-03,2005/06,Manchester United,Arsenal,Premier League,domestic_league,A,0,0.78,20.9094,7637,176,34,31,966,0.1932,3,2,3,7,2,2,3,4,1,2,0.4,0.3,0.2,0.2,0.2,0.1,0.6187,0.179,1,0,3,32,5,6,0.1562,116,20,0.1724,13,21,0.8,1.0,,,0,5,2,0,0.4,0.2,2,3,1,1,0.8,0.4,,,,0,1621.36,1492.78,128.58,5,78,12,0.1538,76,12,0.1579,1,Tuesday,0.4258,0,0,1,0,0,0
2006-01-08_Manchester_United_Burton_Albion_178,2006-01-08,2005/06,Manchester United,Burton Albion,FA Cup,domestic_or_other_cup,A,0,0.72,20.9231,7642,177,34,31,966,0.1921,5,1,3,7,2,2,3,4,1,2,0.4,0.3,0.2,0.2,0.2,0.1,0.4331,0.1253,0,1,8,33,5,6,0.1515,117,20,0.1709,11,21,0.6,1.0,,,0,0,0,0,,,0,0,0,0,,,,,,0,1617.82,1500.0,117.82,0,12,6,0.5,77,12,0.1558,1,Sunday,0.4396,0,0,1,0,0,0
2006-01-11_Manchester_United_Blackburn_Rovers_179,2006-01-11,2005/06,Manchester United,Blackburn Rovers,League Cup,domestic_or_other_cup,A,0,0.72,20.9313,7645,178,34,31,966,0.191,3,1,4,7,2,2,2,4,1,2,0.4,0.2,0.2,0.2,0.1,0.1,0.3032,0.0877,0,2,11,34,5,6,0.1471,118,20,0.1695,9,19,0.4,1.0,,,0,4,0,0,0.0,0.0,0,1,2,1,1.25,0.75,,,,0,1614.55,1511.13,103.42,4,5,1,0.2,78,12,0.1538,1,Wednesday,0.4478,0,0,1,0,0,0
2006-01-14_Manchester_United_Manchester_City_180,2006-01-14,2005/06,Manchester United,Manchester City,Premier League,domestic_league,A,0,0.78,20.9395,7648,179,34,31,966,0.1899,3,2,4,7,0,2,2,4,0,1,0.4,0.2,0.2,0.2,0.1,0.1,0.2122,0.0614,0,3,14,35,5,6,0.1429,119,20,0.1681,7,17,0.2,1.0,,,0,5,1,0,0.2,0.2,0,3,1,1,0.8,0.4,,,,0,1611.66,1492.25,119.41,5,79,12,0.1519,79,12,0.1519,1,Saturday,0.456,0,0,1,0,0,0
2006-02-01_Manchester_United_Blackburn_Rovers_181,2006-02-01,2005/06,Manchester United,Blackburn Rovers,Premier League,domestic_league,A,0,0.78,20.9888,7666,180,34,31,966,0.1889,18,0,0,4,0,2,2,4,0,1,0.4,0.2,0.2,0.2,0.1,0.1,0.1486,0.043,0,4,32,36,5,6,0.1389,120,20,0.1667,6,17,0.2,0.8,,,0,5,0,0,0.0,0.0,0,1,3,1,1.2,0.8,,,,0,1598.35,1514.02,84.33,5,80,12,0.15,80,12,0.15,2,Wednesday,0.5055,0,0,0,0,0,0
2006-02-04_Manchester_United_Fulham_182,2006-02-04,2005/06,Manchester United,Fulham,Premier League,domestic_league,H,0,0.78,20.997,7669,181,34,32,966,0.1878,3,1,1,4,0,0,2,3,1,2,0.0,0.2,0.15,0.0,0.1,0.1,0.104,0.3301,0,5,35,37,5,7,0.1351,121,20,0.1653,3,16,0.0,0.6,,,0,6,1,2,0.1667,0.1667,1,3,2,1,0.8333,0.5,,,,0,1585.97,1492.95,93.02,6,81,12,0.1481,96,20,0.2083,2,Saturday,0.5137,0,0,0,1,1,2
2006-02-11_Manchester_United_Portsmouth_183,2006-02-11,2005/06,Manchester United,Portsmouth,Premier League,domestic_league,A,0,0.78,21.0162,7676,182,36,32,964,0.1978,7,1,2,3,2,2,4,5,1,2,0.4,0.4,0.25,0.2,0.2,0.2,0.6728,0.2311,1,0,7,38,7,7,0.1842,122,22,0.1803,5,16,0.2,0.6,,,0,5,1,2,0.2,0.2,0,3,0,2,1.2,0.4,,,,0,1593.36,1502.03,91.33,5,82,14,0.1707,81,12,0.1481,2,Saturday,0.533,0,0,0,1,1,2
2006-02-18_Manchester_United_Liverpool_184,2006-02-18,2005/06,Manchester United,Liverpool,FA Cup,domestic_or_other_cup,A,0,0.72,21.0353,7683,183,38,32,962,0.2077,7,1,2,3,4,4,6,7,1,2,0.8,0.6,0.35,0.4,0.3,0.3,1.071,0.1617,2,0,7,39,9,7,0.2308,123,24,0.1951,7,16,0.4,0.6,,,0,4,0,1,0.0,0.0,0,2,1,1,1.0,0.5,,,,0,1600.79,1500.8,99.99,4,13,6,0.4615,82,14,0.1707,2,Saturday,0.5522,0,0,0,0,0,0
2006-02-26_Manchester_United_Wigan_Athletic_185,2006-02-26,2005/06,Manchester United,Wigan Athletic,League Cup,domestic_or_other_cup,N,0,0.72,21.0572,7691,184,38,32,962,0.2065,8,0,1,4,4,4,6,7,1,1,0.8,0.6,0.35,0.4,0.3,0.3,0.7497,0.1132,0,1,15,40,9,7,0.225,124,24,0.1935,6,13,0.4,0.4,,,0,1,0,0,0.0,0.0,0,1,0,0,0.0,0.0,,,,0,1587.99,1492.77,95.22,1,6,1,0.1667,4,2,0.5,2,Sunday,0.5742,0,0,0,1,0,1
2006-03-01_Portugal_Saudi_Arabia_186,2006-03-01,2005/06,Portugal,Saudi Arabia,International Friendly,international,N,1,0.35,21.0655,7694,185,39,32,961,0.2108,3,1,2,5,3,5,7,8,1,1,1.0,0.7,0.4,0.6,0.4,0.3,0.8248,0.0793,1,0,3,41,10,7,0.2439,31,9,0.2903,11,24,0.6,1.0,,,0,0,0,0,,,0,0,0,0,,,,,,0,1602.27,1500.0,102.27,0,11,0,0.0,5,3,0.6,3,Wednesday,0.5824,0,0,0,1,1,2
2006-03-06_Manchester_United_Wigan_Athletic_187,2006-03-06,2005/06,Manchester United,Wigan Athletic,Premier League,domestic_league,A,0,0.78,21.0791,7699,186,41,32,959,0.2204,5,1,2,5,3,7,7,10,0,1,1.4,0.7,0.5,0.8,0.4,0.3,1.1773,0.0555,2,0,5,42,12,7,0.2857,125,25,0.2,9,15,0.6,0.6,,,0,2,1,0,0.5,0.5,1,2,0,0,0.0,0.0,,,,0,1595.31,1485.44,109.87,2,83,16,0.1928,83,14,0.1687,3,Monday,0.5962,0,0,0,1,0,1
2006-03-12_Manchester_United_Newcastle_United_188,2006-03-12,2005/06,Manchester United,Newcastle United,Premier League,domestic_league,H,0,0.78,21.0956,7705,187,42,32,958,0.2246,6,1,3,5,4,6,8,11,0,1,1.2,0.8,0.55,0.8,0.5,0.3,1.1241,0.0388,3,0,6,43,13,7,0.3023,126,26,0.2063,12,15,0.8,0.8,,,0,5,1,2,0.2,0.2,1,5,0,0,0.0,0.0,,,,0,1602.25,1464.6,137.65,5,84,17,0.2024,97,22,0.2268,3,Sunday,0.6126,0,0,0,0,0,0
2006-03-18_Manchester_United_West_Bromwich_Albion_189,2006-03-18,2005/06,Manchester United,West Bromwich Albion,Premier League,domestic_league,A,0,0.78,21.112,7711,188,42,32,958,0.2234,6,1,2,5,3,4,8,10,0,1,0.8,0.8,0.5,0.6,0.5,0.3,0.7869,0.0272,0,1,12,44,13,7,0.2955,127,26,0.2047,12,17,0.8,0.8,,,0,4,1,0,0.25,0.25,1,2,1,1,1.0,0.5,,,,0,1608.49,1499.72,108.77,4,85,17,0.2,84,15,0.1786,3,Saturday,0.6291,0,0,0,0,0,0
2006-03-26_Manchester_United_Birmingham_City_190,2006-03-26,2005/06,Manchester United,Birmingham City,Premier League,domestic_league,H,0,0.78,21.1339,7719,189,42,33,958,0.2222,8,0,2,5,1,4,8,10,1,2,0.8,0.8,0.5,0.6,0.5,0.3,0.5508,0.319,0,2,20,45,13,8,0.2889,128,26,0.2031,12,19,0.8,0.8,,,0,5,1,2,0.2,0.2,0,3,2,0,0.4,0.4,,,,0,1615.45,1485.98,129.47,5,86,17,0.1977,98,22,0.2245,3,Sunday,0.6511,0,0,0,0,0,0
2006-03-29_Manchester_United_West_Ham_United_191,2006-03-29,2005/06,Manchester United,West Ham United,Premier League,domestic_league,H,0,0.78,21.1421,7722,190,42,34,958,0.2211,3,1,2,5,0,3,8,10,2,3,0.6,0.8,0.5,0.4,0.5,0.3,0.3856,0.5233,0,3,23,46,13,9,0.2826,129,26,0.2016,15,21,1.0,1.0,,,0,0,0,0,,,0,0,0,0,,,,,,0,1621.89,1500.0,121.89,0,87,17,0.1954,99,22,0.2222,3,Wednesday,0.6593,0,0,0,0,0,0
2006-04-01_Manchester_United_Bolton_Wanderers_192,2006-04-01,2005/06,Manchester United,Bolton Wanderers,Premier League,domestic_league,A,0,0.78,21.1503,7725,191,42,34,958,0.2199,3,2,3,5,0,1,8,10,2,2,0.2,0.8,0.5,0.2,0.5,0.3,0.2699,0.3663,0,4,26,47,13,9,0.2766,130,26,0.2,15,24,1.0,1.0,,,0,4,2,1,0.5,0.25,2,3,1,0,0.25,0.25,,,,0,1628.52,1479.55,148.97,4,88,17,0.1932,85,15,0.1765,4,Saturday,0.6676,0,0,0,0,0,0
2006-04-09_Manchester_United_Arsenal_193,2006-04-09,2005/06,Manchester United,Arsenal,Premier League,domestic_league,H,0,0.78,21.1722,7733,192,42,34,958,0.2188,8,0,3,5,0,0,6,10,2,2,0.0,0.6,0.5,0.0,0.4,0.2,0.1889,0.2564,0,5,34,48,13,9,0.2708,131,26,0.1985,15,27,1.0,1.0,,,0,6,2,0,0.3333,0.1667,2,3,2,1,0.8333,0.5,,,,0,1634.48,1496.32,138.16,6,89,17,0.191,100,22,0.22,4,Sunday,0.6896,0,0,0,0,0,0
2006-04-14_Manchester_United_Sunderland_194,2006-04-14,2005/06,Manchester United,Sunderland,Premier League,domestic_league,H,0,0.78,21.1859,7738,193,42,34,958,0.2176,5,1,2,5,0,0,4,10,2,2,0.0,0.4,0.5,0.0,0.3,0.1,0.1323,0.1795,0,6,39,49,13,9,0.2653,132,26,0.197,15,27,1.0,1.0,,,0,1,0,0,0.0,0.0,0,1,0,0,0.0,0.0,,,,0,1640.7,1493.15,147.54,1,90,17,0.1889,101,22,0.2178,4,Friday,0.7033,0,0,0,0,0,0
2006-04-17_Manchester_United_Tottenham_Hotspur_195,2006-04-17,2005/06,Manchester United,Tottenham Hotspur,Premier League,domestic_league,A,0,0.78,21.1941,7741,194,42,34,958,0.2165,3,1,2,6,0,0,4,10,1,2,0.0,0.4,0.5,0.0,0.3,0.1,0.0926,0.1256,0,7,42,50,13,9,0.26,133,26,0.1955,13,25,0.8,1.0,,,0,5,1,0,0.2,0.2,0,3,2,0,0.4,0.4,,,,0,1636.69,1484.07,152.62,5,91,17,0.1868,86,15,0.1744,4,Monday,0.7115,0,0,0,0,0,0
2006-04-29_Manchester_United_Chelsea_196,2006-04-29,2005/06,Manchester United,Chelsea,Premier League,domestic_league,A,0,0.78,21.227,7753,195,42,35,958,0.2154,12,0,1,4,0,0,3,10,1,3,0.0,0.3,0.5,0.0,0.2,0.1,0.0648,0.388,0,8,54,51,13,10,0.2549,134,26,0.194,13,28,0.8,1.0,,,0,6,0,1,0.0,0.0,0,1,2,3,1.8333,0.8333,,,,0,1642.56,1533.16,109.4,6,92,17,0.1848,87,15,0.1724,4,Saturday,0.7445,0,0,0,0,0,0
2006-05-01_Manchester_United_Middlesbrough_197,2006-05-01,2005/06,Manchester United,Middlesbrough,Premier League,domestic_league,H,0,0.78,21.2325,7755,196,42,35,958,0.2143,2,1,2,5,0,0,1,8,1,3,0.0,0.1,0.4,0.0,0.1,0.0,0.0454,0.2716,0,9,56,52,13,10,0.25,135,26,0.1926,10,25,0.6,0.8,,,0,5,1,1,0.2,0.2,1,2,1,2,1.4,0.6,,,,0,1629.51,1513.91,115.6,5,93,17,0.1828,102,22,0.2157,5,Monday,0.75,0,0,0,0,0,0
2006-05-07_Manchester_United_Charlton_Athletic_198,2006-05-07,2005/06,Manchester United,Charlton Athletic,Premier League,domestic_league,H,0,0.78,21.2489,7761,197,42,35,958,0.2132,6,1,2,5,0,0,0,8,1,3,0.0,0.0,0.4,0.0,0.0,0.0,0.0318,0.1901,0,10,62,53,13,10,0.2453,136,26,0.1912,8,23,0.4,0.8,,,0,3,0,0,0.0,0.0,0,3,0,0,0.0,0.0,,,,0,1626.3,1476.04,150.26,3,94,17,0.1809,103,22,0.2136,5,Sunday,0.7665,0,0,0,1,0,1
2006-05-27_Portugal_Cape_Verde_199,2006-05-27,2005/06,Portugal,Cape Verde,International Friendly,international,H,1,0.35,21.3037,7781,198,43,35,957,0.2172,20,0,0,3,1,1,1,9,1,3,0.2,0.1,0.45,0.2,0.1,0.0,0.3222,0.1331,1,0,20,54,14,10,0.2593,32,11,0.3438,13,24,0.8,1.0,,,0,0,0,0,,,0,0,0,0,,,,,,0,1609.41,1500.0,109.41,0,12,2,0.1667,104,23,0.2212,5,Saturday,0.8214,0,1,0,0,0,0
2006-06-03_Portugal_Luxembourg_200,2006-06-03,2005/06,Portugal,Luxembourg,International Friendly,international,N,1,0.35,21.3228,7788,199,43,35,957,0.2161,7,1,1,2,1,1,1,9,1,2,0.2,0.1,0.45,0.2,0.1,0.0,0.2256,0.0931,0,1,27,55,14,10,0.2545,33,11,0.3333,13,26,0.8,1.0,,,0,3,1,0,0.3333,0.3333,1,3,0,0,0.0,0.0,,,,0,1616.36,1474.71,141.65,3,13,2,0.1538,6,5,0.8333,6,Saturday,0.8407,0,1,0,0,0,0
2006-06-11_Portugal_Angola_201,2006-06-11,2005/06,Portugal,Angola,World Cup,international,N,1,1.0,21.3447,7796,200,43,35,957,0.215,8,0,1,2,1,1,1,9,0,1,0.2,0.1,0.45,0.2,0.1,0.0,0.1579,0.0652,0,2,35,56,14,10,0.25,34,11,0.3235,13,26,0.8,1.0,,,0,0,0,0,,,0,0,0,0,,,,,,0,1622.5,1500.0,122.5,0,0,0,,7,5,0.7143,6,Sunday,0.8626,0,1,0,0,0,0
2006-06-17_Portugal_Iran_202,2006-06-17,2005/06,Portugal,Iran,World Cup,international,N,1,1.0,21.3612,7802,201,43,35,957,0.2139,6,1,2,3,0,1,1,9,0,1,0.2,0.1,0.45,0.2,0.1,0.0,0.1105,0.0456,0,3,41,57,14,10,0.2456,35,11,0.3143,13,26,0.8,1.0,,,0,0,0,0,,,0,0,0,0,,,,,,0,1629.11,1500.0,129.11,0,1,0,0.0,8,5,0.625,6,Saturday,0.8791,0,1,0,1,0,1
2006-06-25_Portugal_Netherlands_203,2006-06-25,2005/06,Portugal,Netherlands,World Cup,international,N,1,1.0,21.3831,7810,202,44,35,956,0.2178,8,0,2,4,1,2,2,8,0,1,0.4,0.2,0.4,0.4,0.2,0.0,0.3774,0.0319,1,0,8,58,15,10,0.2586,36,12,0.3333,15,26,1.0,1.0,,,0,1,1,1,1.0,1.0,1,1,0,0,0.0,0.0,,,,0,1635.56,1491.08,144.47,1,2,1,0.5,9,6,0.6667,6,Sunday,0.9011,0,1,0,0,0,0
2006-07-01_Portugal_England_204,2006-07-01,2005/06,Portugal,England,World Cup,international,N,1,1.0,21.3995,7816,203,44,35,956,0.2167,6,1,2,4,1,1,2,6,0,1,0.2,0.2,0.3,0.2,0.2,0.0,0.2642,0.0224,0,1,14,59,15,10,0.2542,37,12,0.3243,15,28,1.0,1.0,,,0,2,0,0,0.0,0.0,0,1,1,0,0.5,0.5,,,,0,1641.62,1491.12,150.5,2,3,1,0.3333,10,6,0.6,7,Saturday,0.9176,0,1,0,0,0,0
2006-07-05_Portugal_France_205,2006-07-05,2005/06,Portugal,France,World Cup,international,N,1,1.0,21.4104,7820,204,44,35,956,0.2157,4,1,2,4,1,1,2,6,0,1,0.2,0.2,0.3,0.2,0.2,0.0,0.1849,0.0157,0,2,18,60,15,10,0.25,38,12,0.3158,15,28,1.0,1.0,,,0,0,0,0,,,0,0,0,0,,,,,,0,1647.54,1500.0,147.54,0,4,1,0.25,11,6,0.5455,7,Wednesday,0.9286,0,1,0,0,0,0
2006-07-08_Portugal_Germany_206,2006-07-08,2005/06,Portugal,Germany,World Cup,international,A,1,1.0,21.4186,7823,205,44,35,956,0.2146,3,2,3,5,0,1,2,5,0,0,0.2,0.2,0.25,0.2,0.2,0.0,0.1294,0.011,0,3,21,61,15,10,0.2459,39,12,0.3077,12,25,0.8,0.8,,,0,0,0,0,,,0,0,0,0,,,,,,0,1633.53,1500.0,133.53,0,5,1,0.2,88,15,0.1705,7,Saturday,0.9368,0,1,0,0,0,0
2006-08-20_Manchester_United_Fulham_207,2006-08-20,2006/07,Manchester United,Fulham,Premier League,domestic_league,H,0,0.78,21.5364,7866,206,44,35,956,0.2136,43,0,0,0,0,1,2,3,0,0,0.2,0.2,0.15,0.2,0.2,0.0,0.0906,0.0077,0,4,64,0,0,0,,137,27,0.1971,8,23,0.4,0.8,,,0,7,3,2,0.4286,0.2857,3,4,2,1,0.7143,0.4286,,,,0,1632.23,1485.57,146.66,7,95,18,0.1895,105,23,0.219,8,Sunday,0.0522,1,0,0,1,0,1
2006-08-23_Manchester_United_Charlton_Athletic_208,2006-08-23,2006/07,Manchester United,Charlton Athletic,Premier League,domestic_league,A,0,0.78,21.5446,7869,207,45,35,955,0.2174,3,1,1,1,1,1,3,3,0,0,0.2,0.3,0.15,0.2,0.3,0.0,0.3634,0.0054,1,0,3,1,1,0,1.0,138,28,0.2029,10,23,0.6,0.8,,,0,4,1,0,0.25,0.25,1,4,0,0,0.0,0.0,,,,0,1638.24,1470.12,168.12,4,96,19,0.1979,89,15,0.1685,8,Wednesday,0.0604,1,0,0,0,0,0
2006-08-26_Manchester_United_Watford_209,2006-08-26,2006/07,Manchester United,Watford,Premier League,domestic_league,A,0,0.78,21.5528,7872,208,45,35,955,0.2163,3,2,2,2,1,1,2,3,0,0,0.2,0.2,0.15,0.2,0.2,0.0,0.2544,0.0038,0,1,6,2,1,0,0.5,139,28,0.2014,10,23,0.6,0.8,,,0,0,0,0,,,0,0,0,0,,,,,,0,1643.75,1500.0,143.75,0,97,19,0.1959,90,15,0.1667,8,Saturday,0.0687,1,0,0,0,0,0
2006-09-01_Portugal_Denmark_210,2006-09-01,2006/07,Portugal,Denmark,International Friendly,international,A,1,0.35,21.5692,7878,209,45,35,955,0.2153,6,1,3,3,1,1,2,3,0,0,0.2,0.2,0.15,0.2,0.2,0.0,0.1781,0.0026,0,2,12,3,1,0,0.3333,40,12,0.3,9,22,0.6,0.6,,,0,0,0,0,,,0,0,0,0,,,,,,0,1619.87,1500.0,119.87,0,14,2,0.1429,91,15,0.1648,9,Friday,0.0852,1,0,0,0,0,0
2006-09-06_Portugal_Finland_211,2006-09-06,2006/07,Portugal,Finland,Euros Qualifier,international,A,1,0.76,21.5829,7883,210,45,36,955,0.2143,5,1,3,4,0,1,2,3,1,1,0.2,0.2,0.15,0.2,0.2,0.0,0.1247,0.3018,0,3,17,4,1,1,0.25,41,12,0.2927,6,21,0.4,0.4,,,0,0,0,0,,,0,0,0,0,,,,,,0,1606.55,1500.0,106.55,0,0,0,,92,15,0.163,9,Wednesday,0.0989,1,0,0,0,0,0
2006-09-09_Manchester_United_Tottenham_Hotspur_212,2006-09-09,2006/07,Manchester United,Tottenham Hotspur,Premier League,domestic_league,H,0,0.78,21.5911,7886,211,45,36,955,0.2133,3,1,3,5,0,1,2,3,1,1,0.2,0.2,0.15,0.2,0.2,0.0,0.0873,0.2113,0,4,20,5,1,1,0.2,140,28,0.2,13,23,0.8,1.0,,,0,6,1,1,0.1667,0.1667,0,4,2,0,0.3333,0.3333,,,,0,1649.83,1478.2,171.63,6,98,19,0.1939,106,24,0.2264,9,Saturday,0.1071,1,0,0,0,0,0
2006-09-17_Manchester_United_Arsenal_213,2006-09-17,2006/07,Manchester United,Arsenal,Premier League,domestic_league,H,0,0.78,21.613,7894,212,45,36,955,0.2123,8,0,2,6,0,0,1,3,1,1,0.0,0.1,0.15,0.0,0.1,0.0,0.0611,0.1479,0,5,28,6,1,1,0.1667,141,28,0.1986,15,23,1.0,1.0,,,0,7,2,0,0.2857,0.1429,0,4,2,1,0.7143,0.4286,,,,0,1655.26,1490.1,165.15,7,99,19,0.1919,107,24,0.2243,9,Sunday,0.1291,1,0,0,0,0,0
2006-09-23_Manchester_United_Reading_214,2006-09-23,2006/07,Manchester United,Reading,Premier League,domestic_league,A,0,0.78,21.6295,7900,213,45,36,955,0.2113,6,1,2,5,0,0,1,3,1,1,0.0,0.1,0.15,0.0,0.1,0.0,0.0428,0.1035,0,6,34,7,1,1,0.1429,142,28,0.1972,12,20,0.8,0.8,,,0,0,0,0,,,0,0,0,0,,,,,,0,1640.83,1500.0,140.83,0,100,19,0.19,93,15,0.1613,9,Saturday,0.1456,1,0,0,1,0,1
2006-09-26_Manchester_United_Benfica_215,2006-09-26,2006/07,Manchester United,Benfica,UEFA Champions League,continental_club,A,0,0.94,21.6377,7903,214,46,36,954,0.215,3,1,2,5,1,1,2,4,1,1,0.2,0.2,0.2,0.2,0.2,0.0,0.3299,0.0725,1,0,3,8,2,1,0.25,143,29,0.2028,10,20,0.6,0.8,,,0,3,0,0,0.0,0.0,0,1,0,2,2.0,0.6667,,,,0,1636.99,1516.89,120.09,3,18,0,0.0,94,16,0.1702,9,Tuesday,0.1538,1,0,0,0,0,0
2006-10-01_Manchester_United_Newcastle_United_216,2006-10-01,2006/07,Manchester United,Newcastle United,Premier League,domestic_league,H,0,0.78,21.6514,7908,215,46,37,954,0.214,5,1,3,6,1,1,2,4,1,2,0.2,0.2,0.2,0.2,0.2,0.0,0.231,0.3507,0,1,8,9,2,2,0.2222,144,29,0.2014,10,20,0.6,0.8,,,0,6,1,2,0.1667,0.1667,0,6,0,0,0.0,0.0,,,,0,1643.66,1458.37,185.29,6,101,20,0.198,108,24,0.2222,10,Sunday,0.1676,1,0,0,0,0,0
2006-10-07_Portugal_Azerbaijan_217,2006-10-07,2006/07,Portugal,Azerbaijan,Euros Qualifier,international,H,1,0.76,21.6678,7914,216,46,37,954,0.213,6,1,3,5,1,1,2,4,1,2,0.2,0.2,0.2,0.2,0.2,0.0,0.1617,0.2455,0,2,14,10,2,2,0.2,42,12,0.2857,4,19,0.2,0.4,,,0,0,0,0,,,0,0,0,0,,,,,,0,1603.57,1500.0,103.57,0,1,0,0.0,109,24,0.2202,10,Saturday,0.1841,1,0,0,1,1,2
2006-10-11_Portugal_Poland_218,2006-10-11,2006/07,Portugal,Poland,Euros Qualifier,international,A,1,0.76,21.6787,7918,217,48,37,952,0.2212,4,1,2,5,2,3,3,6,1,2,0.6,0.3,0.3,0.4,0.2,0.1,0.7132,0.1719,1,0,4,11,4,2,0.3636,43,14,0.3256,4,19,0.2,0.4,,,0,0,0,0,,,0,0,0,0,,,,,,0,1610.68,1500.0,110.68,0,2,2,1.0,95,16,0.1684,10,Wednesday,0.1951,1,0,0,0,0,0
2006-10-17_Manchester_United_FC_Copenhagen_219,2006-10-17,2006/07,Manchester United,FC Copenhagen,UEFA Champions League,continental_club,H,0,0.94,21.6952,7924,218,48,37,952,0.2202,6,1,2,6,2,3,3,5,1,2,0.6,0.3,0.25,0.4,0.2,0.1,0.4992,0.1203,0,1,10,12,4,2,0.3333,145,29,0.2,10,23,0.6,0.8,,,0,0,0,0,,,0,0,0,0,,,,,,0,1648.78,1500.0,148.78,0,19,0,0.0,110,26,0.2364,10,Tuesday,0.2115,0,0,0,0,0,0
2006-10-28_Manchester_United_Bolton_Wanderers_220,2006-10-28,2006/07,Manchester United,Bolton Wanderers,Premier League,domestic_league,A,0,0.78,21.7253,7935,219,48,38,952,0.2192,11,0,1,4,2,2,3,5,2,3,0.4,0.3,0.25,0.2,0.2,0.1,0.3495,0.3842,0,2,21,13,4,3,0.3077,146,29,0.1986,10,25,0.6,0.8,,,0,5,2,1,0.4,0.2,2,4,1,0,0.2,0.2,,,,0,1654.74,1473.59,181.15,5,102,20,0.1961,96,16,0.1667,10,Saturday,0.2418,0,0,0,1,0,1
2006-11-01_Manchester_United_FC_Copenhagen_221,2006-11-01,2006/07,Manchester United,FC Copenhagen,UEFA Champions League,continental_club,A,0,0.94,21.7362,7939,220,49,38,951,0.2227,4,1,1,4,1,3,4,6,1,2,0.6,0.4,0.3,0.4,0.3,0.1,0.5446,0.2689,1,0,4,14,5,3,0.3571,147,30,0.2041,13,25,0.8,1.0,,,0,1,0,1,0.0,0.0,0,1,0,0,0.0,0.0,,,,0,1659.95,1494.04,165.92,1,20,0,0.0,97,17,0.1753,11,Wednesday,0.2527,0,0,0,0,0,0
2006-11-04_Manchester_United_Portsmouth_222,2006-11-04,2006/07,Manchester United,Portsmouth,Premier League,domestic_league,H,0,0.78,21.7445,7942,221,49,38,951,0.2217,3,2,2,5,1,3,4,6,1,2,0.6,0.4,0.3,0.4,0.3,0.1,0.3812,0.1883,0,1,7,15,5,3,0.3333,148,30,0.2027,12,22,0.8,0.8,,,0,6,3,2,0.5,0.3333,2,4,0,2,1.0,0.3333,,,,0,1645.51,1494.6,150.91,6,103,21,0.2039,111,26,0.2342,11,Saturday,0.261,0,0,0,1,0,1
2006-11-07_Manchester_United_Southend_United_223,2006-11-07,2006/07,Manchester United,Southend United,League Cup,domestic_or_other_cup,A,0,0.72,21.7527,7945,222,50,38,950,0.2252,3,2,3,5,2,2,5,6,1,2,0.4,0.5,0.3,0.4,0.4,0.1,0.5669,0.1318,1,0,3,16,6,3,0.375,149,31,0.2081,12,22,0.8,0.8,,,0,0,0,0,,,0,0,0,0,,,,,,0,1651.42,1500.0,151.42,0,7,2,0.2857,98,17,0.1735,11,Tuesday,0.2692,0,0,0,0,0,0
2006-11-11_Manchester_United_Blackburn_Rovers_224,2006-11-11,2006/07,Manchester United,Blackburn Rovers,Premier League,domestic_league,A,0,0.78,21.7636,7949,223,50,38,950,0.2242,4,2,4,5,1,2,5,6,1,2,0.4,0.5,0.3,0.4,0.4,0.1,0.3968,0.0922,0,1,7,17,6,3,0.3529,150,31,0.2067,9,19,0.6,0.6,,,0,6,0,1,0.0,0.0,0,1,3,2,1.5,0.8333,,,,0,1637.32,1526.4,110.92,6,104,22,0.2115,99,17,0.1717,11,Saturday,0.2802,0,0,0,0,0,0
2006-11-15_Portugal_Kazakhstan_225,2006-11-15,2006/07,Portugal,Kazakhstan,Euros Qualifier,international,H,1,0.76,21.7746,7953,224,50,38,950,0.2232,4,1,4,6,1,2,4,6,0,2,0.4,0.4,0.3,0.4,0.3,0.1,0.2778,0.0646,0,2,11,18,6,3,0.3333,44,14,0.3182,4,16,0.2,0.4,,,0,1,0,0,0.0,0.0,0,1,0,0,0.0,0.0,,,,0,1597.6,1489.73,107.87,1,3,2,0.6667,112,27,0.2411,11,Wednesday,0.2912,0,0,0,1,0,1
2006-11-18_Manchester_United_Sheffield_United_226,2006-11-18,2006/07,Manchester United,Sheffield United,Premier League,domestic_league,A,0,0.78,21.7828,7956,225,51,38,949,0.2267,3,2,4,6,1,2,5,7,0,1,0.4,0.5,0.35,0.4,0.4,0.1,0.4944,0.0452,1,0,3,19,7,3,0.3684,151,31,0.2053,9,19,0.6,0.6,,,0,0,0,0,,,0,0,0,0,,,,,,0,1644.23,1500.0,144.23,0,105,22,0.2095,100,17,0.17,11,Saturday,0.2995,0,0,0,0,0,0
2006-11-21_Manchester_United_Celtic_227,2006-11-21,2006/07,Manchester United,Celtic,UEFA Champions League,continental_club,A,0,0.94,21.791,7959,226,51,38,949,0.2257,3,2,4,7,1,2,5,7,0,1,0.4,0.5,0.35,0.4,0.4,0.1,0.3461,0.0316,0,1,6,20,7,3,0.35,152,31,0.2039,9,22,0.6,0.6,,,0,0,0,0,,,0,0,0,0,,,,,,0,1650.3,1500.0,150.3,0,21,0,0.0,101,17,0.1683,11,Tuesday,0.3077,0,0,0,0,0,0
2006-11-26_Manchester_United_Chelsea_228,2006-11-26,2006/07,Manchester United,Chelsea,Premier League,domestic_league,H,0,0.78,21.8047,7964,227,51,38,949,0.2247,5,1,3,8,1,1,3,6,0,1,0.2,0.3,0.3,0.2,0.3,0.0,0.2423,0.0221,0,2,11,21,7,3,0.3333,153,31,0.2026,9,21,0.6,0.6,,,0,7,0,1,0.0,0.0,0,1,2,4,2.0,0.8571,,,,0,1636.23,1546.21,90.02,7,106,22,0.2075,113,28,0.2478,11,Sunday,0.3214,0,0,0,0,0,0
2006-11-29_Manchester_United_Everton_229,2006-11-29,2006/07,Manchester United,Everton,Premier League,domestic_league,H,0,0.78,21.8129,7967,228,51,38,949,0.2237,3,1,4,8,0,1,3,6,0,1,0.2,0.3,0.3,0.2,0.3,0.0,0.1696,0.0155,0,3,14,22,7,3,0.3182,154,31,0.2013,7,19,0.4,0.6,,,0,6,1,3,0.1667,0.1667,1,3,2,1,0.8333,0.5,,,,0,1633.69,1498.19,135.51,6,107,22,0.2056,114,28,0.2456,11,Wednesday,0.3297,0,0,0,1,0,1
2006-12-02_Manchester_United_Middlesbrough_230,2006-12-02,2006/07,Manchester United,Middlesbrough,Premier League,domestic_league,A,0,0.78,21.8211,7970,229,52,38,948,0.2271,3,2,4,8,1,2,4,7,0,0,0.4,0.4,0.35,0.4,0.4,0.0,0.4187,0.0109,1,0,3,23,8,3,0.3478,155,32,0.2065,10,19,0.6,0.8,,,0,6,1,1,0.1667,0.1667,1,2,2,2,1.3333,0.6667,,,,0,1639.98,1517.12,122.86,6,108,23,0.213,102,17,0.1667,12,Saturday,0.3379,0,0,1,0,0,0
2006-12-06_Manchester_United_Benfica_231,2006-12-06,2006/07,Manchester United,Benfica,UEFA Champions League,continental_club,H,0,0.94,21.8321,7974,230,52,38,948,0.2261,4,2,3,8,1,1,3,7,0,0,0.2,0.3,0.35,0.2,0.3,0.0,0.2931,0.0076,0,1,7,24,8,3,0.3333,156,32,0.2051,10,19,0.6,0.8,,,0,4,0,1,0.0,0.0,0,2,0,2,1.5,0.5,,,,0,1646.59,1510.22,136.37,4,22,0,0.0,115,29,0.2522,12,Wednesday,0.3489,0,0,1,0,0,0
2006-12-09_Manchester_United_Manchester_City_232,2006-12-09,2006/07,Manchester United,Manchester City,Premier League,domestic_league,H,0,0.78,21.8403,7977,231,52,39,948,0.2251,3,2,4,8,1,1,3,7,1,1,0.2,0.3,0.35,0.2,0.3,0.0,0.2052,0.3053,0,2,10,25,8,4,0.32,157,32,0.2038,10,19,0.6,0.8,,,0,6,1,0,0.1667,0.1667,0,3,1,2,1.1667,0.5,,,,0,1652.85,1505.56,147.29,6,109,23,0.211,116,29,0.25,12,Saturday,0.3571,0,0,1,1,0,1
2006-12-17_Manchester_United_West_Ham_United_233,2006-12-17,2006/07,Manchester United,West Ham United,Premier League,domestic_league,A,0,0.78,21.8622,7985,232,53,40,947,0.2284,8,0,2,7,1,2,3,8,2,2,0.4,0.3,0.4,0.4,0.3,0.0,0.4436,0.5137,1,0,8,26,9,5,0.3462,158,33,0.2089,13,22,0.8,1.0,,,0,1,0,0,0.0,0.0,0,1,0,0,0.0,0.0,,,,0,1658.85,1493.37,165.48,1,110,24,0.2182,103,17,0.165,12,Sunday,0.3791,0,0,1,0,0,0
2006-12-23_Manchester_United_Aston_Villa_234,2006-12-23,2006/07,Manchester United,Aston Villa,Premier League,domestic_league,A,0,0.78,21.8786,7991,233,53,40,947,0.2275,6,1,2,6,1,2,3,8,2,2,0.4,0.3,0.4,0.4,0.3,0.0,0.3105,0.3596,0,1,14,27,9,5,0.3333,159,33,0.2075,12,19,0.8,0.8,,,0,6,2,0,0.3333,0.3333,1,6,0,0,0.0,0.0,,,,0,1644.41,1458.11,186.31,6,111,24,0.2162,104,17,0.1635,12,Saturday,0.3956,0,0,1,1,1,2
2006-12-26_Manchester_United_Wigan_Athletic_235,2006-12-26,2006/07,Manchester United,Wigan Athletic,Premier League,domestic_league,H,0,0.78,21.8868,7994,234,55,40,945,0.235,3,1,2,7,3,3,5,9,2,2,0.6,0.5,0.45,0.4,0.4,0.1,0.8174,0.2517,1,0,3,28,11,5,0.3929,160,35,0.2188,12,22,0.8,0.8,,,0,3,2,0,0.6667,0.6667,2,3,0,0,0.0,0.0,,,,0,1649.51,1478.5,171.01,3,112,26,0.2321,117,30,0.2564,12,Tuesday,0.4038,0,0,1,1,1,2
2006-12-30_Manchester_United_Reading_236,2006-12-30,2006/07,Manchester United,Reading,Premier League,domestic_league,H,0,0.78,21.8978,7998,235,57,40,943,0.2426,4,2,3,6,4,5,6,11,2,2,1.0,0.6,0.55,0.6,0.4,0.2,1.1722,0.1762,2,0,4,29,13,5,0.4483,161,37,0.2298,12,22,0.8,0.8,,,0,1,1,0,1.0,1.0,1,0,1,0,1.0,1.0,,,,0,1654.95,1503.85,151.11,1,113,28,0.2478,118,32,0.2712,12,Saturday,0.4148,0,0,1,1,1,2
2007-01-01_Manchester_United_Newcastle_United_237,2007-01-01,2006/07,Manchester United,Newcastle United,Premier League,domestic_league,A,0,0.78,21.9033,8000,236,59,41,941,0.25,2,2,3,7,6,7,8,13,2,3,1.4,0.8,0.65,0.8,0.5,0.3,1.4205,0.4233,3,0,2,30,15,6,0.5,162,39,0.2407,12,22,0.8,0.8,,,0,7,1,2,0.1429,0.1429,0,7,0,0,0.0,0.0,,,,0,1660.86,1453.25,207.61,7,114,30,0.2632,105,19,0.181,1,Monday,0.4203,0,0,1,0,0,0
2007-01-07_Manchester_United_Aston_Villa_238,2007-01-07,2006/07,Manchester United,Aston Villa,FA Cup,domestic_or_other_cup,H,0,0.72,21.9197,8006,237,59,42,941,0.2489,6,1,3,6,4,6,8,11,2,4,1.2,0.8,0.55,0.6,0.5,0.3,0.9944,0.5963,0,1,8,31,15,7,0.4839,163,39,0.2393,10,23,0.6,0.8,,,0,7,4,0,0.5714,0.4286,2,7,0,0,0.0,0.0,,,,0,1655.51,1453.01,202.5,7,14,6,0.4286,119,34,0.2857,1,Sunday,0.4368,0,0,1,0,0,0
2007-01-13_Manchester_United_Aston_Villa_239,2007-01-13,2006/07,Manchester United,Aston Villa,Premier League,domestic_league,H,0,0.78,21.9361,8012,238,59,42,941,0.2479,6,1,3,6,2,6,8,11,2,4,1.2,0.8,0.55,0.6,0.5,0.3,0.6961,0.4174,0,2,14,32,15,7,0.4688,164,39,0.2378,13,25,0.8,1.0,,,0,8,4,0,0.5,0.375,2,8,0,0,0.0,0.0,,,,0,1660.26,1448.25,212.01,8,115,30,0.2609,120,34,0.2833,1,Saturday,0.4533,0,0,1,1,0,1
2007-01-21_Manchester_United_Arsenal_240,2007-01-21,2006/07,Manchester United,Arsenal,Premier League,domestic_league,A,0,0.78,21.958,8020,239,60,42,940,0.251,8,0,2,6,1,5,8,12,2,4,1.0,0.8,0.6,0.6,0.5,0.3,0.7872,0.2922,1,0,8,33,16,7,0.4848,165,40,0.2424,13,25,0.8,1.0,,,0,8,2,0,0.25,0.125,0,4,2,2,1.0,0.5,,,,0,1664.82,1504.53,160.29,8,116,31,0.2672,106,19,0.1792,1,Sunday,0.4753,0,0,1,0,0,0
2007-01-31_Manchester_United_Watford_241,2007-01-31,2006/07,Manchester United,Watford,Premier League,domestic_league,H,0,0.78,21.9854,8030,240,60,42,940,0.25,10,0,1,4,1,3,8,11,2,4,0.6,0.8,0.55,0.4,0.5,0.3,0.5511,0.2045,0,1,18,34,16,7,0.4706,166,40,0.241,10,22,0.6,0.8,,,0,1,0,0,0.0,0.0,0,1,0,0,0.0,0.0,,,,0,1650.5,1493.92,156.59,1,117,31,0.265,121,35,0.2893,1,Wednesday,0.5027,0,0,1,1,0,1
2007-02-04_Manchester_United_Tottenham_Hotspur_242,2007-02-04,2006/07,Manchester United,Tottenham Hotspur,Premier League,domestic_league,A,0,0.78,21.9963,8034,241,61,43,939,0.2531,4,1,2,4,2,2,9,12,2,4,0.4,0.9,0.6,0.4,0.6,0.3,0.6857,0.4432,1,0,4,35,17,8,0.4857,167,41,0.2455,10,22,0.6,0.8,,,0,7,1,1,0.1429,0.1429,0,5,2,0,0.2857,0.2857,,,,0,1656.28,1472.78,183.5,7,118,32,0.2712,107,19,0.1776,2,Sunday,0.5137,0,0,0,1,0,1
2007-02-06_Portugal_Brazil_243,2007-02-06,2006/07,Portugal,Brazil,International Friendly,international,N,1,0.35,22.0018,8036,242,62,44,938,0.2562,2,2,2,5,2,3,9,12,2,4,0.6,0.9,0.6,0.6,0.6,0.3,0.78,0.6102,2,0,2,36,18,9,0.5,45,15,0.3333,7,16,0.4,0.6,,,0,0,0,0,,,0,0,0,0,,,,,,0,1604.59,1500.0,104.59,0,15,2,0.1333,12,6,0.5,2,Tuesday,0.5192,0,0,0,0,0,0
2007-02-17_Manchester_United_Reading_244,2007-02-17,2006/07,Manchester United,Reading,FA Cup,domestic_or_other_cup,H,0,0.72,22.0319,8047,243,62,44,938,0.2551,11,0,2,4,2,3,9,12,2,4,0.6,0.9,0.6,0.6,0.6,0.3,0.546,0.4272,0,1,13,37,18,9,0.4865,168,42,0.25,12,22,0.8,0.8,,,0,2,3,1,1.5,1.0,3,1,1,0,0.5,0.5,,,,0,1661.44,1497.94,163.5,2,15,6,0.4,122,36,0.2951,2,Saturday,0.5495,0,0,0,0,0,0
2007-02-20_Manchester_United_Lille_245,2007-02-20,2006/07,Manchester United,Lille,UEFA Champions League,continental_club,A,0,0.94,22.0402,8050,244,62,45,938,0.2541,3,1,2,5,1,2,7,12,3,5,0.4,0.7,0.6,0.4,0.5,0.2,0.3822,0.599,0,2,16,38,18,10,0.4737,169,42,0.2485,10,23,0.6,0.8,,,0,2,0,0,0.0,0.0,0,0,1,1,2.0,1.0,,,,0,1657.05,1516.04,141.01,2,23,0,0.0,108,20,0.1852,2,Tuesday,0.5577,0,0,0,0,0,0
2007-02-24_Manchester_United_Fulham_246,2007-02-24,2006/07,Manchester United,Fulham,Premier League,domestic_league,A,0,0.78,22.0511,8054,245,62,45,938,0.2531,4,2,2,5,0,2,5,11,3,5,0.4,0.5,0.55,0.4,0.4,0.1,0.2675,0.4193,0,3,20,39,18,10,0.4615,170,42,0.2471,10,23,0.6,0.8,,,0,8,4,2,0.5,0.375,3,5,2,1,0.625,0.375,,,,0,1663.2,1479.55,183.65,8,119,33,0.2773,109,20,0.1835,2,Saturday,0.5687,0,0,0,1,0,1
2007-02-27_Manchester_United_Reading_247,2007-02-27,2006/07,Manchester United,Reading,FA Cup,domestic_or_other_cup,A,0,0.72,22.0593,8057,246,63,45,937,0.2561,3,2,3,6,1,2,4,12,2,4,0.4,0.4,0.6,0.4,0.4,0.0,0.4873,0.2935,1,0,3,40,19,10,0.475,171,43,0.2515,13,23,0.8,1.0,,,0,3,3,2,1.0,0.6667,3,1,2,0,0.6667,0.6667,,,,0,1668.36,1502.33,166.03,3,16,6,0.375,110,21,0.1909,2,Tuesday,0.5769,0,0,0,0,0,0
2007-03-03_Manchester_United_Liverpool_248,2007-03-03,2006/07,Manchester United,Liverpool,Premier League,domestic_league,A,0,0.78,22.0703,8061,247,63,45,937,0.2551,4,2,4,6,1,1,4,12,1,3,0.2,0.4,0.6,0.2,0.4,0.0,0.3411,0.2055,0,1,7,41,19,10,0.4634,172,43,0.25,13,23,0.8,1.0,,,0,5,0,1,0.0,0.0,0,2,1,2,1.4,0.6,,,,0,1673.92,1513.6,160.32,5,120,34,0.2833,111,21,0.1892,3,Saturday,0.5879,0,0,0,0,0,0
2007-03-07_Manchester_United_Lille_249,2007-03-07,2006/07,Manchester United,Lille,UEFA Champions League,continental_club,H,0,0.94,22.0812,8065,248,63,45,937,0.254,4,1,3,6,1,1,4,12,1,3,0.2,0.4,0.6,0.2,0.4,0.0,0.2388,0.1438,0,2,11,42,19,10,0.4524,173,43,0.2486,13,25,0.8,1.0,,,0,3,0,0,0.0,0.0,0,1,1,1,1.3333,0.6667,,,,0,1679.6,1509.89,169.71,3,24,0,0.0,123,36,0.2927,3,Wednesday,0.5989,0,0,0,0,0,0
2007-03-10_Manchester_United_Middlesbrough_250,2007-03-10,2006/07,Manchester United,Middlesbrough,FA Cup,domestic_or_other_cup,A,0,0.72,22.0894,8068,249,63,46,937,0.253,3,2,4,6,0,1,3,11,1,4,0.2,0.3,0.55,0.2,0.3,0.0,0.1671,0.4007,0,3,14,43,19,11,0.4419,174,43,0.2471,15,25,1.0,1.0,,,0,7,1,1,0.1429,0.1429,1,3,2,2,1.1429,0.5714,,,,0,1685.07,1510.52,174.56,7,17,6,0.3529,112,21,0.1875,3,Saturday,0.6071,0,0,0,1,0,1
2007-03-17_Manchester_United_Bolton_Wanderers_251,2007-03-17,2006/07,Manchester United,Bolton Wanderers,Premier League,domestic_league,H,0,0.78,22.1086,8075,250,64,46,936,0.256,7,1,3,7,1,2,4,12,1,4,0.4,0.4,0.6,0.4,0.4,0.0,0.417,0.2805,1,0,7,44,20,11,0.4545,175,44,0.2514,13,23,0.8,1.0,,,0,6,3,1,0.5,0.3333,3,5,1,0,0.1667,0.1667,,,,0,1680.43,1468.38,212.05,6,121,34,0.281,124,36,0.2903,3,Saturday,0.6264,0,0,0,0,0,0
2007-03-19_Manchester_United_Middlesbrough_252,2007-03-19,2006/07,Manchester United,Middlesbrough,FA Cup,domestic_or_other_cup,H,0,0.72,22.1141,8077,251,64,48,936,0.255,2,1,3,8,1,1,3,12,3,5,0.2,0.3,0.6,0.2,0.3,0.0,0.2919,0.7963,0,1,9,45,20,13,0.4444,176,44,0.25,13,26,0.8,1.0,,,0,8,2,1,0.25,0.25,1,3,3,2,1.125,0.625,,,,0,1684.99,1515.16,169.83,8,18,7,0.3889,125,36,0.288,3,Monday,0.6319,0,0,0,1,0,1
2007-03-24_Portugal_Belgium_253,2007-03-24,2006/07,Portugal,Belgium,Euros Qualifier,international,H,1,0.76,22.1278,8082,252,65,48,935,0.2579,5,2,3,7,2,2,3,12,3,4,0.4,0.3,0.6,0.4,0.3,0.0,0.5043,0.5574,1,0,5,46,21,13,0.4565,46,15,0.3261,10,16,0.6,0.8,,,0,0,0,0,,,0,0,0,0,,,,,,0,1611.67,1500.0,111.67,0,4,3,0.75,126,37,0.2937,3,Saturday,0.6456,0,0,0,1,1,2
2007-03-28_Portugal_Serbia_254,2007-03-28,2006/07,Portugal,Serbia,Euros Qualifier,international,A,1,0.76,22.1387,8086,253,67,49,933,0.2648,4,1,3,7,3,4,5,14,4,5,0.8,0.5,0.7,0.6,0.4,0.1,0.953,0.6902,2,0,4,47,23,14,0.4894,47,17,0.3617,12,16,0.8,0.8,,,0,0,0,0,,,0,0,0,0,,,,,,0,1618.56,1500.0,118.56,0,5,5,1.0,113,22,0.1947,3,Wednesday,0.6566,0,0,0,0,0,0
2007-03-31_Manchester_United_Blackburn_Rovers_255,2007-03-31,2006/07,Manchester United,Blackburn Rovers,Premier League,domestic_league,H,0,0.78,22.1469,8089,254,67,49,933,0.2638,3,2,4,7,3,4,5,12,3,4,0.8,0.5,0.6,0.6,0.4,0.1,0.6671,0.4831,0,1,7,48,23,14,0.4792,177,45,0.2542,13,26,0.8,1.0,,,0,7,0,1,0.0,0.0,0,2,3,2,1.2857,0.7143,,,,0,1690.46,1519.49,170.96,7,122,34,0.2787,127,39,0.3071,3,Saturday,0.6648,0,0,0,0,0,0
2007-04-04_Manchester_United_Roma_256,2007-04-04,2006/07,Manchester United,Roma,UEFA Champions League,continental_club,A,0,0.94,22.1579,8093,255,67,49,933,0.2627,4,2,3,7,2,3,5,10,3,4,0.6,0.5,0.5,0.4,0.4,0.1,0.467,0.3382,0,2,11,49,23,14,0.4694,178,45,0.2528,13,26,0.8,1.0,,,0,0,0,0,,,0,0,0,0,,,,,,0,1695.9,1500.0,195.9,0,25,0,0.0,114,22,0.193,4,Wednesday,0.6758,0,0,0,0,0,0
2007-04-07_Manchester_United_Portsmouth_257,2007-04-07,2006/07,Manchester United,Portsmouth,Premier League,domestic_league,A,0,0.78,22.1661,8096,256,67,49,933,0.2617,3,2,4,7,0,3,4,8,1,4,0.6,0.4,0.4,0.4,0.3,0.1,0.3269,0.2367,0,3,14,50,23,14,0.46,179,45,0.2514,10,25,0.6,0.8,,,0,7,4,2,0.5714,0.4286,3,5,0,2,0.8571,0.2857,,,,0,1680.79,1488.69,192.1,7,123,34,0.2764,115,22,0.1913,4,Saturday,0.6841,0,0,0,0,0,0
2007-04-10_Manchester_United_Roma_258,2007-04-10,2006/07,Manchester United,Roma,UEFA Champions League,continental_club,H,0,0.94,22.1743,8099,257,67,49,933,0.2607,3,2,4,7,0,2,4,8,1,4,0.4,0.4,0.4,0.2,0.3,0.1,0.2288,0.1657,0,4,17,51,23,14,0.451,180,45,0.25,9,22,0.6,0.6,,,0,1,0,0,0.0,0.0,0,0,0,1,3.0,1.0,,,,0,1665.76,1515.11,150.65,1,26,0,0.0,128,39,0.3047,4,Tuesday,0.6923,0,0,0,1,1,2
2007-04-14_Manchester_United_Watford_259,2007-04-14,2006/07,Manchester United,Watford,FA Cup,domestic_or_other_cup,N,0,0.72,22.1853,8103,258,69,50,931,0.2674,4,2,4,8,2,2,6,10,1,5,0.4,0.6,0.5,0.2,0.4,0.2,0.7602,0.416,1,0,4,52,25,15,0.4808,181,47,0.2597,9,22,0.6,0.6,,,0,2,1,1,0.5,0.5,1,2,0,0,0.0,0.0,,,,0,1671.68,1488.14,183.54,2,19,8,0.4211,13,6,0.4615,4,Saturday,0.7033,0,0,0,1,0,1
2007-04-17_Manchester_United_Sheffield_United_260,2007-04-17,2006/07,Manchester United,Sheffield United,Premier League,domestic_league,H,0,0.78,22.1935,8106,259,70,50,930,0.2703,3,2,4,8,3,3,7,10,1,4,0.6,0.7,0.5,0.4,0.5,0.2,0.8321,0.2912,2,0,3,53,26,15,0.4906,182,48,0.2637,9,22,0.6,0.6,,,0,1,0,0,0.0,0.0,0,1,0,0,0.0,0.0,,,,0,1676.84,1493.93,182.91,1,124,34,0.2742,129,41,0.3178,4,Tuesday,0.7115,0,0,0,0,0,0
2007-04-21_Manchester_United_Middlesbrough_261,2007-04-21,2006/07,Manchester United,Middlesbrough,Premier League,domestic_league,H,0,0.78,22.2044,8110,260,70,51,930,0.2692,4,2,4,8,3,3,6,10,2,5,0.6,0.6,0.5,0.4,0.4,0.2,0.5825,0.5038,0,1,7,54,26,16,0.4815,183,48,0.2623,9,22,0.6,0.6,,,0,9,3,1,0.3333,0.3333,2,4,3,2,1.0,0.5556,,,,0,1682.01,1509.69,172.32,9,125,34,0.272,130,41,0.3154,4,Saturday,0.7225,0,0,0,0,0,0
2007-04-24_Manchester_United_AC_Milan_262,2007-04-24,2006/07,Manchester United,AC Milan,UEFA Champions League,continental_club,H,0,0.94,22.2126,8113,261,70,51,930,0.2682,3,2,4,8,1,3,6,9,2,3,0.6,0.6,0.45,0.4,0.4,0.2,0.4077,0.3527,0,2,10,55,26,16,0.4727,184,48,0.2609,10,20,0.6,0.8,,,0,2,0,0,0.0,0.0,0,0,0,2,3.0,1.0,,,,0,1677.42,1527.63,149.8,2,27,2,0.0741,131,41,0.313,4,Tuesday,0.7308,0,0,0,1,0,1
2007-04-28_Manchester_United_Everton_263,2007-04-28,2006/07,Manchester United,Everton,Premier League,domestic_league,A,0,0.78,22.2236,8117,262,71,51,929,0.271,4,2,4,8,1,4,6,9,2,3,0.8,0.6,0.45,0.6,0.4,0.2,0.5854,0.2469,1,0,4,56,27,16,0.4821,185,49,0.2649,13,22,0.8,1.0,,,0,7,2,3,0.2857,0.2857,1,4,2,1,0.7143,0.4286,,,,0,1683.36,1491.9,191.46,7,126,34,0.2698,116,22,0.1897,4,Saturday,0.7418,0,0,0,0,0,0
2007-05-02_Manchester_United_AC_Milan_264,2007-05-02,2006/07,Manchester United,AC Milan,UEFA Champions League,continental_club,A,0,0.94,22.2345,8121,263,71,51,929,0.27,4,1,3,8,1,2,4,9,1,2,0.4,0.4,0.45,0.4,0.3,0.1,0.4098,0.1728,0,1,8,57,27,16,0.4737,186,49,0.2634,13,22,0.8,1.0,,,0,3,1,0,0.3333,0.3333,1,1,0,2,2.0,0.6667,,,,0,1688.35,1521.69,166.66,3,28,3,0.1071,117,22,0.188,5,Wednesday,0.7527,0,0,0,0,0,0
2007-05-05_Manchester_United_Manchester_City_265,2007-05-05,2006/07,Manchester United,Manchester City,Premier League,domestic_league,A,0,0.78,22.2428,8124,264,71,51,929,0.2689,3,2,4,8,1,1,4,9,1,2,0.2,0.4,0.45,0.2,0.3,0.1,0.2869,0.121,0,2,11,58,27,16,0.4655,187,49,0.262,10,19,0.6,0.8,,,0,7,2,1,0.2857,0.2857,1,4,1,2,1.0,0.4286,,,,0,1673.89,1499.56,174.32,7,127,34,0.2677,118,22,0.1864,5,Saturday,0.761,0,0,0,1,0,1
2007-05-13_Manchester_United_West_Ham_United_266,2007-05-13,2006/07,Manchester United,West Ham United,Premier League,domestic_league,H,0,0.78,22.2647,8132,265,72,51,928,0.2717,8,0,2,7,1,2,5,10,0,2,0.4,0.5,0.5,0.4,0.4,0.1,0.5008,0.0847,1,0,8,59,28,16,0.4746,188,50,0.266,10,19,0.6,0.8,,,0,2,0,0,0.0,0.0,0,1,0,1,1.5,0.5,,,,0,1679.25,1507.8,171.45,2,128,35,0.2734,132,42,0.3182,5,Sunday,0.783,0,0,0,0,0,0
2007-05-19_Manchester_United_Chelsea_267,2007-05-19,2006/07,Manchester United,Chelsea,FA Cup,domestic_or_other_cup,N,0,0.72,22.2811,8138,266,72,51,928,0.2707,6,1,2,6,1,2,5,9,0,2,0.4,0.5,0.45,0.4,0.4,0.1,0.3506,0.0593,0,1,14,60,28,16,0.4667,189,50,0.2646,9,19,0.6,0.6,,,0,8,0,1,0.0,0.0,0,1,3,4,1.875,0.875,,,,0,1664.68,1548.74,115.94,8,20,9,0.45,14,7,0.5,5,Saturday,0.7995,0,0,0,0,0,0
2007-08-05_Manchester_United_Chelsea_268,2007-08-05,2007/08,Manchester United,Chelsea,FA Community Shield,domestic_or_other_cup,N,0,0.72,22.4946,8216,267,72,51,928,0.2697,78,0,0,0,1,1,5,9,0,2,0.2,0.5,0.45,0.2,0.4,0.1,0.2454,0.0415,0,2,92,0,0,0,,190,50,0.2632,6,19,0.4,0.4,,,0,9,0,1,0.0,0.0,0,1,3,5,2.0,0.8889,,,,0,1651.46,1561.96,89.5,9,0,0,,15,7,0.4667,8,Sunday,0.011,1,0,0,0,0,0
2007-08-12_Manchester_United_Reading_269,2007-08-12,2007/08,Manchester United,Reading,Premier League,domestic_league,H,0,0.78,22.5138,8223,268,72,51,928,0.2687,7,1,1,1,0,1,3,9,0,1,0.2,0.3,0.45,0.2,0.3,0.0,0.1718,0.029,0,3,99,1,0,0,0.0,191,50,0.2618,6,19,0.4,0.4,,,0,4,3,2,0.75,0.5,2,2,2,0,0.5,0.5,,,,0,1658.94,1496.77,162.17,4,129,35,0.2713,133,42,0.3158,8,Sunday,0.0301,1,0,0,0,0,0
2007-08-15_Manchester_United_Portsmouth_270,2007-08-15,2007/08,Manchester United,Portsmouth,Premier League,domestic_league,A,0,0.78,22.522,8226,269,72,51,928,0.2677,3,1,2,2,0,1,2,9,0,1,0.2,0.2,0.45,0.2,0.2,0.0,0.1202,0.0203,0,4,102,2,0,0,0.0,192,50,0.2604,7,17,0.4,0.6,,,0,8,4,2,0.5,0.375,3,5,0,3,1.125,0.375,,,,0,1654.59,1503.72,150.87,8,130,35,0.2692,119,23,0.1933,8,Wednesday,0.0384,1,0,0,0,0,0
2007-08-22_Portugal_Armenia_271,2007-08-22,2007/08,Portugal,Armenia,Euros Qualifier,international,A,1,0.76,22.5412,8233,270,72,51,928,0.2667,7,1,2,3,0,0,2,8,0,0,0.0,0.2,0.4,0.0,0.2,0.0,0.0842,0.0142,0,5,109,3,0,0,0.0,48,17,0.3542,10,14,0.6,0.8,,,0,0,0,0,,,0,0,0,0,,,,,,0,1615.27,1500.0,115.27,0,6,5,0.8333,120,23,0.1917,8,Wednesday,0.0575,1,0,0,1,0,1
2007-09-08_Portugal_Poland_272,2007-09-08,2007/08,Portugal,Poland,Euros Qualifier,international,H,1,0.76,22.5877,8250,271,73,51,927,0.2694,17,0,0,3,1,1,3,9,0,0,0.2,0.3,0.45,0.2,0.3,0.0,0.3589,0.01,1,0,17,4,1,0,0.25,49,18,0.3673,11,15,0.6,1.0,,,0,1,0,0,0.0,0.0,0,0,0,1,3.0,1.0,,,,0,1612.07,1513.08,98.99,1,7,6,0.8571,134,42,0.3134,9,Saturday,0.1041,1,0,0,1,0,1
2007-09-12_Portugal_Serbia_273,2007-09-12,2007/08,Portugal,Serbia,Euros Qualifier,international,H,1,0.76,22.5987,8254,272,74,51,926,0.2721,4,1,1,3,2,2,3,9,0,0,0.4,0.3,0.45,0.4,0.3,0.0,0.5512,0.007,2,0,4,5,2,0,0.4,50,19,0.38,9,16,0.4,1.0,,,0,1,0,0,0.0,0.0,0,0,1,0,1.0,1.0,,,,0,1609.3,1503.29,106.01,1,8,7,0.875,135,43,0.3185,9,Wednesday,0.1151,1,0,0,0,0,0
2007-09-15_Manchester_United_Everton_274,2007-09-15,2007/08,Manchester United,Everton,Premier League,domestic_league,A,0,0.78,22.6069,8257,273,74,51,926,0.2711,3,2,2,3,2,2,3,7,0,0,0.4,0.3,0.35,0.4,0.3,0.0,0.3859,0.0049,0,1,7,6,2,0,0.3333,193,50,0.2591,5,15,0.2,0.6,,,0,8,2,3,0.25,0.25,1,5,2,1,0.625,0.375,,,,0,1650.5,1486.91,163.59,8,131,35,0.2672,121,24,0.1983,9,Saturday,0.1233,1,0,0,0,0,0
2007-09-19_Manchester_United_Sporting_CP_275,2007-09-19,2007/08,Manchester United,Sporting CP,UEFA Champions League,continental_club,A,0,0.94,22.6178,8261,274,74,51,926,0.2701,4,2,3,4,1,2,3,7,0,0,0.4,0.3,0.35,0.4,0.3,0.0,0.2701,0.0034,0,2,11,7,2,0,0.2857,194,50,0.2577,8,17,0.4,0.8,,,0,0,0,0,,,0,0,0,0,,,,,,0,1656.11,1514.06,142.05,29,29,3,0.1034,122,24,0.1967,9,Wednesday,0.1342,1,0,0,1,0,1
2007-09-23_Manchester_United_Chelsea_276,2007-09-23,2007/08,Manchester United,Chelsea,Premier League,domestic_league,H,0,0.78,22.6288,8265,275,75,51,925,0.2727,4,1,3,4,1,3,3,8,0,0,0.6,0.3,0.4,0.6,0.3,0.0,0.4891,0.0024,1,0,4,8,3,0,0.375,195,51,0.2615,11,17,0.6,1.0,,,0,10,0,1,0.0,0.0,0,2,3,5,1.8,0.8,,,,0,1662.23,1554.48,107.75,10,132,35,0.2652,136,43,0.3162,9,Sunday,0.1452,1,0,0,0,0,0
2007-09-29_Manchester_United_Birmingham_City_277,2007-09-29,2007/08,Manchester United,Birmingham City,Premier League,domestic_league,A,0,0.78,22.6452,8271,276,75,51,925,0.2717,6,1,3,5,1,2,3,8,0,0,0.4,0.3,0.4,0.4,0.3,0.0,0.3424,0.0017,0,1,10,9,3,0,0.3333,196,51,0.2602,11,17,0.6,1.0,,,0,6,1,3,0.1667,0.1667,0,4,2,0,0.3333,0.3333,,,,0,1669.23,1479.54,189.69,6,133,35,0.2632,123,25,0.2033,9,Saturday,0.1616,1,0,0,1,0,1
2007-10-02_Manchester_United_Roma_278,2007-10-02,2007/08,Manchester United,Roma,UEFA Champions League,continental_club,H,0,0.94,22.6534,8274,277,76,51,924,0.2744,3,1,3,6,2,2,4,9,0,0,0.4,0.4,0.45,0.4,0.4,0.0,0.5396,0.0012,1,0,3,10,4,0,0.4,197,52,0.264,13,20,0.8,1.0,,,0,2,2,1,1.0,0.5,2,1,0,1,1.5,0.5,,,,0,1674.25,1509.19,165.06,2,30,4,0.1333,137,43,0.3139,10,Tuesday,0.1699,1,0,0,0,0,0
2007-10-06_Manchester_United_Wigan_Athletic_279,2007-10-06,2007/08,Manchester United,Wigan Athletic,Premier League,domestic_league,H,0,0.78,22.6644,8278,278,76,51,924,0.2734,4,2,3,7,1,2,4,7,0,0,0.4,0.4,0.35,0.4,0.4,0.0,0.3778,0.0008,0,1,7,11,4,0,0.3636,198,52,0.2626,15,20,1.0,1.0,,,0,4,4,0,1.0,0.75,4,4,0,0,0.0,0.0,,,,0,1679.83,1473.06,206.77,4,134,36,0.2687,138,43,0.3116,10,Saturday,0.1808,1,0,0,1,1,2
2007-10-13_Portugal_Azerbaijan_280,2007-10-13,2007/08,Portugal,Azerbaijan,Euros Qualifier,international,A,1,0.76,22.6836,8285,279,78,51,922,0.2796,7,1,3,6,3,4,6,8,0,0,0.8,0.6,0.4,0.6,0.5,0.1,0.8644,0.0006,1,0,7,12,6,0,0.5,51,19,0.3725,7,17,0.2,1.0,,,0,1,2,0,2.0,1.0,2,1,0,0,0.0,0.0,,,,0,1606.34,1492.9,113.44,1,9,7,0.7778,124,26,0.2097,10,Saturday,0.2,1,0,0,0,0,0
2007-10-17_Portugal_Kazakhstan_281,2007-10-17,2007/08,Portugal,Kazakhstan,Euros Qualifier,international,A,1,0.76,22.6945,8289,280,78,51,922,0.2786,4,1,2,6,2,3,6,8,0,0,0.6,0.6,0.4,0.4,0.5,0.1,0.6051,0.0004,0,1,11,13,6,0,0.4615,52,19,0.3654,7,19,0.2,1.0,,,0,2,1,0,0.5,0.5,1,2,0,0,0.0,0.0,,,,0,1613.18,1482.74,130.45,2,10,7,0.7,125,26,0.208,10,Wednesday,0.211,0,0,0,1,0,1
2007-10-20_Manchester_United_Aston_Villa_282,2007-10-20,2007/08,Manchester United,Aston Villa,Premier League,domestic_league,A,0,0.78,22.7027,8292,281,79,51,921,0.2811,3,2,3,6,3,4,6,9,0,0,0.8,0.6,0.45,0.6,0.5,0.1,0.7236,0.0003,1,0,3,14,7,0,0.5,199,54,0.2714,15,23,1.0,1.0,,,0,9,5,0,0.5556,0.4444,3,9,0,0,0.0,0.0,,,,0,1684.5,1443.7,240.8,9,135,38,0.2815,126,27,0.2143,10,Saturday,0.2192,0,0,0,0,0,0
2007-10-23_Manchester_United_Dynamo_Kyiv_283,2007-10-23,2007/08,Manchester United,Dynamo Kyiv,UEFA Champions League,continental_club,A,0,0.94,22.7109,8295,282,79,51,921,0.2801,3,2,3,7,1,3,5,8,0,0,0.6,0.5,0.4,0.4,0.4,0.1,0.5065,0.0002,0,1,6,15,7,0,0.4667,200,54,0.27,15,26,1.0,1.0,,,0,0,0,0,,,0,0,0,0,,,,,,0,1688.5,1500.0,188.5,0,31,4,0.129,127,27,0.2126,10,Tuesday,0.2274,0,0,0,1,1,2
2007-10-27_Manchester_United_Middlesbrough_284,2007-10-27,2007/08,Manchester United,Middlesbrough,Premier League,domestic_league,H,0,0.78,22.7219,8299,283,81,51,919,0.2862,4,2,4,7,3,5,7,10,0,0,1.0,0.7,0.5,0.6,0.5,0.2,0.9545,0.0001,1,0,4,16,9,0,0.5625,201,56,0.2786,15,26,1.0,1.0,,,0,10,3,1,0.3,0.3,2,4,4,2,1.0,0.6,,,,0,1693.55,1514.28,179.27,10,136,38,0.2794,139,45,0.3237,10,Saturday,0.2384,0,0,0,0,0,0
2007-11-03_Manchester_United_Arsenal_285,2007-11-03,2007/08,Manchester United,Arsenal,Premier League,domestic_league,A,0,0.78,22.7411,8306,284,81,51,919,0.2852,7,1,3,6,2,3,7,10,0,0,0.6,0.7,0.5,0.4,0.5,0.2,0.6682,0.0001,0,1,11,17,9,0,0.5294,202,56,0.2772,15,28,1.0,1.0,,,0,9,2,0,0.2222,0.1111,0,4,2,3,1.2222,0.5556,,,,0,1698.8,1518.84,179.96,9,137,38,0.2774,128,29,0.2266,11,Saturday,0.2575,0,0,0,1,0,1
2007-11-07_Manchester_United_Dynamo_Kyiv_286,2007-11-07,2007/08,Manchester United,Dynamo Kyiv,UEFA Champions League,continental_club,H,0,0.94,22.752,8310,285,82,51,918,0.2877,4,1,2,6,3,4,7,10,0,0,0.8,0.7,0.5,0.6,0.5,0.2,0.7677,0.0001,1,0,4,18,10,0,0.5556,203,57,0.2808,13,28,0.8,1.0,,,0,1,2,0,2.0,1.0,2,1,0,0,0.0,0.0,,,,0,1694.04,1494.95,199.09,1,32,6,0.1875,140,45,0.3214,11,Wednesday,0.2685,0,0,0,1,0,1
2007-11-11_Manchester_United_Blackburn_Rovers_287,2007-11-11,2007/08,Manchester United,Blackburn Rovers,Premier League,domestic_league,H,0,0.78,22.763,8314,286,83,51,917,0.2902,4,1,2,7,2,4,8,11,0,0,0.8,0.8,0.55,0.6,0.6,0.2,0.8374,0.0,2,0,4,19,11,0,0.5789,204,58,0.2843,13,28,0.8,1.0,,,0,8,0,1,0.0,0.0,0,3,3,2,1.125,0.625,,,,0,1698.86,1514.05,184.81,8,138,39,0.2826,141,46,0.3262,11,Sunday,0.2795,0,0,0,1,1,2
2007-11-17_Portugal_Armenia_288,2007-11-17,2007/08,Portugal,Armenia,Euros Qualifier,international,H,1,0.76,22.7794,8320,287,85,51,915,0.2962,6,1,3,6,4,6,9,13,0,0,1.2,0.9,0.65,0.8,0.6,0.3,1.1862,0.0,3,0,6,20,13,0,0.65,53,20,0.3774,9,19,0.4,1.0,,,0,1,1,0,1.0,1.0,1,0,1,0,1.0,1.0,,,,0,1619.6,1503.2,116.39,1,11,8,0.7273,142,48,0.338,11,Saturday,0.2959,0,0,0,0,0,0
2007-11-21_Portugal_Finland_289,2007-11-21,2007/08,Portugal,Finland,Euros Qualifier,international,H,1,0.76,22.7903,8324,288,85,51,915,0.2951,4,1,3,6,3,4,9,13,0,0,0.8,0.9,0.65,0.6,0.6,0.3,0.8303,0.0,0,1,10,21,13,0,0.619,54,20,0.3704,11,22,0.6,1.0,,,0,1,0,0,0.0,0.0,0,0,1,0,1.0,1.0,,,,0,1626.37,1502.97,123.39,1,12,8,0.6667,143,48,0.3357,11,Wednesday,0.3068,0,0,0,0,0,0
2007-11-27_Manchester_United_Sporting_CP_290,2007-11-27,2007/08,Manchester United,Sporting CP,UEFA Champions League,continental_club,H,0,0.94,22.8068,8330,289,85,51,915,0.2941,6,1,2,5,2,4,7,13,0,0,0.8,0.7,0.65,0.6,0.5,0.2,0.5812,0.0,0,2,16,22,13,0,0.5909,205,60,0.2927,13,28,0.8,1.0,,,0,1,1,0,1.0,1.0,1,1,0,0,0.0,0.0,,,,0,1704.0,1507.94,196.06,30,33,7,0.2121,144,48,0.3333,11,Tuesday,0.3233,0,0,0,1,0,1
2007-12-03_Manchester_United_Fulham_291,2007-12-03,2007/08,Manchester United,Fulham,Premier League,domestic_league,H,0,0.78,22.8232,8336,290,86,52,914,0.2966,6,1,2,6,1,4,8,14,1,1,0.8,0.8,0.7,0.6,0.6,0.2,0.7069,0.3,1,0,6,23,14,1,0.6087,206,61,0.2961,13,28,0.8,1.0,,,0,9,5,2,0.5556,0.4444,4,6,2,1,0.5556,0.3333,,,,0,1708.88,1474.4,234.49,9,139,41,0.295,145,49,0.3379,12,Monday,0.3397,0,0,1,1,1,2
2007-12-08_Manchester_United_Derby_County_292,2007-12-08,2007/08,Manchester United,Derby County,Premier League,domestic_league,H,0,0.78,22.8369,8341,291,88,52,912,0.3024,5,1,2,5,3,5,9,15,1,1,1.0,0.9,0.75,0.6,0.6,0.3,1.0948,0.21,2,0,5,24,16,1,0.6667,207,63,0.3043,13,28,0.8,1.0,,,0,0,0,0,,,0,0,0,0,,,,,,0,1713.0,1500.0,213.0,0,140,43,0.3071,146,51,0.3493,12,Saturday,0.3534,0,0,1,1,0,1
2007-12-16_Manchester_United_Liverpool_293,2007-12-16,2007/08,Manchester United,Liverpool,Premier League,domestic_league,A,0,0.78,22.8588,8349,292,89,52,911,0.3048,8,0,2,5,4,4,10,15,1,1,0.8,1.0,0.75,0.6,0.7,0.3,1.0664,0.147,3,0,8,25,17,1,0.68,208,64,0.3077,15,28,1.0,1.0,,,0,6,0,1,0.0,0.0,0,3,1,2,1.1667,0.5,,,,0,1717.54,1507.91,209.63,6,141,44,0.3121,129,30,0.2326,12,Sunday,0.3753,0,0,1,0,0,0
2007-12-23_Manchester_United_Everton_294,2007-12-23,2007/08,Manchester United,Everton,Premier League,domestic_league,H,0,0.78,22.878,8356,293,89,52,911,0.3038,7,1,1,4,3,4,8,15,1,1,0.8,0.8,0.75,0.6,0.6,0.2,0.7465,0.1029,0,1,15,26,17,1,0.6538,209,64,0.3062,15,28,1.0,1.0,,,0,9,2,3,0.2222,0.2222,1,6,2,1,0.5556,0.3333,,,,0,1722.14,1481.3,240.84,9,142,44,0.3099,147,52,0.3537,12,Sunday,0.3945,0,0,1,1,1,2
2007-12-26_Manchester_United_Sunderland_295,2007-12-26,2007/08,Manchester United,Sunderland,Premier League,domestic_league,A,0,0.78,22.8862,8359,294,91,52,909,0.3095,3,1,2,5,3,6,10,17,1,1,1.2,1.0,0.85,0.8,0.7,0.3,1.1225,0.072,1,0,3,27,19,1,0.7037,210,66,0.3143,15,28,1.0,1.0,,,0,2,0,0,0.0,0.0,0,1,1,0,0.5,0.5,,,,0,1726.14,1497.16,228.98,2,143,46,0.3217,130,30,0.2308,12,Wednesday,0.4027,0,0,1,1,0,1
2007-12-29_Manchester_United_West_Ham_United_296,2007-12-29,2007/08,Manchester United,West Ham United,Premier League,domestic_league,A,0,0.78,22.8944,8362,295,92,52,908,0.3119,3,2,3,5,3,6,10,17,0,1,1.2,1.0,0.85,0.8,0.7,0.3,1.0858,0.0504,2,0,3,28,20,1,0.7143,211,67,0.3175,15,28,1.0,1.0,,,0,3,0,0,0.0,0.0,0,1,0,2,2.0,0.6667,,,,0,1730.37,1522.37,207.99,3,144,47,0.3264,131,31,0.2366,12,Saturday,0.411,0,0,1,1,0,1
2008-01-01_Manchester_United_Birmingham_City_297,2008-01-01,2007/08,Manchester United,Birmingham City,Premier League,domestic_league,H,0,0.78,22.9026,8365,296,93,52,907,0.3142,3,2,3,6,4,5,10,18,0,1,1.0,1.0,0.9,0.8,0.7,0.3,1.06,0.0353,3,0,3,29,21,1,0.7241,212,68,0.3208,12,25,0.8,0.8,,,0,7,2,3,0.2857,0.2857,1,5,2,0,0.2857,0.2857,,,,0,1715.01,1474.52,240.49,7,145,48,0.331,148,54,0.3649,1,Tuesday,0.4192,0,0,1,0,0,0
2008-01-05_Manchester_United_Aston_Villa_298,2008-01-05,2007/08,Manchester United,Aston Villa,FA Cup,domestic_or_other_cup,A,0,0.72,22.9135,8369,297,93,53,907,0.3131,4,2,4,6,2,4,8,17,1,2,0.8,0.8,0.85,0.6,0.6,0.2,0.742,0.3247,0,1,7,30,21,2,0.7,213,68,0.3192,12,27,0.8,0.8,,,0,10,5,0,0.5,0.4,1,10,0,0,0.0,0.0,,,,0,1719.01,1439.7,279.32,10,21,9,0.4286,132,32,0.2424,1,Saturday,0.4301,0,0,1,1,0,1
2008-01-12_Manchester_United_Newcastle_United_299,2008-01-12,2007/08,Manchester United,Newcastle United,Premier League,domestic_league,H,0,0.78,22.9327,8376,298,94,53,906,0.3154,7,1,3,6,2,5,9,18,1,2,1.0,0.9,0.9,0.8,0.7,0.2,0.8194,0.2273,1,0,7,31,22,2,0.7097,214,69,0.3224,12,27,0.8,0.8,,,0,8,1,3,0.125,0.125,0,7,1,0,0.125,0.125,,,,0,1722.35,1458.6,263.75,8,146,48,0.3288,149,54,0.3624,1,Saturday,0.4493,0,0,1,1,1,3
2008-01-19_Manchester_United_Reading_300,2008-01-19,2007/08,Manchester United,Reading,Premier League,domestic_league,A,0,0.78,22.9519,8383,299,97,53,903,0.3244,7,1,2,6,4,6,12,19,1,2,1.2,1.2,0.95,0.8,0.8,0.3,1.4736,0.1591,2,0,7,32,25,2,0.7812,215,72,0.3349,12,27,0.8,0.8,,,0,5,3,2,0.6,0.4,0,2,3,0,0.6,0.6,,,,0,1725.94,1501.13,224.82,5,147,51,0.3469,133,33,0.2481,1,Saturday,0.4685,0,0,1,1,0,1
2008-01-27_Manchester_United_Tottenham_Hotspur_301,2008-01-27,2007/08,Manchester United,Tottenham Hotspur,FA Cup,domestic_or_other_cup,H,0,0.72,22.9738,8391,300,98,53,902,0.3267,8,0,1,5,5,6,12,20,1,1,1.2,1.2,1.0,0.8,0.8,0.3,1.3315,0.1114,3,0,8,33,26,2,0.7879,216,73,0.338,12,27,0.8,0.8,,,0,8,2,2,0.25,0.25,1,6,2,0,0.25,0.25,,,,0,1730.25,1467.62,262.63,8,22,10,0.4545,150,57,0.38,1,Sunday,0.4904,0,0,1,1,1,2
2008-01-30_Manchester_United_Portsmouth_302,2008-01-30,2007/08,Manchester United,Portsmouth,Premier League,domestic_league,H,0,0.78,22.982,8394,301,100,53,900,0.3322,3,1,2,5,6,7,12,21,1,1,1.4,1.2,1.05,0.8,0.8,0.3,1.5321,0.078,4,0,3,34,28,2,0.8235,217,75,0.3456,15,27,1.0,1.0,,,0,9,4,2,0.4444,0.3333,1,5,1,3,1.1111,0.4444,,,,0,1733.86,1507.81,226.05,9,148,52,0.3514,151,59,0.3907,1,Wednesday,0.4986,0,0,1,1,1,2
2008-02-02_Manchester_United_Tottenham_Hotspur_303,2008-02-02,2007/08,Manchester United,Tottenham Hotspur,Premier League,domestic_league,A,0,0.78,22.9902,8397,302,102,53,898,0.3377,3,2,3,5,5,9,13,23,0,1,1.8,1.3,1.15,1.0,0.8,0.4,1.6724,0.0546,5,0,3,35,30,2,0.8571,218,77,0.3532,15,27,1.0,1.0,,,0,9,4,2,0.4444,0.3333,3,7,2,0,0.2222,0.2222,,,,0,1738.14,1464.0,274.14,9,149,54,0.3624,134,34,0.2537,2,Saturday,0.5068,0,0,0,0,0,0
2008-02-06_Portugal_Italy_304,2008-02-06,2007/08,Portugal,Italy,International Friendly,international,H,1,0.35,23.0012,8401,303,102,53,898,0.3366,4,2,3,5,4,8,13,21,0,1,1.6,1.3,1.05,0.8,0.8,0.4,1.1707,0.0382,0,1,7,36,30,2,0.8333,55,20,0.3636,11,20,0.6,1.0,,,0,1,0,0,0.0,0.0,0,0,0,1,3.0,1.0,,,,0,1622.96,1510.3,112.65,1,16,2,0.125,152,61,0.4013,2,Wednesday,0.5178,0,0,0,0,0,0
2008-02-10_Manchester_United_Manchester_City_305,2008-02-10,2007/08,Manchester United,Manchester City,Premier League,domestic_league,H,0,0.78,23.0121,8405,304,102,53,898,0.3355,4,1,4,6,2,5,11,21,0,1,1.0,1.1,1.05,0.6,0.7,0.3,0.8195,0.0267,0,2,11,37,30,2,0.8108,219,77,0.3516,13,25,0.8,1.0,,,0,8,3,1,0.375,0.375,2,5,1,2,0.875,0.375,,,,0,1731.56,1494.2,237.36,8,150,54,0.36,153,61,0.3987,2,Sunday,0.5288,0,0,0,0,0,0
2008-02-20_Manchester_United_Lyon_306,2008-02-20,2007/08,Manchester United,Lyon,UEFA Champions League,continental_club,A,0,0.94,23.0395,8415,305,102,53,898,0.3344,10,0,2,5,0,4,10,20,0,1,0.8,1.0,1.0,0.4,0.6,0.3,0.5736,0.0187,0,3,21,38,30,2,0.7895,220,77,0.35,10,22,0.6,0.8,,,0,2,0,1,0.0,0.0,0,1,1,0,0.5,0.5,,,,0,1715.63,1495.27,220.36,2,34,8,0.2353,135,34,0.2519,2,Wednesday,0.5562,0,0,0,0,0,0
2008-02-23_Manchester_United_Newcastle_United_307,2008-02-23,2007/08,Manchester United,Newcastle United,Premier League,domestic_league,A,0,0.78,23.0477,8418,306,102,53,898,0.3333,3,1,2,6,0,2,9,19,0,1,0.4,0.9,0.95,0.2,0.5,0.3,0.4016,0.0131,0,4,24,39,30,2,0.7692,221,77,0.3484,8,20,0.4,0.8,,,0,9,4,3,0.4444,0.2222,3,8,1,0,0.1111,0.1111,,,,0,1710.02,1455.01,255.01,9,151,54,0.3576,136,34,0.25,2,Saturday,0.5644,0,0,0,1,1,2
2008-03-01_Manchester_United_Fulham_308,2008-03-01,2007/08,Manchester United,Fulham,Premier League,domestic_league,A,0,0.78,23.0669,8425,307,104,54,896,0.3388,7,1,2,5,2,2,11,19,1,1,0.4,1.1,0.95,0.2,0.6,0.4,0.8811,0.3092,1,0,7,40,32,3,0.8,222,79,0.3559,8,23,0.4,0.8,,,0,10,7,2,0.7,0.5,4,7,2,1,0.5,0.3,,,,0,1713.76,1470.28,243.48,10,152,56,0.3684,137,36,0.2628,3,Saturday,0.5836,0,0,0,0,0,0
2008-03-04_Manchester_United_Lyon_309,2008-03-04,2007/08,Manchester United,Lyon,UEFA Champions League,continental_club,H,0,0.94,23.0751,8428,308,104,54,896,0.3377,3,1,3,5,2,2,10,19,1,1,0.4,1.0,0.95,0.2,0.5,0.4,0.6168,0.2164,0,1,10,41,32,3,0.7805,223,79,0.3543,8,23,0.4,0.8,,,0,3,0,1,0.0,0.0,0,1,2,0,0.6667,0.6667,,,,0,1717.71,1500.88,216.83,3,35,8,0.2286,154,61,0.3961,3,Tuesday,0.5918,0,0,0,1,0,1
2008-03-08_Manchester_United_Portsmouth_310,2008-03-08,2007/08,Manchester United,Portsmouth,FA Cup,domestic_or_other_cup,H,0,0.72,23.086,8432,309,105,54,895,0.3398,4,2,3,5,3,3,8,20,1,1,0.6,0.8,1.0,0.4,0.5,0.3,0.7317,0.1515,1,0,4,42,33,3,0.7857,224,80,0.3571,10,23,0.6,0.8,,,0,10,6,2,0.6,0.4,2,6,1,3,1.0,0.4,,,,0,1722.17,1503.53,218.65,10,23,12,0.5217,155,62,0.4,3,Saturday,0.6027,0,0,0,0,0,0
2008-03-15_Manchester_United_Derby_County_311,2008-03-15,2007/08,Manchester United,Derby County,Premier League,domestic_league,A,0,0.78,23.1052,8439,310,105,54,895,0.3387,7,1,3,5,1,3,7,19,1,1,0.6,0.7,0.95,0.4,0.4,0.3,0.5122,0.106,0,1,11,43,33,3,0.7674,225,80,0.3556,10,20,0.6,0.8,,,0,1,1,0,1.0,1.0,1,1,0,0,0.0,0.0,,,,0,1706.6,1495.46,211.13,1,153,56,0.366,138,36,0.2609,3,Saturday,0.6219,0,0,0,1,0,1
2008-03-19_Manchester_United_Bolton_Wanderers_312,2008-03-19,2007/08,Manchester United,Bolton Wanderers,Premier League,domestic_league,H,0,0.78,23.1161,8443,311,106,54,894,0.3408,4,1,2,6,2,4,6,18,1,1,0.8,0.6,0.9,0.6,0.4,0.2,0.6585,0.0742,1,0,4,44,34,3,0.7727,226,81,0.3584,12,20,0.8,0.8,,,0,7,3,3,0.4286,0.2857,1,6,1,0,0.1429,0.1429,,,,0,1711.17,1463.82,247.35,7,154,57,0.3701,156,62,0.3974,3,Wednesday,0.6329,0,0,0,1,1,2
2008-03-23_Manchester_United_Liverpool_313,2008-03-23,2007/08,Manchester United,Liverpool,Premier League,domestic_league,H,0,0.78,23.1271,8447,312,108,54,892,0.3462,4,1,2,6,3,4,6,19,0,1,0.8,0.6,0.95,0.6,0.4,0.2,1.061,0.052,2,0,4,45,36,3,0.8,227,83,0.3656,12,20,0.8,0.8,,,0,7,0,1,0.0,0.0,0,4,1,2,1.0,0.4286,,,,0,1715.05,1503.31,211.75,7,155,59,0.3806,157,64,0.4076,3,Sunday,0.6438,0,0,0,1,0,1
2008-03-29_Manchester_United_Aston_Villa_314,2008-03-29,2007/08,Manchester United,Aston Villa,Premier League,domestic_league,H,0,0.78,23.1435,8453,313,109,54,891,0.3482,6,1,3,6,4,5,7,20,0,1,1.0,0.7,1.0,0.8,0.5,0.2,1.0427,0.0364,3,0,6,46,37,3,0.8043,228,84,0.3684,12,20,0.8,0.8,,,0,11,6,0,0.5455,0.4545,2,11,0,0,0.0,0.0,,,,0,1719.62,1436.36,283.26,11,156,60,0.3846,158,65,0.4114,3,Saturday,0.6603,0,0,0,1,0,1
2008-04-01_Manchester_United_Roma_315,2008-04-01,2007/08,Manchester United,Roma,UEFA Champions League,continental_club,A,0,0.94,23.1517,8456,314,110,57,890,0.3503,3,1,3,6,4,5,8,19,3,4,1.0,0.8,0.95,0.8,0.6,0.2,1.0299,0.9255,4,0,3,47,38,6,0.8085,229,85,0.3712,12,22,0.8,0.8,,,0,3,2,1,0.6667,0.3333,2,2,0,1,1.0,0.3333,,,,0,1722.89,1503.61,219.28,3,36,9,0.25,139,37,0.2662,4,Tuesday,0.6685,0,0,0,1,0,1
2008-04-06_Manchester_United_Middlesbrough_316,2008-04-06,2007/08,Manchester United,Middlesbrough,Premier League,domestic_league,A,0,0.78,23.1654,8461,315,111,57,889,0.3524,5,1,3,6,3,6,9,19,3,4,1.2,0.9,0.95,1.0,0.7,0.2,1.0209,0.6478,5,0,5,48,39,6,0.8125,230,86,0.3739,15,25,1.0,1.0,,,0,11,3,1,0.2727,0.2727,1,5,4,2,0.9091,0.5455,,,,0,1727.3,1509.02,218.28,11,157,61,0.3885,140,38,0.2714,4,Sunday,0.6822,0,0,0,1,0,1
2008-04-13_Manchester_United_Arsenal_317,2008-04-13,2007/08,Manchester United,Arsenal,Premier League,domestic_league,H,0,0.78,23.1846,8468,316,112,57,888,0.3544,7,1,2,6,3,6,10,19,3,4,1.2,1.0,0.95,1.0,0.8,0.2,1.0146,0.4535,6,0,7,49,40,6,0.8163,231,87,0.3766,13,25,0.8,1.0,,,0,10,3,0,0.3,0.2,1,4,3,3,1.2,0.6,,,,0,1721.73,1523.6,198.13,10,158,62,0.3924,159,66,0.4151,4,Sunday,0.7014,0,0,0,1,0,1
2008-04-19_Manchester_United_Blackburn_Rovers_318,2008-04-19,2007/08,Manchester United,Blackburn Rovers,Premier League,domestic_league,A,0,0.78,23.201,8474,317,113,57,887,0.3565,6,1,2,5,3,5,9,20,3,3,1.0,0.9,1.0,1.0,0.8,0.1,1.0102,0.3174,7,0,6,50,41,6,0.82,232,88,0.3793,13,25,0.8,1.0,,,0,9,2,1,0.2222,0.1111,2,4,3,2,1.0,0.5556,,,,0,1726.58,1508.92,217.66,9,159,63,0.3962,141,39,0.2766,4,Saturday,0.7178,0,0,0,0,0,0
2008-04-23_Manchester_United_Barcelona_319,2008-04-23,2007/08,Manchester United,Barcelona,UEFA Champions League,continental_club,A,0,0.94,23.212,8478,318,113,57,887,0.3553,4,1,2,5,2,4,9,19,3,3,0.8,0.9,0.95,0.8,0.8,0.1,0.7072,0.2222,0,1,10,51,41,6,0.8039,233,88,0.3777,11,23,0.6,1.0,,,0,0,0,0,,,0,0,0,0,,,,,,0,1721.02,1500.0,221.02,0,37,10,0.2703,142,39,0.2746,4,Wednesday,0.7288,0,0,0,0,0,0
2008-04-26_Manchester_United_Chelsea_320,2008-04-26,2007/08,Manchester United,Chelsea,Premier League,domestic_league,A,0,0.78,23.2202,8481,319,113,57,887,0.3542,3,2,3,6,1,3,8,16,0,3,0.6,0.8,0.8,0.6,0.7,0.1,0.495,0.1555,0,2,13,52,41,6,0.7885,234,88,0.3761,9,21,0.4,1.0,0,0,1,11,0,1,0.0,0.0,0,3,3,5,1.6364,0.7273,,,,0,1715.4,1547.49,167.91,11,160,63,0.3937,143,39,0.2727,4,Saturday,0.737,0,0,0,0,0,0
2008-04-29_Manchester_United_Barcelona_321,2008-04-29,2007/08,Manchester United,Barcelona,UEFA Champions League,continental_club,H,0,0.94,23.2284,8484,320,113,57,887,0.3531,3,2,3,6,0,2,8,15,0,3,0.4,0.8,0.75,0.4,0.7,0.1,0.3465,0.1089,0,3,16,53,41,6,0.7736,235,88,0.3745,6,21,0.2,0.8,0,0,1,1,0,0,0.0,0.0,0,0,1,0,1.0,1.0,0.0,0.0,1.0,1,1700.91,1505.62,195.29,1,38,10,0.2632,160,67,0.4188,4,Tuesday,0.7452,0,0,0,0,0,0
2008-05-03_Manchester_United_West_Ham_United_322,2008-05-03,2007/08,Manchester United,West Ham United,Premier League,domestic_league,H,0,0.78,23.2394,8488,321,113,57,887,0.352,4,2,4,6,0,1,7,13,0,3,0.2,0.7,0.65,0.2,0.6,0.1,0.2426,0.0762,0,4,20,54,41,6,0.7593,236,88,0.3729,8,21,0.4,0.8,1,0,2,4,1,0,0.25,0.25,1,1,0,3,2.25,0.75,,,,0,1705.82,1537.73,168.08,4,161,63,0.3913,161,67,0.4161,5,Saturday,0.7562,0,0,0,1,1,2
2008-05-11_Manchester_United_Wigan_Athletic_323,2008-05-11,2007/08,Manchester United,Wigan Athletic,Premier League,domestic_league,A,0,0.78,23.2613,8496,322,115,58,885,0.3571,8,0,2,6,2,2,7,13,1,4,0.4,0.7,0.65,0.2,0.6,0.1,0.7698,0.3534,1,0,8,55,43,7,0.7818,237,90,0.3797,8,21,0.4,0.8,1,0,2,5,6,0,1.2,0.8,5,5,0,0,0.0,0.0,,,,0,1711.32,1468.4,242.93,5,162,65,0.4012,144,39,0.2708,5,Sunday,0.7781,0,0,0,1,0,1
2008-05-21_Manchester_United_Chelsea_324,2008-05-21,2007/08,Manchester United,Chelsea,UEFA Champions League,continental_club,N,0,0.94,23.2886,8506,323,116,58,884,0.3591,10,0,1,5,3,3,7,14,1,4,0.6,0.7,0.7,0.4,0.6,0.1,0.8389,0.2473,2,0,10,56,44,7,0.7857,238,91,0.3824,10,21,0.6,0.8,1,0,2,12,0,1,0.0,0.0,0,3,3,6,1.75,0.75,,,,0,1715.28,1561.97,153.31,12,39,10,0.2564,16,7,0.4375,5,Wednesday,0.8055,0,1,0,1,0,1
2008-05-31_Portugal_Georgia_325,2008-05-31,2007/08,Portugal,Georgia,International Friendly,international,H,1,0.35,23.316,8516,324,117,58,883,0.3611,10,0,1,3,4,4,7,15,1,1,0.8,0.7,0.75,0.6,0.6,0.1,0.8872,0.1731,3,0,10,57,45,7,0.7895,56,20,0.3571,10,17,0.6,0.8,,,0,0,0,0,,,0,0,0,0,,,,,,0,1609.82,1500.0,109.82,0,17,2,0.1176,162,69,0.4259,5,Saturday,0.8329,0,1,0,0,0,0
2008-06-07_Portugal_Türkiye_326,2008-06-07,2007/08,Portugal,Türkiye,Euro Championship,international,H,1,0.95,23.3352,8523,325,117,58,883,0.36,7,1,1,3,2,4,6,15,1,1,0.8,0.6,0.75,0.6,0.5,0.1,0.621,0.1212,0,1,17,58,45,7,0.7759,57,20,0.3509,10,17,0.6,0.8,,,0,0,0,0,,,0,0,0,0,,,,,,0,1616.76,1500.0,116.76,0,6,2,0.3333,163,69,0.4233,6,Saturday,0.8521,0,1,0,0,0,0
2008-06-11_Portugal_Czech_Republic_327,2008-06-11,2007/08,Portugal,Czech Republic,Euro Championship,international,A,1,0.95,23.3461,8527,326,117,58,883,0.3589,4,1,2,3,1,4,5,15,1,1,0.8,0.5,0.75,0.6,0.4,0.1,0.4347,0.0848,0,2,21,59,45,7,0.7627,58,20,0.3448,10,19,0.6,0.8,2,0,1,0,0,0,,,0,0,0,0,,,,,,0,1623.52,1500.0,123.52,0,7,2,0.2857,145,40,0.2759,6,Wednesday,0.863,0,1,0,1,0,1
2008-06-19_Portugal_Germany_328,2008-06-19,2007/08,Portugal,Germany,Euro Championship,international,H,1,0.95,23.368,8535,327,118,58,882,0.3609,8,0,2,4,1,3,5,14,0,1,0.6,0.5,0.7,0.6,0.4,0.1,0.6043,0.0594,1,0,8,60,46,7,0.7667,59,21,0.3559,10,21,0.6,0.8,5,1,2,1,0,0,0.0,0.0,0,0,0,1,3.0,1.0,,,,0,1630.11,1513.66,116.45,1,8,3,0.375,164,69,0.4207,6,Thursday,0.8849,0,1,0,0,0,0
2008-09-17_Manchester_United_Villarreal_329,2008-09-17,2008/09,Manchester United,Villarreal,UEFA Champions League,continental_club,H,0,0.94,23.6144,8625,328,118,58,882,0.3598,90,0,0,0,1,2,5,14,0,1,0.4,0.5,0.7,0.4,0.4,0.1,0.423,0.0416,0,1,98,0,0,0,,239,92,0.3849,12,21,0.8,0.8,1,0,1,2,0,0,0.0,0.0,0,0,2,0,1.0,1.0,,,,0,1721.14,1506.08,215.06,2,40,11,0.275,165,69,0.4182,9,Wednesday,0.1291,1,0,0,0,0,0
2008-09-21_Manchester_United_Chelsea_330,2008-09-21,2008/09,Manchester United,Chelsea,Premier League,domestic_league,A,0,0.78,23.6254,8629,329,118,58,882,0.3587,4,1,1,1,1,1,5,13,0,1,0.2,0.5,0.65,0.2,0.4,0.1,0.2961,0.0291,0,2,102,1,0,0,0.0,240,92,0.3833,13,19,0.8,1.0,1,0,1,13,1,1,0.0769,0.0769,1,4,3,6,1.6154,0.6923,,,,0,1715.63,1556.12,159.51,13,163,66,0.4049,146,41,0.2808,9,Sunday,0.1401,1,0,0,0,0,0
2008-09-23_Manchester_United_Middlesbrough_331,2008-09-23,2008/09,Manchester United,Middlesbrough,League Cup,domestic_or_other_cup,H,0,0.72,23.6309,8631,330,118,58,882,0.3576,2,2,2,2,0,1,5,13,0,1,0.2,0.5,0.65,0.2,0.4,0.1,0.2073,0.0204,0,3,104,2,0,0,0.0,241,92,0.3817,11,19,0.6,1.0,,,0,12,4,1,0.3333,0.3333,1,5,5,2,0.9167,0.5833,,,,0,1711.34,1514.59,196.75,12,8,2,0.25,166,69,0.4157,9,Tuesday,0.1456,1,0,0,1,0,1
2008-09-27_Manchester_United_Bolton_Wanderers_332,2008-09-27,2008/09,Manchester United,Bolton Wanderers,Premier League,domestic_league,H,0,0.78,23.6418,8635,331,119,58,881,0.3595,4,2,3,3,1,2,6,13,0,1,0.4,0.6,0.65,0.4,0.5,0.1,0.4451,0.0143,1,0,4,3,1,0,0.3333,242,93,0.3843,11,19,0.6,1.0,,,0,8,5,3,0.625,0.375,3,7,1,0,0.125,0.125,,,,0,1716.21,1459.94,256.27,8,164,66,0.4024,167,70,0.4192,9,Saturday,0.1566,1,0,0,1,0,1
2008-09-30_Manchester_United_Aalborg_333,2008-09-30,2008/09,Manchester United,Aalborg,UEFA Champions League,continental_club,A,0,0.94,23.65,8638,332,120,59,880,0.3614,3,2,4,4,2,2,5,12,1,1,0.4,0.5,0.6,0.4,0.5,0.0,0.6116,0.31,2,0,3,4,2,1,0.5,243,94,0.3868,11,21,0.6,1.0,,,0,0,0,0,,,0,0,0,0,,,,,,0,1719.94,1500.0,219.94,0,41,11,0.2683,147,41,0.2789,9,Tuesday,0.1648,1,0,0,0,0,0
2008-10-04_Manchester_United_Blackburn_Rovers_334,2008-10-04,2008/09,Manchester United,Blackburn Rovers,Premier League,domestic_league,A,0,0.78,23.661,8642,333,120,60,880,0.3604,4,2,4,5,2,2,4,11,2,2,0.4,0.4,0.55,0.4,0.4,0.0,0.4281,0.517,0,1,7,5,2,2,0.4,244,94,0.3852,11,23,0.6,1.0,,,0,10,2,1,0.2,0.1,2,4,4,2,1.0,0.6,,,,0,1724.33,1514.48,209.86,10,165,67,0.4061,148,41,0.277,10,Saturday,0.1758,1,0,0,0,0,0
2008-10-11_Portugal_Sweden_335,2008-10-11,2008/09,Portugal,Sweden,World Cup - Qualification Europe,international,A,1,0.76,23.6802,8649,334,120,61,880,0.3593,7,1,3,6,1,2,3,10,3,3,0.4,0.3,0.5,0.4,0.3,0.0,0.2997,0.6619,0,2,14,6,2,3,0.3333,60,21,0.35,9,20,0.6,0.6,7,4,3,1,0,1,0.0,0.0,0,0,1,0,1.0,1.0,,,,0,1616.88,1500.01,116.87,1,12,7,0.5833,149,41,0.2752,10,Saturday,0.1951,1,0,0,0,0,0
2008-10-15_Portugal_Albania_336,2008-10-15,2008/09,Portugal,Albania,World Cup - Qualification Europe,international,H,1,0.76,23.6911,8653,335,120,61,880,0.3582,4,1,2,7,0,2,3,9,3,3,0.4,0.3,0.45,0.4,0.3,0.0,0.2098,0.4633,0,3,18,7,2,3,0.2857,61,21,0.3443,10,20,0.6,0.8,7,4,3,1,0,0,0.0,0.0,0,1,0,0,0.0,0.0,,,,0,1613.64,1490.02,123.61,1,13,7,0.5385,168,71,0.4226,10,Wednesday,0.206,0,0,0,0,0,0
2008-10-18_Manchester_United_West_Bromwich_Albion_337,2008-10-18,2008/09,Manchester United,West Bromwich Albion,Premier League,domestic_league,H,0,0.78,23.6993,8656,336,120,61,880,0.3571,3,2,3,7,0,1,3,8,3,3,0.2,0.3,0.4,0.2,0.3,0.0,0.1468,0.3243,0,4,21,8,2,3,0.25,245,94,0.3837,13,26,0.8,1.0,,,0,5,1,1,0.2,0.2,1,3,1,1,0.8,0.4,,,,0,1728.94,1492.75,236.19,5,166,67,0.4036,169,71,0.4201,10,Saturday,0.2143,0,0,0,1,0,1
2008-10-21_Manchester_United_Celtic_338,2008-10-21,2008/09,Manchester United,Celtic,UEFA Champions League,continental_club,H,0,0.94,23.7075,8659,337,121,61,879,0.3591,3,2,3,8,1,1,3,8,2,3,0.2,0.3,0.4,0.2,0.3,0.0,0.4028,0.227,1,0,3,9,3,3,0.3333,246,95,0.3862,15,26,1.0,1.0,,,0,1,0,0,0.0,0.0,0,0,0,1,3.0,1.0,,,,0,1733.02,1514.08,218.95,1,42,11,0.2619,170,72,0.4235,10,Tuesday,0.2225,0,0,0,0,0,0
2008-10-25_Manchester_United_Everton_339,2008-10-25,2008/09,Manchester United,Everton,Premier League,domestic_league,A,0,0.78,23.7185,8663,338,121,61,879,0.358,4,2,4,7,1,1,3,8,1,3,0.2,0.3,0.4,0.2,0.3,0.0,0.282,0.1589,0,1,7,10,3,3,0.3,247,95,0.3846,15,26,1.0,1.0,,,0,10,4,3,0.4,0.3,2,7,2,1,0.5,0.3,,,,0,1737.44,1477.3,260.14,10,167,68,0.4072,150,41,0.2733,10,Saturday,0.2335,0,0,0,0,0,0
2008-10-29_Manchester_United_West_Ham_United_340,2008-10-29,2008/09,Manchester United,West Ham United,Premier League,domestic_league,H,0,0.78,23.7294,8667,339,121,61,879,0.3569,4,1,4,7,1,1,3,8,0,3,0.2,0.3,0.4,0.2,0.3,0.0,0.1974,0.1112,0,2,11,11,3,3,0.2727,248,95,0.3831,13,24,0.8,1.0,,,0,5,3,1,0.6,0.4,3,2,0,3,1.8,0.6,,,,0,1731.1,1532.23,198.87,5,168,68,0.4048,171,72,0.4211,10,Wednesday,0.2445,0,0,0,1,1,2
2008-11-01_Manchester_United_Hull_City_341,2008-11-01,2008/09,Manchester United,Hull City,Premier League,domestic_league,H,0,0.78,23.7377,8670,340,123,61,877,0.3618,3,2,4,7,2,3,5,10,0,3,0.6,0.5,0.5,0.4,0.4,0.1,0.7382,0.0779,1,0,3,12,5,3,0.4167,249,97,0.3896,13,24,0.8,1.0,,,0,0,0,0,,,0,0,0,0,,,,,,0,1735.92,1500.0,235.92,0,169,70,0.4142,172,74,0.4302,11,Saturday,0.2527,0,0,0,1,1,2
2008-11-05_Manchester_United_Celtic_342,2008-11-05,2008/09,Manchester United,Celtic,UEFA Champions League,continental_club,A,0,0.94,23.7486,8674,341,125,61,875,0.3666,4,2,3,7,4,5,6,12,0,3,1.0,0.6,0.6,0.6,0.4,0.2,1.1167,0.0545,2,0,4,13,7,3,0.5385,250,99,0.396,13,26,0.8,1.0,,,0,2,0,0,0.0,0.0,0,1,0,1,1.5,0.5,,,,0,1740.02,1509.66,230.36,2,43,11,0.2558,151,41,0.2715,11,Wednesday,0.2637,0,0,0,0,0,0
2008-11-08_Manchester_United_Arsenal_343,2008-11-08,2008/09,Manchester United,Arsenal,Premier League,domestic_league,A,0,0.78,23.7568,8677,342,125,61,875,0.3655,3,2,4,8,4,4,5,10,0,2,0.8,0.5,0.5,0.4,0.3,0.2,0.7817,0.0382,0,1,7,14,7,3,0.5,251,99,0.3944,11,26,0.6,1.0,,,0,11,4,0,0.3636,0.2727,2,5,3,3,1.0909,0.5455,,,,0,1734.21,1518.75,215.46,11,170,72,0.4235,152,41,0.2697,11,Saturday,0.272,0,0,0,0,0,0
2008-11-15_Manchester_United_Stoke_City_344,2008-11-15,2008/09,Manchester United,Stoke City,Premier League,domestic_league,H,0,0.78,23.776,8684,343,125,61,875,0.3644,7,1,3,7,2,4,5,9,0,1,0.8,0.5,0.45,0.4,0.3,0.2,0.5472,0.0267,0,2,14,15,7,3,0.4667,252,99,0.3929,8,23,0.4,0.8,,,0,0,0,0,,,0,0,0,0,,,,,,0,1718.7,1500.0,218.7,0,171,72,0.4211,173,76,0.4393,11,Saturday,0.2912,0,0,0,1,1,2
2008-11-20_Portugal_Brazil_345,2008-11-20,2008/09,Portugal,Brazil,International Friendly,international,A,1,0.35,23.7897,8689,344,127,62,873,0.3692,5,1,2,7,2,6,7,10,1,1,1.2,0.7,0.5,0.6,0.4,0.3,0.983,0.3187,1,0,5,16,9,4,0.5625,62,21,0.3387,8,18,0.4,0.8,7,4,3,1,0,0,0.0,0.0,0,1,0,0,0.0,0.0,,,,0,1610.22,1492.92,117.3,1,18,2,0.1111,153,41,0.268,11,Thursday,0.3049,0,0,0,0,0,0
2008-11-22_Manchester_United_Aston_Villa_346,2008-11-22,2008/09,Manchester United,Aston Villa,Premier League,domestic_league,A,0,0.78,23.7951,8691,345,127,62,873,0.3681,2,2,3,7,2,4,7,10,1,1,0.8,0.7,0.5,0.4,0.4,0.3,0.6881,0.2231,0,1,7,17,9,4,0.5294,253,101,0.3992,10,23,0.6,0.8,,,0,12,7,3,0.5833,0.5,2,12,0,0,0.0,0.0,,,,0,1723.12,1433.08,290.04,12,172,74,0.4302,154,41,0.2662,11,Saturday,0.3104,0,0,0,0,0,0
2008-11-25_Manchester_United_Villarreal_347,2008-11-25,2008/09,Manchester United,Villarreal,UEFA Champions League,continental_club,A,0,0.94,23.8034,8694,346,127,62,873,0.3671,3,2,3,7,2,2,7,10,1,1,0.4,0.7,0.5,0.2,0.4,0.3,0.4817,0.1562,0,2,10,18,9,4,0.5,254,101,0.3976,8,21,0.4,0.8,,,0,3,0,0,0.0,0.0,0,0,3,0,1.0,1.0,,,,0,1716.29,1511.58,204.71,3,44,11,0.25,155,41,0.2645,11,Tuesday,0.3187,0,0,0,0,0,0
2008-11-30_Manchester_United_Manchester_City_348,2008-11-30,2008/09,Manchester United,Manchester City,Premier League,domestic_league,A,0,0.78,23.8171,8699,347,127,62,873,0.366,5,1,3,7,0,2,6,9,1,1,0.4,0.6,0.45,0.2,0.3,0.3,0.3372,0.1093,0,3,15,19,9,4,0.4737,255,101,0.3961,6,19,0.2,0.8,,,0,9,3,1,0.3333,0.3333,2,5,1,3,1.1111,0.4444,,,,0,1711.0,1510.13,200.86,9,173,74,0.4277,156,41,0.2628,11,Sunday,0.3324,0,0,0,0,0,0
2008-12-06_Manchester_United_Sunderland_349,2008-12-06,2008/09,Manchester United,Sunderland,Premier League,domestic_league,H,0,0.78,23.8335,8705,348,127,62,873,0.3649,6,1,3,6,0,2,6,9,1,1,0.4,0.6,0.45,0.2,0.3,0.3,0.236,0.0765,0,4,21,20,9,4,0.45,256,101,0.3945,8,19,0.4,0.8,,,0,3,1,0,0.3333,0.3333,1,2,1,0,0.3333,0.3333,,,,0,1715.79,1492.94,222.85,3,174,74,0.4253,174,78,0.4483,12,Saturday,0.3489,0,0,1,0,0,0
2008-12-13_Manchester_United_Tottenham_Hotspur_350,2008-12-13,2008/09,Manchester United,Tottenham Hotspur,Premier League,domestic_league,A,0,0.78,23.8526,8712,349,127,62,873,0.3639,7,1,2,6,0,0,6,9,0,1,0.0,0.6,0.45,0.0,0.3,0.3,0.1652,0.0536,0,5,28,21,9,4,0.4286,257,101,0.393,11,19,0.6,1.0,,,0,10,4,2,0.4,0.3,3,7,3,0,0.3,0.3,,,,0,1720.13,1470.58,249.55,10,175,74,0.4229,157,41,0.2611,12,Saturday,0.3681,0,0,1,0,0,0
2008-12-18_Portugal_Gamba_Osaka_351,2008-12-18,2008/09,Portugal,Gamba Osaka,FIFA Club World Cup,international,N,1,1.0,23.8663,8717,350,127,62,873,0.3629,5,1,2,6,0,0,4,9,0,1,0.0,0.4,0.45,0.0,0.2,0.2,0.1157,0.0375,0,6,33,22,9,4,0.4091,63,21,0.3333,5,15,0.2,0.6,5,4,2,0,0,0,,,0,0,0,0,,,,,,0,1596.97,1500.0,96.97,0,0,0,,17,8,0.4706,12,Thursday,0.3819,0,0,1,1,0,1
2008-12-21_Portugal_Liga_de_Quito_352,2008-12-21,2008/09,Portugal,Liga de Quito,FIFA Club World Cup,international,N,1,1.0,23.8745,8720,351,128,62,872,0.3647,3,1,2,6,1,1,3,9,0,1,0.2,0.3,0.45,0.2,0.2,0.1,0.381,0.0262,1,0,3,23,10,4,0.4348,64,22,0.3438,5,15,0.2,0.6,2,3,1,0,0,0,,,0,0,0,0,,,,,,0,1604.25,1500.0,104.25,0,1,1,1.0,18,9,0.5,12,Sunday,0.3901,0,0,1,0,0,0
2008-12-26_Manchester_United_Stoke_City_353,2008-12-26,2008/09,Manchester United,Stoke City,Premier League,domestic_league,A,0,0.78,23.8882,8725,352,128,63,872,0.3636,5,1,3,5,1,1,3,8,1,2,0.2,0.3,0.4,0.2,0.2,0.1,0.2667,0.3184,0,1,8,24,10,5,0.4167,258,101,0.3915,9,19,0.4,1.0,,,0,1,2,1,2.0,1.0,2,1,0,0,0.0,0.0,,,,0,1713.97,1495.58,218.39,1,176,74,0.4205,158,41,0.2595,12,Friday,0.4038,0,0,1,0,0,0
2008-12-29_Manchester_United_Middlesbrough_354,2008-12-29,2008/09,Manchester United,Middlesbrough,Premier League,domestic_league,H,0,0.78,23.8965,8728,353,128,63,872,0.3626,3,1,3,6,1,1,3,8,1,2,0.2,0.3,0.4,0.2,0.2,0.1,0.1867,0.2229,0,2,11,25,10,5,0.4,259,101,0.39,11,19,0.6,1.0,,,0,13,5,1,0.3846,0.3846,2,6,5,2,0.8462,0.5385,,,,0,1718.4,1509.72,208.68,13,177,74,0.4181,175,78,0.4457,12,Monday,0.4121,0,0,1,0,0,0
2009-01-07_Manchester_United_Derby_County_355,2009-01-07,2008/09,Manchester United,Derby County,League Cup,domestic_or_other_cup,A,0,0.72,23.9211,8737,354,128,63,872,0.3616,9,0,2,5,0,1,1,8,1,1,0.2,0.1,0.4,0.2,0.1,0.0,0.1307,0.156,0,3,20,26,10,5,0.3846,260,101,0.3885,13,19,0.8,1.0,,,0,2,2,0,1.0,1.0,2,2,0,0,0.0,0.0,,,,0,1723.02,1490.89,232.14,2,9,3,0.3333,159,41,0.2579,1,Wednesday,0.4368,0,0,1,0,0,0
2009-01-11_Manchester_United_Chelsea_356,2009-01-11,2008/09,Manchester United,Chelsea,Premier League,domestic_league,H,0,0.78,23.932,8741,355,128,63,872,0.3606,4,1,2,6,0,1,1,8,1,1,0.2,0.1,0.4,0.2,0.1,0.0,0.0915,0.1092,0,4,24,27,10,5,0.3704,261,101,0.387,10,18,0.6,0.8,,,0,14,1,1,0.0714,0.0714,1,4,4,6,1.5714,0.7143,,,,0,1707.19,1560.42,146.77,14,178,74,0.4157,176,78,0.4432,1,Sunday,0.4478,0,0,1,0,0,0
2009-01-14_Manchester_United_Wigan_Athletic_357,2009-01-14,2008/09,Manchester United,Wigan Athletic,Premier League,domestic_league,H,0,0.78,23.9403,8744,356,128,64,872,0.3596,3,2,2,6,0,0,1,8,2,2,0.0,0.1,0.4,0.0,0.1,0.0,0.064,0.3764,0,5,27,28,10,6,0.3571,262,101,0.3855,10,21,0.6,0.8,,,0,6,7,0,1.1667,0.8333,5,6,0,0,0.0,0.0,,,,0,1713.2,1464.44,248.76,6,179,74,0.4134,177,78,0.4407,1,Wednesday,0.456,0,0,1,0,0,0
2009-01-17_Manchester_United_Bolton_Wanderers_358,2009-01-17,2008/09,Manchester United,Bolton Wanderers,Premier League,domestic_league,A,0,0.78,23.9485,8747,357,128,65,872,0.3585,3,2,3,7,0,0,1,7,2,3,0.0,0.1,0.35,0.0,0.1,0.0,0.0448,0.5635,0,6,30,29,10,7,0.3448,263,101,0.384,12,21,0.8,0.8,,,0,9,6,4,0.6667,0.4444,3,8,1,0,0.1111,0.1111,,,,0,1717.05,1456.22,260.83,9,180,74,0.4111,160,41,0.2562,1,Saturday,0.4643,0,0,1,0,0,0
2009-01-20_Manchester_United_Derby_County_359,2009-01-20,2008/09,Manchester United,Derby County,League Cup,domestic_or_other_cup,H,0,0.72,23.9567,8750,358,128,65,872,0.3575,3,2,4,7,0,0,1,7,2,3,0.0,0.1,0.35,0.0,0.1,0.0,0.0314,0.3945,0,7,33,30,10,7,0.3333,264,101,0.3826,12,23,0.8,0.8,,,0,3,2,0,0.6667,0.6667,2,2,0,1,1.0,0.3333,,,,0,1720.7,1506.73,213.97,3,10,3,0.3,178,78,0.4382,1,Tuesday,0.4725,0,0,1,1,0,1
2009-01-24_Manchester_United_Tottenham_Hotspur_360,2009-01-24,2008/09,Manchester United,Tottenham Hotspur,FA Cup,domestic_or_other_cup,H,0,0.72,23.9676,8754,359,129,65,871,0.3593,4,2,4,7,1,1,2,8,2,3,0.2,0.2,0.4,0.2,0.2,0.0,0.322,0.2761,1,0,4,31,11,7,0.3548,265,102,0.3849,12,25,0.8,0.8,,,0,11,4,2,0.3636,0.2727,2,7,4,0,0.3636,0.3636,,,,0,1725.21,1476.74,248.47,11,24,12,0.5,179,79,0.4413,1,Saturday,0.4835,0,0,1,0,0,0
2009-01-27_Manchester_United_West_Bromwich_Albion_361,2009-01-27,2008/09,Manchester United,West Bromwich Albion,Premier League,domestic_league,A,0,0.78,23.9759,8757,360,129,65,871,0.3583,3,2,4,7,1,1,2,6,2,3,0.2,0.2,0.3,0.2,0.2,0.0,0.2254,0.1933,0,1,7,32,11,7,0.3438,266,102,0.3835,15,25,1.0,1.0,,,0,6,2,1,0.3333,0.3333,2,4,1,1,0.6667,0.3333,,,,0,1729.07,1488.66,240.41,6,181,74,0.4088,161,41,0.2547,1,Tuesday,0.4918,0,0,1,1,1,2
2009-01-31_Manchester_United_Everton_362,2009-01-31,2008/09,Manchester United,Everton,Premier League,domestic_league,H,0,0.78,23.9868,8761,361,131,65,869,0.3629,4,2,4,7,3,3,3,6,1,3,0.6,0.3,0.3,0.4,0.2,0.1,0.7578,0.1353,1,0,4,33,13,7,0.3939,267,104,0.3895,15,25,1.0,1.0,,,0,11,4,3,0.3636,0.2727,2,7,3,1,0.5455,0.3636,,,,0,1733.08,1483.65,249.44,11,182,76,0.4176,180,79,0.4389,1,Saturday,0.5027,0,0,1,1,0,1
2009-02-08_Manchester_United_West_Ham_United_363,2009-02-08,2008/09,Manchester United,West Ham United,Premier League,domestic_league,A,0,0.78,24.0087,8769,362,132,65,868,0.3646,8,0,2,7,3,4,4,7,0,2,0.8,0.4,0.35,0.6,0.3,0.1,0.8304,0.0947,2,0,8,34,14,7,0.4118,268,105,0.3918,15,27,1.0,1.0,,,0,6,5,1,0.8333,0.5,5,3,0,3,1.5,0.5,,,,0,1736.93,1527.4,209.53,6,183,77,0.4208,162,43,0.2654,2,Sunday,0.5247,0,0,0,0,0,0
2009-02-11_Portugal_Finland_364,2009-02-11,2008/09,Portugal,Finland,International Friendly,international,H,1,0.35,24.0169,8772,363,132,65,868,0.3636,3,1,2,7,3,4,4,7,0,2,0.8,0.4,0.35,0.6,0.3,0.1,0.5813,0.0663,0,1,11,35,14,7,0.4,65,22,0.3385,8,17,0.4,0.8,,,0,2,0,0,0.0,0.0,0,0,2,0,1.0,1.0,,,,0,1611.33,1506.38,104.95,2,19,2,0.1053,181,80,0.442,2,Wednesday,0.533,0,0,0,1,0,1
2009-02-15_Manchester_United_Derby_County_365,2009-02-15,2008/09,Manchester United,Derby County,FA Cup,domestic_or_other_cup,A,0,0.72,24.0279,8776,364,133,65,867,0.3654,4,2,2,7,2,4,5,6,0,2,0.8,0.5,0.3,0.6,0.4,0.1,0.7069,0.0464,1,0,4,36,15,7,0.4167,269,105,0.3903,15,27,1.0,1.0,,,0,4,3,0,0.75,0.75,2,3,0,1,0.75,0.25,,,,0,1741.53,1502.21,239.33,4,25,12,0.48,163,43,0.2638,2,Sunday,0.544,0,0,0,1,0,1
2009-02-18_Manchester_United_Fulham_366,2009-02-18,2008/09,Manchester United,Fulham,Premier League,domestic_league,H,0,0.78,24.0361,8779,365,134,65,866,0.3671,3,2,3,7,2,5,6,7,0,2,1.0,0.6,0.35,0.8,0.5,0.1,0.7948,0.0325,2,0,3,37,16,7,0.4324,270,106,0.3926,15,27,1.0,1.0,,,0,11,7,2,0.6364,0.4545,3,8,2,1,0.4545,0.2727,,,,0,1745.56,1466.33,279.23,11,184,77,0.4185,182,81,0.4451,2,Wednesday,0.5522,0,0,0,0,0,0
2009-02-21_Manchester_United_Blackburn_Rovers_367,2009-02-21,2008/09,Manchester United,Blackburn Rovers,Premier League,domestic_league,H,0,0.78,24.0443,8782,366,134,65,866,0.3661,3,2,4,7,2,3,6,7,0,1,0.6,0.6,0.35,0.6,0.5,0.1,0.5564,0.0227,0,1,6,38,16,7,0.4211,271,106,0.3911,15,30,1.0,1.0,,,0,11,2,2,0.1818,0.0909,2,5,4,2,0.9091,0.5455,,,,0,1748.9,1509.87,239.03,11,185,77,0.4162,183,81,0.4426,2,Saturday,0.5604,0,0,0,1,0,1
2009-02-24_Manchester_United_Inter_Milan_368,2009-02-24,2008/09,Manchester United,Inter Milan,UEFA Champions League,continental_club,A,0,0.94,24.0525,8785,367,135,65,865,0.3678,3,2,4,7,2,3,7,8,0,0,0.6,0.7,0.4,0.6,0.6,0.1,0.6895,0.0159,1,0,3,39,17,7,0.4359,272,107,0.3934,15,30,1.0,1.0,,,0,1,0,0,0.0,0.0,0,0,1,0,1.0,1.0,,,,0,1752.93,1500.0,252.93,1,45,11,0.2444,164,44,0.2683,2,Tuesday,0.5687,0,0,0,0,0,0
2009-03-01_Manchester_United_Tottenham_Hotspur_369,2009-03-01,2008/09,Manchester United,Tottenham Hotspur,League Cup,domestic_or_other_cup,N,0,0.72,24.0662,8790,368,135,65,865,0.3668,5,1,4,7,1,3,7,8,0,0,0.6,0.7,0.4,0.6,0.6,0.1,0.4826,0.0111,0,1,8,40,17,7,0.425,273,107,0.3919,13,28,0.8,1.0,,,0,12,4,2,0.3333,0.25,0,8,4,0,0.3333,0.3333,,,,0,1746.72,1472.88,273.84,12,11,4,0.3636,19,9,0.4737,3,Sunday,0.5824,0,0,0,0,0,0
2009-03-04_Manchester_United_Newcastle_United_370,2009-03-04,2008/09,Manchester United,Newcastle United,Premier League,domestic_league,A,0,0.78,24.0744,8793,369,135,65,865,0.3659,3,1,4,7,1,2,6,8,0,0,0.4,0.6,0.4,0.4,0.5,0.1,0.3378,0.0078,0,2,11,41,17,7,0.4146,274,107,0.3905,13,28,0.8,1.0,,,0,10,6,4,0.6,0.3,5,9,1,0,0.1,0.1,,,,0,1750.14,1451.26,298.88,10,186,78,0.4194,165,44,0.2667,3,Wednesday,0.5907,0,0,0,0,0,0
2009-03-11_Manchester_United_Inter_Milan_371,2009-03-11,2008/09,Manchester United,Inter Milan,UEFA Champions League,continental_club,H,0,0.94,24.0936,8800,370,135,65,865,0.3649,7,1,2,7,0,1,6,8,0,0,0.2,0.6,0.4,0.2,0.5,0.1,0.2365,0.0055,0,3,18,42,17,7,0.4048,275,107,0.3891,13,28,0.8,1.0,,,0,2,0,0,0.0,0.0,0,0,2,0,1.0,1.0,,,,0,1753.18,1506.22,246.96,2,46,11,0.2391,184,82,0.4457,3,Wednesday,0.6099,0,0,0,1,0,1
2009-03-14_Manchester_United_Liverpool_372,2009-03-14,2008/09,Manchester United,Liverpool,Premier League,domestic_league,H,0,0.78,24.1018,8803,371,136,65,864,0.3666,3,1,3,7,1,2,5,8,0,0,0.4,0.5,0.4,0.4,0.5,0.0,0.4655,0.0038,1,0,3,43,18,7,0.4186,276,108,0.3913,13,28,0.8,1.0,,,0,8,1,1,0.125,0.125,1,5,1,2,0.875,0.375,,,,0,1757.07,1498.74,258.32,8,187,78,0.4171,185,83,0.4486,3,Saturday,0.6181,0,0,0,1,0,1
2009-03-21_Manchester_United_Fulham_373,2009-03-21,2008/09,Manchester United,Fulham,Premier League,domestic_league,A,0,0.78,24.121,8810,372,137,65,863,0.3683,7,1,2,6,2,2,5,9,0,0,0.4,0.5,0.45,0.4,0.5,0.0,0.6259,0.0027,2,0,7,44,19,7,0.4318,277,109,0.3935,10,25,0.6,0.8,,,0,12,7,2,0.5833,0.4167,2,9,2,1,0.4167,0.25,,,,0,1740.75,1462.99,277.76,12,188,79,0.4202,166,44,0.2651,3,Saturday,0.6374,0,0,0,0,0,0
2009-03-28_Portugal_Sweden_374,2009-03-28,2008/09,Portugal,Sweden,World Cup - Qualification Europe,international,H,1,0.76,24.1401,8817,373,137,65,863,0.3673,7,1,2,5,2,2,5,9,0,0,0.4,0.5,0.45,0.4,0.5,0.0,0.4381,0.0019,0,1,14,45,19,7,0.4222,66,23,0.3485,10,20,0.6,0.8,,,0,2,0,1,0.0,0.0,0,0,2,0,1.0,1.0,,,,0,1618.4,1503.25,115.15,2,14,7,0.5,186,84,0.4516,3,Saturday,0.6566,0,0,0,0,0,0
2009-03-31_Portugal_South_Africa_375,2009-03-31,2008/09,Portugal,South Africa,International Friendly,international,N,1,0.35,24.1483,8820,374,137,65,863,0.3663,3,1,2,6,1,2,4,9,0,0,0.4,0.4,0.45,0.4,0.4,0.0,0.3067,0.0013,0,2,17,46,19,7,0.413,67,23,0.3433,10,18,0.6,0.8,,,0,0,0,0,,,0,0,0,0,,,,,,0,1615.2,1500.0,115.2,0,20,3,0.15,20,9,0.45,3,Tuesday,0.6648,0,0,0,0,0,0
2009-04-05_Manchester_United_Aston_Villa_376,2009-04-05,2008/09,Manchester United,Aston Villa,Premier League,domestic_league,H,0,0.78,24.162,8825,375,137,65,863,0.3653,5,1,2,5,0,2,3,9,0,0,0.4,0.3,0.45,0.4,0.3,0.0,0.2147,0.0009,0,3,22,47,19,7,0.4043,278,109,0.3921,9,22,0.6,0.6,,,0,13,7,3,0.5385,0.4615,2,12,1,0,0.0769,0.0769,,,,0,1724.12,1439.91,284.2,13,189,79,0.418,187,84,0.4492,4,Sunday,0.6786,0,0,0,1,1,2
2009-04-07_Manchester_United_FC_Porto_377,2009-04-07,2008/09,Manchester United,FC Porto,UEFA Champions League,continental_club,H,0,0.94,24.1675,8827,376,139,65,861,0.3697,2,2,3,6,2,3,5,11,0,0,0.6,0.5,0.55,0.4,0.4,0.1,0.7503,0.0006,1,0,2,48,21,7,0.4375,279,111,0.3978,9,22,0.6,0.6,,,0,4,0,0,0.0,0.0,0,0,1,3,2.5,1.0,,,,0,1727.38,1534.3,193.07,4,47,12,0.2553,188,86,0.4574,4,Tuesday,0.6841,0,0,0,0,0,0
2009-04-11_Manchester_United_Sunderland_378,2009-04-11,2008/09,Manchester United,Sunderland,Premier League,domestic_league,A,0,0.78,24.1785,8831,377,139,65,861,0.3687,4,2,4,6,2,2,4,11,0,0,0.4,0.4,0.55,0.2,0.3,0.1,0.5252,0.0004,0,1,6,49,21,7,0.4286,280,111,0.3964,7,20,0.4,0.6,,,0,4,1,0,0.25,0.25,1,3,1,0,0.25,0.25,,,,0,1722.33,1488.6,233.73,4,190,81,0.4263,167,44,0.2635,4,Saturday,0.6951,0,0,0,0,0,0
2009-04-15_Manchester_United_FC_Porto_379,2009-04-15,2008/09,Manchester United,FC Porto,UEFA Champions League,continental_club,A,0,0.94,24.1894,8835,378,139,65,861,0.3677,4,1,3,6,2,2,4,11,0,0,0.4,0.4,0.55,0.2,0.3,0.1,0.3676,0.0003,0,2,10,50,21,7,0.42,281,111,0.395,7,20,0.4,0.6,,,0,5,0,0,0.0,0.0,0,0,2,3,2.2,1.0,,,,0,1726.46,1539.35,187.11,5,48,12,0.25,168,44,0.2619,4,Wednesday,0.706,0,0,0,1,0,1
2009-04-22_Manchester_United_Portsmouth_380,2009-04-22,2008/09,Manchester United,Portsmouth,Premier League,domestic_league,H,0,0.78,24.2086,8842,379,140,65,860,0.3694,7,1,2,6,1,3,5,11,0,0,0.6,0.5,0.55,0.4,0.4,0.1,0.5573,0.0002,1,0,7,51,22,7,0.4314,282,112,0.3972,10,20,0.6,0.8,,,0,11,6,2,0.5455,0.3636,2,6,1,4,1.1818,0.4545,,,,0,1731.54,1519.1,212.44,11,191,81,0.4241,189,86,0.455,4,Wednesday,0.7253,0,0,0,0,0,0
2009-04-25_Manchester_United_Tottenham_Hotspur_381,2009-04-25,2008/09,Manchester United,Tottenham Hotspur,Premier League,domestic_league,H,0,0.78,24.2168,8845,380,140,65,860,0.3684,3,1,3,7,1,3,5,11,0,0,0.6,0.5,0.55,0.4,0.4,0.1,0.3901,0.0002,0,1,10,52,22,7,0.4231,283,112,0.3958,13,22,0.8,1.0,,,0,13,4,2,0.3077,0.2308,0,9,4,0,0.3077,0.3077,,,,0,1736.09,1469.45,266.64,13,192,81,0.4219,190,86,0.4526,4,Saturday,0.7335,0,0,0,1,1,2
2009-04-29_Manchester_United_Arsenal_382,2009-04-29,2008/09,Manchester United,Arsenal,UEFA Champions League,continental_club,H,0,0.94,24.2277,8849,381,142,66,858,0.3727,4,2,3,7,3,3,6,11,1,1,0.6,0.6,0.55,0.4,0.4,0.2,0.8731,0.3001,1,0,4,53,24,8,0.4528,284,114,0.4014,13,22,0.8,1.0,,,0,12,4,0,0.3333,0.25,2,5,3,4,1.25,0.5833,,,,0,1739.64,1534.27,205.37,12,49,13,0.2653,191,88,0.4607,4,Wednesday,0.7445,0,0,0,0,0,0
2009-05-05_Manchester_United_Arsenal_383,2009-05-05,2008/09,Manchester United,Arsenal,UEFA Champions League,continental_club,A,0,0.94,24.2442,8855,382,142,66,858,0.3717,6,1,3,7,2,3,5,10,1,1,0.6,0.5,0.5,0.4,0.3,0.2,0.6112,0.2101,0,1,10,54,24,8,0.4444,285,114,0.4,15,22,1.0,1.0,,,0,13,4,0,0.3077,0.2308,1,6,3,4,1.1538,0.5385,,,,0,1744.33,1529.57,214.76,13,50,13,0.26,169,45,0.2663,5,Tuesday,0.761,0,0,0,1,1,2
2009-05-10_Manchester_United_Manchester_City_384,2009-05-10,2008/09,Manchester United,Manchester City,Premier League,domestic_league,H,0,0.78,24.2579,8860,383,144,67,856,0.376,5,1,2,6,4,5,7,12,2,2,1.0,0.7,0.6,0.6,0.4,0.3,1.0278,0.4471,1,0,5,55,26,9,0.4727,286,116,0.4056,15,22,1.0,1.0,,,0,10,3,1,0.3,0.3,1,6,1,3,1.0,0.4,,,,0,1748.83,1505.35,243.48,10,193,83,0.4301,192,88,0.4583,5,Sunday,0.7747,0,0,0,1,0,1
2009-05-13_Manchester_United_Wigan_Athletic_385,2009-05-13,2008/09,Manchester United,Wigan Athletic,Premier League,domestic_league,A,0,0.78,24.2661,8863,384,145,67,855,0.3776,3,1,3,6,3,5,8,12,2,2,1.0,0.8,0.6,0.6,0.5,0.3,1.0195,0.3129,2,0,3,56,27,9,0.4821,287,117,0.4077,15,25,1.0,1.0,,,0,7,7,1,1.0,0.7143,3,7,0,0,0.0,0.0,,,,0,1752.78,1460.58,292.2,7,194,84,0.433,170,47,0.2765,5,Wednesday,0.783,0,0,0,0,0,0
2009-05-16_Manchester_United_Arsenal_386,2009-05-16,2008/09,Manchester United,Arsenal,Premier League,domestic_league,H,0,0.78,24.2743,8866,385,145,67,855,0.3766,3,2,3,6,3,5,8,11,2,2,1.0,0.8,0.55,0.6,0.5,0.3,0.7136,0.2191,0,1,6,57,27,9,0.4737,288,117,0.4062,15,28,1.0,1.0,,,0,14,6,1,0.4286,0.2857,2,7,3,4,1.0714,0.5,,,,0,1755.92,1525.07,230.85,14,195,84,0.4308,193,89,0.4611,5,Saturday,0.7912,0,0,0,0,0,0
2009-05-27_Manchester_United_Barcelona_387,2009-05-27,2008/09,Manchester United,Barcelona,UEFA Champions League,continental_club,N,0,0.94,24.3044,8877,386,145,67,855,0.3756,11,0,2,5,1,3,6,11,1,2,0.6,0.6,0.55,0.4,0.4,0.2,0.4995,0.1533,0,2,17,58,27,9,0.4655,289,117,0.4048,13,26,0.8,1.0,,,0,2,0,0,0.0,0.0,0,1,1,0,0.5,0.5,0.0,0.5,0.5,2,1750.11,1500.72,249.39,2,51,15,0.2941,21,9,0.4286,5,Wednesday,0.8214,0,1,0,0,0,0
2009-06-06_Portugal_Albania_388,2009-06-06,2008/09,Portugal,Albania,World Cup - Qualification Europe,international,A,1,0.76,24.3318,8887,387,145,67,855,0.3747,10,0,1,4,0,3,6,10,1,2,0.6,0.6,0.5,0.4,0.4,0.2,0.3497,0.1073,0,3,27,59,27,9,0.4576,68,23,0.3382,13,18,0.8,1.0,,,0,2,0,0,0.0,0.0,0,1,1,0,0.5,0.5,,,,0,1622.0,1493.44,128.56,2,15,7,0.4667,171,47,0.2749,6,Saturday,0.8489,0,1,0,0,0,0
2009-08-29_Real_Madrid_Deportivo_La_Coruna_389,2009-08-29,2009/10,Real Madrid,Deportivo La Coruna,La Liga,domestic_league,H,0,0.78,24.5618,8971,388,145,67,855,0.3737,84,0,0,0,0,1,6,10,0,2,0.2,0.6,0.5,0.2,0.4,0.2,0.2448,0.0751,0,4,111,0,0,0,,0,0,,0,0,,,,,0,0,0,0,,,0,0,0,0,,,,,,0,1500.0,1500.0,0.0,0,0,0,,194,89,0.4588,8,Saturday,0.0769,1,0,0,1,0,1
2009-09-05_Portugal_Denmark_390,2009-09-05,2009/10,Portugal,Denmark,World Cup - Qualification Europe,international,A,1,0.76,24.5809,8978,389,146,67,854,0.3753,7,1,1,1,1,1,6,11,0,2,0.2,0.6,0.55,0.2,0.4,0.2,0.4713,0.0526,1,0,7,1,1,0,1.0,69,23,0.3333,13,18,0.8,1.0,,,0,1,0,1,0.0,0.0,0,0,0,1,3.0,1.0,,,,0,1628.46,1513.32,115.14,1,16,7,0.4375,172,47,0.2733,9,Saturday,0.0962,1,0,0,0,0,0
2009-09-09_Portugal_Hungary_391,2009-09-09,2009/10,Portugal,Hungary,World Cup - Qualification Europe,international,A,1,0.76,24.5919,8982,390,146,67,854,0.3744,4,1,2,2,1,1,6,11,0,2,0.2,0.6,0.55,0.2,0.4,0.2,0.3299,0.0368,0,1,11,2,1,0,0.5,70,23,0.3286,11,19,0.6,1.0,,,0,0,0,0,,,0,0,0,0,,,,,,0,1625.27,1500.0,125.27,0,17,7,0.4118,173,47,0.2717,9,Wednesday,0.1071,1,0,0,0,0,0
2009-09-12_Real_Madrid_Espanyol_392,2009-09-12,2009/10,Real Madrid,Espanyol,La Liga,domestic_league,A,0,0.78,24.6001,8985,391,146,67,854,0.3734,3,2,3,3,1,1,4,10,0,1,0.2,0.4,0.5,0.2,0.3,0.1,0.231,0.0258,0,2,14,3,1,0,0.3333,1,1,1.0,3,3,1.0,1.0,,,0,0,0,0,,,0,0,0,0,,,,,,0,1510.0,1500.0,10.0,0,1,1,1.0,174,47,0.2701,9,Saturday,0.1154,1,0,0,1,0,1
2009-09-15_Real_Madrid_FC_Zurich_393,2009-09-15,2009/10,Real Madrid,FC Zurich,UEFA Champions League,continental_club,A,0,0.94,24.6083,8988,392,147,67,853,0.375,3,2,3,4,1,2,5,10,0,1,0.4,0.5,0.5,0.4,0.4,0.1,0.4617,0.018,1,0,3,4,2,0,0.5,2,2,1.0,6,6,1.0,1.0,,,0,0,0,0,,,0,0,0,0,,,,,,0,1519.71,1500.0,19.71,0,52,15,0.2885,175,48,0.2743,9,Tuesday,0.1236,1,0,0,1,1,2
2009-09-20_Real_Madrid_Xerez_394,2009-09-20,2009/10,Real Madrid,Xerez,La Liga,domestic_league,H,0,0.78,24.622,8993,393,149,67,851,0.3791,5,1,3,5,3,4,5,12,0,0,0.8,0.5,0.6,0.6,0.4,0.1,0.9232,0.0126,2,0,5,5,4,0,0.8,3,4,1.3333,9,9,1.0,1.0,,,0,0,0,0,,,0,0,0,0,,,,,,0,1529.15,1500.0,29.15,0,2,2,1.0,195,90,0.4615,9,Sunday,0.1374,1,0,0,1,1,2
2009-09-23_Real_Madrid_Villarreal_395,2009-09-23,2009/10,Real Madrid,Villarreal,La Liga,domestic_league,A,0,0.78,24.6302,8996,394,151,67,849,0.3832,3,1,4,6,5,5,6,14,0,0,1.0,0.6,0.7,0.6,0.4,0.2,1.2462,0.0088,3,0,3,6,6,0,1.0,4,6,1.5,12,12,1.0,1.0,,,0,4,0,0,0.0,0.0,0,0,4,0,1.0,1.0,,,,0,1538.31,1516.87,21.43,4,3,4,1.3333,176,50,0.2841,9,Wednesday,0.1456,1,0,0,1,0,1
2009-09-26_Real_Madrid_Tenerife_396,2009-09-26,2009/10,Real Madrid,Tenerife,La Liga,domestic_league,H,0,0.78,24.6384,8999,395,152,67,848,0.3848,3,2,4,7,5,6,7,15,0,0,1.2,0.7,0.75,0.8,0.5,0.2,1.1724,0.0062,4,0,3,7,7,0,1.0,5,7,1.4,15,15,1.0,1.0,,,0,0,0,0,,,0,0,0,0,,,,,,0,1547.69,1500.0,47.69,0,4,5,1.25,196,92,0.4694,9,Saturday,0.1538,1,0,0,0,0,0
2009-09-30_Real_Madrid_Marseille_397,2009-09-30,2009/10,Real Madrid,Marseille,UEFA Champions League,continental_club,H,0,0.94,24.6494,9003,396,152,67,848,0.3838,4,2,3,7,3,6,7,13,0,0,1.2,0.7,0.65,0.8,0.5,0.2,0.8206,0.0043,0,1,7,8,7,0,0.875,6,7,1.1667,15,18,1.0,1.0,,,0,0,0,0,,,0,0,0,0,,,,,,0,1556.33,1500.0,56.33,0,53,17,0.3208,197,92,0.467,9,Wednesday,0.1648,1,0,0,1,1,2
2009-10-10_Portugal_Hungary_398,2009-10-10,2009/10,Portugal,Hungary,World Cup - Qualification Europe,international,H,1,0.76,24.6768,9013,397,154,67,846,0.3879,10,0,2,6,3,7,9,15,0,0,1.4,0.9,0.75,0.8,0.6,0.3,1.1745,0.003,1,0,10,9,9,0,1.0,71,23,0.3239,11,21,0.6,1.0,,,0,1,0,0,0.0,0.0,0,1,0,0,0.0,0.0,,,,0,1631.81,1493.46,138.35,1,18,7,0.3889,198,94,0.4747,10,Saturday,0.1923,1,0,0,0,0,0
2009-11-25_Real_Madrid_FC_Zurich_399,2009-11-25,2009/10,Real Madrid,FC Zurich,UEFA Champions League,continental_club,H,0,0.94,24.8027,9059,398,154,67,846,0.3869,46,0,0,0,2,5,9,15,0,0,1.0,0.9,0.75,0.6,0.6,0.3,0.8221,0.0021,0,1,56,10,9,0,0.9,7,9,1.2857,15,21,1.0,1.0,,,0,1,2,0,2.0,1.0,2,1,0,0,0.0,0.0,,,,0,1564.72,1490.57,74.15,1,54,19,0.3519,199,94,0.4724,11,Wednesday,0.3187,0,0,0,0,0,0
2009-11-29_Real_Madrid_Barcelona_400,2009-11-29,2009/10,Real Madrid,Barcelona,La Liga,domestic_league,A,0,0.78,24.8137,9063,399,154,67,846,0.386,4,1,1,1,2,3,8,14,0,0,0.6,0.8,0.7,0.4,0.5,0.3,0.5755,0.0015,0,2,60,11,9,0,0.8182,8,9,1.125,15,24,1.0,1.0,,,0,3,0,0,0.0,0.0,0,1,1,1,1.3333,0.6667,0.0,1.0,0.3333,3,1572.62,1516.87,55.75,3,5,5,1.0,177,51,0.2881,11,Sunday,0.3297,0,0,0,0,0,0
2009-12-05_Real_Madrid_Almeria_401,2009-12-05,2009/10,Real Madrid,Almeria,La Liga,domestic_league,H,0,0.78,24.8301,9069,400,154,67,846,0.385,6,1,2,2,0,2,8,14,0,0,0.4,0.8,0.7,0.2,0.5,0.3,0.4028,0.001,0,3,66,12,9,0,0.75,9,9,1.0,12,24,0.8,0.8,0,1,1,0,0,0,,,0,0,0,0,,,,,,0,1561.03,1500.0,61.03,0,6,5,0.8333,200,94,0.47,12,Saturday,0.3462,0,0,1,1,0,1
2009-12-08_Real_Madrid_Marseille_402,2009-12-08,2009/10,Real Madrid,Marseille,UEFA Champions League,continental_club,A,0,0.94,24.8383,9072,401,155,68,845,0.3865,3,1,3,3,1,3,9,13,1,1,0.6,0.9,0.65,0.4,0.6,0.3,0.582,0.3007,1,0,3,13,10,1,0.7692,10,10,1.0,12,27,0.8,0.8,0,1,1,1,2,0,2.0,1.0,2,1,0,0,0.0,0.0,,,,0,1569.29,1491.61,77.68,1,55,19,0.3455,178,51,0.2865,12,Tuesday,0.3544,0,0,1,1,1,2
2009-12-19_Real_Madrid_Real_Zaragoza_403,2009-12-19,2009/10,Real Madrid,Real Zaragoza,La Liga,domestic_league,H,0,0.78,24.8684,9083,402,157,69,843,0.3905,11,0,2,4,3,3,10,15,2,2,0.6,1.0,0.75,0.4,0.6,0.4,1.0074,0.5105,2,0,11,14,12,2,0.8571,11,12,1.0909,12,27,0.8,0.8,0,1,1,0,0,0,,,0,0,0,0,,,,,,0,1577.09,1500.0,77.09,0,7,6,0.8571,201,95,0.4726,12,Saturday,0.3846,0,0,1,1,0,1
2010-01-03_Real_Madrid_Osasuna_404,2010-01-03,2009/10,Real Madrid,Osasuna,La Liga,domestic_league,A,0,0.78,24.9095,9098,403,158,69,842,0.3921,15,0,0,3,4,4,9,14,2,2,0.8,0.9,0.7,0.6,0.6,0.3,1.0052,0.3574,3,0,15,15,13,2,0.8667,12,13,1.0833,12,27,0.8,0.8,0,1,1,0,0,0,,,0,0,0,0,,,,,,0,1584.91,1500.0,84.91,0,8,7,0.875,179,53,0.2961,1,Sunday,0.4258,0,0,1,0,0,0
2010-01-10_Real_Madrid_Mallorca_405,2010-01-10,2009/10,Real Madrid,Mallorca,La Liga,domestic_league,H,0,0.78,24.9286,9105,404,158,69,842,0.3911,7,1,1,2,3,4,7,13,2,2,0.8,0.7,0.65,0.6,0.5,0.2,0.7036,0.2501,0,1,22,16,13,2,0.8125,13,13,1.0,10,25,0.6,0.8,0,1,1,0,0,0,,,0,0,0,0,,,,,,0,1582.51,1500.0,82.51,0,9,7,0.7778,202,96,0.4752,1,Sunday,0.4451,0,0,1,0,0,0
2010-01-16_Real_Madrid_Athletic_Club_406,2010-01-16,2009/10,Real Madrid,Athletic Club,La Liga,domestic_league,A,0,0.78,24.9451,9111,405,158,69,842,0.3901,6,1,2,3,1,4,6,13,2,2,0.8,0.6,0.65,0.6,0.4,0.2,0.4925,0.1751,0,2,28,17,13,2,0.7647,14,13,0.9286,13,25,0.8,1.0,,,0,0,0,0,,,0,0,0,0,,,,,,0,1590.18,1500.0,90.18,0,10,7,0.7,180,53,0.2944,1,Saturday,0.4615,0,0,1,0,0,0
2010-01-24_Real_Madrid_Malaga_407,2010-01-24,2009/10,Real Madrid,Malaga,La Liga,domestic_league,H,0,0.78,24.967,9119,406,158,69,842,0.3892,8,0,2,3,0,3,6,13,1,2,0.6,0.6,0.65,0.4,0.4,0.2,0.3448,0.1226,0,3,36,18,13,2,0.7222,15,13,0.8667,10,22,0.6,0.8,,,0,0,0,0,,,0,0,0,0,,,,,,0,1577.64,1500.0,77.64,0,11,7,0.6364,203,96,0.4729,1,Sunday,0.4835,0,0,1,1,1,2
2010-02-13_Real_Madrid_Xerez_408,2010-02-13,2009/10,Real Madrid,Xerez,La Liga,domestic_league,A,0,0.78,25.0217,9139,407,160,69,840,0.3931,20,0,0,2,2,3,6,15,0,2,0.6,0.6,0.75,0.4,0.4,0.2,0.8413,0.0858,1,0,20,19,15,2,0.7895,16,15,0.9375,10,22,0.6,0.8,,,0,1,2,0,2.0,1.0,2,1,0,0,0.0,0.0,,,,0,1585.44,1490.84,94.61,1,12,9,0.75,181,53,0.2928,2,Saturday,0.5385,0,0,0,1,1,2
2010-02-16_Real_Madrid_Lyon_409,2010-02-16,2009/10,Real Madrid,Lyon,UEFA Champions League,continental_club,A,0,0.94,25.0299,9142,408,162,69,838,0.3971,3,1,1,2,4,4,8,17,0,2,0.8,0.8,0.85,0.4,0.5,0.3,1.1889,0.0601,2,0,3,20,17,2,0.85,17,17,1.0,10,22,0.6,0.8,,,0,4,1,1,0.25,0.25,1,2,2,0,0.5,0.5,,,,0,1592.78,1496.42,96.37,4,56,21,0.375,182,55,0.3022,2,Tuesday,0.5467,0,0,0,0,0,0
2010-02-21_Real_Madrid_Villarreal_410,2010-02-21,2009/10,Real Madrid,Villarreal,La Liga,domestic_league,H,0,0.78,25.0436,9147,409,162,69,838,0.3961,5,1,2,3,4,4,8,16,0,2,0.8,0.8,0.8,0.4,0.5,0.3,0.8323,0.042,0,1,8,21,17,2,0.8095,18,17,0.9444,9,19,0.6,0.6,,,0,5,1,0,0.2,0.2,1,1,4,0,0.8,0.8,,,,0,1580.08,1507.49,72.59,5,13,11,0.8462,204,98,0.4804,2,Sunday,0.5604,0,0,0,1,0,1
2010-02-27_Real_Madrid_Tenerife_411,2010-02-27,2009/10,Real Madrid,Tenerife,La Liga,domestic_league,A,0,0.78,25.0601,9153,410,163,71,837,0.3976,6,1,3,3,3,5,9,17,2,4,1.0,0.9,0.85,0.6,0.6,0.3,0.8826,0.6294,1,0,6,22,18,4,0.8182,19,18,0.9474,9,22,0.6,0.6,,,0,1,0,0,0.0,0.0,0,1,0,0,0.0,0.0,,,,0,1588.02,1491.36,96.66,1,14,12,0.8571,183,55,0.3005,2,Saturday,0.5769,0,0,0,1,0,1
2010-03-03_Portugal_China_412,2010-03-03,2009/10,Portugal,China,International Friendly,international,H,1,0.35,25.071,9157,411,164,71,836,0.399,4,1,2,4,2,6,9,18,2,3,1.2,0.9,0.9,0.8,0.6,0.3,0.9178,0.4406,2,0,4,23,19,4,0.8261,72,23,0.3194,13,23,0.8,1.0,,,0,0,0,0,,,0,0,0,0,,,,,,0,1638.02,1500.0,138.02,0,21,3,0.1429,205,99,0.4829,3,Wednesday,0.5879,0,0,0,0,0,0
2010-03-06_Real_Madrid_Sevilla_413,2010-03-06,2009/10,Real Madrid,Sevilla,La Liga,domestic_league,H,0,0.78,25.0792,9160,412,164,72,836,0.3981,3,2,3,5,2,4,7,17,3,3,0.8,0.7,0.85,0.6,0.5,0.2,0.6425,0.6084,0,1,7,24,19,5,0.7917,20,19,0.95,12,22,0.8,0.8,,,0,0,0,0,,,0,0,0,0,,,,,,0,1595.31,1500.0,95.31,0,15,13,0.8667,206,99,0.4806,3,Saturday,0.5962,0,0,0,1,0,1
2010-03-10_Real_Madrid_Lyon_414,2010-03-10,2009/10,Real Madrid,Lyon,UEFA Champions League,continental_club,H,0,0.94,25.0902,9164,413,165,72,835,0.3995,4,2,3,6,2,3,7,16,3,3,0.6,0.7,0.8,0.6,0.5,0.2,0.7497,0.4259,1,0,4,25,20,5,0.8,21,20,0.9524,12,22,0.8,0.8,,,0,5,1,1,0.2,0.2,1,2,2,1,1.0,0.6,,,,0,1602.63,1509.12,93.51,5,57,21,0.3684,207,100,0.4831,3,Wednesday,0.6071,0,0,0,1,0,1
2010-03-14_Real_Madrid_Real_Valladolid_415,2010-03-14,2009/10,Real Madrid,Real Valladolid,La Liga,domestic_league,A,0,0.78,25.1011,9168,414,166,72,834,0.401,4,1,3,7,2,4,8,15,3,3,0.8,0.8,0.75,0.8,0.6,0.2,0.8248,0.2981,2,0,4,26,21,5,0.8077,22,21,0.9545,10,20,0.6,0.8,,,0,0,0,0,,,0,0,0,0,,,,,,0,1600.0,1500.0,100.0,0,16,14,0.875,184,56,0.3043,3,Sunday,0.6181,0,0,0,1,0,1
2010-03-20_Real_Madrid_Sporting_Gijon_416,2010-03-20,2009/10,Real Madrid,Sporting Gijon,La Liga,domestic_league,H,0,0.78,25.1176,9174,415,167,73,833,0.4024,6,1,3,6,3,4,9,15,2,4,0.8,0.9,0.75,0.8,0.7,0.2,0.8774,0.5087,3,0,6,27,22,6,0.8148,23,22,0.9565,13,22,0.8,1.0,,,0,0,0,0,,,0,0,0,0,,,,,,0,1607.2,1500.0,107.2,0,17,15,0.8824,208,101,0.4856,3,Saturday,0.6346,0,0,0,0,0,0
2010-03-25_Real_Madrid_Getafe_417,2010-03-25,2009/10,Real Madrid,Getafe,La Liga,domestic_league,A,0,0.78,25.1312,9179,416,167,74,833,0.4014,5,1,2,6,2,3,9,15,3,5,0.6,0.9,0.75,0.6,0.7,0.2,0.6142,0.6561,0,1,11,28,22,7,0.7857,24,22,0.9167,13,22,0.8,1.0,,,0,0,0,0,,,0,0,0,0,,,,,,0,1614.21,1500.0,114.21,0,18,15,0.8333,185,57,0.3081,3,Thursday,0.6484,0,0,0,1,1,2
2010-03-28_Real_Madrid_Atletico_Madrid_418,2010-03-28,2009/10,Real Madrid,Atletico Madrid,La Liga,domestic_league,H,0,0.78,25.1395,9182,417,169,74,831,0.4053,3,1,3,7,3,5,9,15,2,5,1.0,0.9,0.75,0.8,0.7,0.2,1.0299,0.4593,1,0,3,29,24,7,0.8276,25,24,0.96,13,25,0.8,1.0,,,0,0,0,0,,,0,0,0,0,,,,,,0,1621.04,1500.0,121.04,0,19,17,0.8947,209,101,0.4833,3,Sunday,0.6566,0,0,0,0,0,0
2010-04-04_Real_Madrid_Racing_Santander_419,2010-04-04,2009/10,Real Madrid,Racing Santander,La Liga,domestic_league,A,0,0.78,25.1586,9189,418,169,74,831,0.4043,7,1,2,6,2,4,7,15,2,5,0.8,0.7,0.75,0.6,0.6,0.1,0.7209,0.3215,0,1,10,30,24,7,0.8,26,24,0.9231,13,25,0.8,1.0,,,0,0,0,0,,,0,0,0,0,,,,,,0,1627.69,1500.0,127.69,0,20,17,0.85,186,59,0.3172,4,Sunday,0.6758,0,0,0,1,0,1
2010-04-10_Real_Madrid_Barcelona_420,2010-04-10,2009/10,Real Madrid,Barcelona,La Liga,domestic_league,H,0,0.78,25.1751,9195,419,170,74,830,0.4057,6,1,2,5,3,4,8,16,2,5,0.8,0.8,0.8,0.6,0.7,0.1,0.8047,0.225,1,0,6,31,25,7,0.8065,27,25,0.9259,15,25,1.0,1.0,,,0,4,0,0,0.0,0.0,0,1,1,2,1.75,0.75,0.25,0.75,0.5,4,1634.17,1528.46,105.71,4,21,18,0.8571,210,101,0.481,4,Saturday,0.6923,0,0,0,0,0,0
2010-04-15_Real_Madrid_Almeria_421,2010-04-15,2009/10,Real Madrid,Almeria,La Liga,domestic_league,A,0,0.78,25.1887,9200,420,170,74,830,0.4048,5,1,2,5,1,3,7,16,1,3,0.6,0.7,0.8,0.4,0.6,0.1,0.5633,0.1575,0,1,11,32,25,7,0.7812,28,25,0.8929,12,25,0.8,0.8,0,2,1,1,1,1,1.0,1.0,1,1,0,0,0.0,0.0,,,,0,1621.22,1491.74,129.48,1,22,18,0.8182,187,60,0.3209,4,Thursday,0.706,0,0,0,1,0,1
2010-04-18_Real_Madrid_Valencia_422,2010-04-18,2009/10,Real Madrid,Valencia,La Liga,domestic_league,H,0,0.78,25.197,9203,421,171,74,829,0.4062,3,1,3,6,2,4,7,16,0,3,0.8,0.7,0.8,0.6,0.6,0.1,0.6943,0.1103,1,0,3,33,26,7,0.7879,29,26,0.8966,12,25,0.8,0.8,0,2,1,0,0,0,,,0,0,0,0,,,,,,0,1627.65,1500.0,127.65,0,23,19,0.8261,211,101,0.4787,4,Sunday,0.7143,0,0,0,1,0,1
2010-04-24_Real_Madrid_Real_Zaragoza_423,2010-04-24,2009/10,Real Madrid,Real Zaragoza,La Liga,domestic_league,A,0,0.78,25.2134,9209,422,172,74,828,0.4076,6,1,3,6,2,3,8,15,0,2,0.6,0.8,0.75,0.6,0.7,0.1,0.786,0.0772,2,0,6,34,27,7,0.7941,30,27,0.9,12,25,0.8,0.8,0,2,1,1,1,0,1.0,1.0,1,1,0,0,0.0,0.0,,,,0,1634.14,1492.18,141.95,1,24,20,0.8333,188,61,0.3245,4,Saturday,0.7308,0,0,0,0,0,0
2010-05-02_Real_Madrid_Osasuna_424,2010-05-02,2009/10,Real Madrid,Osasuna,La Liga,domestic_league,H,0,0.78,25.2353,9217,423,172,76,828,0.4066,8,0,2,5,2,3,7,14,2,4,0.6,0.7,0.7,0.6,0.6,0.1,0.5502,0.654,0,1,14,35,27,9,0.7714,31,27,0.871,12,25,0.8,0.8,0,2,1,1,0,0,0.0,0.0,0,0,1,0,1.0,1.0,,,,0,1640.26,1502.4,137.87,1,25,20,0.8,212,102,0.4811,5,Sunday,0.7527,0,0,0,1,1,2
2010-05-05_Real_Madrid_Mallorca_425,2010-05-05,2009/10,Real Madrid,Mallorca,La Liga,domestic_league,A,0,0.78,25.2435,9220,424,174,76,826,0.4104,3,1,2,5,3,4,8,16,2,4,0.8,0.8,0.8,0.6,0.6,0.2,0.9851,0.4578,1,0,3,36,29,9,0.8056,32,29,0.9062,12,27,0.8,0.8,0,2,1,1,0,0,0.0,0.0,0,1,0,0,0.0,0.0,,,,0,1646.49,1492.33,154.16,1,26,22,0.8462,189,61,0.3228,5,Wednesday,0.761,0,0,0,1,1,3
2010-05-08_Real_Madrid_Athletic_Club_426,2010-05-08,2009/10,Real Madrid,Athletic Club,La Liga,domestic_league,H,0,0.78,25.2517,9223,425,177,76,823,0.4165,3,2,3,6,5,7,10,19,2,3,1.4,1.0,0.95,0.8,0.6,0.3,1.5896,0.3205,2,0,3,37,32,9,0.8649,33,32,0.9697,15,27,1.0,1.0,,,0,1,0,0,0.0,0.0,0,0,0,1,3.0,1.0,,,,0,1652.33,1512.54,139.79,1,27,25,0.9259,213,104,0.4883,5,Saturday,0.7692,0,0,0,1,0,1
2010-05-16_Real_Madrid_Malaga_427,2010-05-16,2009/10,Real Madrid,Malaga,La Liga,domestic_league,A,0,0.78,25.2736,9231,426,178,76,822,0.4178,8,0,3,5,6,7,11,20,2,2,1.4,1.1,1.0,0.8,0.7,0.3,1.4127,0.2243,3,0,8,38,33,9,0.8684,34,33,0.9706,15,27,1.0,1.0,,,0,1,2,0,2.0,1.0,2,1,0,0,0.0,0.0,,,,0,1658.51,1492.2,166.31,1,28,26,0.9286,190,64,0.3368,5,Sunday,0.7912,0,0,0,0,0,0
2010-05-24_Portugal_Cape_Verde_428,2010-05-24,2009/10,Portugal,Cape Verde,International Friendly,international,H,1,0.35,25.2955,9239,427,178,76,822,0.4169,8,0,1,5,4,6,9,18,2,2,1.2,0.9,0.9,0.6,0.6,0.2,0.9889,0.157,0,1,16,39,33,9,0.8462,73,23,0.3151,13,26,0.8,1.0,,,0,1,0,0,0.0,0.0,0,1,0,0,0.0,0.0,,,,0,1644.25,1493.05,151.2,1,22,3,0.1364,214,105,0.4907,5,Monday,0.8132,0,1,0,0,0,0
2010-06-01_Portugal_Cameroon_429,2010-06-01,2009/10,Portugal,Cameroon,International Friendly,international,H,1,0.35,25.3174,9247,428,178,76,822,0.4159,8,0,1,5,1,6,9,16,0,2,1.2,0.9,0.8,0.6,0.6,0.2,0.6922,0.1099,0,2,24,40,33,9,0.825,74,23,0.3108,11,24,0.6,1.0,,,0,0,0,0,,,0,0,0,0,,,,,,0,1640.15,1500.0,140.15,0,23,3,0.1304,215,105,0.4884,6,Tuesday,0.8352,0,1,0,0,0,0
2010-06-08_Portugal_Mozambique_430,2010-06-08,2009/10,Portugal,Mozambique,International Friendly,international,N,1,0.35,25.3366,9254,429,178,77,822,0.4149,7,1,1,3,0,4,8,16,1,3,0.8,0.8,0.8,0.4,0.5,0.2,0.4846,0.3769,0,3,31,41,33,10,0.8049,75,23,0.3067,13,24,0.8,1.0,,,0,0,0,0,,,0,0,0,0,,,,,,0,1646.32,1500.0,146.32,0,24,3,0.125,22,9,0.4091,6,Tuesday,0.8544,0,1,0,0,0,0
2010-06-15_Portugal_Ivory_Coast_431,2010-06-15,2009/10,Portugal,Ivory Coast,World Cup,international,A,1,1.0,25.3558,9261,430,178,77,822,0.414,7,1,2,4,0,1,8,15,1,3,0.2,0.8,0.75,0.2,0.5,0.2,0.3392,0.2639,0,4,38,42,33,10,0.7857,76,23,0.3026,13,24,0.8,1.0,,,0,0,0,0,,,0,0,0,0,,,,,,0,1652.34,1500.0,152.34,0,6,1,0.1667,191,64,0.3351,6,Tuesday,0.8736,0,1,0,0,0,0
2010-06-21_Portugal_North_Korea_432,2010-06-21,2009/10,Portugal,North Korea,World Cup,international,H,1,1.0,25.3722,9267,431,178,77,822,0.413,6,1,2,4,0,0,7,14,1,3,0.0,0.7,0.7,0.0,0.4,0.2,0.2374,0.1847,0,5,44,43,33,10,0.7674,77,23,0.2987,11,24,0.6,1.0,0,0,1,0,0,0,,,0,0,0,0,,,,,,0,1648.22,1500.0,148.22,0,7,1,0.1429,216,105,0.4861,6,Monday,0.8901,0,1,0,1,0,1
2010-06-25_Portugal_Brazil_433,2010-06-25,2009/10,Portugal,Brazil,World Cup,international,H,1,1.0,25.3831,9271,432,179,78,821,0.4144,4,1,2,4,1,1,7,15,2,4,0.2,0.7,0.75,0.2,0.4,0.2,0.4662,0.4293,1,0,4,44,34,11,0.7727,78,24,0.3077,11,24,0.6,1.0,7,0,2,2,0,0,0.0,0.0,0,1,0,1,1.5,0.5,,,,0,1654.2,1506.18,148.02,2,8,2,0.25,217,106,0.4885,6,Friday,0.9011,0,1,0,0,0,0
2010-06-29_Portugal_Spain_434,2010-06-29,2009/10,Portugal,Spain,World Cup,international,A,1,1.0,25.3941,9275,433,179,78,821,0.4134,4,1,3,5,1,1,7,14,2,2,0.2,0.7,0.7,0.2,0.4,0.2,0.3263,0.3005,0,1,8,45,34,11,0.7556,79,24,0.3038,11,22,0.6,1.0,7,0,3,1,0,0,0.0,0.0,0,1,0,0,0.0,0.0,,,,0,1650.18,1490.55,159.63,1,9,2,0.2222,192,64,0.3333,6,Tuesday,0.9121,0,1,0,0,0,0
2010-08-29_Real_Madrid_Mallorca_435,2010-08-29,2010/11,Real Madrid,Mallorca,La Liga,domestic_league,A,0,0.78,25.5611,9336,434,179,78,821,0.4124,61,0,0,0,1,1,5,13,1,2,0.2,0.5,0.65,0.2,0.3,0.1,0.2284,0.2104,0,2,69,0,0,0,,35,33,0.9429,13,25,0.8,1.0,,,0,2,3,0,1.5,0.5,3,2,0,0,0.0,0.0,,,,0,1654.05,1486.5,167.56,2,29,26,0.8966,193,64,0.3316,8,Sunday,0.0769,1,0,0,0,0,0
2010-09-11_Real_Madrid_Osasuna_436,2010-09-11,2010/11,Real Madrid,Osasuna,La Liga,domestic_league,H,0,0.78,25.5967,9349,435,179,78,821,0.4115,13,0,1,1,0,1,2,12,1,2,0.2,0.2,0.6,0.2,0.2,0.0,0.1599,0.1472,0,3,82,1,0,0,0.0,36,33,0.9167,11,23,0.6,1.0,0,0,1,2,2,0,1.0,0.5,2,1,1,0,0.5,0.5,,,,0,1649.57,1496.17,153.4,2,30,26,0.8667,218,106,0.4862,9,Saturday,0.1126,1,0,0,0,0,0
2010-09-15_Real_Madrid_Ajax_437,2010-09-15,2010/11,Real Madrid,Ajax,UEFA Champions League,continental_club,H,0,0.94,25.6076,9353,436,179,79,821,0.4106,4,1,1,2,0,1,1,12,2,3,0.2,0.1,0.6,0.2,0.1,0.0,0.1119,0.4031,0,4,86,2,0,1,0.0,37,33,0.8919,11,23,0.6,1.0,1,0,2,0,0,0,,,0,0,0,0,,,,,,0,1655.42,1500.0,155.42,0,58,22,0.3793,219,106,0.484,9,Wednesday,0.1236,1,0,0,0,0,0
2010-09-18_Real_Madrid_Real_Sociedad_438,2010-09-18,2010/11,Real Madrid,Real Sociedad,La Liga,domestic_league,A,0,0.78,25.6159,9356,437,179,79,821,0.4096,3,2,2,3,0,0,1,10,1,3,0.0,0.1,0.5,0.0,0.1,0.0,0.0784,0.2822,0,5,89,3,0,1,0.0,38,33,0.8684,11,26,0.6,1.0,1,0,2,0,0,0,,,0,0,0,0,,,,,,0,1661.23,1500.0,161.23,0,31,26,0.8387,194,64,0.3299,9,Saturday,0.1319,1,0,0,0,0,0
2010-09-21_Real_Madrid_Espanyol_439,2010-09-21,2010/11,Real Madrid,Espanyol,La Liga,domestic_league,H,0,0.78,25.6241,9359,438,179,80,821,0.4087,3,2,3,4,0,0,1,10,2,4,0.0,0.1,0.5,0.0,0.1,0.0,0.0548,0.4975,0,6,92,4,0,2,0.0,39,33,0.8462,11,26,0.6,1.0,3,1,3,1,1,0,1.0,1.0,1,1,0,0,0.0,0.0,,,,0,1666.89,1490.29,176.61,1,32,26,0.8125,220,106,0.4818,9,Tuesday,0.1401,1,0,0,1,0,1
2010-09-25_Real_Madrid_Levante_440,2010-09-25,2010/11,Real Madrid,Levante,La Liga,domestic_league,A,0,0.78,25.635,9363,439,180,81,820,0.41,4,2,4,5,1,1,2,10,3,4,0.2,0.2,0.5,0.2,0.2,0.0,0.3384,0.6483,1,0,4,5,1,3,0.2,40,34,0.85,13,26,0.8,1.0,6,1,4,0,0,0,,,0,0,0,0,,,,,,0,1672.21,1500.0,172.21,0,33,27,0.8182,195,64,0.3282,9,Saturday,0.1511,1,0,0,0,0,0
2010-09-28_Real_Madrid_Auxerre_441,2010-09-28,2010/11,Real Madrid,Auxerre,UEFA Champions League,continental_club,A,0,0.94,25.6432,9366,440,180,81,820,0.4091,3,2,4,6,1,1,2,10,3,4,0.2,0.2,0.5,0.2,0.2,0.0,0.2369,0.4538,0,1,7,6,1,3,0.1667,41,34,0.8293,13,24,0.8,1.0,6,1,4,0,0,0,,,0,0,0,0,,,,,,0,1667.62,1500.0,167.62,0,59,22,0.3729,196,64,0.3265,9,Tuesday,0.1593,1,0,0,0,0,0
2010-10-03_Real_Madrid_Deportivo_La_Coruna_442,2010-10-03,2010/11,Real Madrid,Deportivo La Coruna,La Liga,domestic_league,H,0,0.78,25.6569,9371,441,180,81,820,0.4082,5,1,3,6,1,1,2,9,2,4,0.2,0.2,0.45,0.2,0.2,0.0,0.1658,0.3176,0,2,12,7,1,3,0.1429,42,34,0.8095,13,24,0.8,1.0,5,1,3,1,1,0,1.0,1.0,1,1,0,0,0.0,0.0,,,,0,1673.14,1490.0,183.14,1,34,27,0.7941,221,107,0.4842,10,Sunday,0.1731,1,0,0,1,1,2
2010-10-08_Portugal_Denmark_443,2010-10-08,2010/11,Portugal,Denmark,Euros Qualifier,international,H,1,0.76,25.6706,9376,442,182,81,818,0.4118,5,1,3,7,2,3,3,10,2,3,0.6,0.3,0.5,0.4,0.2,0.1,0.7161,0.2224,1,0,5,8,3,3,0.375,80,24,0.3,8,21,0.4,0.8,7,1,4,2,0,1,0.0,0.0,0,0,1,1,2.0,1.0,,,,0,1635.88,1516.52,119.36,2,13,8,0.6154,222,109,0.491,10,Friday,0.1868,1,0,0,1,0,1
2010-10-12_Portugal_Iceland_444,2010-10-12,2010/11,Portugal,Iceland,Euros Qualifier,international,A,1,0.76,25.6816,9380,443,183,82,817,0.4131,4,1,3,7,3,4,4,11,2,4,0.8,0.4,0.55,0.6,0.3,0.1,0.8012,0.4556,2,0,4,9,4,4,0.4444,81,25,0.3086,8,21,0.4,0.8,7,1,4,0,0,0,,,0,0,0,0,,,,,,0,1642.57,1500.0,142.57,0,14,9,0.6429,197,64,0.3249,10,Tuesday,0.1978,1,0,0,1,0,1
2010-10-16_Real_Madrid_Malaga_445,2010-10-16,2010/11,Real Madrid,Malaga,La Liga,domestic_league,A,0,0.78,25.6925,9384,444,184,82,816,0.4144,4,1,3,7,4,4,5,10,1,4,0.8,0.5,0.5,0.6,0.4,0.1,0.8609,0.319,3,0,4,10,5,4,0.5,43,36,0.8372,13,24,0.8,1.0,11,2,4,2,2,0,1.0,0.5,2,1,1,0,0.5,0.5,,,,0,1678.31,1496.65,181.66,2,35,29,0.8286,198,65,0.3283,10,Saturday,0.2088,0,0,0,1,1,2
2010-10-19_Real_Madrid_AC_Milan_446,2010-10-19,2010/11,Real Madrid,AC Milan,UEFA Champions League,continental_club,H,0,0.94,25.7007,9387,445,186,84,814,0.418,3,2,3,7,4,6,7,9,3,6,1.2,0.7,0.45,0.8,0.5,0.2,1.2026,0.8233,4,0,3,11,7,6,0.6364,44,38,0.8636,13,24,0.8,1.0,13,2,4,4,1,0,0.25,0.25,1,1,0,3,2.25,0.75,,,,0,1683.51,1536.15,147.36,4,60,22,0.3667,223,110,0.4933,10,Tuesday,0.217,0,0,0,1,0,1
2010-10-23_Real_Madrid_Racing_Santander_447,2010-10-23,2010/11,Real Madrid,Racing Santander,La Liga,domestic_league,H,0,0.78,25.7117,9391,446,187,85,813,0.4193,4,2,3,7,4,7,8,9,4,6,1.4,0.8,0.45,1.0,0.6,0.2,1.1418,0.8763,5,0,4,12,8,7,0.6667,45,39,0.8667,13,26,0.8,1.0,10,2,3,1,1,0,1.0,1.0,1,1,0,0,0.0,0.0,,,,0,1689.5,1493.52,195.99,1,36,31,0.8611,224,111,0.4955,10,Saturday,0.228,0,0,0,1,1,4
2010-10-26_Real_Madrid_Real_Murcia_448,2010-10-26,2010/11,Real Madrid,Real Murcia,Copa del Rey,domestic_or_other_cup,A,0,0.72,25.7199,9394,447,191,85,809,0.4273,3,2,4,7,7,9,12,13,4,6,1.8,1.2,0.65,1.0,0.7,0.3,1.9993,0.6134,6,0,3,13,12,7,0.9231,46,43,0.9348,15,28,1.0,1.0,16,3,3,0,0,0,,,0,0,0,0,,,,,,0,1694.39,1500.0,194.39,0,0,0,,199,67,0.3367,10,Tuesday,0.2363,0,0,0,0,0,0
2010-10-30_Real_Madrid_Hércules_449,2010-10-30,2010/11,Real Madrid,Hércules,La Liga,domestic_league,A,0,0.78,25.7309,9398,448,191,85,809,0.4263,4,2,4,7,5,8,12,13,3,5,1.6,1.2,0.65,0.8,0.7,0.3,1.3995,0.4294,0,1,7,14,12,7,0.8571,47,43,0.9149,13,26,0.8,1.0,16,3,3,0,0,0,,,0,0,0,0,,,,,,0,1689.32,1500.0,189.32,0,37,35,0.9459,200,67,0.335,10,Saturday,0.2473,0,0,0,1,1,2
2010-11-03_Real_Madrid_AC_Milan_450,2010-11-03,2010/11,Real Madrid,AC Milan,UEFA Champions League,continental_club,A,0,0.94,25.7418,9402,449,193,86,807,0.4298,4,1,3,7,6,9,13,15,4,5,1.8,1.3,0.75,0.8,0.7,0.4,1.5796,0.6006,1,0,4,15,14,8,0.9333,48,45,0.9375,13,26,0.8,1.0,13,3,3,5,2,1,0.4,0.4,2,2,0,3,1.8,0.6,,,,0,1694.35,1530.15,164.2,5,61,23,0.377,201,69,0.3433,11,Wednesday,0.2582,0,0,0,0,0,0
2010-11-07_Real_Madrid_Atletico_Madrid_451,2010-11-07,2010/11,Real Madrid,Atletico Madrid,La Liga,domestic_league,H,0,0.78,25.7528,9406,450,193,86,807,0.4289,4,1,3,8,2,7,13,15,2,5,1.4,1.3,0.75,0.6,0.7,0.4,1.1058,0.4204,0,1,8,16,14,8,0.875,49,45,0.9184,11,24,0.6,1.0,9,2,2,1,0,0,0.0,0.0,0,1,0,0,0.0,0.0,,,,0,1689.95,1493.35,196.6,1,38,37,0.9737,225,115,0.5111,11,Sunday,0.2692,0,0,0,0,0,0
2010-11-10_Real_Madrid_Real_Murcia_452,2010-11-10,2010/11,Real Madrid,Real Murcia,Copa del Rey,domestic_or_other_cup,H,0,0.72,25.761,9409,451,193,86,807,0.4279,3,2,3,8,2,6,13,15,1,5,1.2,1.3,0.75,0.4,0.7,0.4,0.774,0.2943,0,2,11,17,14,8,0.8235,50,45,0.9,11,24,0.6,1.0,11,2,3,1,0,0,0.0,0.0,0,0,1,0,1.0,1.0,,,,0,1694.82,1505.08,189.75,1,1,0,0.0,226,115,0.5088,11,Wednesday,0.2775,0,0,0,1,0,1
2010-11-14_Real_Madrid_Sporting_Gijon_453,2010-11-14,2010/11,Real Madrid,Sporting Gijon,La Liga,domestic_league,A,0,0.78,25.7719,9413,452,194,86,806,0.4292,4,2,3,8,1,3,12,15,1,5,0.6,1.2,0.75,0.4,0.7,0.3,0.8418,0.206,1,0,4,18,15,8,0.8333,51,46,0.902,11,26,0.6,1.0,5,1,2,1,0,1,0.0,0.0,0,1,0,0,0.0,0.0,,,,0,1699.85,1492.99,206.86,1,39,37,0.9487,202,69,0.3416,11,Sunday,0.2885,0,0,0,0,0,0
2010-11-17_Portugal_Spain_454,2010-11-17,2010/11,Portugal,Spain,International Friendly,international,H,1,0.35,25.7801,9416,453,194,86,806,0.4283,3,2,4,8,1,3,11,15,1,4,0.6,1.1,0.75,0.4,0.6,0.3,0.5893,0.1442,0,1,7,19,15,8,0.7895,82,26,0.3171,10,21,0.6,0.8,7,1,3,2,0,0,0.0,0.0,0,1,0,1,1.5,0.5,1.0,0.0,1.0,1,1648.69,1504.84,143.84,2,25,3,0.12,227,116,0.511,11,Wednesday,0.2967,0,0,0,0,0,0
2010-11-20_Real_Madrid_Athletic_Club_455,2010-11-20,2010/11,Real Madrid,Athletic Club,La Liga,domestic_league,H,0,0.78,25.7883,9419,454,194,86,806,0.4273,3,2,4,8,1,1,10,15,0,4,0.2,1.0,0.75,0.2,0.5,0.3,0.4125,0.1009,0,2,10,20,15,8,0.75,52,46,0.8846,13,26,0.8,1.0,6,1,3,2,1,0,0.5,0.5,1,1,0,1,1.5,0.5,,,,0,1704.51,1506.36,198.15,2,40,37,0.925,228,116,0.5088,11,Saturday,0.3049,0,0,0,1,1,3
2010-11-23_Real_Madrid_Ajax_456,2010-11-23,2010/11,Real Madrid,Ajax,UEFA Champions League,continental_club,A,0,0.94,25.7966,9422,455,197,86,803,0.433,3,2,4,8,3,4,11,18,0,2,0.8,1.1,0.9,0.4,0.5,0.3,1.1887,0.0707,1,0,3,21,18,8,0.8571,53,49,0.9245,13,26,0.8,1.0,8,1,3,1,0,0,0.0,0.0,0,1,0,0,0.0,0.0,,,,0,1709.35,1494.2,215.16,1,62,23,0.371,203,69,0.3399,11,Tuesday,0.3132,0,0,0,1,1,2
2010-11-29_Real_Madrid_Barcelona_457,2010-11-29,2010/11,Real Madrid,Barcelona,La Liga,domestic_league,A,0,0.78,25.813,9428,456,199,86,801,0.4364,6,1,3,8,5,6,12,20,0,1,1.2,1.2,1.0,0.6,0.5,0.4,1.4321,0.0495,2,0,6,22,20,8,0.9091,54,51,0.9444,15,26,1.0,1.0,8,1,3,5,0,0,0.0,0.0,0,1,1,3,2.0,0.8,0.6,0.6,0.6,5,1713.85,1541.42,172.43,5,41,40,0.9756,204,71,0.348,11,Monday,0.3297,0,0,0,0,0,0
2010-12-04_Real_Madrid_Valencia_458,2010-12-04,2010/11,Real Madrid,Valencia,La Liga,domestic_league,H,0,0.78,25.8267,9433,457,199,86,801,0.4354,5,1,3,7,5,5,8,20,0,1,1.0,0.8,1.0,0.4,0.4,0.3,1.0025,0.0346,0,1,11,23,20,8,0.8696,55,51,0.9273,12,23,0.8,0.8,6,6,3,1,1,0,1.0,1.0,1,1,0,0,0.0,0.0,,,,0,1699.26,1493.52,205.74,1,42,40,0.9524,229,119,0.5197,12,Saturday,0.3434,0,0,1,1,1,2
2010-12-08_Real_Madrid_Auxerre_459,2010-12-08,2010/11,Real Madrid,Auxerre,UEFA Champions League,continental_club,H,0,0.94,25.8376,9437,458,201,86,799,0.4389,4,1,2,7,4,7,10,22,0,1,1.4,1.0,1.1,0.6,0.5,0.4,1.3017,0.0242,1,0,4,24,22,8,0.9167,56,53,0.9464,12,23,0.8,0.8,8,6,4,1,0,0,0.0,0.0,0,1,0,0,0.0,0.0,,,,0,1703.94,1494.48,209.46,1,63,25,0.3968,230,121,0.5261,12,Wednesday,0.3544,0,0,1,1,0,1
2010-12-12_Real_Madrid_Zaragoza_460,2010-12-12,2010/11,Real Madrid,Zaragoza,La Liga,domestic_league,A,0,0.78,25.8486,9441,459,202,87,798,0.4401,4,1,3,7,3,8,9,22,1,1,1.6,0.9,1.1,0.8,0.5,0.3,1.2112,0.317,2,0,4,25,23,9,0.92,57,54,0.9474,12,25,0.8,0.8,7,6,3,0,0,0,,,0,0,0,0,,,,,,0,1708.55,1500.0,208.55,0,43,42,0.9767,205,71,0.3463,12,Sunday,0.3654,0,0,1,1,0,1
2010-12-19_Real_Madrid_Sevilla_461,2010-12-19,2010/11,Real Madrid,Sevilla,La Liga,domestic_league,H,0,0.78,25.8677,9448,460,203,87,797,0.4413,7,1,2,6,4,6,10,23,1,1,1.2,1.0,1.15,0.8,0.6,0.3,1.1479,0.2219,3,0,7,26,24,9,0.9231,58,55,0.9483,12,25,0.8,0.8,5,6,3,1,1,0,1.0,1.0,1,1,0,0,0.0,0.0,,,,0,1713.18,1492.68,220.5,1,44,43,0.9773,231,122,0.5281,12,Sunday,0.3846,0,0,1,0,0,0
2010-12-22_Real_Madrid_Levante_462,2010-12-22,2010/11,Real Madrid,Levante,Copa del Rey,domestic_or_other_cup,H,0,0.72,25.876,9451,461,203,87,797,0.4403,3,1,3,6,2,4,10,23,1,1,0.8,1.0,1.15,0.6,0.6,0.3,0.8035,0.1553,0,1,10,27,24,9,0.8889,59,55,0.9322,12,27,0.8,0.8,6,6,4,1,0,0,0.0,0.0,0,0,1,0,1.0,1.0,0.0,0.0,1.0,1,1717.57,1504.59,212.98,1,2,1,0.5,232,122,0.5259,12,Wednesday,0.3929,0,0,1,1,1,3
2011-01-03_Real_Madrid_Getafe_463,2011-01-03,2010/11,Real Madrid,Getafe,La Liga,domestic_league,A,0,0.78,25.9088,9463,462,206,88,794,0.4459,12,0,1,5,4,7,12,24,2,2,1.4,1.2,1.2,0.8,0.6,0.4,1.4624,0.4087,1,0,12,28,27,10,0.9643,60,58,0.9667,15,27,1.0,1.0,6,1,3,1,2,0,2.0,1.0,2,1,0,0,0.0,0.0,,,,0,1722.1,1493.17,228.93,1,45,43,0.9556,206,72,0.3495,1,Monday,0.4258,0,0,1,1,1,2
2011-01-09_Real_Madrid_Villarreal_464,2011-01-09,2010/11,Real Madrid,Villarreal,La Liga,domestic_league,H,0,0.78,25.9252,9469,463,208,88,792,0.4492,6,1,1,4,5,7,14,25,2,2,1.4,1.4,1.25,0.8,0.7,0.5,1.6237,0.2861,2,0,6,29,29,10,1.0,61,60,0.9836,15,27,1.0,1.0,7,3,3,6,2,2,0.3333,0.3333,2,2,4,0,0.6667,0.6667,,,,0,1726.33,1499.55,226.78,6,46,45,0.9783,233,125,0.5365,1,Sunday,0.4423,0,0,1,1,1,3
2011-01-13_Real_Madrid_Atletico_Madrid_465,2011-01-13,2010/11,Real Madrid,Atletico Madrid,Copa del Rey,domestic_or_other_cup,H,0,0.72,25.9362,9473,464,211,89,789,0.4547,4,1,2,4,8,9,17,27,2,3,1.8,1.7,1.35,0.8,0.8,0.6,2.0366,0.5003,3,0,4,30,32,11,1.0667,62,63,1.0161,15,27,1.0,1.0,11,5,4,2,0,0,0.0,0.0,0,2,0,0,0.0,0.0,0.0,2.0,0.0,1,1730.59,1488.47,242.12,2,3,4,1.3333,234,128,0.547,1,Thursday,0.4533,0,0,1,1,0,1
2011-01-16_Real_Madrid_Almeria_466,2011-01-16,2010/11,Real Madrid,Almeria,La Liga,domestic_league,A,0,0.78,25.9444,9476,465,212,89,788,0.4559,3,2,3,5,6,9,15,26,2,3,1.8,1.5,1.3,0.8,0.8,0.5,1.7256,0.3502,4,0,3,31,33,11,1.0645,63,64,1.0159,15,27,1.0,1.0,8,4,3,2,2,1,1.0,1.0,2,2,0,0,0.0,0.0,,,,0,1734.57,1485.3,249.27,2,47,48,1.0213,207,74,0.3575,1,Sunday,0.4615,0,0,1,0,0,0
2011-01-20_Real_Madrid_Atletico_Madrid_467,2011-01-20,2010/11,Real Madrid,Atletico Madrid,Copa del Rey,domestic_or_other_cup,A,0,0.72,25.9554,9480,466,212,89,788,0.4549,4,2,3,5,4,9,13,25,2,3,1.8,1.3,1.25,0.8,0.7,0.4,1.2079,0.2451,0,1,7,32,33,11,1.0312,64,64,1.0,13,25,0.8,1.0,8,5,3,3,1,0,0.3333,0.3333,1,3,0,0,0.0,0.0,0.0,2.0,0.0,1,1728.42,1484.5,243.92,3,4,5,1.25,208,74,0.3558,1,Thursday,0.4725,0,0,1,1,0,1
2011-01-23_Real_Madrid_Mallorca_468,2011-01-23,2010/11,Real Madrid,Mallorca,La Liga,domestic_league,H,0,0.78,25.9636,9483,467,213,89,787,0.4561,3,2,4,5,2,7,14,22,1,3,1.4,1.4,1.1,0.8,0.8,0.4,1.1456,0.1716,1,0,3,33,34,11,1.0303,65,65,1.0,13,28,0.8,1.0,8,5,3,3,3,0,1.0,0.3333,3,2,1,0,0.3333,0.3333,0.0,0.0,1.0,1,1732.36,1490.98,241.38,3,48,48,1.0,235,129,0.5489,1,Sunday,0.4808,0,0,1,0,0,0
2011-01-26_Real_Madrid_Sevilla_469,2011-01-26,2010/11,Real Madrid,Sevilla,Copa del Rey,domestic_or_other_cup,A,0,0.72,25.9718,9486,468,213,89,787,0.4551,3,2,4,6,1,5,12,22,1,3,1.0,1.2,1.1,0.6,0.7,0.3,0.8019,0.1201,0,1,6,34,34,11,1.0,66,65,0.9848,13,28,0.8,1.0,6,3,3,2,1,0,0.5,0.5,1,2,0,0,0.0,0.0,0.0,1.0,0.0,1,1736.35,1488.29,248.06,2,5,6,1.2,209,75,0.3589,1,Wednesday,0.489,0,0,1,0,0,0
2011-01-30_Real_Madrid_Osasuna_470,2011-01-30,2010/11,Real Madrid,Osasuna,La Liga,domestic_league,A,0,0.78,25.9827,9490,469,213,89,787,0.4542,4,2,4,7,1,2,11,20,0,2,0.4,1.1,1.0,0.4,0.6,0.3,0.5613,0.0841,0,2,10,35,34,11,0.9714,67,65,0.9701,13,28,0.8,1.0,2,1,2,3,2,1,0.6667,0.3333,2,2,1,0,0.3333,0.3333,0.0,1.0,0.0,1,1740.22,1490.32,249.9,3,49,48,0.9796,210,75,0.3571,1,Sunday,0.5,0,0,1,0,0,0
2011-02-02_Real_Madrid_Sevilla_471,2011-02-02,2010/11,Real Madrid,Sevilla,Copa del Rey,domestic_or_other_cup,H,0,0.72,25.991,9493,470,213,89,787,0.4532,3,2,4,8,0,1,10,20,0,2,0.2,1.0,1.0,0.2,0.5,0.3,0.3929,0.0589,0,3,13,36,34,11,0.9444,68,65,0.9559,10,25,0.6,0.8,2,2,3,3,1,0,0.3333,0.3333,1,3,0,0,0.0,0.0,0.0,1.0,0.0,1,1724.05,1484.42,239.63,3,6,6,1.0,236,129,0.5466,2,Wednesday,0.5082,0,0,0,0,0,0
2011-02-06_Real_Madrid_Real_Sociedad_472,2011-02-06,2010/11,Real Madrid,Real Sociedad,La Liga,domestic_league,H,0,0.78,26.0019,9497,471,213,89,787,0.4522,4,2,4,8,0,1,10,20,0,2,0.2,1.0,1.0,0.2,0.5,0.3,0.275,0.0412,0,4,17,37,34,11,0.9189,69,65,0.942,12,25,0.8,0.8,1,1,2,1,0,1,0.0,0.0,0,1,0,0,0.0,0.0,1.0,2.0,0.0,1,1728.07,1494.33,233.74,1,50,48,0.96,237,129,0.5443,2,Sunday,0.5192,0,0,0,1,1,2
2011-02-09_Portugal_Argentina_473,2011-02-09,2010/11,Portugal,Argentina,International Friendly,international,N,1,0.35,26.0101,9500,472,215,89,785,0.4555,3,2,4,8,2,2,9,21,0,1,0.4,0.9,1.05,0.2,0.5,0.3,0.7925,0.0288,1,0,3,38,36,11,0.9474,83,26,0.3133,10,21,0.6,0.8,0,1,2,0,0,0,,,0,0,0,0,,,,,,0,1654.77,1500.0,154.77,0,26,3,0.1154,23,9,0.3913,2,Wednesday,0.5275,0,0,0,1,0,1
2011-02-13_Real_Madrid_Espanyol_474,2011-02-13,2010/11,Real Madrid,Espanyol,La Liga,domestic_league,A,0,0.78,26.0211,9504,473,216,89,784,0.4567,4,2,4,8,3,3,8,22,0,1,0.6,0.8,1.1,0.4,0.5,0.2,0.8548,0.0202,2,0,4,39,37,11,0.9487,70,67,0.9571,12,25,0.8,0.8,5,2,3,2,2,1,1.0,1.0,2,2,0,0,0.0,0.0,0.0,3.0,0.0,1,1732.21,1484.97,247.23,2,51,50,0.9804,211,75,0.3555,2,Sunday,0.5385,0,0,0,0,0,0
2011-02-19_Real_Madrid_Levante_475,2011-02-19,2010/11,Real Madrid,Levante,La Liga,domestic_league,H,0,0.78,26.0375,9510,474,216,90,784,0.4557,6,1,3,8,3,3,5,22,1,1,0.6,0.5,1.1,0.4,0.4,0.1,0.5983,0.3141,0,1,10,40,37,12,0.925,71,67,0.9437,12,25,0.8,0.8,5,2,3,2,3,1,1.5,0.5,3,1,1,0,0.5,0.5,0.0,0.0,1.0,1,1736.09,1500.05,236.04,2,52,50,0.9615,238,131,0.5504,2,Saturday,0.5549,0,0,0,0,0,0
2011-02-22_Real_Madrid_Lyon_476,2011-02-22,2010/11,Real Madrid,Lyon,UEFA Champions League,continental_club,A,0,0.94,26.0457,9513,475,216,91,784,0.4547,3,1,3,8,1,3,4,19,2,2,0.6,0.4,0.95,0.4,0.3,0.1,0.4188,0.5199,0,2,13,41,37,13,0.9024,72,67,0.9306,12,25,0.8,0.8,7,2,4,6,2,1,0.3333,0.3333,2,2,3,1,1.0,0.6667,,,,0,1740.18,1511.75,228.43,6,64,26,0.4062,212,75,0.3538,2,Tuesday,0.5632,0,0,0,0,0,0
2011-02-26_Real_Madrid_Deportivo_La_Coruna_477,2011-02-26,2010/11,Real Madrid,Deportivo La Coruna,La Liga,domestic_league,A,0,0.78,26.0567,9517,476,216,92,784,0.4538,4,2,3,7,0,3,4,17,3,3,0.6,0.4,0.85,0.4,0.3,0.1,0.2932,0.6639,0,3,17,42,37,14,0.881,73,67,0.9178,13,23,0.8,1.0,7,1,3,2,3,0,1.5,1.0,3,2,0,0,0.0,0.0,1.0,6.0,0.0,1,1734.41,1484.83,249.58,2,53,50,0.9434,213,75,0.3521,2,Saturday,0.5742,0,0,0,0,0,0
2011-03-03_Real_Madrid_Malaga_478,2011-03-03,2010/11,Real Madrid,Malaga,La Liga,domestic_league,H,0,0.78,26.0704,9522,477,216,92,784,0.4528,5,1,3,7,0,1,3,17,3,3,0.2,0.3,0.85,0.2,0.2,0.1,0.2052,0.4647,0,4,22,43,37,14,0.8605,74,67,0.9054,11,23,0.6,1.0,7,1,4,3,4,2,1.3333,0.6667,4,2,1,0,0.3333,0.3333,1.0,4.0,0.0,1,1728.25,1491.45,236.8,3,54,50,0.9259,239,131,0.5481,3,Thursday,0.5879,0,0,0,1,1,3
2011-03-16_Real_Madrid_Lyon_479,2011-03-16,2010/11,Real Madrid,Lyon,UEFA Champions League,continental_club,H,0,0.94,26.1059,9535,478,219,92,781,0.4582,13,0,1,4,3,3,6,18,3,3,0.6,0.6,0.9,0.2,0.3,0.2,1.0437,0.3253,1,0,13,44,40,14,0.9091,75,70,0.9333,11,23,0.6,1.0,10,0,4,7,2,2,0.2857,0.2857,1,2,4,1,1.0,0.7143,,,,0,1732.33,1517.52,214.81,7,65,26,0.4,240,134,0.5583,3,Wednesday,0.6236,0,0,0,0,0,0
2011-03-19_Real_Madrid_Atletico_Madrid_480,2011-03-19,2010/11,Real Madrid,Atletico Madrid,La Liga,domestic_league,A,0,0.78,26.1142,9538,479,219,93,781,0.4572,3,1,1,5,3,3,6,17,3,4,0.6,0.6,0.85,0.2,0.3,0.2,0.7306,0.5277,0,1,16,45,40,15,0.8889,76,70,0.9211,11,23,0.6,1.0,9,0,3,4,2,0,0.5,0.5,2,4,0,0,0.0,0.0,0.0,2.0,0.0,1,1736.83,1480.55,256.28,4,55,53,0.9636,214,75,0.3505,3,Saturday,0.6319,0,0,0,0,0,0
2011-04-05_Real_Madrid_Tottenham_Hotspur_481,2011-04-05,2010/11,Real Madrid,Tottenham Hotspur,UEFA Champions League,continental_club,H,0,0.94,26.1607,9555,480,219,93,781,0.4562,17,0,0,2,3,3,6,16,2,4,0.6,0.6,0.8,0.2,0.3,0.2,0.5114,0.3694,0,2,33,46,40,15,0.8696,77,70,0.9091,11,23,0.6,1.0,9,1,3,14,6,3,0.4286,0.2857,2,10,4,0,0.2857,0.2857,,,,0,1740.55,1465.91,274.64,14,66,26,0.3939,241,134,0.556,4,Tuesday,0.6786,0,0,0,1,0,1
2011-04-09_Real_Madrid_Athletic_Club_482,2011-04-09,2010/11,Real Madrid,Athletic Club,La Liga,domestic_league,A,0,0.78,26.1717,9559,481,220,93,780,0.4574,4,1,1,3,1,4,7,17,1,4,0.8,0.7,0.85,0.4,0.4,0.2,0.658,0.2586,1,0,4,47,41,15,0.8723,78,71,0.9103,13,26,0.8,1.0,9,1,3,3,4,0,1.3333,0.6667,4,2,0,1,1.0,0.3333,1.0,5.0,0.0,1,1743.96,1501.51,242.45,3,56,53,0.9464,215,75,0.3488,4,Saturday,0.6896,0,0,0,1,0,1
2011-04-13_Real_Madrid_Tottenham_Hotspur_483,2011-04-13,2010/11,Real Madrid,Tottenham Hotspur,UEFA Champions League,continental_club,A,0,0.94,26.1826,9563,482,221,93,779,0.4585,4,1,2,4,2,5,6,15,1,4,1.0,0.6,0.75,0.6,0.4,0.1,0.7606,0.181,2,0,4,48,42,15,0.875,79,72,0.9114,15,26,1.0,1.0,12,1,3,15,7,3,0.4667,0.3333,3,11,4,0,0.2667,0.2667,,,,0,1747.93,1462.49,285.44,15,67,27,0.403,216,76,0.3519,4,Wednesday,0.7005,0,0,0,1,0,1
2011-04-16_Real_Madrid_Barcelona_484,2011-04-16,2010/11,Real Madrid,Barcelona,La Liga,domestic_league,H,0,0.78,26.1908,9566,483,222,93,778,0.4596,3,2,3,4,3,3,6,14,1,4,0.6,0.6,0.7,0.6,0.4,0.1,0.8324,0.1267,3,0,3,49,43,15,0.8776,80,73,0.9125,15,26,1.0,1.0,5,1,2,6,0,0,0.0,0.0,0,1,1,4,2.1667,0.8333,1.3333,0.5,0.6667,6,1751.18,1556.01,195.17,6,57,54,0.9474,242,135,0.5579,4,Saturday,0.7088,0,0,0,1,0,1
2011-04-20_Real_Madrid_Barcelona_485,2011-04-20,2010/11,Real Madrid,Barcelona,Copa del Rey,domestic_or_other_cup,N,0,0.72,26.2018,9570,484,223,93,777,0.4607,4,2,3,4,3,4,7,12,0,3,0.8,0.7,0.6,0.8,0.5,0.1,0.8827,0.0887,4,0,4,50,44,15,0.88,81,74,0.9136,13,24,0.8,1.0,6,2,3,7,1,0,0.1429,0.1429,1,1,2,4,2.0,0.8571,1.2857,0.5714,0.5714,7,1746.08,1561.1,184.98,7,7,6,0.8571,24,10,0.4167,4,Wednesday,0.7198,0,0,0,1,0,1
2011-04-23_Real_Madrid_Valencia_486,2011-04-23,2010/11,Real Madrid,Valencia,La Liga,domestic_league,A,0,0.78,26.21,9573,485,224,93,776,0.4619,3,2,4,5,3,5,8,12,0,2,1.0,0.8,0.6,1.0,0.6,0.1,0.9179,0.0621,5,0,3,51,45,15,0.8824,82,75,0.9146,13,24,0.8,1.0,4,2,3,2,3,0,1.5,1.0,3,2,0,0,0.0,0.0,0.0,2.0,0.0,1,1751.21,1488.83,262.38,2,58,55,0.9483,217,77,0.3548,4,Saturday,0.728,0,0,0,0,0,0
2011-04-27_Real_Madrid_Barcelona_487,2011-04-27,2010/11,Real Madrid,Barcelona,UEFA Champions League,continental_club,H,0,0.94,26.2209,9577,486,224,93,776,0.4609,4,2,4,6,2,4,8,12,0,1,0.8,0.8,0.6,0.8,0.6,0.1,0.6425,0.0435,0,1,7,52,45,15,0.8654,83,75,0.9036,13,26,0.8,1.0,10,5,4,8,2,0,0.25,0.25,2,2,2,4,1.75,0.75,1.25,0.5,0.625,8,1754.83,1555.97,198.85,8,68,28,0.4118,243,136,0.5597,4,Wednesday,0.739,0,0,0,0,0,0
2011-05-03_Real_Madrid_Barcelona_488,2011-05-03,2010/11,Real Madrid,Barcelona,UEFA Champions League,continental_club,A,0,0.94,26.2374,9583,487,224,93,776,0.46,6,1,3,7,1,3,8,11,0,1,0.6,0.8,0.55,0.6,0.6,0.1,0.4498,0.0304,0,2,13,53,45,15,0.8491,84,75,0.8929,10,25,0.6,0.8,7,7,4,9,2,0,0.2222,0.2222,2,2,2,5,1.8889,0.7778,1.3333,0.4444,0.6667,9,1739.66,1571.14,168.51,9,69,28,0.4058,218,77,0.3532,5,Tuesday,0.7555,0,0,0,0,0,0
2011-05-07_Real_Madrid_Sevilla_489,2011-05-07,2010/11,Real Madrid,Sevilla,La Liga,domestic_league,A,0,0.78,26.2483,9587,488,224,93,776,0.459,4,1,3,7,0,2,5,11,0,1,0.4,0.5,0.55,0.4,0.5,0.0,0.3148,0.0213,0,3,17,54,45,15,0.8333,85,75,0.8824,8,23,0.4,0.8,8,8,5,4,1,0,0.25,0.25,0,4,0,0,0.0,0.0,0.0,1.0,0.0,1,1735.15,1480.4,254.76,4,59,55,0.9322,219,77,0.3516,5,Saturday,0.7665,0,0,0,1,1,4
2011-05-10_Real_Madrid_Getafe_490,2011-05-10,2010/11,Real Madrid,Getafe,La Liga,domestic_league,H,0,0.78,26.2565,9590,489,228,93,772,0.4663,3,2,3,7,4,5,9,15,0,0,1.0,0.9,0.75,0.4,0.6,0.1,1.4204,0.0149,1,0,3,55,49,15,0.8909,86,79,0.9186,10,23,0.6,0.8,13,9,5,2,4,0,2.0,1.0,4,2,0,0,0.0,0.0,2.0,3.0,0.0,1,1738.9,1488.95,249.95,2,60,59,0.9833,244,136,0.5574,5,Tuesday,0.7747,0,0,0,1,1,3
2011-05-15_Real_Madrid_Villarreal_491,2011-05-15,2010/11,Real Madrid,Villarreal,La Liga,domestic_league,A,0,0.78,26.2702,9595,490,231,93,769,0.4714,5,1,3,7,7,7,12,18,0,0,1.4,1.2,0.9,0.4,0.7,0.2,1.8943,0.0104,2,0,5,56,52,15,0.9286,87,82,0.9425,10,23,0.6,0.8,17,8,5,7,5,3,0.7143,0.4286,5,3,4,0,0.5714,0.5714,2.0,4.0,0.0,1,1742.74,1495.29,247.45,7,61,62,1.0164,220,81,0.3682,5,Sunday,0.7885,0,0,0,1,1,2
2011-05-21_Real_Madrid_Almeria_492,2011-05-21,2010/11,Real Madrid,Almeria,La Liga,domestic_league,H,0,0.78,26.2866,9601,491,233,93,767,0.4745,6,1,3,6,9,9,13,20,0,0,1.8,1.3,1.0,0.6,0.7,0.3,1.926,0.0073,3,0,6,57,54,15,0.9474,88,84,0.9545,10,23,0.6,0.8,14,6,5,3,2,1,0.6667,0.6667,2,2,1,0,0.3333,0.3333,1.0,1.0,0.0,1,1746.62,1491.46,255.16,3,62,64,1.0323,245,139,0.5673,5,Saturday,0.8049,0,1,0,1,1,2
2011-06-04_Portugal_Norway_493,2011-06-04,2010/11,Portugal,Norway,Euros Qualifier,international,H,1,0.76,26.325,9615,492,235,97,765,0.4776,14,0,1,4,7,11,14,20,4,4,2.2,1.4,1.0,0.8,0.7,0.4,1.9482,1.2051,4,0,14,58,56,19,0.9655,84,27,0.3214,9,20,0.6,0.6,2,2,2,0,0,0,,,0,0,0,0,,,,,,0,1640.59,1500.0,140.59,0,15,10,0.6667,246,141,0.5732,6,Saturday,0.8434,0,1,0,0,0,0
2011-08-10_Portugal_Luxembourg_494,2011-08-10,2011/12,Portugal,Luxembourg,International Friendly,international,H,1,0.35,26.5084,9682,493,235,97,765,0.4767,67,0,0,0,4,11,13,19,4,4,2.2,1.3,0.95,0.8,0.6,0.4,1.3637,0.8436,0,1,81,0,0,0,,85,27,0.3176,12,20,0.8,0.8,2,1,1,4,1,0,0.25,0.25,1,4,0,0,0.0,0.0,,,,0,1646.75,1468.57,178.17,4,27,4,0.1481,247,141,0.5709,8,Wednesday,0.0247,1,0,0,1,0,1
2011-08-14_Real_Madrid_Barcelona_495,2011-08-14,2011/12,Real Madrid,Barcelona,Supercopa de Espana,domestic_or_other_cup,H,0,0.82,26.5194,9686,494,236,98,764,0.4777,4,1,1,1,3,8,13,20,5,5,1.6,1.3,1.0,0.8,0.6,0.4,1.2546,0.8905,1,0,4,1,1,1,1.0,89,86,0.9663,13,23,0.8,1.0,22,5,5,10,2,0,0.2,0.2,1,2,3,5,1.8,0.8,1.3,0.5,0.6,10,1750.36,1575.65,174.71,10,0,0,,248,142,0.5726,8,Sunday,0.0356,1,0,0,0,0,0
2011-08-17_Real_Madrid_Barcelona_496,2011-08-17,2011/12,Real Madrid,Barcelona,Supercopa de Espana,domestic_or_other_cup,A,0,0.82,26.5276,9689,495,236,98,764,0.4768,3,2,2,2,1,5,12,20,5,5,1.0,1.2,1.0,0.6,0.5,0.4,0.8782,0.6234,0,1,7,2,1,1,0.5,90,86,0.9556,13,21,0.8,1.0,23,6,5,11,2,0,0.1818,0.1818,0,2,4,5,1.7273,0.8182,1.3636,0.6364,0.5455,11,1745.72,1580.29,165.43,11,1,0,0.0,221,83,0.3756,8,Wednesday,0.0438,1,0,0,1,0,1
2011-08-28_Real_Madrid_Zaragoza_497,2011-08-28,2011/12,Real Madrid,Zaragoza,La Liga,domestic_league,A,0,0.78,26.5577,9700,496,237,98,763,0.4778,11,0,2,3,2,4,13,21,5,5,0.8,1.3,1.05,0.6,0.6,0.4,0.9148,0.4363,1,0,11,3,2,1,0.6667,91,87,0.956,10,20,0.6,0.8,19,7,5,1,1,0,1.0,1.0,1,1,0,0,0.0,0.0,1.0,3.0,0.0,1,1731.28,1495.37,235.91,1,63,66,1.0476,222,84,0.3784,8,Sunday,0.074,1,0,0,1,1,3
2011-09-02_Portugal_Cyprus_498,2011-09-02,2011/12,Portugal,Cyprus,Euros Qualifier,international,A,1,0.76,26.5714,9705,497,240,98,760,0.4829,5,1,1,4,4,5,16,24,1,5,1.0,1.6,1.2,0.6,0.7,0.5,1.5403,0.3054,2,0,5,4,5,1,1.25,86,28,0.3256,12,20,0.8,0.8,2,1,1,0,0,0,,,0,0,0,0,,,,,,0,1652.02,1500.0,152.02,0,16,10,0.625,223,87,0.3901,9,Friday,0.0877,1,0,0,1,1,2
2011-09-10_Real_Madrid_Getafe_499,2011-09-10,2011/12,Real Madrid,Getafe,La Liga,domestic_league,H,0,0.78,26.5933,9713,498,242,99,758,0.4859,8,0,2,4,6,7,18,23,2,6,1.4,1.8,1.15,0.8,0.8,0.6,1.6782,0.5138,3,0,8,5,7,2,1.4,92,90,0.9783,10,20,0.6,0.8,21,7,5,3,7,0,2.3333,1.0,7,3,0,0,0.0,0.0,1.0,3.5,0.0,2,1735.38,1485.12,250.26,3,64,69,1.0781,249,142,0.5703,9,Saturday,0.1096,1,0,0,1,0,1
2011-09-14_Real_Madrid_Dinamo_Zagreb_500,2011-09-14,2011/12,Real Madrid,Dinamo Zagreb,UEFA Champions League,continental_club,A,0,0.94,26.6042,9717,499,243,100,757,0.487,4,1,2,4,6,7,15,24,2,7,1.4,1.5,1.2,0.8,0.8,0.5,1.4748,0.6597,4,0,4,6,8,3,1.3333,93,91,0.9785,10,20,0.6,0.8,22,8,5,0,0,0,,,0,0,0,0,,,,,,0,1739.21,1500.0,239.21,0,70,28,0.4,224,89,0.3973,9,Wednesday,0.1205,1,0,0,0,0,0
2011-09-18_Real_Madrid_Levante_501,2011-09-18,2011/12,Real Madrid,Levante,La Liga,domestic_league,A,0,0.78,26.6152,9721,500,243,100,757,0.486,4,1,2,4,3,7,12,24,2,7,1.4,1.2,1.2,0.8,0.7,0.4,1.0323,0.4618,0,1,8,7,8,3,1.1429,94,91,0.9681,10,23,0.6,0.8,15,7,5,3,3,2,1.0,0.3333,3,2,1,0,0.3333,0.3333,0.0,1.0,0.5,2,1743.24,1495.96,247.27,3,65,70,1.0769,225,89,0.3956,9,Sunday,0.1315,1,0,0,0,0,0
2011-09-21_Real_Madrid_Racing_Santander_502,2011-09-21,2011/12,Real Madrid,Racing Santander,La Liga,domestic_league,A,0,0.78,26.6234,9724,501,243,100,757,0.485,3,2,3,5,1,6,10,23,2,7,1.2,1.0,1.15,0.6,0.6,0.3,0.7226,0.3232,0,2,11,8,8,3,1.0,95,91,0.9579,9,22,0.6,0.6,13,6,5,2,5,0,2.5,1.0,5,2,0,0,0.0,0.0,1.0,6.0,0.0,1,1727.12,1488.63,238.49,2,66,70,1.0606,226,89,0.3938,9,Wednesday,0.1397,1,0,0,0,0,0
2011-09-24_Real_Madrid_Rayo_Vallecano_503,2011-09-24,2011/12,Real Madrid,Rayo Vallecano,La Liga,domestic_league,H,0,0.78,26.6316,9727,502,243,100,757,0.4841,3,2,4,6,0,3,8,22,2,3,0.6,0.8,1.1,0.4,0.5,0.2,0.5058,0.2263,0,3,14,9,8,3,0.8889,96,91,0.9479,10,20,0.6,0.8,11,3,5,0,0,0,,,0,0,0,0,,,,,,0,1721.16,1500.0,221.16,0,67,70,1.0448,250,143,0.572,9,Saturday,0.1479,1,0,0,1,1,3
2011-09-27_Real_Madrid_Ajax_504,2011-09-27,2011/12,Real Madrid,Ajax,UEFA Champions League,continental_club,H,0,0.94,26.6398,9730,503,246,100,754,0.4891,3,2,4,7,3,4,11,24,1,3,0.8,1.1,1.2,0.4,0.6,0.3,1.2541,0.1584,1,0,3,10,11,3,1.1,97,94,0.9691,10,20,0.6,0.8,11,5,5,2,2,0,1.0,0.5,2,2,0,0,0.0,0.0,,,,0,1725.54,1489.7,235.83,2,71,28,0.3944,251,146,0.5817,9,Tuesday,0.1562,1,0,0,1,0,1
2011-10-02_Real_Madrid_Espanyol_505,2011-10-02,2011/12,Real Madrid,Espanyol,La Liga,domestic_league,A,0,0.78,26.6535,9735,504,247,101,753,0.4901,5,1,4,7,4,4,11,24,1,3,0.8,1.1,1.2,0.4,0.6,0.3,1.1779,0.4109,2,0,5,11,12,4,1.0909,98,95,0.9694,10,20,0.6,0.8,10,3,5,3,2,2,0.6667,0.6667,2,3,0,0,0.0,0.0,0.0,2.0,0.0,2,1729.63,1481.09,248.54,3,68,73,1.0735,227,89,0.3921,10,Sunday,0.1699,1,0,0,0,0,0
2011-10-07_Portugal_Iceland_506,2011-10-07,2011/12,Portugal,Iceland,Euros Qualifier,international,H,1,0.76,26.6672,9740,505,247,103,753,0.4891,5,1,3,7,4,4,11,23,3,5,0.8,1.1,1.15,0.4,0.6,0.3,0.8245,0.8876,0,1,10,12,12,6,1.0,87,30,0.3448,12,22,0.8,0.8,2,1,1,1,1,0,1.0,1.0,1,1,0,0,0.0,0.0,,,,0,1657.91,1493.89,164.02,1,17,12,0.7059,252,147,0.5833,10,Friday,0.1836,1,0,0,0,0,0
2011-10-11_Portugal_Denmark_507,2011-10-11,2011/12,Portugal,Denmark,Euros Qualifier,international,A,1,0.76,26.6782,9744,506,247,103,753,0.4881,4,1,3,7,1,4,10,23,3,5,0.8,1.0,1.15,0.4,0.5,0.3,0.5772,0.6213,0,2,14,13,12,6,0.9231,88,30,0.3409,12,22,0.8,0.8,2,1,1,3,1,2,0.3333,0.3333,1,1,1,1,1.3333,0.6667,,,,0,1663.51,1509.82,153.69,3,18,12,0.6667,228,89,0.3904,10,Tuesday,0.1945,1,0,0,1,0,1
2011-10-15_Real_Madrid_Real_Betis_508,2011-10-15,2011/12,Real Madrid,Real Betis,La Liga,domestic_league,H,0,0.78,26.6891,9748,507,248,103,752,0.4892,4,1,3,7,1,5,8,24,3,5,1.0,0.8,1.2,0.6,0.5,0.2,0.704,0.4349,1,0,4,14,13,6,0.9286,99,95,0.9596,10,20,0.6,0.8,13,3,5,0,0,0,,,0,0,0,0,,,,,,0,1733.49,1500.0,233.49,0,69,73,1.058,253,147,0.581,10,Saturday,0.2055,0,0,0,0,0,0
2011-10-18_Real_Madrid_Lyon_509,2011-10-18,2011/12,Real Madrid,Lyon,UEFA Champions League,continental_club,H,0,0.94,26.6973,9751,508,248,105,752,0.4882,3,2,3,8,1,2,6,24,5,6,0.4,0.6,1.2,0.4,0.4,0.1,0.4928,0.9044,0,1,7,15,13,8,0.8667,100,95,0.95,13,22,0.8,1.0,17,3,5,8,2,3,0.25,0.25,1,3,4,1,0.875,0.625,,,,0,1737.62,1513.02,224.61,8,72,29,0.4028,254,147,0.5787,10,Tuesday,0.2137,0,0,0,0,0,0
2011-10-22_Real_Madrid_Malaga_510,2011-10-22,2011/12,Real Madrid,Malaga,La Liga,domestic_league,A,0,0.78,26.7083,9755,509,248,106,752,0.4872,4,2,3,7,1,1,5,20,5,6,0.2,0.5,1.0,0.2,0.3,0.1,0.345,0.9331,0,2,11,16,13,9,0.8125,101,95,0.9406,15,25,1.0,1.0,21,3,5,4,7,2,1.75,0.75,5,3,1,0,0.25,0.25,0.5,5.5,0.0,2,1741.93,1487.37,254.56,4,70,73,1.0429,229,90,0.393,10,Saturday,0.2247,0,0,0,1,1,3
2011-10-26_Real_Madrid_Villarreal_511,2011-10-26,2011/12,Real Madrid,Villarreal,La Liga,domestic_league,H,0,0.78,26.7192,9759,510,251,106,749,0.4922,4,1,3,7,3,4,8,20,3,6,0.8,0.8,1.0,0.4,0.4,0.2,1.1415,0.6532,1,0,4,17,16,9,0.9412,102,98,0.9608,15,25,1.0,1.0,19,1,5,8,7,3,0.875,0.5,6,4,4,0,0.5,0.5,1.5,3.5,0.0,2,1745.68,1491.41,254.28,8,71,76,1.0704,255,147,0.5765,10,Wednesday,0.2356,0,0,0,0,0,0
2011-10-29_Real_Madrid_Real_Sociedad_512,2011-10-29,2011/12,Real Madrid,Real Sociedad,La Liga,domestic_league,A,0,0.78,26.7274,9762,511,251,106,749,0.4912,3,2,4,7,3,4,8,18,3,6,0.8,0.8,0.9,0.4,0.4,0.2,0.799,0.4572,0,1,7,18,16,9,0.8889,103,98,0.9515,15,25,1.0,1.0,19,1,5,2,2,1,1.0,0.5,2,2,0,0,0.0,0.0,1.0,3.0,0.0,2,1749.44,1490.2,259.24,2,72,76,1.0556,230,93,0.4043,10,Saturday,0.2438,0,0,0,0,0,0
2011-11-02_Real_Madrid_Lyon_513,2011-11-02,2011/12,Real Madrid,Lyon,UEFA Champions League,continental_club,A,0,0.94,26.7384,9766,512,251,106,749,0.4902,4,2,3,7,3,3,8,16,3,6,0.6,0.8,0.8,0.2,0.4,0.2,0.5593,0.3201,0,2,11,19,16,9,0.8421,104,98,0.9423,15,25,1.0,1.0,16,1,5,9,2,4,0.2222,0.2222,0,4,4,1,0.7778,0.5556,0.0,4.0,0.0,1,1753.11,1508.71,244.4,9,73,29,0.3973,231,93,0.4026,11,Wednesday,0.2548,0,0,0,1,1,2
2011-11-06_Real_Madrid_Osasuna_514,2011-11-06,2011/12,Real Madrid,Osasuna,La Liga,domestic_league,H,0,0.78,26.7494,9770,513,253,106,747,0.4932,4,1,3,8,2,5,7,18,1,6,1.0,0.7,0.9,0.4,0.4,0.2,0.9915,0.224,1,0,4,20,18,9,0.9,105,100,0.9524,15,28,1.0,1.0,14,0,5,4,2,1,0.5,0.25,2,2,1,1,1.0,0.5,0.5,0.5,0.5,2,1757.05,1506.48,250.57,4,73,76,1.0411,256,147,0.5742,11,Sunday,0.2658,0,0,0,1,1,3
2011-11-11_Portugal_Bosnia_and_Herzegovina_515,2011-11-11,2011/12,Portugal,Bosnia and Herzegovina,Euros Qualifier,international,A,1,0.76,26.763,9775,514,256,106,744,0.4981,5,1,3,7,5,8,9,20,0,5,1.6,0.9,1.0,0.6,0.4,0.3,1.5941,0.1568,2,0,5,21,21,9,1.0,89,31,0.3483,12,21,0.8,0.8,,,0,0,0,0,,,0,0,0,0,,,,,,0,1649.35,1500.0,149.35,0,19,13,0.6842,232,95,0.4095,11,Friday,0.2795,0,0,0,0,0,0
2011-11-15_Portugal_Bosnia_and_Herzegovina_516,2011-11-15,2011/12,Portugal,Bosnia and Herzegovina,Euros Qualifier,international,H,1,0.76,26.774,9779,515,256,106,744,0.4971,4,1,3,7,5,5,9,20,0,3,1.0,0.9,1.0,0.4,0.4,0.3,1.1158,0.1098,0,1,9,22,21,9,0.9545,90,31,0.3444,10,22,0.6,0.8,,,0,1,0,0,0.0,0.0,0,0,1,0,1.0,1.0,,,,0,1645.3,1504.05,141.25,1,20,13,0.65,257,150,0.5837,11,Tuesday,0.2904,0,0,0,1,1,2
2011-11-19_Real_Madrid_Valencia_517,2011-11-19,2011/12,Real Madrid,Valencia,La Liga,domestic_league,A,0,0.78,26.7849,9783,516,258,106,742,0.5,4,1,3,7,5,7,11,21,0,3,1.4,1.1,1.05,0.6,0.5,0.4,1.3811,0.0768,1,0,4,23,23,9,1.0,106,103,0.9717,15,30,1.0,1.0,17,1,5,3,3,0,1.0,0.6667,3,3,0,0,0.0,0.0,1.5,4.0,0.0,2,1760.87,1485.21,275.66,3,74,79,1.0676,233,95,0.4077,11,Saturday,0.3014,0,0,0,1,0,1
2011-11-26_Real_Madrid_Atletico_Madrid_518,2011-11-26,2011/12,Real Madrid,Atletico Madrid,La Liga,domestic_league,H,0,0.78,26.8041,9790,517,259,106,741,0.501,7,1,2,6,3,8,11,19,0,3,1.6,1.1,0.95,0.8,0.5,0.4,1.2668,0.0538,2,0,7,24,24,9,1.0,107,104,0.972,15,30,1.0,1.0,16,3,5,5,2,0,0.4,0.4,2,5,0,0,0.0,0.0,0.5,2.0,0.0,2,1764.27,1476.83,287.44,5,75,80,1.0667,258,152,0.5891,11,Saturday,0.3205,0,0,0,1,1,2
2011-12-03_Real_Madrid_Sporting_Gijon_519,2011-12-03,2011/12,Real Madrid,Sporting Gijon,La Liga,domestic_league,A,0,0.78,26.8233,9797,518,261,106,739,0.5039,7,1,2,5,5,8,13,19,0,1,1.6,1.3,0.95,0.8,0.6,0.5,1.4867,0.0377,3,0,7,25,26,9,1.04,108,106,0.9815,15,30,1.0,1.0,17,4,5,2,0,1,0.0,0.0,0,2,0,0,0.0,0.0,0.0,1.0,0.0,1,1767.48,1488.33,279.15,2,76,82,1.0789,234,96,0.4103,12,Saturday,0.3397,0,0,1,1,0,1
2011-12-10_Real_Madrid_Barcelona_520,2011-12-10,2011/12,Real Madrid,Barcelona,La Liga,domestic_league,H,0,0.78,26.8424,9804,519,262,106,738,0.5048,7,1,2,5,4,6,14,19,0,0,1.2,1.4,0.95,0.8,0.7,0.5,1.3407,0.0264,4,0,7,26,27,9,1.0385,109,107,0.9817,15,30,1.0,1.0,19,4,5,12,3,0,0.25,0.25,1,2,4,6,1.8333,0.8333,1.5,0.75,0.5,12,1770.82,1594.72,176.1,12,77,83,1.0779,259,154,0.5946,12,Saturday,0.3589,0,0,1,0,0,0
2011-12-13_Real_Madrid_SD_Ponferradina_521,2011-12-13,2011/12,Real Madrid,SD Ponferradina,Copa del Rey,domestic_or_other_cup,A,0,0.72,26.8507,9807,520,262,106,738,0.5038,3,1,2,5,3,6,11,19,0,0,1.2,1.1,0.95,0.8,0.6,0.4,0.9385,0.0185,0,1,10,27,27,9,1.0,110,107,0.9727,12,27,0.8,0.8,18,7,5,0,0,0,,,0,0,0,0,,,,,,0,1756.14,1500.0,256.14,0,8,7,0.875,235,97,0.4128,12,Tuesday,0.3671,0,0,1,1,0,1
2011-12-17_Real_Madrid_Sevilla_522,2011-12-17,2011/12,Real Madrid,Sevilla,La Liga,domestic_league,A,0,0.78,26.8616,9811,521,263,106,737,0.5048,4,2,3,5,2,5,12,20,0,0,1.0,1.2,1.0,0.8,0.7,0.4,0.957,0.0129,1,0,4,28,28,9,1.0,111,108,0.973,12,27,0.8,0.8,11,6,4,5,5,0,1.0,0.4,4,5,0,0,0.0,0.0,1.0,3.5,0.0,2,1759.87,1476.65,283.22,5,78,83,1.0641,236,98,0.4153,12,Saturday,0.3781,0,0,1,1,1,3
2012-01-03_Real_Madrid_Malaga_523,2012-01-03,2011/12,Real Madrid,Malaga,Copa del Rey,domestic_or_other_cup,H,0,0.72,26.9082,9828,522,266,106,734,0.5096,17,0,0,3,4,7,15,23,0,0,1.4,1.5,1.15,0.8,0.8,0.5,1.5699,0.009,2,0,17,29,31,9,1.069,112,111,0.9911,12,27,0.8,0.8,14,6,4,5,10,2,2.0,0.8,8,4,1,0,0.2,0.2,0.3333,5.0,0.0,3,1763.14,1483.62,279.52,5,9,8,0.8889,260,154,0.5923,1,Tuesday,0.4247,0,0,1,0,0,0
2012-01-07_Real_Madrid_Granada_CF_524,2012-01-07,2011/12,Real Madrid,Granada CF,La Liga,domestic_league,H,0,0.78,26.9191,9832,523,266,106,734,0.5086,4,1,1,4,4,5,13,20,0,0,1.0,1.3,1.0,0.6,0.7,0.4,1.0989,0.0063,0,1,21,30,31,9,1.0333,113,111,0.9823,12,27,0.8,0.8,10,5,3,0,0,0,,,0,0,0,0,,,,,,0,1766.48,1500.0,266.48,0,79,86,1.0886,261,154,0.59,1,Saturday,0.4356,0,0,1,1,0,1
2012-01-10_Real_Madrid_Malaga_525,2012-01-10,2011/12,Real Madrid,Malaga,Copa del Rey,domestic_or_other_cup,A,0,0.72,26.9273,9835,524,267,106,733,0.5095,3,2,2,4,4,5,11,20,0,0,1.0,1.1,1.0,0.6,0.7,0.3,1.0692,0.0044,1,0,3,31,32,9,1.0323,114,112,0.9825,12,27,0.8,0.8,12,6,3,6,10,2,1.6667,0.6667,6,5,1,0,0.1667,0.1667,0.3333,5.0,0.0,3,1770.03,1480.29,289.74,6,10,8,0.8,237,101,0.4262,1,Tuesday,0.4438,0,0,1,0,0,0
2012-01-14_Real_Madrid_Mallorca_526,2012-01-14,2011/12,Real Madrid,Mallorca,La Liga,domestic_league,A,0,0.78,26.9383,9839,525,267,106,733,0.5086,4,2,3,4,1,5,11,20,0,0,1.0,1.1,1.0,0.6,0.7,0.3,0.7485,0.0031,0,1,7,32,32,9,1.0,115,112,0.9739,15,27,1.0,1.0,11,3,2,4,3,0,0.75,0.25,3,3,1,0,0.25,0.25,0.0,0.5,0.5,2,1773.2,1486.99,286.21,4,80,87,1.0875,238,101,0.4244,1,Saturday,0.4548,0,0,1,0,0,0
2012-01-18_Real_Madrid_Barcelona_527,2012-01-18,2011/12,Real Madrid,Barcelona,Copa del Rey,domestic_or_other_cup,H,0,0.72,26.9492,9843,526,267,106,733,0.5076,4,1,3,4,1,4,9,20,0,0,0.8,0.9,1.0,0.4,0.6,0.2,0.5239,0.0022,0,2,11,33,32,9,0.9697,116,112,0.9655,15,27,1.0,1.0,13,4,3,13,3,0,0.2308,0.2308,1,2,4,7,1.9231,0.8462,1.6154,0.7692,0.4615,13,1776.43,1609.4,167.03,13,11,8,0.7273,262,155,0.5916,1,Wednesday,0.4658,0,0,1,1,0,1
2012-01-22_Real_Madrid_Athletic_Club_528,2012-01-22,2011/12,Real Madrid,Athletic Club,La Liga,domestic_league,H,0,0.78,26.9602,9847,527,268,106,732,0.5085,4,1,3,5,1,2,9,20,0,0,0.4,0.9,1.0,0.4,0.6,0.2,0.6667,0.0015,1,0,4,34,33,9,0.9706,117,113,0.9658,12,24,0.8,0.8,8,4,3,4,5,0,1.25,0.75,5,3,0,1,0.75,0.25,0.5,4.0,0.0,2,1761.96,1497.54,264.42,4,81,87,1.0741,263,156,0.5932,1,Sunday,0.4767,0,0,1,1,1,2
2012-01-25_Real_Madrid_Barcelona_529,2012-01-25,2011/12,Real Madrid,Barcelona,Copa del Rey,domestic_or_other_cup,A,0,0.72,26.9684,9850,528,270,106,730,0.5114,3,2,3,6,3,4,9,22,0,0,0.8,0.9,1.1,0.6,0.6,0.2,1.0667,0.0011,2,0,3,35,35,9,1.0,118,115,0.9746,12,24,0.8,0.8,12,5,4,14,4,0,0.2857,0.2857,2,2,4,8,2.0,0.8571,1.6429,0.7857,0.4286,14,1765.54,1623.86,141.68,14,12,9,0.75,239,101,0.4226,1,Wednesday,0.4849,0,0,1,1,0,1
2012-01-28_Real_Madrid_Zaragoza_530,2012-01-28,2011/12,Real Madrid,Zaragoza,La Liga,domestic_league,H,0,0.78,26.9766,9853,529,271,106,729,0.5123,3,2,4,7,4,4,9,23,0,0,0.8,0.9,1.15,0.6,0.6,0.2,1.0467,0.0007,3,0,3,36,36,9,1.0,119,116,0.9748,10,22,0.6,0.8,9,6,4,2,4,0,2.0,1.0,4,2,0,0,0.0,0.0,0.5,4.5,0.0,2,1761.68,1491.28,270.4,2,82,89,1.0854,264,158,0.5985,1,Saturday,0.4932,0,0,1,1,0,1
2012-02-04_Real_Madrid_Getafe_531,2012-02-04,2011/12,Real Madrid,Getafe,La Liga,domestic_league,A,0,0.78,26.9958,9860,530,272,106,728,0.5132,7,1,3,7,4,5,10,21,0,0,1.0,1.0,1.05,0.8,0.7,0.2,1.0327,0.0005,4,0,7,37,37,9,1.0,120,117,0.975,10,25,0.6,0.8,12,7,5,4,8,1,2.0,1.0,6,4,0,0,0.0,0.0,1.3333,3.6667,0.0,3,1765.16,1481.29,283.88,4,83,90,1.0843,240,102,0.425,2,Saturday,0.5123,0,0,0,0,0,0
2012-02-12_Real_Madrid_Levante_532,2012-02-12,2011/12,Real Madrid,Levante,La Liga,domestic_league,H,0,0.78,27.0177,9868,531,272,106,728,0.5122,8,0,1,6,2,5,9,21,0,0,1.0,0.9,1.05,0.8,0.6,0.2,0.7229,0.0004,0,1,15,38,37,9,0.9737,121,117,0.9669,10,25,0.6,0.8,11,6,5,4,3,2,0.75,0.25,3,2,1,1,1.0,0.5,0.3333,0.6667,0.6667,3,1768.43,1512.08,256.35,4,84,90,1.0714,265,159,0.6,2,Sunday,0.5342,0,0,0,1,1,3
2012-02-18_Real_Madrid_Racing_Santander_533,2012-02-18,2011/12,Real Madrid,Racing Santander,La Liga,domestic_league,H,0,0.78,27.0341,9874,532,275,107,725,0.5169,6,1,2,5,4,7,9,24,1,1,1.4,0.9,1.2,0.8,0.6,0.2,1.406,0.3003,1,0,6,39,40,10,1.0256,122,120,0.9836,13,25,0.8,1.0,14,6,5,3,5,0,1.6667,0.6667,5,2,1,0,0.3333,0.3333,0.5,3.0,0.5,2,1772.15,1494.59,277.56,3,85,93,1.0941,266,162,0.609,2,Saturday,0.5507,0,0,0,1,0,1
2012-02-21_Real_Madrid_CSKA_Moscow_534,2012-02-21,2011/12,Real Madrid,CSKA Moscow,UEFA Champions League,continental_club,A,0,0.94,27.0423,9877,533,276,107,724,0.5178,3,1,2,6,4,6,10,23,1,1,1.2,1.0,1.15,0.8,0.7,0.2,1.2842,0.2102,2,0,3,40,41,10,1.025,123,121,0.9837,13,25,0.8,1.0,14,5,5,0,0,0,,,0,0,0,0,,,,,,0,1775.51,1500.0,275.51,0,74,31,0.4189,241,102,0.4232,2,Tuesday,0.5589,0,0,0,1,0,1
2012-02-26_Real_Madrid_Rayo_Vallecano_535,2012-02-26,2011/12,Real Madrid,Rayo Vallecano,La Liga,domestic_league,A,0,0.78,27.056,9882,534,277,107,723,0.5187,5,1,3,5,5,6,10,21,1,1,1.2,1.0,1.05,0.8,0.7,0.2,1.1989,0.1471,3,0,5,41,42,10,1.0244,124,122,0.9839,13,23,0.8,1.0,13,4,5,1,3,0,3.0,1.0,3,1,0,0,0.0,0.0,2.0,6.0,0.0,1,1768.91,1495.63,273.29,1,86,94,1.093,242,103,0.4256,2,Sunday,0.5726,0,0,0,1,0,1
2012-02-29_Portugal_Poland_536,2012-02-29,2011/12,Portugal,Poland,International Friendly,international,A,1,0.35,27.0642,9885,535,278,107,722,0.5196,3,1,3,5,3,6,11,22,1,1,1.2,1.1,1.1,0.8,0.8,0.2,1.1393,0.103,4,0,3,42,43,10,1.0238,91,33,0.3626,10,22,0.6,0.8,,,0,2,1,0,0.5,0.5,1,0,1,1,2.0,1.0,,,,0,1651.45,1515.86,135.59,2,28,5,0.1786,243,104,0.428,2,Wednesday,0.5808,0,0,0,0,0,0
2012-03-04_Real_Madrid_Espanyol_537,2012-03-04,2011/12,Real Madrid,Espanyol,La Liga,domestic_league,H,0,0.78,27.0752,9889,536,278,107,722,0.5187,4,2,3,6,2,6,11,20,1,1,1.2,1.1,1.0,0.8,0.8,0.2,0.7975,0.0721,0,1,7,43,43,10,1.0,125,123,0.984,13,23,0.8,1.0,11,3,5,4,2,4,0.5,0.5,1,4,0,0,0.0,0.0,0.0,2.6667,0.0,3,1772.35,1477.23,295.12,4,87,95,1.092,267,163,0.6105,3,Sunday,0.5918,0,0,0,1,0,1
2012-03-10_Real_Madrid_Real_Betis_538,2012-03-10,2011/12,Real Madrid,Real Betis,La Liga,domestic_league,A,0,0.78,27.0916,9895,537,279,107,721,0.5196,6,1,3,6,2,4,11,20,0,1,0.8,1.1,1.0,0.8,0.8,0.2,0.8582,0.0505,1,0,6,44,44,10,1.0,126,124,0.9841,13,23,0.8,1.0,15,3,5,1,0,2,0.0,0.0,0,1,0,0,0.0,0.0,1.0,4.0,0.0,1,1775.44,1495.86,279.58,1,88,96,1.0909,244,104,0.4262,3,Saturday,0.6082,0,0,0,1,1,2
2012-03-14_Real_Madrid_CSKA_Moscow_539,2012-03-14,2011/12,Real Madrid,CSKA Moscow,UEFA Champions League,continental_club,H,0,0.94,27.1025,9899,538,281,107,719,0.5223,4,1,3,6,3,5,11,20,0,1,1.0,1.1,1.0,0.8,0.8,0.2,1.2008,0.0353,2,0,4,45,46,10,1.0222,127,126,0.9921,13,26,0.8,1.0,14,3,5,1,1,0,1.0,1.0,1,0,1,0,1.0,1.0,1.0,1.0,0.0,1,1778.77,1506.6,272.17,1,75,32,0.4267,268,164,0.6119,3,Wednesday,0.6192,0,0,0,1,1,2
2012-03-18_Real_Madrid_Malaga_540,2012-03-18,2011/12,Real Madrid,Malaga,La Liga,domestic_league,H,0,0.78,27.1135,9903,539,283,107,717,0.525,4,1,3,7,5,6,12,21,0,1,1.2,1.2,1.05,0.8,0.8,0.3,1.4405,0.0247,3,0,4,46,48,10,1.0435,128,128,1.0,13,26,0.8,1.0,14,4,5,7,10,2,1.4286,0.5714,3,6,1,0,0.1429,0.1429,0.3333,5.0,0.0,3,1782.23,1477.11,305.12,7,89,98,1.1011,269,166,0.6171,3,Sunday,0.6301,0,0,0,0,0,0
2012-03-21_Real_Madrid_Villarreal_541,2012-03-21,2011/12,Real Madrid,Villarreal,La Liga,domestic_league,A,0,0.78,27.1217,9906,540,283,108,717,0.5241,3,2,3,7,4,5,11,21,1,2,1.0,1.1,1.05,0.6,0.7,0.3,1.0084,0.3173,0,1,7,47,48,11,1.0213,129,128,0.9922,13,26,0.8,1.0,14,4,5,9,7,3,0.7778,0.4444,5,5,4,0,0.4444,0.4444,1.0,3.3333,0.0,3,1775.17,1487.65,287.53,9,90,98,1.0889,245,106,0.4327,3,Wednesday,0.6384,0,0,0,1,0,1
2012-03-24_Real_Madrid_Real_Sociedad_542,2012-03-24,2011/12,Real Madrid,Real Sociedad,La Liga,domestic_league,H,0,0.78,27.1299,9909,541,284,108,716,0.525,3,2,4,7,3,6,12,21,1,2,1.2,1.2,1.05,0.8,0.8,0.3,1.0059,0.2221,1,0,3,48,49,11,1.0208,130,129,0.9923,11,24,0.6,1.0,14,5,5,3,2,1,0.6667,0.3333,2,3,0,0,0.0,0.0,0.6667,2.3333,0.0,3,1768.38,1486.53,281.85,3,91,99,1.0879,270,166,0.6148,3,Saturday,0.6466,0,0,0,1,1,2
2012-03-27_Real_Madrid_Apoel_Nicosia_543,2012-03-27,2011/12,Real Madrid,Apoel Nicosia,UEFA Champions League,continental_club,A,0,0.94,27.1381,9912,542,286,108,714,0.5277,3,2,4,8,3,7,11,20,1,1,1.4,1.1,1.0,0.8,0.8,0.3,1.3041,0.1555,2,0,3,49,51,11,1.0408,131,131,1.0,11,24,0.6,1.0,14,6,5,0,0,0,,,0,0,0,0,,,,,,0,1771.68,1500.0,271.68,0,76,34,0.4474,246,107,0.435,3,Tuesday,0.6548,0,0,0,0,0,0
2012-03-31_Real_Madrid_Osasuna_544,2012-03-31,2011/12,Real Madrid,Osasuna,La Liga,domestic_league,A,0,0.78,27.1491,9916,543,286,108,714,0.5267,4,2,4,7,3,5,10,20,1,1,1.0,1.0,1.0,0.6,0.7,0.3,0.9129,0.1088,0,1,7,50,51,11,1.02,132,131,0.9924,11,24,0.6,1.0,14,4,5,5,5,1,1.0,0.4,3,3,1,1,0.8,0.4,0.6667,2.6667,0.3333,3,1775.14,1502.66,272.48,5,92,101,1.0978,247,107,0.4332,3,Saturday,0.6658,0,0,0,1,1,2
2012-04-04_Real_Madrid_Apoel_Nicosia_545,2012-04-04,2011/12,Real Madrid,Apoel Nicosia,UEFA Champions League,continental_club,H,0,0.94,27.16,9920,544,288,110,712,0.5294,4,1,4,7,4,5,11,21,3,3,1.0,1.1,1.05,0.6,0.7,0.4,1.239,0.6762,1,0,4,51,53,13,1.0392,133,133,1.0,11,24,0.6,1.0,15,4,5,1,0,0,0.0,0.0,0,1,0,0,0.0,0.0,0.0,3.0,0.0,1,1778.59,1496.54,282.05,1,77,34,0.4416,271,168,0.6199,4,Wednesday,0.6767,0,0,0,1,1,2
2012-04-08_Real_Madrid_Valencia_546,2012-04-08,2011/12,Real Madrid,Valencia,La Liga,domestic_league,H,0,0.78,27.171,9924,545,290,110,710,0.5321,4,1,3,8,4,7,12,23,2,3,1.4,1.2,1.15,0.8,0.7,0.5,1.4673,0.4733,2,0,4,52,55,13,1.0577,134,135,1.0075,13,26,0.8,1.0,19,5,5,4,4,0,1.0,0.75,3,4,0,0,0.0,0.0,1.6667,3.6667,0.0,3,1781.88,1481.82,300.07,4,93,103,1.1075,272,170,0.625,4,Sunday,0.6877,0,0,0,0,0,0
2012-04-11_Real_Madrid_Atletico_Madrid_547,2012-04-11,2011/12,Real Madrid,Atletico Madrid,La Liga,domestic_league,A,0,0.78,27.1792,9927,546,290,110,710,0.5311,3,2,3,8,4,6,12,23,2,3,1.2,1.2,1.15,0.6,0.7,0.5,1.0271,0.3313,0,1,7,53,55,13,1.0377,135,135,1.0,13,24,0.8,1.0,18,4,5,6,4,0,0.6667,0.5,3,6,0,0,0.0,0.0,0.6667,2.6667,0.0,3,1774.9,1473.62,301.28,6,94,103,1.0957,248,109,0.4395,4,Wednesday,0.6959,0,0,0,1,1,3
2012-04-14_Real_Madrid_Sporting_Gijon_548,2012-04-14,2011/12,Real Madrid,Sporting Gijon,La Liga,domestic_league,H,0,0.78,27.1874,9930,547,293,111,707,0.5356,3,2,4,8,5,7,14,25,3,4,1.4,1.4,1.25,0.6,0.7,0.6,1.619,0.5319,1,0,3,54,58,14,1.0741,136,138,1.0147,13,24,0.8,1.0,17,4,5,3,1,1,0.3333,0.3333,1,3,0,0,0.0,0.0,0.0,2.0,0.0,2,1777.9,1484.99,292.91,3,95,106,1.1158,273,170,0.6227,4,Saturday,0.7041,0,0,0,1,0,1
2012-04-17_Real_Madrid_Bayern_Munich_549,2012-04-17,2011/12,Real Madrid,Bayern Munich,UEFA Champions League,continental_club,A,0,0.94,27.1956,9933,548,294,111,706,0.5365,3,2,4,9,4,8,13,24,3,4,1.6,1.3,1.2,0.8,0.7,0.5,1.4333,0.3724,2,0,3,55,59,14,1.0727,137,139,1.0146,13,24,0.8,1.0,17,5,5,0,0,0,,,0,0,0,0,,,,,,0,1781.03,1500.0,281.03,0,78,36,0.4615,249,112,0.4498,4,Tuesday,0.7123,0,0,0,0,0,0
2012-04-21_Real_Madrid_Barcelona_550,2012-04-21,2011/12,Real Madrid,Barcelona,La Liga,domestic_league,A,0,0.78,27.2066,9937,549,294,112,706,0.5355,4,2,4,8,4,6,11,23,2,5,1.2,1.1,1.15,0.6,0.6,0.4,1.0033,0.5606,0,1,7,56,59,15,1.0536,138,139,1.0072,10,21,0.6,0.8,13,6,5,15,5,0,0.3333,0.3333,2,2,5,8,1.9333,0.8667,1.6667,0.8667,0.4,15,1764.34,1627.73,136.61,15,96,107,1.1146,250,112,0.448,4,Saturday,0.7233,0,0,0,1,0,1
2012-04-25_Real_Madrid_Bayern_Munich_551,2012-04-25,2011/12,Real Madrid,Bayern Munich,UEFA Champions League,continental_club,H,0,0.94,27.2175,9941,550,295,112,705,0.5364,4,1,4,8,2,5,12,23,2,4,1.0,1.2,1.15,0.6,0.7,0.4,1.0023,0.3925,1,0,4,57,60,15,1.0526,139,140,1.0072,10,23,0.6,0.8,10,5,5,1,0,1,0.0,0.0,0,0,0,1,3.0,1.0,2.0,1.0,0.0,1,1770.6,1516.69,253.91,1,79,36,0.4557,274,171,0.6241,4,Wednesday,0.7342,0,0,0,1,1,2
2012-04-29_Real_Madrid_Sevilla_552,2012-04-29,2011/12,Real Madrid,Sevilla,La Liga,domestic_league,H,0,0.78,27.2285,9945,551,297,112,703,0.539,4,1,3,8,3,7,13,25,2,4,1.4,1.3,1.25,0.8,0.7,0.5,1.3016,0.2747,2,0,4,58,62,15,1.069,140,142,1.0143,12,25,0.8,0.8,14,7,5,6,8,0,1.3333,0.5,7,6,0,0,0.0,0.0,1.3333,4.3333,0.0,3,1774.36,1473.37,300.99,6,97,108,1.1134,275,173,0.6291,4,Sunday,0.7452,0,0,0,1,0,1
2012-05-02_Real_Madrid_Athletic_Club_553,2012-05-02,2011/12,Real Madrid,Athletic Club,La Liga,domestic_league,A,0,0.78,27.2367,9948,552,298,112,702,0.5399,3,2,3,8,4,5,12,23,1,4,1.0,1.2,1.15,0.8,0.7,0.4,1.2111,0.1923,3,0,3,59,63,15,1.0678,141,143,1.0142,12,25,0.8,0.8,13,6,5,5,7,0,1.4,0.8,6,4,0,1,0.6,0.2,0.6667,4.0,0.0,3,1777.37,1493.96,283.41,5,98,109,1.1122,251,113,0.4502,5,Wednesday,0.7534,0,0,0,1,0,1
2012-05-05_Real_Madrid_Granada_CF_554,2012-05-05,2011/12,Real Madrid,Granada CF,La Liga,domestic_league,A,0,0.78,27.2449,9951,553,299,113,701,0.5407,3,2,4,8,4,5,13,23,2,5,1.0,1.3,1.15,0.8,0.8,0.4,1.1478,0.4346,4,0,3,60,64,16,1.0667,142,144,1.0141,12,25,0.8,0.8,13,5,5,1,1,0,1.0,1.0,1,1,0,0,0.0,0.0,1.0,5.0,0.0,1,1780.64,1496.45,284.19,1,99,110,1.1111,252,114,0.4524,5,Saturday,0.7616,0,0,0,1,0,1
2012-05-13_Real_Madrid_Mallorca_555,2012-05-13,2011/12,Real Madrid,Mallorca,La Liga,domestic_league,H,0,0.78,27.2668,9959,554,300,113,700,0.5415,8,0,3,7,3,6,12,23,1,3,1.2,1.2,1.15,1.0,0.8,0.3,1.1035,0.3042,5,0,8,61,65,16,1.0656,143,145,1.014,15,25,1.0,1.0,14,4,5,5,3,0,0.6,0.2,0,4,1,0,0.2,0.2,0.3333,1.0,0.3333,3,1783.9,1483.76,300.14,5,100,111,1.11,276,174,0.6304,5,Sunday,0.7836,0,0,0,1,0,1
2012-05-26_Portugal_North_Macedonia_556,2012-05-26,2011/12,Portugal,North Macedonia,International Friendly,international,H,1,0.35,27.3024,9972,555,301,113,699,0.5423,13,0,1,4,3,6,11,23,1,3,1.2,1.1,1.15,1.0,0.8,0.2,1.0724,0.213,6,0,13,62,66,16,1.0645,92,33,0.3587,8,20,0.4,0.8,,,0,0,0,0,,,0,0,0,0,,,,,,0,1647.73,1500.0,147.73,0,29,5,0.1724,277,175,0.6318,5,Saturday,0.8192,0,1,0,0,0,0
2012-06-02_Portugal_Turkey_557,2012-06-02,2011/12,Portugal,Turkey,International Friendly,international,H,1,0.35,27.3216,9979,556,301,113,699,0.5414,7,1,1,3,2,4,11,23,1,3,0.8,1.1,1.15,0.8,0.8,0.2,0.7507,0.1491,0,1,20,63,66,16,1.0476,93,33,0.3548,6,18,0.2,0.8,,,0,0,0,0,,,0,0,0,0,,,,,,0,1643.72,1500.0,143.72,0,30,5,0.1667,278,175,0.6295,6,Saturday,0.8384,0,1,0,0,0,0
2012-06-09_Portugal_Germany_558,2012-06-09,2011/12,Portugal,Germany,Euro Championship,international,A,1,0.95,27.3407,9986,557,301,114,699,0.5404,7,1,2,3,1,3,8,22,2,3,0.6,0.8,1.1,0.6,0.7,0.1,0.5255,0.4044,0,2,27,64,66,17,1.0312,94,33,0.3511,6,18,0.2,0.8,,,0,2,0,0,0.0,0.0,0,0,0,2,3.0,1.0,3.0,2.0,0.0,1,1629.8,1526.9,102.91,2,9,3,0.3333,253,115,0.4545,6,Saturday,0.8575,0,1,0,0,0,0
2012-06-13_Portugal_Denmark_559,2012-06-13,2011/12,Portugal,Denmark,Euro Championship,international,A,1,0.95,27.3517,9990,558,301,114,699,0.5394,4,1,2,3,0,2,7,20,1,3,0.4,0.7,1.0,0.4,0.6,0.1,0.3678,0.283,0,3,31,65,66,17,1.0154,95,33,0.3474,5,15,0.2,0.6,0,1,1,4,2,2,0.5,0.5,2,1,1,2,1.75,0.75,,,,0,1616.92,1523.98,92.94,4,10,3,0.3,254,115,0.4528,6,Wednesday,0.8685,0,1,0,0,0,0
2012-06-17_Portugal_Netherlands_560,2012-06-17,2011/12,Portugal,Netherlands,Euro Championship,international,H,1,0.95,27.3626,9994,559,301,114,699,0.5385,4,1,2,4,0,1,7,18,1,2,0.2,0.7,0.9,0.2,0.6,0.1,0.2575,0.1981,0,4,35,66,66,17,1.0,96,33,0.3438,5,15,0.2,0.6,3,3,2,2,1,1,0.5,0.5,1,2,0,0,0.0,0.0,,,,0,1624.31,1485.02,139.3,2,11,3,0.2727,279,175,0.6272,6,Sunday,0.8795,0,1,0,1,1,2
2012-06-21_Portugal_Czech_Republic_561,2012-06-21,2011/12,Portugal,Czech Republic,Euro Championship,international,A,1,0.95,27.3736,9998,560,303,114,697,0.5411,4,1,3,5,2,2,8,20,1,2,0.4,0.8,1.0,0.2,0.6,0.2,0.7802,0.1387,1,0,4,67,68,17,1.0149,97,35,0.3608,7,15,0.4,0.6,5,4,3,1,1,0,1.0,1.0,1,1,0,0,0.0,0.0,1.0,3.0,0.0,1,1630.5,1493.41,137.09,1,12,5,0.4167,255,115,0.451,6,Thursday,0.8904,0,1,0,1,0,1
2012-06-27_Portugal_Spain_562,2012-06-27,2011/12,Portugal,Spain,Euro Championship,international,H,1,0.95,27.39,10004,561,304,114,696,0.5419,6,1,3,5,3,3,7,20,1,2,0.6,0.7,1.0,0.4,0.6,0.1,0.8462,0.0971,2,0,6,68,69,17,1.0147,98,36,0.3673,9,15,0.6,0.6,6,4,4,3,0,0,0.0,0.0,0,2,0,1,1.0,0.3333,1.0,0.0,1.0,1,1636.75,1498.76,137.99,3,13,6,0.4615,280,177,0.6321,6,Wednesday,0.9068,0,1,0,0,0,0
2012-08-15_Portugal_Panama_563,2012-08-15,2012/13,Portugal,Panama,International Friendly,international,H,1,0.35,27.5242,10053,562,304,114,696,0.5409,49,0,0,0,3,3,6,18,0,2,0.6,0.6,0.9,0.4,0.5,0.1,0.5923,0.068,0,1,55,0,0,0,,99,36,0.3636,9,15,0.6,0.6,6,4,5,0,0,0,,,0,0,0,0,,,,,,0,1622.97,1500.0,122.97,0,31,5,0.1613,281,177,0.6299,8,Wednesday,0.0385,1,0,0,1,0,1
2012-08-19_Real_Madrid_Valencia_564,2012-08-19,2012/13,Real Madrid,Valencia,La Liga,domestic_league,H,0,0.78,27.5351,10057,563,305,114,695,0.5417,4,1,1,1,2,4,6,19,0,1,0.8,0.6,0.95,0.6,0.5,0.1,0.7146,0.0476,1,0,4,1,1,0,1.0,144,146,1.0139,15,25,1.0,1.0,16,4,5,5,4,0,0.8,0.6,1,4,1,0,0.2,0.2,1.25,2.75,0.25,4,1786.92,1488.8,298.12,5,101,112,1.1089,282,178,0.6312,8,Sunday,0.0495,1,0,0,0,0,0
2012-08-23_Real_Madrid_Barcelona_565,2012-08-23,2012/13,Real Madrid,Barcelona,Supercopa de Espana,domestic_or_other_cup,A,0,0.82,27.5461,10061,564,305,114,695,0.5408,4,1,2,2,1,4,5,17,0,1,0.8,0.5,0.85,0.6,0.4,0.1,0.5002,0.0333,0,1,8,2,1,0,0.5,145,146,1.0069,13,25,0.8,1.0,13,3,5,16,6,0,0.375,0.375,3,3,5,8,1.8125,0.8125,1.625,0.9375,0.375,16,1779.97,1621.47,158.49,16,2,1,0.5,256,116,0.4531,8,Thursday,0.0604,1,0,0,1,0,1
2012-08-26_Real_Madrid_Getafe_566,2012-08-26,2012/13,Real Madrid,Getafe,La Liga,domestic_league,A,0,0.78,27.5543,10064,565,306,114,694,0.5416,3,2,3,3,2,3,5,16,0,1,0.6,0.5,0.8,0.6,0.4,0.1,0.6502,0.0233,1,0,3,3,2,0,0.6667,146,147,1.0068,10,22,0.6,0.8,12,6,5,5,8,1,1.6,0.8,4,5,0,0,0.0,0.0,1.0,3.0,0.0,4,1765.7,1478.02,287.67,5,102,112,1.098,257,117,0.4553,8,Sunday,0.0687,1,0,0,0,0,0
2012-08-29_Real_Madrid_Barcelona_567,2012-08-29,2012/13,Real Madrid,Barcelona,Supercopa de Espana,domestic_or_other_cup,H,0,0.82,27.5625,10067,566,306,114,694,0.5406,3,2,4,4,1,2,5,16,0,1,0.4,0.5,0.8,0.4,0.4,0.1,0.4551,0.0163,0,1,6,4,2,0,0.5,147,147,1.0,7,19,0.4,0.6,10,8,5,17,7,0,0.4118,0.4118,3,3,5,9,1.8824,0.8235,1.7059,1.0,0.3529,17,1748.9,1635.74,113.16,17,3,2,0.6667,283,178,0.629,8,Wednesday,0.0769,1,0,0,1,0,1
2012-09-02_Real_Madrid_Granada_CF_568,2012-09-02,2012/13,Real Madrid,Granada CF,La Liga,domestic_league,H,0,0.78,27.5735,10071,567,307,114,693,0.5414,4,2,4,5,2,3,6,14,0,0,0.6,0.6,0.7,0.6,0.5,0.1,0.6186,0.0114,1,0,4,5,3,0,0.6,148,148,1.0,7,22,0.4,0.6,10,8,5,2,2,0,1.0,1.0,2,2,0,0,0.0,0.0,1.0,3.5,0.0,2,1755.76,1493.19,262.56,2,103,112,1.0874,284,179,0.6303,9,Sunday,0.0879,1,0,0,1,1,2
2012-09-07_Portugal_Luxembourg_569,2012-09-07,2012/13,Portugal,Luxembourg,World Cup - Qualification Europe,international,A,1,0.76,27.5872,10076,568,309,114,691,0.544,5,1,3,6,3,4,8,15,0,0,0.8,0.8,0.75,0.6,0.6,0.2,1.033,0.008,2,0,5,6,5,0,0.8333,100,37,0.37,12,17,0.8,0.8,6,3,4,5,2,1,0.4,0.4,1,5,0,0,0.0,0.0,,,,0,1629.58,1463.29,166.28,5,19,7,0.3684,258,117,0.4535,9,Friday,0.1016,1,0,0,1,0,1
2012-09-11_Portugal_Azerbaijan_570,2012-09-11,2012/13,Portugal,Azerbaijan,World Cup - Qualification Europe,international,H,1,0.76,27.5981,10080,569,310,114,690,0.5448,4,1,3,7,4,5,9,16,0,0,1.0,0.9,0.8,0.8,0.7,0.2,1.0231,0.0056,3,0,4,7,6,0,0.8571,101,38,0.3762,12,17,0.8,0.8,3,1,3,2,2,0,1.0,0.5,2,2,0,0,0.0,0.0,,,,0,1635.12,1486.05,149.08,2,20,8,0.4,285,181,0.6351,9,Tuesday,0.1126,1,0,0,0,0,0
2012-09-15_Real_Madrid_Sevilla_571,2012-09-15,2012/13,Real Madrid,Sevilla,La Liga,domestic_league,A,0,0.78,27.6091,10084,570,310,115,690,0.5439,4,1,3,7,3,4,7,15,1,1,0.8,0.7,0.75,0.6,0.6,0.1,0.7162,0.3039,0,1,8,8,6,1,0.75,149,150,1.0067,7,22,0.4,0.6,9,7,5,7,9,0,1.2857,0.5714,8,7,0,0,0.0,0.0,1.0,4.0,0.0,4,1759.37,1470.37,289.0,7,104,114,1.0962,259,118,0.4556,9,Saturday,0.1236,1,0,0,0,0,0
2012-09-18_Real_Madrid_Manchester_City_572,2012-09-18,2012/13,Real Madrid,Manchester City,UEFA Champions League,continental_club,H,0,0.94,27.6173,10087,571,310,115,690,0.5429,3,2,3,8,1,4,6,13,1,1,0.8,0.6,0.65,0.6,0.5,0.1,0.5013,0.2127,0,2,11,9,6,1,0.6667,150,150,1.0,6,19,0.4,0.4,8,7,5,11,4,1,0.3636,0.3636,1,7,1,3,0.9091,0.3636,,,,0,1742.56,1501.4,241.16,11,80,38,0.475,286,181,0.6329,9,Tuesday,0.1319,1,0,0,1,0,1
2012-09-24_Real_Madrid_Rayo_Vallecano_573,2012-09-24,2012/13,Real Madrid,Rayo Vallecano,La Liga,domestic_league,A,0,0.78,27.6337,10093,572,311,115,689,0.5437,6,1,3,7,1,4,7,13,1,1,0.8,0.7,0.65,0.6,0.6,0.1,0.6509,0.1489,1,0,6,10,7,1,0.7,151,151,1.0,9,19,0.6,0.6,9,6,5,2,4,0,2.0,1.0,4,2,0,0,0.0,0.0,1.0,3.5,0.0,2,1746.55,1492.19,254.36,2,105,114,1.0857,260,118,0.4538,9,Monday,0.1484,1,0,0,1,0,1
2012-09-30_Real_Madrid_Deportivo_La_Coruna_574,2012-09-30,2012/13,Real Madrid,Deportivo La Coruna,La Liga,domestic_league,H,0,0.78,27.6501,10099,573,312,115,688,0.5445,6,1,2,6,2,3,7,13,1,1,0.6,0.7,0.65,0.6,0.6,0.1,0.7556,0.1042,2,0,6,11,8,1,0.7273,152,152,1.0,12,19,0.8,0.8,10,4,5,3,3,0,1.0,0.6667,3,2,1,0,0.3333,0.3333,0.5,3.0,0.5,2,1750.31,1490.99,259.31,3,106,115,1.0849,287,182,0.6341,9,Sunday,0.1648,1,0,0,1,1,3
2012-10-03_Real_Madrid_Ajax_575,2012-10-03,2012/13,Real Madrid,Ajax,UEFA Champions League,continental_club,A,0,0.94,27.6583,10102,574,315,115,685,0.5488,3,1,2,6,5,5,10,15,1,1,1.0,1.0,0.75,0.6,0.7,0.2,1.429,0.073,3,0,3,12,11,1,0.9167,153,155,1.0131,12,19,0.8,0.8,13,4,5,3,3,1,1.0,0.6667,3,3,0,0,0.0,0.0,0.0,3.0,0.0,1,1753.98,1485.61,268.37,3,81,39,0.4815,261,119,0.4559,10,Wednesday,0.1731,1,0,0,1,1,3
2012-10-07_Real_Madrid_Barcelona_576,2012-10-07,2012/13,Real Madrid,Barcelona,La Liga,domestic_league,A,0,0.78,27.6693,10106,575,318,115,682,0.553,4,2,3,7,7,8,12,17,0,1,1.6,1.2,0.85,0.8,0.7,0.3,1.9003,0.0511,4,0,4,13,14,1,1.0769,154,158,1.026,12,19,0.8,0.8,14,5,5,18,8,0,0.4444,0.4444,3,4,5,9,1.7778,0.7778,1.6667,1.0556,0.3333,18,1757.49,1628.89,128.6,18,107,118,1.1028,262,122,0.4656,10,Sunday,0.1841,1,0,0,1,1,2
2012-10-12_Portugal_Russia_577,2012-10-12,2012/13,Portugal,Russia,World Cup - Qualification Europe,international,A,1,0.76,27.683,10111,576,320,115,680,0.5556,5,1,3,6,8,10,14,19,0,1,2.0,1.4,0.95,1.0,0.8,0.4,1.9302,0.0358,5,0,5,14,16,1,1.1429,102,38,0.3725,12,19,0.8,0.8,1,0,2,3,2,2,0.6667,0.3333,2,2,1,0,0.3333,0.3333,,,,0,1641.08,1484.93,156.15,3,21,8,0.381,263,124,0.4715,10,Friday,0.1978,1,0,0,0,0,0
2012-10-16_Portugal_Northern_Ireland_578,2012-10-16,2012/13,Portugal,Northern Ireland,World Cup - Qualification Europe,international,H,1,0.76,27.6939,10115,577,320,115,680,0.5546,4,1,3,6,5,9,13,19,0,1,1.8,1.3,0.95,0.8,0.7,0.4,1.3511,0.025,0,1,9,15,16,1,1.0667,103,38,0.3689,9,18,0.6,0.6,0,0,1,1,0,0,0.0,0.0,0,0,1,0,1.0,1.0,,,,0,1626.87,1502.94,123.93,1,22,8,0.3636,288,185,0.6424,10,Tuesday,0.2088,0,0,0,0,0,0
2012-10-20_Real_Madrid_Celta_Vigo_579,2012-10-20,2012/13,Real Madrid,Celta Vigo,La Liga,domestic_league,H,0,0.78,27.7049,10119,578,320,115,680,0.5536,4,1,3,6,2,8,11,19,0,1,1.6,1.1,0.95,0.6,0.6,0.3,0.9458,0.0175,0,2,13,16,16,1,1.0,155,160,1.0323,13,19,0.8,1.0,16,6,5,0,0,0,,,0,0,0,0,,,,,,0,1753.95,1500.0,253.95,0,108,120,1.1111,289,185,0.6401,10,Saturday,0.2198,0,0,0,1,0,1
2012-10-24_Real_Madrid_Borussia_Dortmund_580,2012-10-24,2012/13,Real Madrid,Borussia Dortmund,UEFA Champions League,continental_club,A,0,0.94,27.7158,10123,579,321,115,679,0.5544,4,1,3,7,1,6,11,20,0,1,1.2,1.1,1.0,0.6,0.6,0.3,0.9621,0.0123,1,0,4,17,17,1,1.0,156,161,1.0321,13,22,0.8,1.0,15,4,5,0,0,0,,,0,0,0,0,,,,,,0,1757.71,1500.0,257.71,0,82,42,0.5122,264,124,0.4697,10,Wednesday,0.2308,0,0,0,1,0,1
2012-10-28_Real_Madrid_Mallorca_581,2012-10-28,2012/13,Real Madrid,Mallorca,La Liga,domestic_league,A,0,0.78,27.7268,10127,580,322,115,678,0.5552,4,1,3,7,2,4,12,19,0,0,0.8,1.2,0.95,0.6,0.7,0.3,0.9734,0.0086,2,0,4,18,18,1,1.0,157,162,1.0318,10,22,0.6,0.8,14,6,5,6,4,0,0.6667,0.3333,1,5,1,0,0.1667,0.1667,0.5,1.75,0.25,4,1741.41,1480.74,260.67,6,109,121,1.1101,265,125,0.4717,10,Sunday,0.2418,0,0,0,1,1,2
2012-11-03_Real_Madrid_Zaragoza_582,2012-11-03,2012/13,Real Madrid,Zaragoza,La Liga,domestic_league,H,0,0.78,27.7432,10133,581,324,116,676,0.5577,6,1,3,6,4,4,14,20,1,1,0.8,1.4,1.0,0.6,0.8,0.4,1.2814,0.306,3,0,6,19,20,2,1.0526,158,164,1.038,10,22,0.6,0.8,14,5,5,3,5,0,1.6667,1.0,5,3,0,0,0.0,0.0,0.6667,4.0,0.0,3,1745.06,1487.8,257.26,3,110,123,1.1182,290,186,0.6414,11,Saturday,0.2582,0,0,0,0,0,0
2012-11-06_Real_Madrid_Borussia_Dortmund_583,2012-11-06,2012/13,Real Madrid,Borussia Dortmund,UEFA Champions League,continental_club,H,0,0.94,27.7514,10136,582,324,116,676,0.5567,3,1,3,7,3,4,13,20,1,1,0.8,1.3,1.0,0.6,0.7,0.4,0.897,0.2142,0,1,9,20,20,2,1.0,159,164,1.0314,10,22,0.6,0.8,14,4,5,1,1,0,1.0,1.0,1,0,0,1,3.0,1.0,2.0,1.0,0.0,1,1748.77,1516.3,232.46,1,83,43,0.5181,291,186,0.6392,11,Tuesday,0.2665,0,0,0,0,0,0
2012-11-11_Real_Madrid_Levante_584,2012-11-11,2012/13,Real Madrid,Levante,La Liga,domestic_league,A,0,0.78,27.7651,10141,583,324,116,676,0.5557,5,1,3,7,2,4,12,19,1,1,0.8,1.2,0.95,0.6,0.6,0.4,0.6279,0.1499,0,2,14,21,20,2,0.9524,160,164,1.025,10,23,0.6,0.8,14,4,5,5,6,3,1.2,0.4,3,3,1,1,0.8,0.4,0.75,1.5,0.5,4,1742.92,1508.36,234.57,5,111,123,1.1081,266,127,0.4774,11,Sunday,0.2802,0,0,0,1,0,1
2012-11-17_Real_Madrid_Athletic_Club_585,2012-11-17,2012/13,Real Madrid,Athletic Club,La Liga,domestic_league,H,0,0.78,27.7815,10147,584,325,116,675,0.5565,6,1,3,6,1,4,10,20,1,1,0.8,1.0,1.0,0.6,0.6,0.3,0.7395,0.105,1,0,6,22,21,2,0.9545,161,165,1.0248,10,23,0.6,0.8,14,5,5,6,8,1,1.3333,0.8333,4,5,0,1,0.5,0.1667,0.5,3.75,0.0,4,1747.04,1490.69,256.35,6,112,124,1.1071,292,186,0.637,11,Saturday,0.2967,0,0,0,0,0,0
2012-11-21_Real_Madrid_Manchester_City_586,2012-11-21,2012/13,Real Madrid,Manchester City,UEFA Champions League,continental_club,A,0,0.94,27.7925,10151,585,325,116,675,0.5556,4,1,2,6,1,3,7,19,1,1,0.6,0.7,0.95,0.4,0.5,0.2,0.5177,0.0735,0,1,10,23,21,2,0.913,162,165,1.0185,13,23,0.8,1.0,18,4,5,12,5,1,0.4167,0.4167,2,8,1,3,0.8333,0.3333,2.0,3.0,0.0,1,1750.76,1497.4,253.36,12,84,43,0.5119,267,128,0.4794,11,Wednesday,0.3077,0,0,0,0,0,0
2012-11-24_Real_Madrid_Real_Betis_587,2012-11-24,2012/13,Real Madrid,Real Betis,La Liga,domestic_league,A,0,0.78,27.8007,10154,586,325,116,675,0.5546,3,2,3,6,1,1,5,19,0,1,0.2,0.5,0.95,0.2,0.4,0.1,0.3624,0.0514,0,2,13,24,21,2,0.875,163,165,1.0123,11,21,0.6,1.0,14,5,5,2,2,2,1.0,0.5,2,2,0,0,0.0,0.0,1.5,3.5,0.0,2,1744.53,1492.53,252.0,2,113,124,1.0973,268,128,0.4776,11,Saturday,0.3159,0,0,0,0,0,0
2012-12-01_Real_Madrid_Atletico_Madrid_588,2012-12-01,2012/13,Real Madrid,Atletico Madrid,La Liga,domestic_league,H,0,0.78,27.8199,10161,587,325,116,675,0.5537,7,1,3,6,0,1,5,18,0,1,0.2,0.5,0.9,0.2,0.4,0.1,0.2537,0.036,0,3,20,25,21,2,0.84,164,165,1.0061,8,18,0.4,0.8,10,6,5,7,7,1,1.0,0.5714,5,7,0,0,0.0,0.0,0.75,3.0,0.0,4,1728.33,1470.62,257.71,7,114,124,1.0877,293,186,0.6348,12,Saturday,0.3352,0,0,1,1,0,1
2012-12-04_Real_Madrid_Ajax_589,2012-12-04,2012/13,Real Madrid,Ajax,UEFA Champions League,continental_club,H,0,0.94,27.8281,10164,588,326,117,674,0.5544,3,1,3,6,1,2,6,17,1,2,0.4,0.6,0.85,0.4,0.5,0.1,0.4776,0.3252,1,0,3,26,22,3,0.8462,165,166,1.0061,10,20,0.6,0.8,10,4,5,4,6,1,1.5,0.75,6,4,0,0,0.0,0.0,0.5,3.5,0.0,2,1732.03,1482.09,249.94,4,85,43,0.5059,294,187,0.6361,12,Tuesday,0.3434,0,0,1,1,0,1
2012-12-08_Real_Madrid_Valladolid_590,2012-12-08,2012/13,Real Madrid,Valladolid,La Liga,domestic_league,A,0,0.78,27.839,10168,589,327,118,673,0.5552,4,2,3,6,2,2,6,17,2,3,0.4,0.6,0.85,0.4,0.5,0.1,0.6343,0.5276,2,0,4,27,23,4,0.8519,166,167,1.006,10,20,0.6,0.8,12,4,5,0,0,0,,,0,0,0,0,,,,,,0,1735.86,1500.0,235.86,0,115,125,1.087,269,128,0.4758,12,Saturday,0.3544,0,0,1,0,0,0
2012-12-12_Real_Madrid_Celta_Vigo_591,2012-12-12,2012/13,Real Madrid,Celta Vigo,Copa del Rey,domestic_or_other_cup,A,0,0.72,27.85,10172,590,327,118,673,0.5542,4,1,3,6,2,2,5,17,2,3,0.4,0.5,0.85,0.4,0.4,0.1,0.444,0.3693,0,1,8,28,23,4,0.8214,167,167,1.0,10,23,0.6,0.8,10,5,5,1,1,0,1.0,1.0,1,1,0,0,0.0,0.0,0.0,2.0,0.0,1,1739.96,1496.24,243.72,1,13,10,0.7692,270,128,0.4741,12,Wednesday,0.3654,0,0,1,1,0,1
2012-12-16_Real_Madrid_Espanyol_592,2012-12-16,2012/13,Real Madrid,Espanyol,La Liga,domestic_league,H,0,0.78,27.8609,10176,591,328,118,672,0.555,4,1,3,7,2,3,4,18,2,2,0.6,0.4,0.9,0.6,0.4,0.0,0.6108,0.2585,1,0,4,29,24,4,0.8276,168,168,1.0,9,20,0.6,0.6,9,4,4,5,3,4,0.6,0.6,1,5,0,0,0.0,0.0,0.0,3.25,0.0,4,1723.9,1474.14,249.77,5,116,125,1.0776,295,188,0.6373,12,Sunday,0.3764,0,0,1,1,0,1
2012-12-22_Real_Madrid_Malaga_593,2012-12-22,2012/13,Real Madrid,Malaga,La Liga,domestic_league,A,0,0.78,27.8774,10182,592,329,119,671,0.5557,6,1,3,6,2,4,5,18,3,3,0.8,0.5,0.9,0.8,0.5,0.0,0.7276,0.481,2,0,6,30,25,5,0.8333,169,169,1.0,10,18,0.6,0.8,11,5,4,8,10,3,1.25,0.5,0,6,2,0,0.25,0.25,0.5,4.0,0.0,4,1717.74,1484.17,233.57,8,117,126,1.0769,271,129,0.476,12,Saturday,0.3929,0,0,1,0,0,0
2013-01-06_Real_Madrid_Real_Sociedad_594,2013-01-06,2012/13,Real Madrid,Real Sociedad,La Liga,domestic_league,H,0,0.78,27.9184,10197,593,329,119,671,0.5548,15,0,0,4,2,3,5,17,2,3,0.6,0.5,0.85,0.6,0.5,0.0,0.5093,0.3367,0,1,21,31,25,5,0.8065,170,169,0.9941,7,17,0.4,0.6,11,8,4,4,4,1,1.0,0.5,4,4,0,0,0.0,0.0,0.75,3.0,0.0,4,1701.88,1483.23,218.64,4,118,126,1.0678,296,189,0.6385,1,Sunday,0.4341,0,0,1,1,1,2
2013-01-09_Real_Madrid_Celta_Vigo_595,2013-01-09,2012/13,Real Madrid,Celta Vigo,Copa del Rey,domestic_or_other_cup,H,0,0.72,27.9267,10200,594,331,119,669,0.5572,3,1,1,4,3,4,6,16,1,3,0.8,0.6,0.8,0.6,0.5,0.1,0.9565,0.2357,1,0,3,32,27,5,0.8438,171,171,1.0,7,17,0.4,0.6,11,10,4,2,2,0,1.0,1.0,2,1,0,1,1.5,0.5,0.0,2.0,0.0,1,1706.3,1512.29,194.01,2,14,11,0.7857,297,191,0.6431,1,Wednesday,0.4423,0,0,1,1,1,3
2013-01-15_Real_Madrid_Valencia_596,2013-01-15,2012/13,Real Madrid,Valencia,Copa del Rey,domestic_or_other_cup,H,0,0.72,27.9431,10206,595,334,120,666,0.5613,6,1,2,4,5,7,9,16,2,4,1.4,0.9,0.8,0.8,0.6,0.2,1.5696,0.465,2,0,6,33,30,6,0.9091,172,174,1.0116,7,17,0.4,0.6,8,8,3,6,4,0,0.6667,0.5,1,4,2,0,0.3333,0.3333,1.2,2.4,0.2,5,1711.23,1495.75,215.48,6,15,14,0.9333,298,194,0.651,1,Tuesday,0.4588,0,0,1,0,0,0
2013-01-20_Real_Madrid_Valencia_597,2013-01-20,2012/13,Real Madrid,Valencia,La Liga,domestic_league,A,0,0.78,27.9568,10211,596,334,120,666,0.5604,5,1,3,4,5,6,9,14,2,4,1.2,0.9,0.7,0.6,0.6,0.2,1.0987,0.3255,0,1,11,34,30,6,0.8824,173,174,1.0058,10,19,0.6,0.8,8,8,3,7,4,0,0.5714,0.4286,0,5,2,0,0.2857,0.2857,1.2,2.4,0.2,5,1715.72,1491.26,224.46,7,119,128,1.0756,272,129,0.4743,1,Sunday,0.4725,0,0,1,1,1,2
2013-01-23_Real_Madrid_Valencia_598,2013-01-23,2012/13,Real Madrid,Valencia,Copa del Rey,domestic_or_other_cup,A,0,0.72,27.965,10214,597,336,121,664,0.5628,3,1,3,4,5,7,11,16,2,5,1.4,1.1,0.8,0.6,0.7,0.3,1.3691,0.5278,1,0,3,35,32,7,0.9143,174,176,1.0115,12,22,0.8,0.8,11,6,3,8,6,1,0.75,0.5,2,6,2,0,0.25,0.25,1.0,2.8333,0.1667,6,1720.03,1486.95,233.08,8,16,14,0.875,273,131,0.4799,1,Wednesday,0.4808,0,0,1,0,0,0
2013-01-27_Real_Madrid_Getafe_599,2013-01-27,2012/13,Real Madrid,Getafe,La Liga,domestic_league,H,0,0.78,27.9759,10218,598,336,121,664,0.5619,4,2,3,5,2,7,10,16,2,4,1.4,1.0,0.8,0.6,0.6,0.3,0.9584,0.3695,0,1,7,36,32,7,0.8889,175,176,1.0057,13,20,0.8,1.0,9,3,2,6,8,1,1.3333,0.6667,1,5,0,1,0.5,0.1667,1.2,2.6,0.0,5,1714.17,1494.82,219.36,6,120,130,1.0833,299,194,0.6488,1,Sunday,0.4918,0,0,1,1,1,3
2013-01-30_Real_Madrid_Barcelona_600,2013-01-30,2012/13,Real Madrid,Barcelona,Copa del Rey,domestic_or_other_cup,H,0,0.72,27.9841,10221,599,339,121,661,0.5659,3,2,3,6,5,8,12,18,2,3,1.6,1.2,0.9,0.6,0.6,0.4,1.5708,0.2586,1,0,3,37,35,7,0.9459,176,179,1.017,13,20,0.8,1.0,9,0,2,19,10,0,0.5263,0.4737,4,4,6,9,1.7368,0.7895,1.6842,1.1053,0.3158,19,1718.59,1632.43,86.16,19,17,14,0.8235,300,197,0.6567,1,Wednesday,0.5,0,0,1,0,0,0
2013-02-02_Real_Madrid_Granada_CF_601,2013-02-02,2012/13,Real Madrid,Granada CF,La Liga,domestic_league,A,0,0.78,27.9924,10224,600,339,121,661,0.565,3,2,4,7,3,5,12,17,1,3,1.0,1.2,0.85,0.4,0.6,0.4,1.0996,0.181,0,1,6,38,35,7,0.9211,177,179,1.0113,11,18,0.6,1.0,10,1,3,3,4,0,1.3333,1.0,4,3,0,0,0.0,0.0,0.6667,3.3333,0.0,3,1716.15,1489.58,226.58,3,121,133,1.0992,274,131,0.4781,2,Saturday,0.5082,0,0,0,1,0,1
2013-02-06_Portugal_Ecuador_602,2013-02-06,2012/13,Portugal,Ecuador,International Friendly,international,H,1,0.35,28.0033,10228,601,340,121,660,0.5657,4,2,4,7,4,6,12,16,1,3,1.2,1.2,0.8,0.6,0.6,0.4,1.0697,0.1267,1,0,4,39,36,7,0.9231,104,38,0.3654,10,19,0.6,0.8,,,0,0,0,0,,,0,0,0,0,,,,,,0,1623.44,1500.0,123.44,0,32,6,0.1875,301,197,0.6545,2,Wednesday,0.5192,0,0,0,1,0,1
2013-02-09_Real_Madrid_Sevilla_603,2013-02-09,2012/13,Real Madrid,Sevilla,La Liga,domestic_league,H,0,0.78,28.0115,10231,602,341,121,659,0.5664,3,2,4,7,2,5,12,17,0,2,1.0,1.2,0.85,0.6,0.6,0.4,1.0488,0.0887,2,0,3,40,37,7,0.925,178,180,1.0112,8,18,0.4,0.8,10,2,4,8,9,0,1.125,0.5,4,7,0,1,0.375,0.125,1.0,3.2,0.2,5,1700.42,1487.18,213.24,8,122,134,1.0984,302,198,0.6556,2,Saturday,0.5275,0,0,0,1,1,3
2013-02-13_Real_Madrid_Manchester_United_604,2013-02-13,2012/13,Real Madrid,Manchester United,UEFA Champions League,continental_club,H,0,0.94,28.0225,10235,603,344,121,656,0.5705,4,2,4,8,5,8,15,20,0,2,1.6,1.5,1.0,0.8,0.7,0.5,1.6342,0.0621,3,0,4,41,40,7,0.9756,179,183,1.0223,8,20,0.4,0.8,9,3,4,0,0,0,,,0,0,0,0,,,,,,0,1704.96,1733.95,-28.99,290,86,44,0.5116,303,201,0.6634,2,Wednesday,0.5385,0,0,0,1,0,1
2013-02-17_Real_Madrid_Rayo_Vallecano_605,2013-02-17,2012/13,Real Madrid,Rayo Vallecano,La Liga,domestic_league,H,0,0.78,28.0334,10239,604,345,121,655,0.5712,4,1,3,8,5,6,14,20,0,2,1.2,1.4,1.0,0.8,0.7,0.4,1.4439,0.0435,4,0,4,42,41,7,0.9762,180,184,1.0222,8,21,0.4,0.8,10,4,5,3,5,0,1.6667,1.0,5,3,0,0,0.0,0.0,0.6667,3.0,0.0,3,1705.79,1488.43,217.36,3,123,137,1.1138,304,202,0.6645,2,Sunday,0.5495,0,0,0,0,0,0
2013-02-23_Real_Madrid_Deportivo_La_Coruna_606,2013-02-23,2012/13,Real Madrid,Deportivo La Coruna,La Liga,domestic_league,A,0,0.78,28.0499,10245,605,345,121,655,0.5702,6,1,3,7,4,6,11,20,0,1,1.2,1.1,1.0,0.8,0.6,0.3,1.0107,0.0304,0,1,10,43,41,7,0.9535,181,184,1.0166,8,21,0.4,0.8,8,4,5,4,6,0,1.5,0.75,5,3,1,0,0.25,0.25,0.6667,3.6667,0.3333,3,1710.24,1487.32,222.92,4,124,137,1.1048,275,132,0.48,2,Saturday,0.5659,0,0,0,0,0,0
2013-02-26_Real_Madrid_Barcelona_607,2013-02-26,2012/13,Real Madrid,Barcelona,Copa del Rey,domestic_or_other_cup,A,0,0.72,28.0581,10248,606,345,122,655,0.5693,3,1,3,8,1,5,11,20,1,2,1.0,1.1,1.0,0.6,0.6,0.3,0.7075,0.3213,0,2,13,44,41,8,0.9318,182,184,1.011,10,21,0.6,0.8,9,4,5,20,10,0,0.5,0.45,3,4,7,9,1.7,0.8,1.65,1.1,0.3,20,1714.58,1634.86,79.72,20,18,14,0.7778,276,132,0.4783,2,Tuesday,0.5742,0,0,0,1,1,2
2013-03-02_Real_Madrid_Barcelona_608,2013-03-02,2012/13,Real Madrid,Barcelona,La Liga,domestic_league,H,0,0.78,28.069,10252,607,347,122,653,0.5717,4,2,3,7,2,6,11,22,1,1,1.2,1.1,1.1,0.6,0.6,0.3,1.0953,0.2249,1,0,4,45,43,8,0.9556,183,186,1.0164,13,21,0.8,1.0,12,4,5,21,12,0,0.5714,0.4762,4,5,7,9,1.619,0.7619,1.619,1.1905,0.2857,21,1722.32,1627.11,95.21,21,125,137,1.096,305,202,0.6623,3,Saturday,0.5852,0,0,0,0,0,0
2013-03-05_Real_Madrid_Manchester_United_609,2013-03-05,2012/13,Real Madrid,Manchester United,UEFA Champions League,continental_club,A,0,0.94,28.0772,10255,608,347,122,653,0.5707,3,2,3,7,2,3,11,21,1,1,0.6,1.1,1.05,0.4,0.6,0.3,0.7667,0.1574,0,1,7,46,43,8,0.9348,184,186,1.0109,13,21,0.8,1.0,10,4,5,1,1,0,1.0,1.0,1,0,1,0,1.0,1.0,1.0,1.0,0.0,1,1729.65,1733.12,-3.47,291,87,45,0.5172,277,134,0.4838,3,Tuesday,0.5934,0,0,0,1,0,1
2013-03-10_Real_Madrid_Celta_Vigo_610,2013-03-10,2012/13,Real Madrid,Celta Vigo,La Liga,domestic_league,A,0,0.78,28.0909,10260,609,348,122,652,0.5714,5,1,3,7,3,3,9,21,1,1,0.6,0.9,1.05,0.4,0.6,0.2,0.8367,0.1102,1,0,5,47,44,8,0.9362,185,187,1.0108,15,23,1.0,1.0,11,4,5,3,5,1,1.6667,1.0,5,2,0,1,1.0,0.3333,0.0,2.0,0.0,1,1739.75,1507.36,232.39,3,126,137,1.0873,278,135,0.4856,3,Sunday,0.6071,0,0,0,1,1,2
2013-03-16_Real_Madrid_Mallorca_611,2013-03-16,2012/13,Real Madrid,Mallorca,La Liga,domestic_league,H,0,0.78,28.1074,10266,610,350,122,650,0.5738,6,1,3,6,3,5,11,23,1,1,1.0,1.1,1.15,0.6,0.7,0.3,1.1857,0.0771,2,0,6,48,46,8,0.9583,186,189,1.0161,15,23,1.0,1.0,11,5,5,7,6,1,0.8571,0.4286,3,6,1,0,0.1429,0.1429,0.4,2.4,0.2,5,1743.91,1477.1,266.81,7,127,139,1.0945,306,202,0.6601,3,Saturday,0.6236,0,0,0,1,0,1
2013-03-22_Portugal_Israel_612,2013-03-22,2012/13,Portugal,Israel,World Cup - Qualification Europe,international,A,1,0.76,28.1238,10272,611,351,122,649,0.5745,6,1,2,6,4,6,11,23,0,1,1.2,1.1,1.15,0.8,0.7,0.3,1.13,0.054,3,0,6,49,47,8,0.9592,105,39,0.3714,7,19,0.4,0.6,,,0,0,0,0,,,0,0,0,0,,,,,,0,1610.03,1500.0,110.03,0,23,8,0.3478,279,137,0.491,3,Friday,0.6401,0,0,0,0,0,0
2013-03-30_Real_Madrid_Zaragoza_613,2013-03-30,2012/13,Real Madrid,Zaragoza,La Liga,domestic_league,A,0,0.78,28.1457,10280,612,351,123,649,0.5735,8,0,2,5,3,4,10,22,1,2,0.8,1.0,1.1,0.6,0.6,0.3,0.791,0.3378,0,1,14,50,47,9,0.94,187,190,1.016,15,25,1.0,1.0,14,6,5,4,5,0,1.25,0.75,4,4,0,0,0.0,0.0,0.5,4.0,0.0,4,1747.45,1484.09,263.36,4,128,140,1.0938,280,137,0.4893,3,Saturday,0.6621,0,0,0,1,0,1
2013-04-03_Real_Madrid_Galatasaray_614,2013-04-03,2012/13,Real Madrid,Galatasaray,UEFA Champions League,continental_club,H,0,0.94,28.1566,10284,613,352,123,648,0.5742,4,1,2,5,2,5,8,23,1,2,1.0,0.8,1.15,0.8,0.6,0.2,0.8537,0.2365,1,0,4,51,48,9,0.9412,188,191,1.016,13,26,0.8,1.0,12,6,5,0,0,0,,,0,0,0,0,,,,,,0,1741.05,1500.0,241.05,0,88,46,0.5227,307,203,0.6612,4,Wednesday,0.6731,0,0,0,1,0,1
2013-04-06_Real_Madrid_Levante_615,2013-04-06,2012/13,Real Madrid,Levante,La Liga,domestic_league,H,0,0.78,28.1648,10287,614,353,123,647,0.5749,3,2,2,5,2,5,8,22,1,2,1.0,0.8,1.1,0.8,0.6,0.2,0.8976,0.1655,2,0,3,52,49,9,0.9423,189,192,1.0159,13,26,0.8,1.0,13,5,5,6,7,3,1.1667,0.5,4,4,1,1,0.6667,0.3333,0.8,1.6,0.4,5,1745.05,1504.24,240.81,6,129,141,1.093,308,204,0.6623,4,Saturday,0.6813,0,0,0,0,0,0
2013-04-09_Real_Madrid_Galatasaray_616,2013-04-09,2012/13,Real Madrid,Galatasaray,UEFA Champions League,continental_club,A,0,0.94,28.1731,10290,615,353,124,647,0.574,3,2,3,6,2,3,8,19,2,3,0.6,0.8,0.95,0.6,0.6,0.2,0.6283,0.4159,0,1,6,53,49,10,0.9245,190,192,1.0105,13,28,0.8,1.0,16,5,5,1,1,0,1.0,1.0,1,1,0,0,0.0,0.0,0.0,3.0,0.0,1,1749.05,1496.0,253.04,1,89,47,0.5281,281,138,0.4911,4,Tuesday,0.6896,0,0,0,1,1,2
2013-04-14_Real_Madrid_Athletic_Club_617,2013-04-14,2012/13,Real Madrid,Athletic Club,La Liga,domestic_league,A,0,0.78,28.1868,10295,616,355,124,645,0.5763,5,1,3,6,3,4,10,21,2,2,0.8,1.0,1.05,0.6,0.7,0.3,1.0398,0.2911,1,0,5,54,51,10,0.9444,191,194,1.0157,10,25,0.6,0.8,16,7,5,7,8,1,1.1429,0.7143,3,6,0,1,0.4286,0.1429,0.6,4.0,0.0,5,1732.83,1486.97,245.86,7,130,141,1.0846,282,140,0.4965,4,Sunday,0.7033,0,0,0,1,1,2
2013-04-20_Real_Madrid_Real_Betis_618,2013-04-20,2012/13,Real Madrid,Real Betis,La Liga,domestic_league,H,0,0.78,28.2032,10301,617,357,125,643,0.5786,6,1,3,6,4,6,10,21,2,3,1.2,1.0,1.05,0.8,0.7,0.3,1.3279,0.5038,2,0,6,55,53,11,0.9636,192,196,1.0208,10,25,0.6,0.8,14,5,5,3,2,2,0.6667,0.3333,2,2,0,1,1.0,0.3333,1.3333,2.3333,0.3333,3,1736.73,1508.73,228.0,3,131,143,1.0916,309,204,0.6602,4,Saturday,0.7198,0,0,0,0,0,0
2013-04-24_Real_Madrid_Borussia_Dortmund_619,2013-04-24,2012/13,Real Madrid,Borussia Dortmund,UEFA Champions League,continental_club,A,0,0.94,28.2141,10305,618,357,126,643,0.5777,4,1,2,6,4,5,10,21,3,4,1.0,1.0,1.05,0.6,0.7,0.3,0.9295,0.6526,0,1,10,56,53,12,0.9464,193,196,1.0155,12,25,0.8,0.8,16,5,5,2,1,0,0.5,0.5,1,0,1,1,2.0,1.0,2.0,1.5,0.0,2,1740.98,1522.15,218.83,2,90,49,0.5444,283,142,0.5018,4,Wednesday,0.7308,0,0,0,1,0,1
2013-04-30_Real_Madrid_Borussia_Dortmund_620,2013-04-30,2012/13,Real Madrid,Borussia Dortmund,UEFA Champions League,continental_club,H,0,0.94,28.2306,10311,619,358,126,642,0.5784,6,1,2,6,3,5,10,19,3,4,1.0,1.0,0.95,0.6,0.7,0.3,0.9507,0.4568,1,0,6,57,54,12,0.9474,194,197,1.0155,9,22,0.6,0.6,14,9,5,3,2,0,0.6667,0.6667,2,0,1,2,2.3333,1.0,2.6667,1.3333,0.0,3,1725.4,1537.73,187.67,3,91,50,0.5495,310,204,0.6581,4,Tuesday,0.7473,0,0,0,0,0,0
2013-05-04_Real_Madrid_Valladolid_621,2013-05-04,2012/13,Real Madrid,Valladolid,La Liga,domestic_league,H,0,0.78,28.2415,10315,620,358,126,642,0.5774,4,1,3,6,1,5,8,19,2,4,1.0,0.8,0.95,0.6,0.6,0.2,0.6655,0.3198,0,1,10,58,54,12,0.931,195,197,1.0103,9,22,0.6,0.6,11,8,5,1,0,0,0.0,0.0,0,1,0,0,0.0,0.0,2.0,3.0,0.0,1,1730.47,1495.91,234.56,1,132,143,1.0833,311,204,0.6559,5,Saturday,0.7582,0,0,0,1,1,2
2013-05-08_Real_Madrid_Malaga_622,2013-05-08,2012/13,Real Madrid,Malaga,La Liga,domestic_league,H,0,0.78,28.2525,10319,621,360,126,640,0.5797,4,1,3,6,3,5,9,20,2,4,1.0,0.9,1.0,0.6,0.6,0.3,1.0658,0.2239,1,0,4,59,56,12,0.9492,196,199,1.0153,12,22,0.8,0.8,13,8,5,9,10,3,1.1111,0.4444,0,6,2,1,0.5556,0.3333,1.0,3.6,0.0,5,1734.58,1500.03,234.55,9,133,145,1.0902,312,206,0.6603,5,Wednesday,0.7692,0,0,0,1,0,1
2013-05-11_Real_Madrid_Espanyol_623,2013-05-11,2012/13,Real Madrid,Espanyol,La Liga,domestic_league,A,0,0.78,28.2607,10322,622,361,128,639,0.5804,3,2,3,6,3,4,10,20,3,5,0.8,1.0,1.0,0.6,0.7,0.3,1.0461,0.7567,2,0,3,60,57,14,0.95,197,200,1.0152,12,22,0.8,0.8,16,10,5,6,4,5,0.6667,0.6667,2,5,1,0,0.1667,0.1667,0.4,3.0,0.0,5,1738.7,1480.3,258.4,6,134,146,1.0896,284,143,0.5035,5,Saturday,0.7775,0,0,0,0,0,0
2013-05-17_Real_Madrid_Atletico_Madrid_624,2013-05-17,2012/13,Real Madrid,Atletico Madrid,Copa del Rey,domestic_or_other_cup,H,0,0.72,28.2771,10328,623,361,128,639,0.5795,6,1,3,6,3,4,9,17,2,5,0.8,0.9,0.85,0.6,0.6,0.3,0.7323,0.5297,0,1,9,61,57,14,0.9344,198,200,1.0101,10,22,0.6,0.8,14,10,5,8,8,2,1.0,0.625,6,8,0,0,0.0,0.0,0.6,2.8,0.0,5,1732.39,1466.92,265.46,8,19,16,0.8421,313,207,0.6613,5,Friday,0.794,0,0,0,1,0,1
2013-06-07_Portugal_Russia_625,2013-06-07,2012/13,Portugal,Russia,World Cup - Qualification Europe,international,H,1,0.76,28.3346,10349,624,362,128,638,0.5801,21,0,0,3,2,4,9,17,2,5,0.8,0.9,0.85,0.6,0.6,0.3,0.8126,0.3708,1,0,21,62,58,14,0.9355,106,39,0.3679,5,17,0.2,0.6,,,0,4,2,2,0.5,0.25,2,2,1,1,1.0,0.5,,,,0,1606.97,1499.14,107.83,4,24,8,0.3333,314,208,0.6624,6,Friday,0.8516,0,1,0,0,0,0
2013-06-10_Portugal_Croatia_626,2013-06-10,2012/13,Portugal,Croatia,International Friendly,international,N,1,0.35,28.3428,10352,625,362,128,638,0.5792,3,1,1,3,1,4,9,17,2,4,0.8,0.9,0.85,0.6,0.6,0.3,0.5688,0.2595,0,1,24,63,58,14,0.9206,107,39,0.3645,5,17,0.2,0.6,,,0,1,0,1,0.0,0.0,0,1,0,0,0.0,0.0,,,,0,1613.96,1492.75,121.21,1,33,7,0.2121,25,11,0.44,6,Monday,0.8599,0,1,0,1,0,1
2013-08-14_Portugal_Netherlands_627,2013-08-14,2013/14,Portugal,Netherlands,International Friendly,international,H,1,0.35,28.5208,10417,626,363,128,637,0.5799,65,0,0,0,2,3,8,18,2,4,0.6,0.8,0.9,0.6,0.6,0.2,0.6982,0.1817,1,0,65,0,0,0,,108,40,0.3704,8,17,0.4,0.8,,,0,3,3,1,1.0,0.6667,3,3,0,0,0.0,0.0,1.0,2.0,0.0,1,1620.6,1478.82,141.78,3,34,8,0.2353,315,208,0.6603,8,Wednesday,0.0357,1,0,0,1,0,1
2013-08-18_Real_Madrid_Real_Betis_628,2013-08-18,2013/14,Real Madrid,Real Betis,La Liga,domestic_league,H,0,0.78,28.5317,10421,627,364,128,636,0.5805,4,1,1,1,2,3,7,17,0,3,0.6,0.7,0.85,0.6,0.6,0.1,0.7887,0.1272,2,0,4,1,1,0,1.0,199,201,1.0101,10,19,0.6,0.8,13,6,4,4,2,3,0.5,0.25,2,3,0,1,0.75,0.25,1.25,2.5,0.25,4,1715.95,1504.49,211.46,4,135,146,1.0815,316,209,0.6614,8,Sunday,0.0467,1,0,0,0,0,0
2013-08-26_Real_Madrid_Granada_CF_629,2013-08-26,2013/14,Real Madrid,Granada CF,La Liga,domestic_league,A,0,0.78,28.5536,10429,628,364,128,636,0.5796,8,0,2,2,2,3,7,17,0,2,0.6,0.7,0.85,0.6,0.6,0.1,0.5521,0.089,0,1,12,2,1,0,0.5,200,201,1.005,10,19,0.6,0.8,13,7,4,4,5,0,1.25,1.0,4,3,0,1,0.75,0.25,0.75,2.5,0.25,4,1720.52,1505.31,215.21,4,136,146,1.0735,285,143,0.5018,8,Monday,0.0687,1,0,0,0,0,0
2013-09-01_Real_Madrid_Athletic_Club_630,2013-09-01,2013/14,Real Madrid,Athletic Club,La Liga,domestic_league,H,0,0.78,28.5701,10435,629,364,129,636,0.5787,6,1,2,3,1,2,6,16,1,3,0.4,0.6,0.8,0.4,0.5,0.1,0.3865,0.3623,0,2,18,3,1,1,0.3333,201,201,1.0,10,22,0.6,0.8,10,4,4,8,10,2,1.25,0.75,3,7,0,1,0.375,0.125,0.5,3.8333,0.0,6,1725.01,1483.06,241.95,8,137,146,1.0657,317,209,0.6593,9,Sunday,0.0852,1,0,0,1,0,1
2013-09-06_Portugal_Northern_Ireland_631,2013-09-06,2013/14,Portugal,Northern Ireland,World Cup - Qualification Europe,international,A,1,0.76,28.5837,10440,630,365,129,635,0.5794,5,1,2,4,1,3,7,15,1,3,0.6,0.7,0.75,0.6,0.6,0.1,0.5705,0.2536,1,0,5,4,2,1,0.5,109,41,0.3761,8,18,0.4,0.8,,,0,2,0,0,0.0,0.0,0,0,2,0,1.0,1.0,,,,0,1616.74,1506.36,110.37,2,25,8,0.32,286,143,0.5,9,Friday,0.0989,1,0,0,1,1,3
2013-09-14_Real_Madrid_Villarreal_632,2013-09-14,2013/14,Real Madrid,Villarreal,La Liga,domestic_league,A,0,0.78,28.6057,10448,631,368,129,632,0.5832,8,0,2,4,4,5,8,17,1,3,1.0,0.8,0.85,0.6,0.6,0.1,1.2994,0.1775,2,0,8,5,5,1,1.0,202,202,1.0,10,22,0.6,0.8,7,3,4,10,8,3,0.8,0.5,3,5,5,0,0.5,0.5,1.0,2.75,0.0,4,1728.99,1494.44,234.55,10,138,147,1.0652,287,146,0.5087,9,Saturday,0.1209,1,0,0,1,0,1
2013-09-17_Real_Madrid_Galatasaray_633,2013-09-17,2013/14,Real Madrid,Galatasaray,UEFA Champions League,continental_club,A,0,0.94,28.6139,10451,632,369,129,631,0.5839,3,1,2,5,5,5,8,18,1,1,1.0,0.8,0.9,0.6,0.6,0.1,1.2096,0.1243,3,0,3,6,6,1,1.0,203,203,1.0,10,20,0.6,0.8,8,4,4,2,3,0,1.5,1.0,3,1,0,1,1.5,0.5,1.5,2.5,0.0,2,1723.11,1512.22,210.88,2,92,50,0.5435,288,147,0.5104,9,Tuesday,0.1291,1,0,0,1,1,3
2013-09-22_Real_Madrid_Getafe_634,2013-09-22,2013/14,Real Madrid,Getafe,La Liga,domestic_league,H,0,0.78,28.6276,10456,633,372,130,628,0.5877,5,1,2,5,7,8,11,20,2,2,1.6,1.1,1.0,0.8,0.7,0.2,1.7467,0.387,4,0,5,7,9,2,1.2857,204,206,1.0098,13,23,0.8,1.0,14,5,5,7,11,1,1.5714,0.7143,3,6,0,1,0.4286,0.1429,1.0,2.8333,0.0,6,1727.69,1490.41,237.28,7,139,148,1.0647,318,210,0.6604,9,Sunday,0.1429,1,0,0,1,1,2
2013-09-25_Real_Madrid_Elche_635,2013-09-25,2013/14,Real Madrid,Elche,La Liga,domestic_league,A,0,0.78,28.6358,10459,634,374,130,626,0.5899,3,1,3,6,6,10,12,21,1,2,2.0,1.2,1.05,1.0,0.7,0.3,1.8227,0.2709,5,0,3,8,11,2,1.375,205,208,1.0146,13,23,0.8,1.0,16,5,5,0,0,0,,,0,0,0,0,,,,,,0,1731.75,1500.0,231.75,0,140,150,1.0714,289,150,0.519,9,Wednesday,0.1511,1,0,0,1,1,2
2013-09-28_Real_Madrid_Atletico_Madrid_636,2013-09-28,2013/14,Real Madrid,Atletico Madrid,La Liga,domestic_league,H,0,0.78,28.644,10462,635,376,130,624,0.5921,3,2,4,6,7,11,14,23,1,2,2.2,1.4,1.15,1.0,0.8,0.4,1.8759,0.1896,6,0,3,9,13,2,1.4444,206,210,1.0194,13,23,0.8,1.0,17,6,5,9,9,2,1.0,0.6667,5,8,0,1,0.3333,0.1111,0.6,2.8,0.0,5,1735.92,1483.36,252.57,9,141,152,1.078,319,212,0.6646,9,Saturday,0.1593,1,0,0,0,0,0
2013-10-02_Real_Madrid_FC_Copenhagen_637,2013-10-02,2013/14,Real Madrid,FC Copenhagen,UEFA Champions League,continental_club,H,0,0.94,28.6549,10466,636,376,130,624,0.5912,4,2,3,6,4,8,13,21,1,2,1.6,1.3,1.05,0.8,0.7,0.4,1.3131,0.1327,0,1,7,10,13,2,1.3,207,210,1.0145,10,20,0.6,0.8,14,6,5,2,0,1,0.0,0.0,0,1,0,1,1.5,0.5,,,,0,1719.71,1508.48,211.23,2,93,53,0.5699,320,212,0.6625,10,Wednesday,0.1703,1,0,0,1,1,2
2013-10-05_Real_Madrid_Levante_638,2013-10-05,2013/14,Real Madrid,Levante,La Liga,domestic_league,A,0,0.78,28.6631,10469,637,378,130,622,0.5934,3,2,4,7,4,9,14,21,1,2,1.8,1.4,1.05,0.8,0.7,0.5,1.5192,0.0929,1,0,3,11,15,2,1.3636,208,212,1.0192,12,22,0.8,0.8,16,4,5,7,7,4,1.0,0.4286,4,5,1,1,0.5714,0.2857,0.8333,2.1667,0.3333,6,1724.28,1500.24,224.04,7,142,152,1.0704,290,152,0.5241,10,Saturday,0.1786,1,0,0,1,0,1
2013-10-11_Portugal_Israel_639,2013-10-11,2013/14,Portugal,Israel,World Cup - Qualification Europe,international,H,1,0.76,28.6796,10475,638,379,130,621,0.594,6,1,3,7,3,7,15,22,0,2,1.4,1.5,1.1,0.8,0.8,0.5,1.3634,0.065,2,0,6,12,16,2,1.3333,110,44,0.4,11,18,0.6,1.0,,,0,1,0,1,0.0,0.0,0,0,1,0,1.0,1.0,,,,0,1623.66,1503.07,120.6,1,26,11,0.4231,321,214,0.6667,10,Friday,0.1951,1,0,0,0,0,0
2013-10-19_Real_Madrid_Malaga_640,2013-10-19,2013/14,Real Madrid,Malaga,La Liga,domestic_league,H,0,0.78,28.7015,10483,639,379,130,621,0.5931,8,0,2,6,3,5,15,21,0,1,1.0,1.5,1.05,0.6,0.8,0.5,0.9544,0.0455,0,1,14,13,16,2,1.2308,209,213,1.0191,12,25,0.8,0.8,13,5,5,10,11,5,1.1,0.5,1,7,2,1,0.5,0.3,1.1667,4.0,0.0,6,1728.6,1495.92,232.69,10,143,153,1.0699,322,214,0.6646,10,Saturday,0.217,0,0,0,1,0,1
2013-10-23_Real_Madrid_Juventus_641,2013-10-23,2013/14,Real Madrid,Juventus,UEFA Champions League,continental_club,H,0,0.94,28.7124,10487,640,380,130,620,0.5938,4,1,2,6,2,4,15,22,0,1,0.8,1.5,1.1,0.6,0.8,0.5,0.9681,0.0319,1,0,4,14,17,2,1.2143,210,214,1.019,12,25,0.8,0.8,11,4,5,0,0,0,,,0,0,0,0,,,,,,0,1732.75,1500.0,232.75,0,94,55,0.5851,323,215,0.6656,10,Wednesday,0.228,0,0,0,1,1,2
2013-10-26_Real_Madrid_Barcelona_642,2013-10-26,2013/14,Real Madrid,Barcelona,La Liga,domestic_league,A,0,0.78,28.7206,10490,641,382,130,618,0.5959,3,2,2,6,3,6,14,22,0,1,1.2,1.4,1.1,0.8,0.8,0.5,1.2777,0.0223,2,0,3,15,19,2,1.2667,211,216,1.0237,12,25,0.8,0.8,11,4,5,22,12,0,0.5455,0.4545,2,6,7,9,1.5455,0.7273,1.5909,1.2273,0.2727,22,1736.9,1619.79,117.12,22,144,154,1.0694,291,153,0.5258,10,Saturday,0.2363,0,0,0,0,0,0
2013-10-30_Real_Madrid_Sevilla_643,2013-10-30,2013/14,Real Madrid,Sevilla,La Liga,domestic_league,H,0,0.78,28.7316,10494,642,382,131,618,0.595,4,2,3,6,3,4,13,21,1,2,0.8,1.3,1.05,0.6,0.7,0.5,0.8944,0.3156,0,1,7,16,19,3,1.1875,212,216,1.0189,12,22,0.8,0.8,12,5,5,9,12,0,1.3333,0.5556,4,8,0,1,0.3333,0.1111,1.0,3.3333,0.1667,6,1723.66,1482.65,241.01,9,145,154,1.0621,324,217,0.6698,10,Wednesday,0.2473,0,0,0,1,1,3
2013-11-02_Real_Madrid_Rayo_Vallecano_644,2013-11-02,2013/14,Real Madrid,Rayo Vallecano,La Liga,domestic_league,A,0,0.78,28.7398,10497,643,385,131,615,0.5988,3,2,4,6,5,6,13,24,1,1,1.2,1.3,1.2,0.6,0.7,0.5,1.5261,0.2209,1,0,3,17,22,3,1.2941,213,219,1.0282,12,24,0.8,0.8,15,8,5,4,5,0,1.25,0.75,2,4,0,0,0.0,0.0,0.5,2.75,0.0,4,1727.65,1483.98,243.67,4,146,157,1.0753,292,153,0.524,11,Saturday,0.2555,0,0,0,1,1,2
2013-11-05_Real_Madrid_Juventus_645,2013-11-05,2013/14,Real Madrid,Juventus,UEFA Champions League,continental_club,A,0,0.94,28.748,10500,644,387,131,613,0.6009,3,2,4,6,5,8,13,25,1,1,1.6,1.3,1.25,0.8,0.7,0.5,1.6682,0.1547,2,0,3,18,24,3,1.3333,214,221,1.0327,12,24,0.8,0.8,15,8,5,1,2,0,2.0,1.0,2,1,0,0,0.0,0.0,1.0,2.0,0.0,1,1731.6,1495.85,235.75,1,95,57,0.6,293,155,0.529,11,Tuesday,0.2637,0,0,0,1,0,1
2013-11-09_Real_Madrid_Real_Sociedad_646,2013-11-09,2013/14,Real Madrid,Real Sociedad,La Liga,domestic_league,H,0,0.78,28.759,10504,645,388,132,612,0.6016,4,2,4,7,6,8,12,26,2,2,1.6,1.2,1.3,0.8,0.7,0.4,1.4678,0.4083,3,0,4,19,25,4,1.3158,215,222,1.0326,10,22,0.6,0.8,15,10,5,5,6,1,1.2,0.6,4,5,0,0,0.0,0.0,1.2,3.2,0.0,5,1725.69,1478.81,246.89,5,147,159,1.0816,325,220,0.6769,11,Saturday,0.2747,0,0,0,1,1,3
2013-11-15_Portugal_Sweden_647,2013-11-15,2013/14,Portugal,Sweden,World Cup - Qualification Europe,international,H,1,0.76,28.7754,10510,646,391,133,609,0.6053,6,1,3,7,6,9,15,28,3,3,1.8,1.5,1.4,0.8,0.8,0.5,1.9274,0.5858,4,0,6,20,28,5,1.4,111,44,0.3964,11,16,0.6,1.0,,,0,3,0,1,0.0,0.0,0,0,3,0,1.0,1.0,,,,0,1620.32,1506.45,113.88,3,27,11,0.4074,326,223,0.684,11,Friday,0.2912,0,0,0,1,0,1
2013-11-19_Portugal_Sweden_648,2013-11-19,2013/14,Portugal,Sweden,World Cup - Qualification Europe,international,A,1,0.76,28.7864,10514,647,392,133,608,0.6059,4,1,3,7,5,10,14,28,2,3,2.0,1.4,1.4,1.0,0.8,0.4,1.6492,0.41,5,0,4,21,29,5,1.381,112,45,0.4018,11,16,0.6,1.0,,,0,4,1,1,0.25,0.25,1,1,3,0,0.75,0.75,,,,0,1627.16,1499.61,127.55,4,28,12,0.4286,294,156,0.5306,11,Tuesday,0.3022,0,0,0,1,1,3
2013-11-23_Real_Madrid_Almeria_649,2013-11-23,2013/14,Real Madrid,Almeria,La Liga,domestic_league,A,0,0.78,28.7973,10518,648,395,133,605,0.6096,4,1,3,7,7,10,16,31,2,3,2.0,1.6,1.55,1.0,0.8,0.5,2.0544,0.287,6,0,4,22,32,5,1.4545,216,225,1.0417,10,22,0.6,0.8,18,10,5,4,4,5,1.0,0.75,3,3,1,0,0.25,0.25,1.0,4.5,0.0,2,1729.58,1487.71,241.87,4,148,162,1.0946,295,159,0.539,11,Saturday,0.3132,0,0,0,1,0,1
2013-12-10_Real_Madrid_FC_Copenhagen_650,2013-12-10,2013/14,Real Madrid,FC Copenhagen,UEFA Champions League,continental_club,A,0,0.94,28.8439,10535,649,396,133,604,0.6102,17,0,0,3,5,9,17,32,2,3,1.8,1.7,1.6,1.0,0.9,0.5,1.7381,0.2009,7,0,17,23,33,5,1.4348,217,226,1.0415,13,25,0.8,1.0,22,8,5,3,2,1,0.6667,0.3333,2,2,0,1,1.0,0.3333,0.0,4.0,0.0,1,1733.57,1503.91,229.66,3,96,58,0.6042,296,160,0.5405,12,Tuesday,0.3599,0,0,1,1,0,1
2013-12-14_Real_Madrid_Osasuna_651,2013-12-14,2013/14,Real Madrid,Osasuna,La Liga,domestic_league,A,0,0.78,28.8548,10539,650,397,133,603,0.6108,4,1,1,4,5,9,17,32,1,3,1.8,1.7,1.6,1.0,0.9,0.5,1.5167,0.1406,8,0,4,24,34,5,1.4167,218,227,1.0413,13,25,0.8,1.0,17,5,5,6,7,3,1.1667,0.5,5,4,1,1,0.6667,0.3333,0.75,3.25,0.25,4,1737.77,1499.21,238.56,6,149,163,1.094,297,161,0.5421,12,Saturday,0.3709,0,0,1,0,0,0
2013-12-22_Real_Madrid_Valencia_652,2013-12-22,2013/14,Real Madrid,Valencia,La Liga,domestic_league,A,0,0.78,28.8767,10547,651,397,134,603,0.6098,8,0,2,3,2,6,15,29,1,4,1.2,1.5,1.45,0.8,0.8,0.4,1.0617,0.3985,0,1,12,25,34,6,1.36,219,227,1.0365,11,23,0.6,1.0,16,5,5,9,6,1,0.6667,0.4444,2,6,3,0,0.3333,0.3333,1.0,2.8333,0.1667,6,1731.82,1492.81,239.01,9,150,163,1.0867,298,161,0.5403,12,Sunday,0.3929,0,0,1,1,0,1
2014-01-06_Real_Madrid_Celta_Vigo_653,2014-01-06,2013/14,Real Madrid,Celta Vigo,La Liga,domestic_league,H,0,0.78,28.9178,10562,652,398,134,602,0.6104,15,0,0,3,2,6,16,29,1,3,1.2,1.6,1.45,0.8,0.9,0.4,1.0432,0.2789,1,0,15,26,35,6,1.3462,220,228,1.0364,13,23,0.8,1.0,17,5,5,4,7,1,1.75,1.0,6,3,0,1,0.75,0.25,0.5,2.0,0.0,2,1735.85,1503.2,232.65,4,151,164,1.0861,327,224,0.685,1,Monday,0.4341,0,0,1,1,1,2
2014-01-09_Real_Madrid_Osasuna_654,2014-01-09,2013/14,Real Madrid,Osasuna,Copa del Rey,domestic_or_other_cup,H,0,0.72,28.926,10565,653,400,134,600,0.6126,3,1,1,4,3,5,15,28,1,3,1.0,1.5,1.4,0.8,0.9,0.4,1.3302,0.1952,2,0,3,27,37,6,1.3704,221,230,1.0407,13,23,0.8,1.0,15,4,5,7,7,4,1.0,0.4286,5,4,2,1,0.7143,0.4286,1.0,3.0,0.2,5,1740.0,1505.17,234.83,7,20,17,0.85,328,226,0.689,1,Thursday,0.4423,0,0,1,0,0,0
2014-01-12_Real_Madrid_Espanyol_655,2014-01-12,2013/14,Real Madrid,Espanyol,La Liga,domestic_league,A,0,0.78,28.9342,10568,654,400,135,600,0.6116,3,2,2,4,3,4,13,26,2,4,0.8,1.3,1.3,0.6,0.8,0.3,0.9312,0.4367,0,1,6,28,37,7,1.3214,222,230,1.036,13,26,0.8,1.0,10,4,4,7,4,5,0.5714,0.5714,2,5,2,0,0.2857,0.2857,0.5,2.6667,0.0,6,1744.11,1486.61,257.5,7,152,166,1.0921,299,162,0.5418,1,Sunday,0.4505,0,0,1,0,0,0
2014-01-15_Real_Madrid_Osasuna_656,2014-01-15,2013/14,Real Madrid,Osasuna,Copa del Rey,domestic_or_other_cup,A,0,0.72,28.9424,10571,655,400,135,600,0.6107,3,2,3,4,2,3,12,24,2,3,0.6,1.2,1.2,0.4,0.7,0.3,0.6518,0.3057,0,2,9,29,37,7,1.2759,223,230,1.0314,13,26,0.8,1.0,9,4,4,8,7,5,0.875,0.375,2,5,2,1,0.625,0.375,1.0,3.0,0.2,5,1747.82,1501.06,246.76,8,21,17,0.8095,300,162,0.54,1,Wednesday,0.4588,0,0,1,1,0,1
2014-01-18_Real_Madrid_Real_Betis_657,2014-01-18,2013/14,Real Madrid,Real Betis,La Liga,domestic_league,A,0,0.78,28.9506,10574,656,401,135,599,0.6113,3,2,4,5,1,4,10,25,1,2,0.8,1.0,1.25,0.6,0.7,0.2,0.7563,0.214,1,0,3,30,38,7,1.2667,224,231,1.0312,15,26,1.0,1.0,7,2,3,5,2,3,0.4,0.2,0,4,0,1,0.6,0.2,1.2,2.4,0.2,5,1751.71,1499.92,251.79,5,153,166,1.085,301,163,0.5415,1,Saturday,0.467,0,0,1,1,0,1
2014-01-21_Real_Madrid_Espanyol_658,2014-01-21,2013/14,Real Madrid,Espanyol,Copa del Rey,domestic_or_other_cup,A,0,0.72,28.9588,10577,657,402,136,598,0.6119,3,2,4,6,2,4,10,24,2,3,0.8,1.0,1.2,0.6,0.7,0.2,0.8294,0.4498,2,0,3,31,39,8,1.2581,225,232,1.0311,15,28,1.0,1.0,9,0,3,8,4,5,0.5,0.5,1,6,2,0,0.25,0.25,0.4286,2.4286,0.0,7,1755.51,1482.91,272.6,8,22,18,0.8182,302,164,0.543,1,Tuesday,0.4753,0,0,1,0,0,0
2014-01-25_Real_Madrid_Granada_CF_659,2014-01-25,2013/14,Real Madrid,Granada CF,La Liga,domestic_league,H,0,0.78,28.9698,10581,658,402,136,598,0.6109,4,2,4,6,2,2,7,23,2,3,0.4,0.7,1.15,0.4,0.6,0.1,0.5806,0.3148,0,1,7,32,39,8,1.2188,226,232,1.0265,15,28,1.0,1.0,6,0,2,5,5,1,1.0,0.8,3,4,0,1,0.6,0.2,0.6,2.2,0.2,5,1758.96,1500.82,258.14,5,154,167,1.0844,329,226,0.6869,1,Saturday,0.4863,0,0,1,1,0,1
2014-01-28_Real_Madrid_Espanyol_660,2014-01-28,2013/14,Real Madrid,Espanyol,Copa del Rey,domestic_or_other_cup,H,0,0.72,28.978,10584,659,403,136,597,0.6115,3,2,4,7,2,3,7,24,1,3,0.6,0.7,1.2,0.6,0.6,0.1,0.7064,0.2204,1,0,3,33,40,8,1.2121,227,233,1.0264,15,28,1.0,1.0,8,0,3,9,4,5,0.4444,0.4444,0,7,2,0,0.2222,0.2222,0.4286,2.4286,0.0,7,1762.65,1479.47,283.18,9,23,18,0.7826,330,227,0.6879,1,Tuesday,0.4945,0,0,1,0,0,0
2014-02-02_Real_Madrid_Athletic_Club_661,2014-02-02,2013/14,Real Madrid,Athletic Club,La Liga,domestic_league,A,0,0.78,28.9917,10589,660,403,136,597,0.6106,5,1,3,8,1,3,6,23,1,3,0.6,0.6,1.15,0.6,0.5,0.1,0.4945,0.1543,0,1,8,34,40,8,1.1765,228,233,1.0219,15,28,1.0,1.0,7,0,2,9,11,2,1.2222,0.7778,3,8,0,1,0.3333,0.1111,0.5714,3.7143,0.0,7,1765.92,1479.08,286.84,9,155,168,1.0839,303,164,0.5413,2,Sunday,0.5082,0,0,0,0,0,0
2014-02-05_Real_Madrid_Atletico_Madrid_662,2014-02-05,2013/14,Real Madrid,Atletico Madrid,Copa del Rey,domestic_or_other_cup,H,0,0.72,28.9999,10592,661,403,137,597,0.6097,3,1,3,9,1,2,6,21,2,3,0.4,0.6,1.05,0.4,0.5,0.1,0.3461,0.408,0,2,11,35,40,9,1.1429,229,233,1.0175,13,28,0.8,1.0,8,1,3,10,9,2,0.9,0.6,2,8,0,2,0.6,0.2,0.6667,2.3333,0.1667,6,1759.14,1499.57,259.57,10,24,18,0.75,331,227,0.6858,2,Wednesday,0.5165,0,0,0,0,0,0
2014-02-11_Real_Madrid_Atletico_Madrid_663,2014-02-11,2013/14,Real Madrid,Atletico Madrid,Copa del Rey,domestic_or_other_cup,A,0,0.72,29.0163,10598,662,403,137,597,0.6088,6,1,3,8,0,1,5,21,1,3,0.2,0.5,1.05,0.2,0.4,0.1,0.2423,0.2856,0,3,17,36,40,9,1.1111,230,233,1.013,13,28,0.8,1.0,3,1,2,11,9,2,0.8182,0.5455,1,9,0,2,0.5455,0.1818,0.6667,2.3333,0.1667,6,1762.81,1495.9,266.91,11,25,18,0.72,304,164,0.5395,2,Tuesday,0.533,0,0,0,1,1,2
2014-02-26_Real_Madrid_FC_Schalke_04_664,2014-02-26,2013/14,Real Madrid,FC Schalke 04,UEFA Champions League,continental_club,A,0,0.94,29.0574,10613,663,405,137,595,0.6109,15,0,0,4,2,3,5,20,1,3,0.6,0.5,1.0,0.4,0.4,0.1,0.7696,0.1999,1,0,15,37,42,9,1.1351,231,235,1.0173,13,28,0.8,1.0,3,1,2,0,0,0,,,0,0,0,0,,,,,,0,1766.35,1500.0,266.35,0,97,59,0.6082,305,166,0.5443,2,Wednesday,0.5742,0,0,0,1,1,2
2014-03-02_Real_Madrid_Atletico_Madrid_665,2014-03-02,2013/14,Real Madrid,Atletico Madrid,La Liga,domestic_league,A,0,0.78,29.0684,10617,664,407,138,593,0.613,4,1,1,4,4,4,7,20,2,3,0.8,0.7,1.0,0.4,0.5,0.2,1.1387,0.4399,2,0,4,38,44,10,1.1579,232,237,1.0216,13,28,0.8,1.0,7,2,2,12,11,2,0.9167,0.5833,2,10,0,2,0.5,0.1667,0.6667,2.3333,0.1667,6,1769.9,1492.36,277.54,12,156,168,1.0769,306,168,0.549,3,Sunday,0.5852,0,0,0,1,0,1
2014-03-05_Portugal_Cameroon_666,2014-03-05,2013/14,Portugal,Cameroon,International Friendly,international,H,1,0.35,29.0766,10620,665,408,138,592,0.6135,3,2,2,4,5,5,8,20,2,3,1.0,0.8,1.0,0.6,0.6,0.2,1.0971,0.308,3,0,3,39,45,10,1.1538,113,48,0.4248,11,19,0.6,1.0,,,0,1,0,1,0.0,0.0,0,1,0,0,0.0,0.0,,,,0,1633.64,1493.83,139.82,1,35,9,0.2571,332,227,0.6837,3,Wednesday,0.5934,0,0,0,1,1,2
2014-03-09_Real_Madrid_Levante_667,2014-03-09,2013/14,Real Madrid,Levante,La Liga,domestic_league,H,0,0.78,29.0875,10624,666,410,138,590,0.6156,4,2,3,4,5,7,9,19,1,3,1.4,0.9,0.95,0.8,0.6,0.3,1.368,0.2156,4,0,4,40,47,10,1.175,233,238,1.0215,11,26,0.6,1.0,9,4,3,8,8,4,1.0,0.5,2,6,1,1,0.5,0.25,1.0,2.2857,0.2857,7,1763.27,1495.92,267.34,8,157,169,1.0764,333,229,0.6877,3,Sunday,0.6044,0,0,0,1,0,1
2014-03-15_Real_Madrid_Malaga_668,2014-03-15,2013/14,Real Madrid,Malaga,La Liga,domestic_league,A,0,0.78,29.104,10630,667,411,139,589,0.6162,6,1,3,4,4,8,9,19,2,3,1.6,0.9,0.95,1.0,0.6,0.3,1.2576,0.4509,5,0,6,41,48,11,1.1707,234,239,1.0214,13,26,0.8,1.0,11,3,3,11,12,5,1.0909,0.5455,2,8,2,1,0.4545,0.2727,1.0,3.7143,0.0,7,1766.8,1491.76,275.04,11,158,170,1.0759,307,169,0.5505,3,Saturday,0.6209,0,0,0,1,0,1
2014-03-18_Real_Madrid_FC_Schalke_04_669,2014-03-18,2013/14,Real Madrid,FC Schalke 04,UEFA Champions League,continental_club,H,0,0.94,29.1122,10633,668,412,139,588,0.6168,3,1,3,5,4,7,10,17,2,3,1.4,1.0,0.85,1.0,0.7,0.3,1.1803,0.3156,6,0,3,42,49,11,1.1667,235,240,1.0213,13,26,0.8,1.0,12,3,4,1,2,1,2.0,1.0,2,1,0,0,0.0,0.0,1.0,6.0,0.0,1,1770.21,1496.45,273.76,1,98,61,0.6224,334,230,0.6886,3,Tuesday,0.6291,0,0,0,1,1,2
2014-03-23_Real_Madrid_Barcelona_670,2014-03-23,2013/14,Real Madrid,Barcelona,La Liga,domestic_league,H,0,0.78,29.1259,10638,669,414,139,586,0.6188,5,1,3,6,4,7,11,18,1,3,1.4,1.1,0.9,1.0,0.7,0.4,1.4262,0.2209,7,0,5,43,51,11,1.186,236,242,1.0254,13,26,0.8,1.0,15,4,5,23,12,1,0.5217,0.4348,2,6,7,10,1.6087,0.7391,1.6087,1.2174,0.2609,23,1773.63,1633.04,140.6,23,159,171,1.0755,335,232,0.6925,3,Sunday,0.6429,0,0,0,1,0,1
2014-03-26_Real_Madrid_Sevilla_671,2014-03-26,2013/14,Real Madrid,Sevilla,La Liga,domestic_league,A,0,0.78,29.1341,10641,670,415,139,585,0.6194,3,1,3,7,4,7,12,18,1,3,1.4,1.2,0.9,1.0,0.8,0.4,1.2984,0.1547,8,0,3,44,52,11,1.1818,237,243,1.0253,10,23,0.6,0.8,12,7,5,10,15,0,1.5,0.6,6,9,0,1,0.3,0.1,1.2857,3.8571,0.1429,7,1759.79,1478.65,281.14,10,160,172,1.075,308,170,0.5519,3,Wednesday,0.6511,0,0,0,1,0,1
2014-03-29_Real_Madrid_Rayo_Vallecano_672,2014-03-29,2013/14,Real Madrid,Rayo Vallecano,La Liga,domestic_league,H,0,0.78,29.1423,10644,671,416,139,584,0.62,3,2,4,7,4,6,13,19,1,2,1.2,1.3,0.95,1.0,0.9,0.4,1.2088,0.1083,9,0,3,45,53,11,1.1778,238,244,1.0252,9,20,0.6,0.6,11,7,5,5,7,0,1.4,0.8,3,5,0,0,0.0,0.0,0.8,2.8,0.0,5,1743.1,1480.04,263.07,5,161,173,1.0745,336,233,0.6935,3,Saturday,0.6593,0,0,0,1,0,1
2014-04-02_Real_Madrid_Borussia_Dortmund_673,2014-04-02,2013/14,Real Madrid,Borussia Dortmund,UEFA Champions League,continental_club,H,0,0.94,29.1532,10648,672,417,140,583,0.6205,4,2,3,7,3,6,14,19,1,3,1.2,1.4,0.95,1.0,1.0,0.4,1.1462,0.3758,10,0,4,46,54,12,1.1739,239,245,1.0251,9,22,0.6,0.6,13,7,5,4,2,0,0.5,0.5,1,1,1,2,1.75,0.75,2.0,1.5,0.0,4,1746.71,1532.66,214.05,4,99,63,0.6364,337,234,0.6944,4,Wednesday,0.6703,0,0,0,1,0,1
2014-04-23_Real_Madrid_Bayern_Munich_674,2014-04-23,2013/14,Real Madrid,Bayern Munich,UEFA Champions League,continental_club,H,0,0.94,29.2107,10669,673,418,140,582,0.6211,21,0,0,3,3,6,13,18,1,3,1.2,1.3,0.9,1.0,1.0,0.3,1.1023,0.263,11,0,21,47,55,12,1.1702,240,246,1.025,9,22,0.6,0.6,15,7,5,2,2,1,1.0,0.5,2,1,0,1,1.5,0.5,2.0,2.5,0.0,2,1751.22,1512.93,238.3,2,100,64,0.64,338,235,0.6953,4,Wednesday,0.728,0,0,0,0,0,0
2014-04-26_Real_Madrid_Osasuna_675,2014-04-26,2013/14,Real Madrid,Osasuna,La Liga,domestic_league,H,0,0.78,29.2189,10672,674,418,140,582,0.6202,3,1,1,3,2,4,11,18,1,2,0.8,1.1,0.9,0.8,0.9,0.2,0.7716,0.1841,0,1,24,48,55,12,1.1458,241,246,1.0207,9,22,0.6,0.6,13,6,5,9,8,5,0.8889,0.4444,1,6,2,1,0.5556,0.3333,1.0,3.0,0.2,5,1755.27,1497.17,258.11,9,162,174,1.0741,339,235,0.6932,4,Saturday,0.7363,0,0,0,1,1,2
2014-04-29_Real_Madrid_Bayern_Munich_676,2014-04-29,2013/14,Real Madrid,Bayern Munich,UEFA Champions League,continental_club,A,0,0.94,29.2272,10675,675,420,140,580,0.6222,3,2,2,3,3,5,12,20,1,2,1.0,1.2,1.0,0.8,0.9,0.3,1.1401,0.1289,1,0,3,49,57,12,1.1633,242,248,1.0248,12,22,0.8,0.8,14,2,5,3,2,1,0.6667,0.3333,2,2,0,1,1.0,0.3333,1.3333,2.0,0.0,3,1758.96,1508.88,250.08,3,101,64,0.6337,309,171,0.5534,4,Tuesday,0.7445,0,0,0,1,1,2
2014-05-04_Real_Madrid_Valencia_677,2014-05-04,2013/14,Real Madrid,Valencia,La Liga,domestic_league,H,0,0.78,29.2408,10680,676,422,140,578,0.6243,5,1,3,3,4,6,12,21,1,2,1.2,1.2,1.05,0.8,0.9,0.3,1.3981,0.0902,2,0,5,50,59,12,1.18,243,250,1.0288,15,24,1.0,1.0,17,0,5,10,7,1,0.7,0.5,3,7,3,0,0.3,0.3,1.1429,2.8571,0.1429,7,1762.79,1488.78,274.02,10,163,176,1.0798,340,237,0.6971,5,Sunday,0.7582,0,0,0,1,0,1
2014-05-07_Real_Madrid_Valladolid_678,2014-05-07,2013/14,Real Madrid,Valladolid,La Liga,domestic_league,A,0,0.78,29.2491,10683,677,423,141,577,0.6248,3,1,4,4,5,6,12,21,1,2,1.2,1.2,1.05,0.8,0.9,0.3,1.2787,0.3632,3,0,3,51,60,13,1.1765,244,251,1.0287,13,22,0.8,1.0,14,2,5,2,2,0,1.0,0.5,2,2,0,0,0.0,0.0,2.5,3.5,0.0,2,1756.22,1491.79,264.43,2,164,177,1.0793,310,173,0.5581,5,Wednesday,0.7665,0,0,0,0,0,0
2014-05-24_Real_Madrid_Atletico_Madrid_679,2014-05-24,2013/14,Real Madrid,Atletico Madrid,UEFA Champions League,continental_club,H,0,0.94,29.2956,10700,678,423,141,577,0.6239,17,0,0,4,3,5,11,21,1,2,1.0,1.1,1.05,0.6,0.8,0.3,0.8951,0.2542,0,1,20,52,60,13,1.1538,245,251,1.0245,11,20,0.6,1.0,12,3,5,13,12,2,0.9231,0.6154,3,10,1,2,0.5385,0.2308,0.8571,2.2857,0.1429,7,1749.8,1499.0,250.81,13,102,66,0.6471,341,238,0.6979,5,Saturday,0.8132,0,1,0,1,0,1
2014-06-11_Portugal_Republic_of_Ireland_680,2014-06-11,2013/14,Portugal,Republic of Ireland,International Friendly,international,N,1,0.35,29.3449,10718,679,424,141,576,0.6244,18,0,0,1,2,6,10,21,1,2,1.2,1.0,1.05,0.8,0.8,0.2,0.9265,0.1779,1,0,18,53,61,13,1.1509,114,50,0.4386,13,21,0.8,1.0,,,0,1,0,0,0.0,0.0,0,0,0,1,3.0,1.0,,,,0,1639.82,1511.93,127.89,1,36,11,0.3056,26,12,0.4615,6,Wednesday,0.8626,0,1,0,0,0,0
2014-06-16_Portugal_Germany_681,2014-06-16,2013/14,Portugal,Germany,World Cup,international,A,1,1.0,29.3586,10723,680,424,141,576,0.6235,5,1,1,2,1,4,9,21,1,2,0.8,0.9,1.05,0.6,0.7,0.2,0.6486,0.1246,0,1,23,54,61,13,1.1296,115,50,0.4348,13,24,0.8,1.0,,,0,3,0,0,0.0,0.0,0,0,0,3,3.0,1.0,2.0,1.0,0.5,2,1646.3,1539.77,106.53,3,10,2,0.2,311,173,0.5563,6,Monday,0.8764,0,1,0,0,0,0
2014-06-22_Portugal_USA_682,2014-06-22,2013/14,Portugal,USA,World Cup,international,A,1,1.0,29.375,10729,681,424,141,576,0.6226,6,1,2,3,1,2,8,21,1,2,0.4,0.8,1.05,0.4,0.6,0.2,0.454,0.0872,0,2,29,55,61,13,1.1091,116,50,0.431,12,23,0.8,0.8,0,4,1,0,0,0,,,0,0,0,0,,,,,,0,1633.33,1500.0,133.33,0,11,2,0.1818,312,173,0.5545,6,Sunday,0.8929,0,1,0,0,0,0
2014-06-26_Portugal_Ghana_683,2014-06-26,2013/14,Portugal,Ghana,World Cup,international,H,1,1.0,29.386,10733,682,424,142,576,0.6217,4,1,2,3,0,1,7,21,1,2,0.2,0.7,1.05,0.2,0.5,0.2,0.3178,0.361,0,3,33,56,61,14,1.0893,117,50,0.4274,10,21,0.6,0.8,2,6,2,0,0,0,,,0,0,0,0,,,,,,0,1629.67,1500.0,129.67,0,12,2,0.1667,342,239,0.6988,6,Thursday,0.9038,0,1,0,1,0,1
2014-08-12_Real_Madrid_Sevilla_684,2014-08-12,2014/15,Real Madrid,Sevilla,UEFA Super Cup,domestic_or_other_cup,N,0,0.82,29.5146,10780,683,425,142,575,0.6223,47,0,0,0,1,2,7,20,1,2,0.4,0.7,1.0,0.4,0.5,0.2,0.5225,0.2527,1,0,47,0,0,0,,246,252,1.0244,11,20,0.6,1.0,15,4,5,11,16,0,1.4545,0.6364,7,9,0,2,0.5455,0.1818,1.375,3.5,0.125,8,1753.62,1495.35,258.28,11,0,0,,27,12,0.4444,8,Tuesday,0.0302,1,0,0,1,1,2
2014-08-19_Real_Madrid_Atletico_Madrid_685,2014-08-19,2014/15,Real Madrid,Atletico Madrid,Supercopa de Espana,domestic_or_other_cup,H,0,0.82,29.5338,10787,684,427,142,573,0.6243,7,1,1,1,3,3,9,20,1,2,0.6,0.9,1.0,0.4,0.6,0.3,0.9657,0.1769,2,0,7,1,2,0,2.0,247,254,1.0283,11,23,0.6,1.0,11,4,4,14,13,2,0.9286,0.6429,4,11,1,2,0.5,0.2143,0.875,2.5,0.125,8,1757.31,1495.18,262.13,14,4,3,0.75,343,240,0.6997,8,Tuesday,0.0495,1,0,0,0,0,0
2014-08-22_Real_Madrid_Atletico_Madrid_686,2014-08-22,2014/15,Real Madrid,Atletico Madrid,Supercopa de Espana,domestic_or_other_cup,A,0,0.82,29.542,10790,685,427,142,573,0.6234,3,1,2,2,3,3,7,19,1,2,0.6,0.7,0.95,0.4,0.5,0.2,0.676,0.1238,0,1,10,2,2,0,1.0,248,254,1.0242,9,24,0.4,1.0,7,4,3,15,13,2,0.8667,0.6,2,11,2,2,0.5333,0.2667,0.875,2.5,0.125,8,1750.93,1501.55,249.38,15,5,3,0.6,313,173,0.5527,8,Friday,0.0577,1,0,0,0,0,0
2014-08-25_Real_Madrid_Cordoba_687,2014-08-25,2014/15,Real Madrid,Cordoba,La Liga,domestic_league,H,0,0.78,29.5502,10793,686,427,142,573,0.6224,3,2,3,3,2,3,5,17,1,2,0.6,0.5,0.85,0.4,0.4,0.1,0.4732,0.0867,0,2,13,3,2,0,0.6667,249,254,1.0201,8,21,0.4,0.8,5,2,2,0,0,0,,,0,0,0,0,,,,,,0,1734.78,1500.0,234.78,0,165,177,1.0727,344,240,0.6977,8,Monday,0.0659,1,0,0,1,0,1
2014-09-13_Real_Madrid_Atletico_Madrid_688,2014-09-13,2014/15,Real Madrid,Atletico Madrid,La Liga,domestic_league,H,0,0.78,29.6023,10812,687,428,142,572,0.623,19,0,0,3,1,4,5,17,0,1,0.8,0.5,0.85,0.6,0.4,0.1,0.6312,0.0607,1,0,19,4,3,0,0.75,250,255,1.02,10,21,0.6,0.8,6,1,2,16,13,2,0.8125,0.5625,1,11,2,3,0.6875,0.3125,0.875,2.5,0.125,8,1738.89,1517.71,221.18,16,166,178,1.0723,345,241,0.6986,9,Saturday,0.1181,1,0,0,1,0,1
2014-09-16_Real_Madrid_FC_Basel_1893_689,2014-09-16,2014/15,Real Madrid,FC Basel 1893,UEFA Champions League,continental_club,H,0,0.94,29.6105,10815,688,429,142,571,0.6235,3,1,1,4,2,4,6,17,0,1,0.8,0.6,0.85,0.6,0.5,0.1,0.7419,0.0425,2,0,3,5,4,0,0.8,251,256,1.0199,7,18,0.4,0.6,3,2,2,0,0,0,,,0,0,0,0,,,,,,0,1723.26,1500.0,223.26,0,103,67,0.6505,346,242,0.6994,9,Tuesday,0.1264,1,0,0,1,0,1
2014-09-20_Real_Madrid_Deportivo_La_Coruna_690,2014-09-20,2014/15,Real Madrid,Deportivo La Coruna,La Liga,domestic_league,A,0,0.78,29.6214,10819,689,430,143,570,0.6241,4,2,2,4,3,3,6,16,1,2,0.6,0.6,0.8,0.6,0.5,0.1,0.8193,0.3297,3,0,4,6,5,1,0.8333,252,257,1.0198,7,18,0.4,0.6,8,3,3,5,6,1,1.2,0.6,3,4,1,0,0.2,0.2,0.75,3.25,0.25,4,1727.6,1482.98,244.61,5,167,179,1.0719,314,173,0.551,9,Saturday,0.1374,1,0,0,1,1,3
2014-09-23_Real_Madrid_Elche_691,2014-09-23,2014/15,Real Madrid,Elche,La Liga,domestic_league,H,0,0.78,29.6296,10822,690,433,143,567,0.6275,3,2,3,4,5,6,9,18,1,2,1.2,0.9,0.9,0.8,0.6,0.2,1.4735,0.2308,4,0,3,7,8,1,1.1429,253,260,1.0277,9,18,0.6,0.6,16,5,4,1,2,0,2.0,1.0,2,1,0,0,0.0,0.0,1.0,2.0,0.0,1,1731.53,1495.83,235.7,1,168,182,1.0833,347,243,0.7003,9,Tuesday,0.1456,1,0,0,1,1,4
2014-09-27_Real_Madrid_Villarreal_692,2014-09-27,2014/15,Real Madrid,Villarreal,La Liga,domestic_league,A,0,0.78,29.6406,10826,691,437,143,563,0.6324,4,2,4,4,8,10,13,21,1,2,2.0,1.3,1.05,1.0,0.7,0.3,2.2315,0.1616,5,0,4,8,12,1,1.5,254,264,1.0394,12,20,0.8,0.8,21,6,5,11,9,3,0.8182,0.5455,2,5,6,0,0.5455,0.5455,1.2,2.6,0.0,5,1735.62,1500.32,235.3,11,169,186,1.1006,315,176,0.5587,9,Saturday,0.1566,1,0,0,1,0,1
2014-10-01_Real_Madrid_Ludogorets_693,2014-10-01,2014/15,Real Madrid,Ludogorets,UEFA Champions League,continental_club,A,0,0.94,29.6515,10830,692,438,143,562,0.6329,4,1,3,5,8,10,14,21,1,1,2.0,1.4,1.05,1.0,0.8,0.3,1.862,0.1131,6,0,4,9,13,1,1.4444,255,265,1.0392,12,22,0.8,0.8,21,6,5,0,0,0,,,0,0,0,0,,,,,,0,1739.72,1500.0,239.72,0,104,68,0.6538,316,177,0.5601,10,Wednesday,0.1676,1,0,0,1,0,1
2014-10-05_Real_Madrid_Athletic_Club_694,2014-10-05,2014/15,Real Madrid,Athletic Club,La Liga,domestic_league,H,0,0.78,29.6625,10834,693,439,143,561,0.6335,4,1,3,6,6,10,14,21,1,1,2.0,1.4,1.05,1.0,0.8,0.3,1.6034,0.0792,7,0,4,10,14,1,1.4,256,266,1.0391,15,22,1.0,1.0,22,5,5,10,11,3,1.1,0.7,3,8,1,1,0.4,0.2,0.625,3.375,0.0,8,1743.74,1485.86,257.88,10,170,187,1.1,348,247,0.7098,10,Sunday,0.1786,1,0,0,1,1,3
2014-10-11_Portugal_France_695,2014-10-11,2014/15,Portugal,France,International Friendly,international,A,1,0.35,29.6789,10840,694,442,144,558,0.6369,6,1,3,7,5,12,15,24,1,2,2.4,1.5,1.2,1.0,0.8,0.3,2.0224,0.3554,8,0,6,11,17,2,1.5455,118,51,0.4322,10,21,0.6,0.8,4,7,3,1,0,0,0.0,0.0,0,0,0,1,3.0,1.0,,,,0,1636.1,1514.01,122.09,1,37,11,0.2973,317,178,0.5615,10,Saturday,0.1951,1,0,0,0,0,0
2014-10-14_Portugal_Denmark_696,2014-10-14,2014/15,Portugal,Denmark,Euros Qualifier,international,A,1,0.76,29.6871,10843,695,442,144,558,0.636,3,1,3,7,4,9,15,22,1,2,1.8,1.5,1.1,0.8,0.8,0.3,1.4157,0.2488,0,1,9,12,17,2,1.4167,119,51,0.4286,7,20,0.4,0.6,4,7,3,5,2,2,0.4,0.4,2,2,1,2,1.4,0.6,2.0,3.0,0.0,1,1622.72,1516.59,106.13,5,21,15,0.7143,318,178,0.5597,10,Tuesday,0.2033,0,0,0,1,0,1
2014-10-18_Real_Madrid_Levante_697,2014-10-18,2014/15,Real Madrid,Levante,La Liga,domestic_league,A,0,0.78,29.6981,10847,696,443,144,557,0.6365,4,2,3,7,4,6,16,21,1,2,1.2,1.6,1.05,0.8,0.9,0.3,1.291,0.1742,1,0,4,13,18,2,1.3846,257,269,1.0467,15,22,1.0,1.0,22,4,5,9,9,5,1.0,0.5556,2,7,1,1,0.4444,0.2222,0.875,2.375,0.25,8,1747.44,1492.39,255.05,9,171,190,1.1111,319,179,0.5611,10,Saturday,0.2143,0,0,0,1,1,2
2014-10-22_Real_Madrid_Liverpool_698,2014-10-22,2014/15,Real Madrid,Liverpool,UEFA Champions League,continental_club,A,0,0.94,29.709,10851,697,445,144,555,0.6385,4,1,3,7,3,7,17,22,1,2,1.4,1.7,1.1,0.8,0.9,0.4,1.5037,0.1219,2,0,4,14,20,2,1.4286,258,271,1.0504,15,24,1.0,1.0,19,2,5,9,2,1,0.2222,0.2222,2,5,1,3,1.1111,0.4444,,,,0,1751.18,1515.06,236.13,9,105,69,0.6571,320,181,0.5656,10,Wednesday,0.2253,0,0,0,1,0,1
2014-10-25_Real_Madrid_Barcelona_699,2014-10-25,2014/15,Real Madrid,Barcelona,La Liga,domestic_league,H,0,0.78,29.7172,10854,698,446,144,554,0.639,3,2,4,7,4,7,17,23,1,2,1.4,1.7,1.15,0.8,0.9,0.4,1.3526,0.0853,3,0,3,15,21,2,1.4,259,272,1.0502,15,27,1.0,1.0,17,1,5,24,13,1,0.5417,0.4583,1,6,7,11,1.6667,0.75,1.7083,1.2917,0.25,24,1755.27,1646.88,108.39,24,172,192,1.1163,349,250,0.7163,10,Saturday,0.2335,0,0,0,1,0,1
2014-11-01_Real_Madrid_Granada_CF_700,2014-11-01,2014/15,Real Madrid,Granada CF,La Liga,domestic_league,A,0,0.78,29.7364,10861,699,447,144,553,0.6395,7,1,3,6,4,5,17,23,0,1,1.0,1.7,1.15,0.8,0.9,0.4,1.2468,0.0597,4,0,7,16,22,2,1.375,260,273,1.05,15,27,1.0,1.0,18,2,5,6,6,1,1.0,0.8333,2,5,0,1,0.5,0.1667,0.5,2.1667,0.1667,6,1762.25,1497.12,265.12,6,173,193,1.1156,321,182,0.567,11,Saturday,0.2527,0,0,0,1,0,1
2014-11-04_Real_Madrid_Liverpool_701,2014-11-04,2014/15,Real Madrid,Liverpool,UEFA Champions League,continental_club,H,0,0.94,29.7446,10864,700,448,146,552,0.64,3,1,3,7,3,6,15,24,2,3,1.2,1.5,1.2,1.0,0.9,0.3,1.1728,0.6418,5,0,3,17,23,4,1.3529,261,274,1.0498,15,30,1.0,1.0,20,1,5,10,3,1,0.3,0.3,3,6,1,3,1.0,0.4,0.0,3.0,0.0,1,1765.82,1510.97,254.85,10,106,70,0.6604,350,251,0.7171,11,Tuesday,0.261,0,0,0,0,0,0
2014-11-08_Real_Madrid_Rayo_Vallecano_702,2014-11-08,2014/15,Real Madrid,Rayo Vallecano,La Liga,domestic_league,H,0,0.78,29.7556,10868,701,448,146,552,0.6391,4,2,3,7,2,5,11,24,2,3,1.0,1.1,1.2,0.8,0.8,0.2,0.8209,0.4493,0,1,7,18,23,4,1.2778,262,274,1.0458,15,30,1.0,1.0,16,1,5,6,8,1,1.3333,0.8333,3,6,0,0,0.0,0.0,0.6667,3.1667,0.0,6,1769.57,1476.43,293.14,6,174,194,1.1149,351,251,0.7151,11,Saturday,0.272,0,0,0,1,0,1
2014-11-14_Portugal_Armenia_703,2014-11-14,2014/15,Portugal,Armenia,Euros Qualifier,international,H,1,0.76,29.772,10874,702,449,148,551,0.6396,6,1,3,6,2,4,11,25,4,5,0.8,1.1,1.25,0.8,0.8,0.2,0.8747,0.9145,1,0,6,19,24,6,1.2632,120,52,0.4333,7,20,0.4,0.6,4,7,3,2,1,0,0.5,0.5,1,1,1,0,0.5,0.5,,,,0,1629.76,1496.43,133.33,2,22,16,0.7273,352,252,0.7159,11,Friday,0.2885,0,0,0,1,0,1
2014-11-18_Portugal_Argentina_704,2014-11-18,2014/15,Portugal,Argentina,International Friendly,international,N,1,0.35,29.783,10878,703,450,148,550,0.6401,4,1,3,6,2,4,11,25,4,5,0.8,1.1,1.25,0.8,0.8,0.2,0.9123,0.6401,2,0,4,20,25,6,1.25,121,53,0.438,10,22,0.6,0.8,4,3,2,1,1,0,1.0,1.0,1,0,0,1,3.0,1.0,1.0,2.0,0.0,1,1636.1,1514.18,121.92,1,38,11,0.2895,28,14,0.5,11,Tuesday,0.2995,0,0,0,0,0,0
2014-11-22_Real_Madrid_Eibar_705,2014-11-22,2014/15,Real Madrid,Eibar,La Liga,domestic_league,A,0,0.78,29.7939,10882,704,450,148,550,0.6392,4,1,3,6,2,3,8,23,4,4,0.6,0.8,1.15,0.6,0.7,0.1,0.6386,0.4481,0,1,8,21,25,6,1.1905,263,275,1.0456,15,30,1.0,1.0,16,2,5,0,0,0,,,0,0,0,0,,,,,,0,1772.69,1500.0,272.69,0,175,195,1.1143,322,183,0.5683,11,Saturday,0.3104,0,0,0,1,1,2
2014-11-26_Real_Madrid_FC_Basel_1893_706,2014-11-26,2014/15,Real Madrid,FC Basel 1893,UEFA Champions League,continental_club,A,0,0.94,29.8049,10886,705,452,149,548,0.6411,4,1,3,6,3,4,10,25,3,5,0.8,1.0,1.25,0.6,0.8,0.2,1.047,0.6137,1,0,4,22,27,7,1.2273,264,277,1.0492,15,30,1.0,1.0,17,2,5,1,1,1,1.0,1.0,1,1,0,0,0.0,0.0,1.0,5.0,0.0,1,1776.13,1495.67,280.47,1,107,70,0.6542,323,185,0.5728,11,Wednesday,0.3214,0,0,0,1,0,1
2014-11-29_Real_Madrid_Malaga_707,2014-11-29,2014/15,Real Madrid,Malaga,La Liga,domestic_league,A,0,0.78,29.8131,10889,706,453,149,547,0.6416,3,2,3,7,3,5,10,26,3,5,1.0,1.0,1.3,0.8,0.8,0.2,1.0329,0.4296,2,0,3,23,28,7,1.2174,265,278,1.0491,15,30,1.0,1.0,15,1,5,12,13,5,1.0833,0.5833,3,9,2,1,0.4167,0.25,0.875,3.375,0.0,8,1779.45,1488.36,291.1,12,176,197,1.1193,324,186,0.5741,11,Saturday,0.3297,0,0,0,0,0,0
2014-12-06_Real_Madrid_Celta_Vigo_708,2014-12-06,2014/15,Real Madrid,Celta Vigo,La Liga,domestic_league,H,0,0.78,29.8322,10896,707,453,151,547,0.6407,7,1,3,6,3,4,8,25,3,7,0.8,0.8,1.25,0.6,0.7,0.1,0.723,0.9007,0,1,10,24,28,9,1.1667,266,278,1.0451,15,30,1.0,1.0,13,2,5,5,9,1,1.8,1.0,7,4,0,1,0.6,0.2,0.3333,2.3333,0.0,3,1782.61,1499.05,283.56,5,177,197,1.113,353,253,0.7167,12,Saturday,0.3489,0,0,1,1,1,3
2014-12-09_Real_Madrid_Ludogorets_709,2014-12-09,2014/15,Real Madrid,Ludogorets,UEFA Champions League,continental_club,H,0,0.94,29.8404,10899,708,456,151,544,0.6441,3,1,3,6,4,6,10,27,3,7,1.2,1.0,1.35,0.6,0.7,0.2,1.4061,0.6305,1,0,3,25,31,9,1.24,267,281,1.0524,15,30,1.0,1.0,15,2,5,1,1,0,1.0,1.0,1,1,0,0,0.0,0.0,1.0,2.0,0.0,1,1785.88,1495.98,289.9,1,108,71,0.6574,354,256,0.7232,12,Tuesday,0.3571,0,0,1,1,0,1
2014-12-12_Real_Madrid_Almeria_710,2014-12-12,2014/15,Real Madrid,Almeria,La Liga,domestic_league,A,0,0.78,29.8487,10902,709,457,151,543,0.6446,3,2,3,7,4,7,10,27,3,7,1.4,1.0,1.35,0.8,0.7,0.2,1.2843,0.4413,2,0,3,26,32,9,1.2308,268,282,1.0522,15,30,1.0,1.0,14,1,5,5,5,5,1.0,0.8,3,4,1,0,0.2,0.2,0.6667,4.6667,0.0,3,1789.05,1483.73,305.32,5,178,200,1.1236,325,186,0.5723,12,Friday,0.3654,0,0,1,1,1,2
2014-12-16_Portugal_Cruz_Azul_711,2014-12-16,2014/15,Portugal,Cruz Azul,FIFA Club World Cup,international,A,1,1.0,29.8596,10906,710,459,151,541,0.6465,4,2,3,7,6,7,11,26,2,5,1.4,1.1,1.3,0.8,0.7,0.3,1.499,0.3089,3,0,4,27,34,9,1.2593,122,53,0.4344,12,22,0.8,0.8,2,2,2,0,0,0,,,0,0,0,0,,,,,,0,1642.73,1500.0,142.73,0,2,1,0.5,326,188,0.5767,12,Tuesday,0.3764,0,0,1,0,0,0
2014-12-20_Portugal_San_Lorenzo_712,2014-12-20,2014/15,Portugal,San Lorenzo,FIFA Club World Cup,international,H,1,1.0,29.8706,10910,711,459,153,541,0.6456,4,1,4,7,3,6,11,22,4,7,1.2,1.1,1.1,0.6,0.7,0.3,1.0493,0.8163,0,1,8,28,34,11,1.2143,123,53,0.4309,12,22,0.8,0.8,4,1,2,0,0,0,,,0,0,0,0,,,,,,0,1648.84,1500.0,148.84,0,3,1,0.3333,355,257,0.7239,12,Saturday,0.3874,0,0,1,0,0,0
2015-01-04_Real_Madrid_Valencia_713,2015-01-04,2014/15,Real Madrid,Valencia,La Liga,domestic_league,A,0,0.78,29.9116,10925,712,459,153,541,0.6447,15,0,0,5,2,6,10,21,2,5,1.2,1.0,1.05,0.6,0.6,0.3,0.7345,0.5714,0,2,23,29,34,11,1.1724,269,284,1.0558,15,30,1.0,1.0,14,2,5,11,8,2,0.7273,0.5455,2,7,4,0,0.3636,0.3636,1.25,2.75,0.125,8,1791.99,1495.35,296.64,11,179,202,1.1285,327,188,0.5749,1,Sunday,0.4286,0,0,1,1,0,1
2015-01-07_Real_Madrid_Atletico_Madrid_714,2015-01-07,2014/15,Real Madrid,Atletico Madrid,Copa del Rey,domestic_or_other_cup,A,0,0.72,29.9198,10928,713,460,153,540,0.6452,3,1,1,5,1,4,10,21,2,5,0.8,1.0,1.05,0.6,0.6,0.3,0.8142,0.4,1,0,3,30,35,11,1.1667,270,285,1.0556,12,27,0.8,0.8,14,4,5,17,14,2,0.8235,0.5882,1,11,2,4,0.8235,0.3529,1.0,2.3333,0.1111,9,1775.06,1533.33,241.73,17,26,20,0.7692,328,189,0.5762,1,Wednesday,0.4368,0,0,1,0,0,0
2015-01-10_Real_Madrid_Espanyol_715,2015-01-10,2014/15,Real Madrid,Espanyol,La Liga,domestic_league,H,0,0.78,29.9281,10931,714,460,153,540,0.6443,3,2,2,5,1,3,10,18,2,5,0.6,1.0,0.9,0.4,0.6,0.3,0.5699,0.28,0,1,6,31,35,11,1.129,271,285,1.0517,9,24,0.6,0.6,12,3,4,10,4,5,0.4,0.4,0,8,2,0,0.2,0.2,0.4286,2.4286,0.0,7,1759.04,1476.19,282.85,10,180,203,1.1278,356,257,0.7219,1,Saturday,0.4451,0,0,1,0,0,0
2015-01-15_Real_Madrid_Atletico_Madrid_716,2015-01-15,2014/15,Real Madrid,Atletico Madrid,Copa del Rey,domestic_or_other_cup,H,0,0.72,29.9418,10936,715,460,154,540,0.6434,5,1,3,5,1,1,8,18,3,5,0.2,0.8,0.9,0.2,0.5,0.2,0.3989,0.496,0,2,11,32,35,12,1.0938,272,285,1.0478,9,24,0.6,0.6,12,3,4,18,14,2,0.7778,0.5556,1,11,2,5,0.9444,0.3889,1.0,2.3333,0.1111,9,1762.33,1549.35,212.97,18,27,20,0.7407,357,257,0.7199,1,Thursday,0.4588,0,0,1,1,0,1
2015-01-18_Real_Madrid_Getafe_717,2015-01-18,2014/15,Real Madrid,Getafe,La Liga,domestic_league,A,0,0.78,29.95,10939,716,461,154,539,0.6439,3,1,4,5,1,2,8,18,1,5,0.4,0.8,0.9,0.4,0.5,0.2,0.5793,0.3472,1,0,3,33,36,12,1.0909,273,286,1.0476,7,22,0.4,0.6,8,3,3,8,13,1,1.625,0.75,5,7,0,1,0.375,0.125,1.0,3.0,0.0,7,1756.86,1486.34,270.52,8,181,203,1.1215,329,189,0.5745,1,Sunday,0.467,0,0,1,1,1,2
2015-01-24_Real_Madrid_Cordoba_718,2015-01-24,2014/15,Real Madrid,Cordoba,La Liga,domestic_league,A,0,0.78,29.9664,10945,717,463,154,537,0.6457,6,1,3,5,3,4,10,18,1,3,0.8,1.0,0.9,0.6,0.6,0.3,1.0055,0.243,2,0,6,34,38,12,1.1176,274,288,1.0511,7,22,0.4,0.6,7,2,3,1,1,0,1.0,1.0,1,1,0,0,0.0,0.0,0.0,2.0,0.0,1,1760.34,1495.89,264.46,1,182,205,1.1264,330,191,0.5788,1,Saturday,0.4835,0,0,1,0,0,0
2015-02-07_Real_Madrid_Atletico_Madrid_719,2015-02-07,2014/15,Real Madrid,Atletico Madrid,La Liga,domestic_league,A,0,0.78,30.0047,10959,718,463,154,537,0.6448,14,0,1,4,3,3,7,17,1,3,0.6,0.7,0.85,0.4,0.5,0.2,0.7038,0.1701,0,1,20,35,38,12,1.0857,275,288,1.0473,10,22,0.6,0.8,8,1,3,19,15,2,0.7895,0.5789,2,11,3,5,0.9474,0.4211,1.0,2.3333,0.1111,9,1763.93,1554.81,209.11,19,183,205,1.1202,331,191,0.577,2,Saturday,0.522,0,0,0,0,0,0
2015-02-14_Real_Madrid_Deportivo_La_Coruna_720,2015-02-14,2014/15,Real Madrid,Deportivo La Coruna,La Liga,domestic_league,H,0,0.78,30.0239,10966,719,463,154,537,0.6439,7,1,1,4,2,3,6,16,1,3,0.6,0.6,0.8,0.4,0.4,0.2,0.4927,0.1191,0,2,27,36,38,12,1.0556,276,288,1.0435,10,19,0.6,0.8,8,5,4,6,9,1,1.5,0.6667,6,5,1,0,0.1667,0.1667,1.0,4.2,0.2,5,1748.54,1479.05,269.49,6,184,205,1.1141,358,258,0.7207,2,Saturday,0.5412,0,0,0,0,0,0
2015-02-18_Real_Madrid_FC_Schalke_04_721,2015-02-18,2014/15,Real Madrid,FC Schalke 04,UEFA Champions League,continental_club,A,0,0.94,30.0348,10970,720,463,155,537,0.6431,4,1,2,3,0,3,4,15,1,4,0.6,0.4,0.75,0.4,0.3,0.1,0.3449,0.3834,0,3,31,37,38,13,1.027,277,288,1.0397,10,19,0.6,0.8,7,5,4,2,4,1,2.0,1.0,4,2,0,0,0.0,0.0,1.0,4.5,0.0,2,1752.04,1493.02,259.02,2,109,72,0.6606,332,191,0.5753,2,Wednesday,0.5522,0,0,0,1,0,1
2015-02-22_Real_Madrid_Elche_722,2015-02-22,2014/15,Real Madrid,Elche,La Liga,domestic_league,A,0,0.78,30.0458,10974,721,464,156,536,0.6436,4,1,2,4,1,3,5,16,2,3,0.6,0.5,0.8,0.4,0.4,0.1,0.5414,0.5684,1,0,4,38,39,14,1.0263,278,289,1.0396,12,19,0.8,0.8,9,5,5,2,6,0,3.0,1.0,6,2,0,0,0.0,0.0,1.0,3.5,0.0,2,1755.72,1491.73,263.98,2,185,205,1.1081,333,192,0.5766,2,Sunday,0.5632,0,0,0,1,0,1
2015-03-01_Real_Madrid_Villarreal_723,2015-03-01,2014/15,Real Madrid,Villarreal,La Liga,domestic_league,H,0,0.78,30.065,10981,722,465,156,535,0.644,7,1,2,4,2,2,6,16,2,3,0.4,0.6,0.8,0.4,0.5,0.1,0.679,0.3978,2,0,7,39,40,14,1.0256,279,290,1.0394,12,19,0.8,0.8,8,5,5,12,10,3,0.8333,0.5833,3,6,6,0,0.5,0.5,1.0,2.5,0.0,6,1759.31,1496.22,263.09,12,186,206,1.1075,359,258,0.7187,3,Sunday,0.5824,0,0,0,1,0,1
2015-03-07_Real_Madrid_Athletic_Club_724,2015-03-07,2014/15,Real Madrid,Athletic Club,La Liga,domestic_league,A,0,0.78,30.0814,10987,723,466,156,534,0.6445,6,1,2,5,3,3,6,16,2,3,0.6,0.6,0.8,0.6,0.5,0.1,0.7753,0.2785,3,0,6,40,41,14,1.025,280,291,1.0393,10,20,0.6,0.8,7,5,5,11,14,4,1.2727,0.7273,4,9,1,1,0.3636,0.1818,0.5556,3.5556,0.0,9,1752.91,1482.17,270.75,11,187,207,1.107,334,193,0.5778,3,Saturday,0.5989,0,0,0,0,0,0
2015-03-10_Real_Madrid_FC_Schalke_04_725,2015-03-10,2014/15,Real Madrid,FC Schalke 04,UEFA Champions League,continental_club,H,0,0.94,30.0896,10990,724,466,156,534,0.6436,3,1,2,5,2,3,6,16,2,3,0.6,0.6,0.8,0.6,0.5,0.1,0.5427,0.1949,0,1,9,41,41,14,1.0,281,291,1.0356,10,20,0.6,0.8,7,2,5,3,5,2,1.6667,1.0,5,3,0,0,0.0,0.0,0.6667,3.6667,0.0,3,1736.39,1489.35,247.04,3,110,73,0.6636,360,259,0.7194,3,Tuesday,0.6071,0,0,0,1,1,2
2015-03-15_Real_Madrid_Levante_726,2015-03-15,2014/15,Real Madrid,Levante,La Liga,domestic_league,H,0,0.78,30.1033,10995,725,468,156,532,0.6455,5,1,3,6,3,5,8,16,1,2,1.0,0.8,0.8,0.8,0.6,0.2,0.9799,0.1365,1,0,5,42,43,14,1.0238,282,293,1.039,7,17,0.4,0.6,8,6,5,10,11,5,1.1,0.6,4,8,1,1,0.4,0.2,0.7778,2.6667,0.2222,9,1720.28,1488.64,231.63,10,188,207,1.1011,361,261,0.723,3,Sunday,0.6209,0,0,0,0,0,0
2015-03-22_Real_Madrid_Barcelona_727,2015-03-22,2014/15,Real Madrid,Barcelona,La Liga,domestic_league,A,0,0.78,30.1225,11002,726,468,157,532,0.6446,7,1,2,5,2,4,7,15,1,3,0.8,0.7,0.75,0.6,0.5,0.2,0.6859,0.3955,0,1,12,43,43,15,1.0,283,293,1.0353,7,19,0.4,0.6,8,6,5,25,14,1,0.56,0.48,2,7,7,11,1.6,0.72,1.68,1.36,0.24,25,1724.45,1639.9,84.55,25,189,207,1.0952,335,193,0.5761,3,Sunday,0.6401,0,0,0,1,0,1
2015-03-29_Portugal_Serbia_728,2015-03-29,2014/15,Portugal,Serbia,Euros Qualifier,international,H,1,0.76,30.1416,11009,727,469,157,531,0.6451,7,1,2,5,3,4,6,16,1,3,0.8,0.6,0.8,0.6,0.5,0.1,0.7801,0.2769,1,0,7,44,44,15,1.0,124,53,0.4274,15,22,1.0,1.0,6,1,3,2,0,0,0.0,0.0,0,0,2,0,1.0,1.0,,,,0,1654.8,1506.25,148.55,2,23,17,0.7391,362,261,0.721,3,Sunday,0.6593,0,0,0,0,0,0
2015-04-05_Real_Madrid_Granada_CF_729,2015-04-05,2014/15,Real Madrid,Granada CF,La Liga,domestic_league,H,0,0.78,30.1608,11016,728,469,157,531,0.6442,7,1,2,5,1,3,6,13,1,3,0.6,0.6,0.65,0.4,0.5,0.1,0.5461,0.1938,0,1,14,45,44,15,0.9778,284,294,1.0352,4,16,0.2,0.4,7,8,5,7,7,3,1.0,0.8571,2,6,0,1,0.4286,0.1429,0.4286,2.4286,0.1429,7,1712.06,1493.55,218.51,7,190,208,1.0947,363,261,0.719,4,Sunday,0.6786,0,0,0,1,1,5
2015-04-08_Real_Madrid_Rayo_Vallecano_730,2015-04-08,2014/15,Real Madrid,Rayo Vallecano,La Liga,domestic_league,A,0,0.78,30.169,11019,729,474,157,526,0.6502,3,1,2,5,6,8,11,17,1,3,1.6,1.1,0.85,0.6,0.6,0.2,1.8823,0.1357,1,0,3,46,49,15,1.0652,285,299,1.0491,6,16,0.4,0.4,15,8,5,7,9,3,1.2857,0.8571,4,7,0,0,0.0,0.0,0.7143,3.4286,0.0,7,1716.49,1473.31,243.18,7,191,213,1.1152,336,194,0.5774,4,Wednesday,0.6868,0,0,0,1,0,1
2015-04-11_Real_Madrid_Eibar_731,2015-04-11,2014/15,Real Madrid,Eibar,La Liga,domestic_league,H,0,0.78,30.1772,11022,730,475,158,525,0.6507,3,2,3,5,6,7,12,16,2,3,1.4,1.2,0.8,0.6,0.7,0.2,1.6176,0.395,2,0,3,47,50,16,1.0638,286,300,1.049,9,19,0.6,0.6,17,7,5,1,2,1,2.0,1.0,2,1,0,0,0.0,0.0,0.0,4.0,0.0,1,1720.44,1496.55,223.89,1,192,214,1.1146,364,266,0.7308,4,Saturday,0.6951,0,0,0,1,0,1
2015-04-14_Real_Madrid_Atletico_Madrid_732,2015-04-14,2014/15,Real Madrid,Atletico Madrid,UEFA Champions League,continental_club,A,0,0.94,30.1854,11025,731,476,158,524,0.6512,3,2,3,6,7,8,12,17,1,2,1.6,1.2,0.85,0.8,0.7,0.2,1.4323,0.2765,3,0,3,48,51,16,1.0625,287,301,1.0488,12,19,0.8,0.8,17,3,5,20,15,2,0.75,0.55,1,11,3,6,1.05,0.45,1.3,2.1,0.2,10,1724.77,1570.2,154.57,20,111,75,0.6757,337,195,0.5786,4,Tuesday,0.7033,0,0,0,0,0,0
2015-04-18_Real_Madrid_Malaga_733,2015-04-18,2014/15,Real Madrid,Malaga,La Liga,domestic_league,H,0,0.78,30.1964,11029,732,476,158,524,0.6503,4,2,4,6,2,7,11,17,1,2,1.4,1.1,0.85,0.6,0.6,0.2,1.0026,0.1935,0,1,7,49,51,16,1.0408,288,301,1.0451,10,17,0.6,0.8,15,3,5,13,13,7,1.0,0.5385,2,10,2,1,0.3846,0.2308,0.8889,3.2222,0.0,9,1720.59,1485.2,235.39,13,193,215,1.114,365,267,0.7315,4,Saturday,0.7143,0,0,0,1,0,1
2015-04-22_Real_Madrid_Atletico_Madrid_734,2015-04-22,2014/15,Real Madrid,Atletico Madrid,UEFA Champions League,continental_club,H,0,0.94,30.2073,11033,733,477,160,523,0.6508,4,1,4,6,2,8,11,17,3,4,1.6,1.1,0.85,0.8,0.6,0.2,1.0018,0.7355,1,0,4,50,52,18,1.04,289,302,1.045,13,17,0.8,1.0,17,2,5,21,15,2,0.7143,0.5238,1,11,4,6,1.0476,0.4762,1.1818,1.9091,0.2727,11,1724.69,1574.37,150.32,21,112,75,0.6696,366,268,0.7322,4,Wednesday,0.7253,0,0,0,0,0,0
2015-04-26_Real_Madrid_Celta_Vigo_735,2015-04-26,2014/15,Real Madrid,Celta Vigo,La Liga,domestic_league,A,0,0.78,30.2183,11037,734,477,161,523,0.6499,4,1,3,7,1,3,11,17,4,5,0.6,1.1,0.85,0.6,0.6,0.2,0.7013,0.8148,0,1,8,51,52,19,1.0196,290,302,1.0414,13,19,0.8,1.0,9,1,5,6,12,1,2.0,1.0,7,5,0,1,0.5,0.1667,0.25,2.5,0.0,4,1730.62,1495.78,234.84,6,194,216,1.1134,338,195,0.5769,4,Sunday,0.7363,0,0,0,0,0,0
2015-04-29_Real_Madrid_Almeria_736,2015-04-29,2014/15,Real Madrid,Almeria,La Liga,domestic_league,H,0,0.78,30.2265,11040,735,477,162,523,0.649,3,2,3,7,1,2,9,17,4,6,0.4,0.9,0.85,0.4,0.5,0.1,0.4909,0.8704,0,2,11,52,52,20,1.0,291,302,1.0378,13,22,0.8,1.0,11,3,5,6,7,5,1.1667,0.8333,5,5,1,0,0.1667,0.1667,0.75,4.5,0.0,4,1734.73,1480.79,253.94,6,195,216,1.1077,367,268,0.7302,4,Wednesday,0.7445,0,0,0,0,0,0
2015-05-02_Real_Madrid_Sevilla_737,2015-05-02,2014/15,Real Madrid,Sevilla,La Liga,domestic_league,A,0,0.78,30.2347,11043,736,477,162,523,0.6481,3,2,4,8,0,1,9,16,4,5,0.2,0.9,0.8,0.2,0.5,0.1,0.3436,0.6093,0,3,14,53,52,20,0.9811,292,302,1.0342,13,25,0.8,1.0,11,3,5,12,18,0,1.5,0.6667,6,10,0,2,0.5,0.1667,1.375,3.5,0.125,8,1738.49,1491.66,246.83,12,196,216,1.102,339,195,0.5752,5,Saturday,0.7527,0,0,0,1,1,3
2015-05-05_Real_Madrid_Juventus_738,2015-05-05,2014/15,Real Madrid,Juventus,UEFA Champions League,continental_club,A,0,0.94,30.2429,11046,737,480,162,520,0.6513,3,2,4,9,3,4,11,17,4,5,0.8,1.1,0.85,0.4,0.5,0.2,1.1405,0.4265,1,0,3,54,55,20,1.0185,293,305,1.041,15,25,1.0,1.0,14,5,5,2,3,1,1.5,1.0,3,1,1,0,0.5,0.5,1.5,2.0,0.0,2,1742.38,1501.76,240.63,2,113,75,0.6637,340,198,0.5824,5,Tuesday,0.761,0,0,0,1,0,1
2015-05-09_Real_Madrid_Valencia_739,2015-05-09,2014/15,Real Madrid,Valencia,La Liga,domestic_league,H,0,0.78,30.2539,11050,738,481,162,519,0.6518,4,2,4,8,4,4,12,18,2,5,0.8,1.2,0.9,0.4,0.6,0.2,1.0984,0.2985,2,0,4,55,56,20,1.0182,294,306,1.0408,12,25,0.8,0.8,12,6,5,12,9,2,0.75,0.5833,3,7,4,1,0.5833,0.4167,1.3333,2.5556,0.1111,9,1726.38,1512.28,214.1,12,197,219,1.1117,368,268,0.7283,5,Saturday,0.772,0,0,0,0,0,0
2015-05-13_Real_Madrid_Juventus_740,2015-05-13,2014/15,Real Madrid,Juventus,UEFA Champions League,continental_club,H,0,0.94,30.2648,11054,739,481,162,519,0.6509,4,1,4,8,4,4,7,18,1,5,0.8,0.7,0.9,0.4,0.5,0.1,0.7689,0.209,0,1,8,56,56,20,1.0,295,306,1.0373,10,23,0.6,0.8,13,8,5,3,4,1,1.3333,1.0,4,1,1,1,1.3333,0.6667,1.6667,1.6667,0.0,3,1720.9,1517.75,203.15,3,114,76,0.6667,369,268,0.7263,5,Wednesday,0.783,0,0,0,1,0,1
2015-05-17_Real_Madrid_Espanyol_741,2015-05-17,2014/15,Real Madrid,Espanyol,La Liga,domestic_league,A,0,0.78,30.2758,11058,740,482,162,518,0.6514,4,1,3,8,2,5,7,19,0,4,1.0,0.7,0.95,0.6,0.5,0.1,0.8382,0.1463,1,0,4,57,57,20,1.0,296,307,1.0372,8,21,0.4,0.8,10,7,5,11,4,6,0.3636,0.3636,0,9,2,0,0.1818,0.1818,0.375,2.5,0.0,8,1715.64,1472.91,242.73,11,198,219,1.1061,341,199,0.5836,5,Sunday,0.794,0,0,0,1,1,3
2015-05-23_Real_Madrid_Getafe_742,2015-05-23,2014/15,Real Madrid,Getafe,La Liga,domestic_league,H,0,0.78,30.2922,11064,741,485,163,515,0.6545,6,1,3,7,4,8,9,21,1,5,1.6,0.9,1.05,0.8,0.5,0.2,1.4867,0.4024,2,0,6,58,60,21,1.0345,297,310,1.0438,8,21,0.4,0.8,11,8,5,9,15,1,1.6667,0.7778,7,8,0,1,0.3333,0.1111,0.875,3.0,0.0,8,1719.6,1482.86,236.74,9,199,222,1.1156,370,269,0.727,5,Saturday,0.8104,0,1,0,1,1,3
2015-06-13_Portugal_Armenia_743,2015-06-13,2014/15,Portugal,Armenia,Euros Qualifier,international,A,1,0.76,30.3497,11085,742,488,163,512,0.6577,21,0,0,2,7,8,12,23,1,5,1.6,1.2,1.15,0.8,0.6,0.3,1.9407,0.2817,3,0,21,59,63,21,1.0678,125,53,0.424,15,22,1.0,1.0,6,1,3,3,2,0,0.6667,0.6667,2,2,1,0,0.3333,0.3333,,,,0,1660.77,1490.09,170.67,3,24,17,0.7083,342,202,0.5906,6,Saturday,0.8681,0,1,0,1,1,3
2015-08-23_Real_Madrid_Sporting_Gijon_744,2015-08-23,2015/16,Real Madrid,Sporting Gijon,La Liga,domestic_league,A,0,0.78,30.5441,11156,743,491,163,509,0.6608,71,0,0,0,9,10,14,25,1,3,2.0,1.4,1.25,0.8,0.6,0.4,2.2585,0.1972,4,0,71,0,0,0,,298,313,1.0503,8,23,0.4,0.8,15,9,5,4,2,1,0.5,0.5,2,4,0,0,0.0,0.0,0.3333,2.3333,0.0,3,1723.68,1481.86,241.82,4,200,225,1.125,343,205,0.5977,8,Sunday,0.0603,1,0,0,0,0,0
2015-08-29_Real_Madrid_Real_Betis_745,2015-08-29,2015/16,Real Madrid,Real Betis,La Liga,domestic_league,H,0,0.78,30.5605,11162,744,491,163,509,0.6599,6,1,1,1,6,10,14,25,1,2,2.0,1.4,1.25,0.8,0.6,0.4,1.581,0.138,0,1,77,1,0,0,0.0,299,313,1.0468,9,21,0.4,1.0,14,7,5,6,3,4,0.5,0.3333,1,5,0,1,0.5,0.1667,1.0,2.8333,0.1667,6,1717.66,1496.12,221.54,6,201,225,1.1194,371,272,0.7332,8,Saturday,0.0767,1,0,0,0,0,0
2015-09-04_Portugal_France_746,2015-09-04,2015/16,Portugal,France,International Friendly,international,H,1,0.35,30.5769,11168,745,491,163,509,0.6591,6,1,2,2,3,9,14,23,1,1,1.8,1.4,1.15,0.6,0.6,0.4,1.1067,0.0966,0,2,83,2,0,0,0.0,126,56,0.4444,15,25,1.0,1.0,6,1,3,2,0,0,0.0,0.0,0,0,0,2,3.0,1.0,,,,0,1666.21,1527.38,138.83,2,39,11,0.2821,372,272,0.7312,9,Friday,0.0932,1,0,0,0,0,0
2015-09-07_Portugal_Albania_747,2015-09-07,2015/16,Portugal,Albania,Euros Qualifier,international,A,1,0.76,30.5852,11171,746,491,163,509,0.6582,3,1,2,3,0,6,14,23,0,1,1.2,1.4,1.15,0.4,0.6,0.4,0.7747,0.0676,0,3,86,3,0,0,0.0,127,56,0.4409,12,24,0.8,0.8,6,0,2,3,0,0,0.0,0.0,0,2,1,0,0.3333,0.3333,,,,0,1652.42,1486.98,165.44,3,25,20,0.8,344,205,0.5959,9,Monday,0.1014,1,0,0,0,0,0
2015-09-12_Real_Madrid_Espanyol_748,2015-09-12,2015/16,Real Madrid,Espanyol,La Liga,domestic_league,A,0,0.78,30.5988,11176,747,491,163,509,0.6573,5,1,3,4,0,3,11,22,0,1,0.6,1.1,1.1,0.2,0.5,0.3,0.5423,0.0473,0,4,91,4,0,0,0.0,300,313,1.0433,11,21,0.6,1.0,17,5,5,12,7,7,0.5833,0.4167,3,10,2,0,0.1667,0.1667,0.4444,2.6667,0.0,9,1722.03,1468.94,253.08,12,202,225,1.1139,345,205,0.5942,9,Saturday,0.1151,1,0,0,1,1,5
2015-09-15_Real_Madrid_Shakhtar_Donetsk_749,2015-09-15,2015/16,Real Madrid,Shakhtar Donetsk,UEFA Champions League,continental_club,H,0,0.94,30.6071,11179,748,496,164,504,0.6631,3,1,3,5,5,5,15,27,1,2,1.0,1.5,1.35,0.2,0.5,0.4,1.8796,0.3331,1,0,3,5,5,1,1.0,301,318,1.0565,13,21,0.8,1.0,22,4,5,0,0,0,,,0,0,0,0,,,,,,0,1725.81,1500.0,225.81,0,115,77,0.6696,373,272,0.7292,9,Tuesday,0.1233,1,0,0,1,1,3
2015-09-19_Real_Madrid_Granada_CF_750,2015-09-19,2015/16,Real Madrid,Granada CF,La Liga,domestic_league,H,0,0.78,30.618,11183,749,499,164,501,0.6662,4,2,3,6,8,8,18,25,1,2,1.6,1.8,1.25,0.4,0.6,0.5,2.2157,0.2332,2,0,4,6,8,1,1.3333,302,321,1.0629,13,21,0.8,1.0,22,3,5,8,12,3,1.5,0.875,7,7,0,1,0.375,0.125,0.5,3.25,0.125,8,1730.09,1489.13,240.96,8,203,230,1.133,374,275,0.7353,9,Saturday,0.1342,1,0,0,0,0,0
2015-09-23_Real_Madrid_Athletic_Club_751,2015-09-23,2015/16,Real Madrid,Athletic Club,La Liga,domestic_league,A,0,0.78,30.629,11187,750,499,164,501,0.6653,4,1,3,6,8,8,17,24,1,2,1.6,1.7,1.2,0.4,0.5,0.5,1.551,0.1632,0,1,8,7,8,1,1.1429,303,321,1.0594,13,21,0.8,1.0,16,0,5,12,14,4,1.1667,0.6667,3,9,1,2,0.5833,0.25,0.6,3.2,0.1,10,1734.09,1498.69,235.4,12,204,230,1.1275,346,210,0.6069,9,Wednesday,0.1452,1,0,0,0,0,0
2015-09-26_Real_Madrid_Malaga_752,2015-09-26,2015/16,Real Madrid,Malaga,La Liga,domestic_league,H,0,0.78,30.6372,11190,751,499,164,501,0.6644,3,2,4,7,3,8,14,23,1,1,1.6,1.4,1.15,0.4,0.4,0.4,1.0857,0.1143,0,2,11,8,8,1,1.0,304,321,1.0559,15,24,1.0,1.0,18,1,5,14,14,9,1.0,0.5714,2,11,2,1,0.3571,0.2143,0.9,3.2,0.0,10,1738.19,1481.1,257.09,14,205,230,1.122,375,275,0.7333,9,Saturday,0.1534,1,0,0,0,0,0
2015-09-30_Real_Madrid_Malmo_FF_753,2015-09-30,2015/16,Real Madrid,Malmo FF,UEFA Champions League,continental_club,A,0,0.94,30.6481,11194,752,499,164,501,0.6636,4,2,3,7,0,8,11,23,1,1,1.6,1.1,1.15,0.4,0.3,0.3,0.76,0.08,0,3,15,9,8,1,0.8889,305,321,1.0525,13,24,0.8,1.0,13,1,5,0,0,0,,,0,0,0,0,,,,,,0,1731.9,1500.0,231.9,0,116,80,0.6897,347,210,0.6052,9,Wednesday,0.1644,1,0,0,1,1,2
2015-10-04_Real_Madrid_Atletico_Madrid_754,2015-10-04,2015/16,Real Madrid,Atletico Madrid,La Liga,domestic_league,A,0,0.78,30.6591,11198,753,501,164,499,0.6653,4,1,3,8,2,5,10,24,0,1,1.0,1.0,1.2,0.4,0.3,0.3,1.132,0.056,1,0,4,10,10,1,1.0,306,323,1.0556,13,26,0.8,1.0,9,1,5,22,15,3,0.6818,0.5,0,12,4,6,1.0,0.4545,1.0833,1.8333,0.25,12,1736.06,1568.45,167.62,22,206,230,1.1165,348,212,0.6092,10,Sunday,0.1753,1,0,0,0,0,0
2015-10-08_Portugal_Denmark_755,2015-10-08,2015/16,Portugal,Denmark,Euros Qualifier,international,H,1,0.76,30.67,11202,754,501,164,499,0.6645,4,1,3,7,2,2,10,24,0,1,0.4,1.0,1.2,0.2,0.3,0.3,0.7924,0.0392,0,1,8,11,10,1,0.9091,128,56,0.4375,12,24,0.8,0.8,2,0,1,6,3,2,0.5,0.5,2,3,1,2,1.1667,0.5,2.0,3.0,0.0,1,1657.99,1509.56,148.43,6,26,20,0.7692,376,275,0.7314,10,Thursday,0.1863,1,0,0,0,0,0
2015-10-17_Real_Madrid_Levante_756,2015-10-17,2015/16,Real Madrid,Levante,La Liga,domestic_league,H,0,0.78,30.6947,11211,755,501,164,499,0.6636,9,0,2,6,2,2,10,24,0,1,0.4,1.0,1.2,0.2,0.3,0.3,0.5547,0.0274,0,2,17,12,10,1,0.8333,307,323,1.0521,11,24,0.6,1.0,6,2,5,11,11,6,1.0,0.5455,3,9,1,1,0.3636,0.1818,0.7,2.6,0.2,10,1731.58,1484.47,247.11,11,207,230,1.1111,377,275,0.7294,10,Saturday,0.211,0,0,0,1,0,1
2015-10-21_Real_Madrid_Paris_Saint_Germain_757,2015-10-21,2015/16,Real Madrid,Paris Saint Germain,UEFA Champions League,continental_club,A,0,0.94,30.7056,11215,756,502,165,498,0.664,4,1,2,6,1,3,11,25,1,2,0.6,1.1,1.25,0.4,0.4,0.3,0.6883,0.3192,1,0,4,13,11,2,0.8462,308,324,1.0519,11,24,0.6,1.0,8,2,5,0,0,0,,,0,0,0,0,,,,,,0,1735.47,1500.0,235.47,0,117,82,0.7009,349,212,0.6074,10,Wednesday,0.2219,0,0,0,0,0,0
2015-10-24_Real_Madrid_Celta_Vigo_758,2015-10-24,2015/16,Real Madrid,Celta Vigo,La Liga,domestic_league,A,0,0.78,30.7138,11218,757,502,165,498,0.6631,3,2,2,6,1,3,11,22,1,2,0.6,1.1,1.1,0.4,0.4,0.3,0.4818,0.2234,0,1,7,14,11,2,0.7857,309,324,1.0485,9,24,0.4,1.0,6,1,5,7,12,2,1.7143,0.8571,5,6,0,1,0.4286,0.1429,0.6,2.8,0.0,5,1729.57,1491.67,237.9,7,208,231,1.1106,350,212,0.6057,10,Saturday,0.2301,0,0,0,1,0,1
2015-10-31_Real_Madrid_Las_Palmas_759,2015-10-31,2015/16,Real Madrid,Las Palmas,La Liga,domestic_league,H,0,0.78,30.733,11225,758,503,165,497,0.6636,7,1,3,5,2,2,7,22,1,1,0.4,0.7,1.1,0.4,0.4,0.2,0.6373,0.1564,1,0,7,15,12,2,0.8,310,325,1.0484,11,24,0.6,1.0,9,2,5,0,0,0,,,0,0,0,0,,,,,,0,1733.62,1500.0,233.62,0,209,232,1.11,378,276,0.7302,10,Saturday,0.2493,0,0,0,1,0,1
2015-11-03_Real_Madrid_Paris_Saint_Germain_760,2015-11-03,2015/16,Real Madrid,Paris Saint Germain,UEFA Champions League,continental_club,H,0,0.94,30.7412,11228,759,504,165,496,0.664,3,1,3,6,2,3,5,23,1,1,0.6,0.5,1.15,0.6,0.4,0.1,0.7461,0.1095,2,0,3,16,13,2,0.8125,311,326,1.0482,11,24,0.6,1.0,10,3,5,1,0,0,0.0,0.0,0,0,1,0,1.0,1.0,0.0,0.0,1.0,1,1737.76,1505.9,231.86,1,118,82,0.6949,379,277,0.7309,11,Tuesday,0.2575,0,0,0,0,0,0
2015-11-08_Real_Madrid_Sevilla_761,2015-11-08,2015/16,Real Madrid,Sevilla,La Liga,domestic_league,A,0,0.78,30.7549,11233,760,504,165,496,0.6632,5,1,2,5,2,3,5,22,1,1,0.6,0.5,1.1,0.6,0.4,0.1,0.5223,0.0766,0,1,8,17,13,2,0.7647,312,326,1.0449,13,24,0.8,1.0,10,2,5,13,21,0,1.6154,0.6923,6,11,0,2,0.4615,0.1538,1.4444,3.4444,0.1111,9,1741.92,1487.77,254.16,13,210,233,1.1095,351,213,0.6068,11,Sunday,0.2712,0,0,0,0,0,0
2015-11-21_Real_Madrid_Barcelona_762,2015-11-21,2015/16,Real Madrid,Barcelona,La Liga,domestic_league,H,0,0.78,30.7905,11246,761,504,165,496,0.6623,13,0,1,4,1,2,5,19,0,1,0.4,0.5,0.95,0.4,0.4,0.1,0.3656,0.0536,0,2,21,18,13,2,0.7222,313,326,1.0415,10,21,0.6,0.8,9,5,5,26,15,1,0.5769,0.5,3,7,7,12,1.6538,0.7308,1.6923,1.3462,0.2308,26,1725.68,1652.29,73.4,26,211,233,1.1043,380,277,0.7289,11,Saturday,0.3068,0,0,0,0,0,0
2015-11-25_Real_Madrid_Shakhtar_Donetsk_763,2015-11-25,2015/16,Real Madrid,Shakhtar Donetsk,UEFA Champions League,continental_club,A,0,0.94,30.8015,11250,762,504,165,496,0.6614,4,1,1,4,0,2,5,16,0,1,0.4,0.5,0.8,0.4,0.4,0.1,0.2559,0.0376,0,3,25,19,13,2,0.6842,314,326,1.0382,9,18,0.6,0.6,9,9,5,1,3,0,3.0,1.0,3,1,0,0,0.0,0.0,0.0,4.0,0.0,1,1713.6,1495.72,217.89,1,119,82,0.6891,352,213,0.6051,11,Wednesday,0.3178,0,0,0,1,1,2
2015-11-29_Real_Madrid_Eibar_764,2015-11-29,2015/16,Real Madrid,Eibar,La Liga,domestic_league,A,0,0.78,30.8124,11254,763,506,167,494,0.6632,4,1,2,5,2,3,5,15,2,3,0.6,0.5,0.75,0.4,0.4,0.1,0.7791,0.6263,1,0,4,20,15,4,0.75,315,328,1.0413,9,20,0.6,0.6,10,11,5,2,3,1,1.5,1.0,3,2,0,0,0.0,0.0,0.0,3.5,0.0,2,1718.04,1492.23,225.81,2,212,233,1.0991,353,215,0.6091,11,Sunday,0.3288,0,0,0,1,0,1
2015-12-05_Real_Madrid_Getafe_765,2015-12-05,2015/16,Real Madrid,Getafe,La Liga,domestic_league,H,0,0.78,30.8288,11260,764,507,167,493,0.6636,6,1,3,4,3,3,6,16,2,3,0.6,0.6,0.8,0.4,0.5,0.1,0.8454,0.4384,2,0,6,21,16,4,0.7619,316,329,1.0411,9,20,0.6,0.6,9,10,5,10,18,1,1.8,0.8,7,9,0,1,0.3,0.1,1.1111,3.4444,0.0,9,1722.33,1478.78,243.54,10,213,234,1.0986,381,277,0.727,12,Saturday,0.3452,0,0,1,1,0,1
2015-12-08_Real_Madrid_Malmo_FF_766,2015-12-08,2015/16,Real Madrid,Malmo FF,UEFA Champions League,continental_club,H,0,0.94,30.837,11263,765,508,168,492,0.6641,3,1,3,5,4,4,7,17,3,4,0.8,0.7,0.85,0.6,0.6,0.1,0.8918,0.6069,3,0,3,22,17,5,0.7727,317,330,1.041,9,22,0.6,0.6,12,11,5,1,2,0,2.0,1.0,2,1,0,0,0.0,0.0,0.0,2.0,0.0,1,1726.28,1495.83,230.44,1,120,84,0.7,382,278,0.7277,12,Tuesday,0.3534,0,0,1,1,1,4
2015-12-13_Real_Madrid_Villarreal_767,2015-12-13,2015/16,Real Madrid,Villarreal,La Liga,domestic_league,A,0,0.78,30.8507,11268,766,512,169,488,0.6684,5,1,3,5,6,8,10,21,4,4,1.6,1.0,1.05,0.8,0.6,0.2,1.8242,0.7248,4,0,5,23,21,6,0.913,318,334,1.0503,12,22,0.8,0.8,18,8,5,13,11,3,0.8462,0.6154,3,6,7,0,0.5385,0.5385,1.0,2.2857,0.0,7,1730.47,1502.61,227.86,13,214,235,1.0981,354,216,0.6102,12,Sunday,0.3671,0,0,1,0,0,0
2015-12-20_Real_Madrid_Rayo_Vallecano_768,2015-12-20,2015/16,Real Madrid,Rayo Vallecano,La Liga,domestic_league,H,0,0.78,30.8699,11275,767,512,169,488,0.6675,7,1,2,6,5,8,10,21,4,4,1.6,1.0,1.05,0.8,0.6,0.2,1.277,0.5074,0,1,12,24,21,6,0.875,319,334,1.047,12,21,0.8,0.8,18,5,5,8,10,4,1.25,0.875,3,8,0,0,0.0,0.0,0.625,3.25,0.0,8,1714.71,1469.35,245.36,8,215,235,1.093,383,282,0.7363,12,Sunday,0.3863,0,0,1,1,1,2
2015-12-30_Real_Madrid_Real_Sociedad_769,2015-12-30,2015/16,Real Madrid,Real Sociedad,La Liga,domestic_league,H,0,0.78,30.8973,11285,768,514,170,486,0.6693,10,0,1,4,6,8,11,18,3,5,1.6,1.1,0.9,0.8,0.6,0.3,1.4939,0.6552,1,0,10,25,23,7,0.92,320,336,1.05,12,21,0.8,0.8,24,4,5,6,9,2,1.5,0.6667,7,6,0,0,0.0,0.0,1.1667,3.5,0.0,6,1718.63,1474.92,243.71,6,216,237,1.0972,384,284,0.7396,12,Wednesday,0.4137,0,0,1,1,1,2
2016-01-03_Real_Madrid_Valencia_770,2016-01-03,2015/16,Real Madrid,Valencia,La Liga,domestic_league,A,0,0.78,30.9082,11289,769,516,170,484,0.671,4,1,2,5,4,9,12,17,3,5,1.8,1.2,0.85,0.8,0.6,0.4,1.6457,0.4586,2,0,4,26,25,7,0.9615,321,338,1.053,12,21,0.8,0.8,25,5,5,13,9,2,0.6923,0.5385,2,7,5,1,0.6154,0.4615,1.4,2.5,0.1,10,1722.58,1517.77,204.81,13,217,239,1.1014,355,216,0.6085,1,Sunday,0.4247,0,0,1,0,0,0
2016-01-09_Real_Madrid_Deportivo_La_Coruna_771,2016-01-09,2015/16,Real Madrid,Deportivo La Coruna,La Liga,domestic_league,H,0,0.78,30.9247,11295,770,516,171,484,0.6701,6,1,2,4,4,8,12,17,3,6,1.6,1.2,0.85,0.6,0.6,0.4,1.152,0.621,0,1,10,27,25,8,0.9259,322,338,1.0497,10,19,0.6,0.8,23,6,5,7,9,2,1.2857,0.5714,3,6,1,0,0.1429,0.1429,0.8333,3.8333,0.1667,6,1717.28,1475.55,241.73,7,218,239,1.0963,385,286,0.7429,1,Saturday,0.4411,0,0,1,0,0,0
2016-01-17_Real_Madrid_Sporting_Gijon_772,2016-01-17,2015/16,Real Madrid,Sporting Gijon,La Liga,domestic_league,H,0,0.78,30.9466,11303,771,516,173,484,0.6693,8,0,2,4,2,4,12,17,4,8,0.8,1.2,0.85,0.4,0.6,0.4,0.8064,1.0347,0,2,18,28,25,10,0.8929,323,338,1.0464,10,22,0.6,0.8,20,6,5,5,2,1,0.4,0.4,2,4,1,0,0.2,0.2,0.25,1.75,0.25,4,1721.27,1487.88,233.39,5,219,239,1.0913,386,286,0.7409,1,Sunday,0.463,0,0,1,1,1,2
2016-01-24_Real_Madrid_Real_Betis_773,2016-01-24,2015/16,Real Madrid,Real Betis,La Liga,domestic_league,A,0,0.78,30.9657,11310,772,518,173,482,0.671,7,1,1,4,2,6,14,19,4,8,1.2,1.4,0.95,0.6,0.7,0.5,1.1645,0.7243,1,0,7,29,27,10,0.931,324,340,1.0494,13,25,0.8,1.0,25,6,5,7,3,4,0.4286,0.2857,1,6,0,1,0.4286,0.1429,0.8571,3.1429,0.1429,7,1725.41,1491.75,233.65,7,220,241,1.0955,356,216,0.6067,1,Sunday,0.4822,0,0,1,0,0,0
2016-01-31_Real_Madrid_Espanyol_774,2016-01-31,2015/16,Real Madrid,Espanyol,La Liga,domestic_league,H,0,0.78,30.9849,11317,773,518,173,482,0.6701,7,1,2,4,2,4,12,17,3,6,0.8,1.2,0.85,0.4,0.6,0.4,0.8151,0.507,0,1,14,30,27,10,0.9,325,340,1.0462,11,23,0.6,1.0,16,5,5,13,12,8,0.9231,0.4615,8,11,2,0,0.1538,0.1538,0.4,3.0,0.0,10,1719.54,1465.16,254.37,13,221,241,1.0905,387,288,0.7442,1,Sunday,0.5014,0,0,1,1,1,3
2016-02-07_Real_Madrid_Granada_CF_775,2016-02-07,2015/16,Real Madrid,Granada CF,La Liga,domestic_league,A,0,0.78,31.0041,11324,774,521,173,479,0.6731,7,1,2,4,5,5,14,20,3,6,1.0,1.4,1.0,0.4,0.6,0.5,1.4706,0.3549,1,0,7,31,30,10,0.9677,326,343,1.0521,11,23,0.6,1.0,19,4,5,9,12,3,1.3333,0.7778,6,8,0,1,0.3333,0.1111,0.4444,3.0,0.1111,9,1723.3,1485.13,238.17,9,222,244,1.0991,357,216,0.605,2,Sunday,0.5205,0,0,0,0,0,0
2016-02-13_Real_Madrid_Athletic_Club_776,2016-02-13,2015/16,Real Madrid,Athletic Club,La Liga,domestic_league,H,0,0.78,31.0205,11330,775,521,173,479,0.6723,6,1,2,4,3,5,13,20,2,5,1.0,1.3,1.0,0.4,0.5,0.5,1.0294,0.2484,0,1,13,32,30,10,0.9375,327,343,1.0489,13,23,0.8,1.0,19,3,5,13,14,4,1.0769,0.6154,3,10,1,2,0.5385,0.2308,0.6364,3.0909,0.0909,11,1727.34,1494.59,232.76,13,223,244,1.0942,388,291,0.75,2,Saturday,0.537,0,0,0,1,1,2
2016-02-17_Real_Madrid_AS_Roma_777,2016-02-17,2015/16,Real Madrid,AS Roma,UEFA Champions League,continental_club,A,0,0.94,31.0314,11334,776,523,174,477,0.674,4,1,2,4,5,7,11,21,1,5,1.4,1.1,1.05,0.6,0.5,0.5,1.3206,0.4739,1,0,4,33,32,11,0.9697,328,345,1.0518,13,23,0.8,1.0,18,5,5,0,0,0,,,0,0,0,0,,,,,,0,1731.5,1500.0,231.5,0,121,88,0.7273,358,216,0.6034,2,Wednesday,0.5479,0,0,0,1,0,1
2016-02-21_Real_Madrid_Malaga_778,2016-02-21,2015/16,Real Madrid,Malaga,La Liga,domestic_league,A,0,0.78,31.0424,11338,777,524,174,476,0.6744,4,1,3,5,3,6,12,22,1,5,1.2,1.2,1.1,0.6,0.6,0.5,1.2244,0.3317,2,0,4,34,33,11,0.9706,329,346,1.0517,13,26,0.8,1.0,15,4,5,15,14,9,0.9333,0.5333,1,11,3,1,0.4,0.2667,0.8182,2.9091,0.0909,11,1735.67,1487.39,248.28,15,224,246,1.0982,359,217,0.6045,2,Sunday,0.5589,0,0,0,1,0,1
2016-02-27_Real_Madrid_Atletico_Madrid_779,2016-02-27,2015/16,Real Madrid,Atletico Madrid,La Liga,domestic_league,H,0,0.78,31.0588,11344,778,525,174,475,0.6748,6,1,3,5,4,7,11,22,1,4,1.4,1.1,1.1,0.8,0.6,0.4,1.1571,0.2322,3,0,6,35,34,11,0.9714,330,347,1.0515,13,24,0.8,1.0,15,4,5,23,15,3,0.6522,0.4783,0,12,5,6,1.0,0.4783,1.0769,1.7692,0.2308,13,1729.53,1572.93,156.6,23,225,247,1.0978,389,293,0.7532,2,Saturday,0.5753,0,0,0,0,0,0
2016-03-02_Real_Madrid_Levante_780,2016-03-02,2015/16,Real Madrid,Levante,La Liga,domestic_league,A,0,0.78,31.0698,11348,779,525,174,475,0.6739,4,1,3,5,2,4,9,21,1,4,0.8,0.9,1.05,0.6,0.5,0.3,0.81,0.1625,0,1,10,36,34,11,0.9444,331,347,1.0483,10,21,0.6,0.8,9,5,5,12,12,7,1.0,0.5833,3,10,1,1,0.3333,0.1667,0.6364,2.6364,0.1818,11,1715.31,1480.59,234.72,12,226,247,1.0929,360,218,0.6056,3,Wednesday,0.5863,0,0,0,1,0,1
2016-03-05_Real_Madrid_Celta_Vigo_781,2016-03-05,2015/16,Real Madrid,Celta Vigo,La Liga,domestic_league,H,0,0.78,31.078,11351,780,526,175,474,0.6744,3,2,3,6,2,5,10,22,2,4,1.0,1.0,1.1,0.8,0.6,0.3,0.867,0.4138,1,0,3,37,35,12,0.9459,332,348,1.0482,10,23,0.6,0.8,10,5,5,8,13,2,1.625,0.875,4,7,0,1,0.375,0.125,0.6667,2.8333,0.0,6,1719.42,1487.61,231.81,8,227,248,1.0925,390,293,0.7513,3,Saturday,0.5945,0,0,0,1,1,4
2016-03-08_Real_Madrid_AS_Roma_782,2016-03-08,2015/16,Real Madrid,AS Roma,UEFA Champions League,continental_club,H,0,0.94,31.0862,11354,781,530,175,470,0.6786,3,2,3,7,5,7,14,26,1,2,1.4,1.4,1.3,0.8,0.7,0.4,1.8069,0.2896,2,0,3,38,39,12,1.0263,333,352,1.0571,10,23,0.6,0.8,13,4,5,1,1,0,1.0,1.0,1,1,0,0,0.0,0.0,0.0,2.0,0.0,1,1723.59,1495.83,227.77,1,122,89,0.7295,391,297,0.7596,3,Tuesday,0.6027,0,0,0,1,0,1
2016-03-13_Real_Madrid_Las_Palmas_783,2016-03-13,2015/16,Real Madrid,Las Palmas,La Liga,domestic_league,A,0,0.78,31.0999,11359,782,531,176,469,0.679,5,1,3,7,6,7,13,27,2,3,1.4,1.3,1.35,0.8,0.7,0.3,1.5648,0.5028,3,0,5,39,40,13,1.0256,334,353,1.0569,10,23,0.6,0.8,13,4,5,1,1,0,1.0,1.0,1,1,0,0,0.0,0.0,1.0,3.0,0.0,1,1727.84,1495.87,231.97,1,228,252,1.1053,361,219,0.6066,3,Sunday,0.6164,0,0,0,0,0,0
2016-03-20_Real_Madrid_Sevilla_784,2016-03-20,2015/16,Real Madrid,Sevilla,La Liga,domestic_league,H,0,0.78,31.1191,11366,783,531,176,469,0.6782,7,1,2,6,5,6,13,25,2,3,1.2,1.3,1.25,0.6,0.7,0.3,1.0954,0.3519,0,1,12,40,40,13,1.0,335,353,1.0537,12,25,0.8,0.8,14,4,5,14,21,0,1.5,0.6429,5,11,0,3,0.6429,0.2143,1.6,3.3,0.1,10,1732.0,1504.01,228.0,14,229,252,1.1004,392,298,0.7602,3,Sunday,0.6356,0,0,0,1,0,1
2016-03-25_Portugal_Bulgaria_785,2016-03-25,2015/16,Portugal,Bulgaria,International Friendly,international,H,1,0.35,31.1327,11371,784,532,176,468,0.6786,5,1,2,6,2,7,11,25,2,3,1.4,1.1,1.25,0.8,0.7,0.2,1.0668,0.2463,1,0,5,41,41,13,1.0,129,56,0.4341,12,27,0.8,0.8,,,0,0,0,0,,,0,0,0,0,,,,,,0,1663.96,1500.0,163.96,0,40,11,0.275,393,299,0.7608,3,Friday,0.6493,0,0,0,0,0,0
2016-03-29_Portugal_Belgium_786,2016-03-29,2015/16,Portugal,Belgium,International Friendly,international,H,1,0.35,31.1437,11375,785,532,176,468,0.6777,4,1,2,6,1,6,11,24,1,3,1.2,1.1,1.2,0.6,0.7,0.2,0.7467,0.1724,0,1,9,42,41,13,0.9762,130,56,0.4308,9,24,0.6,0.6,,,0,1,2,1,2.0,1.0,2,1,0,0,0.0,0.0,,,,0,1649.56,1493.11,156.45,1,41,11,0.2683,394,299,0.7589,3,Tuesday,0.6603,0,0,0,1,0,1
2016-04-02_Real_Madrid_Barcelona_787,2016-04-02,2015/16,Real Madrid,Barcelona,La Liga,domestic_league,A,0,0.78,31.1546,11379,786,533,176,467,0.6781,4,1,3,6,2,3,10,21,1,2,0.6,1.0,1.05,0.6,0.7,0.1,0.8227,0.1207,1,0,4,43,42,13,0.9767,336,354,1.0536,15,25,1.0,1.0,18,3,5,27,15,1,0.5556,0.4815,2,7,7,13,1.7037,0.7407,1.7778,1.2963,0.2593,27,1736.24,1664.37,71.88,27,230,253,1.1,362,219,0.605,4,Saturday,0.6712,0,0,0,1,0,1
2016-04-06_Real_Madrid_VfL_Wolfsburg_788,2016-04-06,2015/16,Real Madrid,VfL Wolfsburg,UEFA Champions League,continental_club,A,0,0.94,31.1656,11383,787,534,176,466,0.6785,4,1,3,6,2,3,10,22,0,2,0.6,1.0,1.1,0.6,0.7,0.1,0.8759,0.0845,2,0,4,44,43,13,0.9773,337,355,1.0534,15,25,1.0,1.0,17,3,5,0,0,0,,,0,0,0,0,,,,,,0,1744.2,1500.0,244.2,0,123,90,0.7317,363,220,0.6061,4,Wednesday,0.6822,0,0,0,0,0,0
2016-04-09_Real_Madrid_Eibar_789,2016-04-09,2015/16,Real Madrid,Eibar,La Liga,domestic_league,H,0,0.78,31.1738,11386,788,534,176,466,0.6777,3,2,3,6,2,3,9,20,0,2,0.6,0.9,1.0,0.6,0.6,0.1,0.6131,0.0591,0,1,7,45,43,13,0.9556,338,355,1.0503,12,22,0.8,0.8,10,4,5,3,4,1,1.3333,1.0,4,3,0,0,0.0,0.0,0.0,3.0,0.0,3,1728.14,1487.95,240.19,3,231,254,1.0996,395,300,0.7595,4,Saturday,0.6904,0,0,0,1,0,1
2016-04-12_Real_Madrid_VfL_Wolfsburg_790,2016-04-12,2015/16,Real Madrid,VfL Wolfsburg,UEFA Champions League,continental_club,H,0,0.94,31.182,11389,789,535,178,465,0.6781,3,2,4,7,2,3,10,19,2,4,0.6,1.0,0.95,0.6,0.7,0.1,0.7292,0.6414,1,0,3,46,44,15,0.9565,339,356,1.0501,12,22,0.8,0.8,12,4,5,1,0,0,0.0,0.0,0,0,0,1,3.0,1.0,2.0,0.0,1.0,1,1732.15,1516.06,216.09,1,124,90,0.7258,396,301,0.7601,4,Tuesday,0.6986,0,0,0,1,1,3
2016-04-16_Real_Madrid_Getafe_791,2016-04-16,2015/16,Real Madrid,Getafe,La Liga,domestic_league,A,0,0.78,31.193,11393,790,538,178,462,0.681,4,2,4,7,4,6,12,22,2,3,1.2,1.2,1.1,0.8,0.7,0.2,1.4104,0.449,2,0,4,47,47,15,1.0,340,359,1.0559,12,24,0.8,0.8,13,3,5,11,19,2,1.7273,0.8182,6,10,0,1,0.2727,0.0909,1.1,3.5,0.0,10,1736.63,1474.83,261.8,11,232,255,1.0991,364,220,0.6044,4,Saturday,0.7096,0,0,0,1,0,1
2016-04-20_Real_Madrid_Villarreal_792,2016-04-20,2015/16,Real Madrid,Villarreal,La Liga,domestic_league,H,0,0.78,31.2039,11397,791,539,178,461,0.6814,4,1,4,7,5,6,9,23,2,3,1.2,0.9,1.15,0.8,0.7,0.1,1.2873,0.3143,3,0,4,48,48,15,1.0,341,360,1.0557,12,27,0.8,0.8,14,4,5,14,11,3,0.7857,0.5714,2,6,7,1,0.7143,0.5714,1.0,2.0,0.125,8,1740.26,1518.37,221.89,14,233,256,1.0987,397,304,0.7657,4,Wednesday,0.7205,0,0,0,0,0,0
2016-05-04_Real_Madrid_Manchester_City_793,2016-05-04,2015/16,Real Madrid,Manchester City,UEFA Champions League,continental_club,H,0,0.94,31.2423,11411,792,539,178,461,0.6806,14,0,1,5,4,5,8,21,2,2,1.0,0.8,1.05,0.6,0.6,0.1,0.9011,0.22,0,1,18,49,48,15,0.9796,342,360,1.0526,12,27,0.8,0.8,15,3,5,13,5,1,0.3846,0.3846,2,8,2,3,0.8462,0.3846,1.5,2.0,0.0,2,1744.62,1503.63,240.99,13,125,93,0.744,398,304,0.7638,5,Wednesday,0.7589,0,0,0,0,0,0
2016-05-08_Real_Madrid_Valencia_794,2016-05-08,2015/16,Real Madrid,Valencia,La Liga,domestic_league,H,0,0.78,31.2532,11415,793,539,178,461,0.6797,4,1,1,5,1,5,8,21,2,2,1.0,0.8,1.05,0.6,0.6,0.1,0.6308,0.154,0,2,22,50,48,15,0.96,343,360,1.0496,15,27,1.0,1.0,16,1,5,14,9,3,0.6429,0.5,1,7,6,1,0.6429,0.5,1.4545,2.4545,0.0909,11,1748.61,1523.06,225.55,14,234,256,1.094,399,304,0.7619,5,Sunday,0.7699,0,0,0,1,1,2
2016-05-14_Real_Madrid_Deportivo_La_Coruna_795,2016-05-14,2015/16,Real Madrid,Deportivo La Coruna,La Liga,domestic_league,A,0,0.78,31.2696,11421,794,541,178,459,0.6814,6,1,2,4,2,6,9,20,0,2,1.2,0.9,1.0,0.6,0.6,0.2,1.0415,0.1078,1,0,6,51,50,15,0.9804,344,362,1.0523,15,27,1.0,1.0,15,3,5,8,9,4,1.125,0.5,3,7,1,0,0.125,0.125,0.7143,4.0,0.1429,7,1752.9,1471.57,281.33,8,235,258,1.0979,365,221,0.6055,5,Saturday,0.7863,0,0,0,1,1,2
2016-05-28_Real_Madrid_Atletico_Madrid_796,2016-05-28,2015/16,Real Madrid,Atletico Madrid,UEFA Champions League,continental_club,H,0,0.94,31.308,11435,795,543,178,457,0.683,14,0,1,3,4,5,11,22,0,2,1.0,1.1,1.1,0.6,0.7,0.3,1.3291,0.0755,2,0,14,52,52,15,1.0,345,364,1.0551,15,27,1.0,1.0,14,3,5,24,15,3,0.625,0.4583,0,12,5,7,1.0833,0.5,1.0714,1.6429,0.2857,14,1756.21,1587.16,169.05,24,126,93,0.7381,400,306,0.765,5,Saturday,0.8247,0,1,0,0,0,0
2016-06-09_Portugal_Estonia_797,2016-06-09,2015/16,Portugal,Estonia,International Friendly,international,H,1,0.35,31.3408,11447,796,543,178,457,0.6822,12,0,1,2,4,4,10,20,0,2,0.8,1.0,1.0,0.4,0.6,0.3,0.9304,0.0528,0,1,26,53,52,15,0.9811,131,57,0.4351,9,24,0.6,0.6,,,0,2,2,2,1.0,1.0,2,2,0,0,0.0,0.0,,,,0,1655.34,1483.53,171.81,2,42,12,0.2857,401,306,0.7631,6,Thursday,0.8575,0,1,0,1,1,2
2016-06-14_Portugal_Iceland_798,2016-06-14,2015/16,Portugal,Iceland,Euro Championship,international,H,1,0.95,31.3545,11452,797,545,178,455,0.6838,5,1,1,2,4,6,11,21,0,2,1.2,1.1,1.05,0.6,0.6,0.4,1.2512,0.037,1,0,5,54,54,15,1.0,132,59,0.447,12,24,0.8,0.8,,,0,2,1,0,0.5,0.5,1,2,0,0,0.0,0.0,,,,0,1660.76,1488.29,172.47,2,14,6,0.4286,402,308,0.7662,6,Tuesday,0.8712,0,1,0,0,0,0
2016-06-18_Portugal_Austria_799,2016-06-18,2015/16,Portugal,Austria,Euro Championship,international,H,1,0.95,31.3655,11456,798,545,178,455,0.683,4,1,2,3,2,6,11,20,0,2,1.2,1.1,1.0,0.6,0.6,0.4,0.8759,0.0259,0,1,9,55,54,15,0.9818,133,59,0.4436,10,22,0.6,0.8,1,1,1,0,0,0,,,0,0,0,0,,,,,,0,1656.17,1500.0,156.17,0,15,6,0.4,403,308,0.7643,6,Saturday,0.8822,0,1,0,0,0,0
2016-06-22_Portugal_Hungary_800,2016-06-22,2015/16,Portugal,Hungary,Euro Championship,international,A,1,0.95,31.3764,11460,799,545,178,455,0.6821,4,1,3,4,2,4,10,20,0,0,0.8,1.0,1.0,0.4,0.5,0.4,0.6131,0.0181,0,2,13,56,54,15,0.9643,134,59,0.4403,8,20,0.4,0.8,1,1,2,2,0,0,0.0,0.0,0,2,0,0,0.0,0.0,,,,0,1651.95,1487.24,164.71,2,16,6,0.375,366,223,0.6093,6,Wednesday,0.8932,0,1,0,1,1,2
2016-06-25_Portugal_Croatia_801,2016-06-25,2015/16,Portugal,Croatia,Euro Championship,international,A,1,0.95,31.3846,11463,800,547,179,453,0.6837,3,2,3,5,2,4,9,21,1,1,0.8,0.9,1.05,0.4,0.5,0.4,1.0292,0.3127,1,0,3,57,56,16,0.9825,135,61,0.4519,9,18,0.4,1.0,4,4,3,2,1,1,0.5,0.5,1,2,0,0,0.0,0.0,,,,0,1647.54,1486.1,161.44,2,17,8,0.4706,367,225,0.6131,6,Saturday,0.9014,0,1,0,0,0,0
2016-06-30_Portugal_Poland_802,2016-06-30,2015/16,Portugal,Poland,Euro Championship,international,A,1,0.95,31.3983,11468,801,547,179,453,0.6829,5,1,3,5,2,4,8,17,1,1,0.8,0.8,0.85,0.4,0.4,0.4,0.7204,0.2189,0,1,8,58,56,16,0.9655,136,61,0.4485,9,18,0.4,1.0,5,4,4,3,1,0,0.3333,0.3333,1,0,2,1,1.6667,1.0,,,,0,1653.2,1519.57,133.63,3,18,8,0.4444,368,225,0.6114,6,Thursday,0.9151,0,1,0,0,0,0
2016-07-06_Portugal_Wales_803,2016-07-06,2015/16,Portugal,Wales,Euro Championship,international,H,1,0.95,31.4147,11474,802,547,179,453,0.682,6,1,3,6,2,2,8,16,1,1,0.4,0.8,0.8,0.2,0.4,0.4,0.5043,0.1532,0,2,14,59,56,16,0.9492,137,61,0.4453,9,21,0.4,1.0,7,6,5,0,0,0,,,0,0,0,0,,,,,,0,1659.53,1500.0,159.53,0,19,8,0.4211,404,308,0.7624,7,Wednesday,0.9315,0,1,0,1,0,1
2016-07-10_Portugal_France_804,2016-07-10,2015/16,Portugal,France,Euro Championship,international,H,1,0.95,31.4257,11478,803,548,180,452,0.6824,4,1,2,6,1,3,9,17,2,2,0.6,0.9,0.85,0.4,0.5,0.4,0.653,0.4073,1,0,4,60,57,17,0.95,138,62,0.4493,11,21,0.6,1.0,8,5,5,3,0,0,0.0,0.0,0,0,0,3,3.0,1.0,,,,0,1665.24,1541.18,124.06,3,20,9,0.45,405,309,0.763,7,Sunday,0.9425,0,1,0,0,0,0
2016-09-10_Real_Madrid_Osasuna_805,2016-09-10,2016/17,Real Madrid,Osasuna,La Liga,domestic_league,H,0,0.78,31.5954,11540,804,548,180,452,0.6816,62,0,0,0,1,3,7,16,2,2,0.6,0.7,0.8,0.4,0.4,0.3,0.4571,0.2851,0,1,66,0,0,0,,346,364,1.052,15,27,1.0,1.0,10,3,5,10,10,5,1.0,0.5,3,7,2,1,0.5,0.3,0.8333,3.1667,0.1667,6,1761.69,1493.47,268.22,10,236,260,1.1017,406,309,0.7611,9,Saturday,0.1099,1,0,0,1,0,1
2016-09-14_Real_Madrid_Sporting_CP_806,2016-09-14,2016/17,Real Madrid,Sporting CP,UEFA Champions League,continental_club,H,0,0.94,31.6064,11544,805,549,180,451,0.682,4,1,1,1,2,2,6,17,1,2,0.4,0.6,0.85,0.4,0.4,0.2,0.62,0.1996,1,0,4,1,1,0,1.0,347,365,1.0519,15,27,1.0,1.0,12,5,5,2,2,1,1.0,1.0,2,2,0,0,0.0,0.0,,,,0,1765.21,1503.05,262.17,31,127,93,0.7323,407,310,0.7617,9,Wednesday,0.1209,1,0,0,1,0,1
2016-09-21_Real_Madrid_Villarreal_807,2016-09-21,2016/17,Real Madrid,Villarreal,La Liga,domestic_league,H,0,0.78,31.6256,11551,806,550,180,450,0.6824,7,1,2,2,2,3,7,17,1,2,0.6,0.7,0.85,0.6,0.5,0.2,0.734,0.1397,2,0,7,2,2,0,1.0,348,366,1.0517,15,30,1.0,1.0,13,6,5,15,11,3,0.7333,0.5333,1,7,7,1,0.6667,0.5333,0.8889,2.1111,0.1111,9,1768.83,1514.01,254.82,15,237,261,1.1013,408,311,0.7623,9,Wednesday,0.1401,1,0,0,0,0,0
2016-09-24_Real_Madrid_Las_Palmas_808,2016-09-24,2016/17,Real Madrid,Las Palmas,La Liga,domestic_league,A,0,0.78,31.6338,11554,807,550,180,450,0.6815,3,1,3,3,2,3,5,16,1,2,0.6,0.5,0.8,0.6,0.4,0.1,0.5138,0.0978,0,1,10,3,2,0,0.6667,349,366,1.0487,13,28,0.8,1.0,11,5,5,2,1,0,0.5,0.5,1,2,0,0,0.0,0.0,1.0,2.5,0.0,2,1762.58,1491.7,270.88,2,238,261,1.0966,369,225,0.6098,9,Saturday,0.1484,1,0,0,0,0,0
2016-09-27_Real_Madrid_Borussia_Dortmund_809,2016-09-27,2016/17,Real Madrid,Borussia Dortmund,UEFA Champions League,continental_club,A,0,0.94,31.642,11557,808,550,180,450,0.6807,3,2,3,4,1,2,5,16,0,2,0.4,0.5,0.8,0.4,0.4,0.1,0.3597,0.0684,0,2,13,4,2,0,0.5,350,366,1.0457,11,26,0.6,1.0,11,7,5,5,3,0,0.6,0.6,2,2,1,2,1.4,0.6,1.6,1.8,0.0,5,1756.06,1528.14,227.92,5,128,94,0.7344,370,225,0.6081,9,Tuesday,0.1566,1,0,0,1,0,1
2016-10-02_Real_Madrid_Eibar_810,2016-10-02,2016/17,Real Madrid,Eibar,La Liga,domestic_league,H,0,0.78,31.6557,11562,809,551,180,449,0.6811,5,1,3,5,1,3,6,16,0,2,0.6,0.6,0.8,0.6,0.5,0.1,0.5518,0.0479,1,0,5,5,3,0,0.6,351,367,1.0456,9,24,0.4,1.0,12,8,5,4,5,3,1.25,1.0,3,4,0,0,0.0,0.0,0.0,3.25,0.0,4,1750.3,1483.94,266.36,4,239,261,1.0921,409,311,0.7604,10,Sunday,0.1703,1,0,0,0,0,0
2016-10-07_Portugal_andorra_811,2016-10-07,2016/17,Portugal,andorra,World Cup - Qualification Europe,international,H,1,0.76,31.6694,11567,810,551,181,449,0.6802,5,1,3,6,1,2,4,13,1,2,0.4,0.4,0.65,0.4,0.4,0.0,0.3862,0.3335,0,1,10,6,3,1,0.5,139,62,0.446,13,21,0.8,1.0,9,5,5,0,0,0,,,0,0,0,0,,,,,,0,1671.81,1500.0,171.81,0,29,15,0.5172,410,311,0.7585,10,Friday,0.1841,1,0,0,1,1,4
2016-10-10_Portugal_Faroe_Islands_812,2016-10-10,2016/17,Portugal,Faroe Islands,World Cup - Qualification Europe,international,A,1,0.76,31.6776,11570,811,555,181,445,0.6843,3,1,3,7,5,5,8,16,1,2,1.0,0.8,0.8,0.4,0.5,0.1,1.4704,0.2335,1,0,3,7,7,1,1.0,140,66,0.4714,15,24,1.0,1.0,12,2,5,0,0,0,,,0,0,0,0,,,,,,0,1677.23,1500.0,177.23,0,30,19,0.6333,371,226,0.6092,10,Monday,0.1923,1,0,0,1,0,1
2016-10-15_Real_Madrid_Real_Betis_813,2016-10-15,2016/17,Real Madrid,Real Betis,La Liga,domestic_league,A,0,0.78,31.6913,11575,812,556,181,444,0.6847,5,1,3,6,5,6,9,17,1,2,1.2,0.9,0.85,0.6,0.6,0.1,1.3293,0.1634,2,0,5,8,8,1,1.0,352,367,1.0426,7,22,0.2,1.0,8,7,5,8,3,4,0.375,0.25,1,6,1,1,0.5,0.25,0.875,2.875,0.125,8,1743.85,1497.62,246.23,8,240,261,1.0875,372,227,0.6102,10,Saturday,0.206,0,0,0,1,0,1
2016-10-18_Real_Madrid_Legia_Warszawa_814,2016-10-18,2016/17,Real Madrid,Legia Warszawa,UEFA Champions League,continental_club,H,0,0.94,31.6995,11578,813,557,182,443,0.6851,3,1,3,7,6,7,9,18,2,2,1.4,0.9,0.9,0.8,0.6,0.1,1.2305,0.4144,3,0,3,9,9,2,1.0,353,368,1.0425,7,22,0.2,1.0,12,7,5,0,0,0,,,0,0,0,0,,,,,,0,1747.75,1500.0,247.75,0,129,95,0.7364,411,315,0.7664,10,Tuesday,0.2143,0,0,0,0,0,0
2016-10-23_Real_Madrid_Athletic_Club_815,2016-10-23,2016/17,Real Madrid,Athletic Club,La Liga,domestic_league,H,0,0.78,31.7132,11583,814,557,184,443,0.6843,5,1,3,7,2,6,9,16,4,4,1.2,0.9,0.8,0.6,0.6,0.1,0.8613,0.8901,0,1,8,10,9,4,0.9,354,368,1.0395,9,22,0.4,1.0,16,7,5,14,16,5,1.1429,0.6429,2,11,1,2,0.5,0.2143,0.75,3.1667,0.0833,12,1751.63,1490.44,261.19,14,241,262,1.0871,412,315,0.7646,10,Sunday,0.228,0,0,0,0,0,0
2016-10-29_Real_Madrid_Alaves_816,2016-10-29,2016/17,Real Madrid,Alaves,La Liga,domestic_league,A,0,0.78,31.7296,11589,815,557,184,443,0.6834,6,1,3,6,1,6,8,14,3,4,1.2,0.8,0.7,0.6,0.5,0.1,0.6029,0.6231,0,2,14,11,9,4,0.8182,355,368,1.0366,11,22,0.6,1.0,16,6,5,0,0,0,,,0,0,0,0,,,,,,0,1755.26,1500.0,255.26,0,242,262,1.0826,373,228,0.6113,10,Saturday,0.2445,0,0,0,1,1,3
2016-11-02_Real_Madrid_Legia_Warszawa_817,2016-11-02,2016/17,Real Madrid,Legia Warszawa,UEFA Champions League,continental_club,A,0,0.94,31.7406,11593,816,560,184,440,0.6863,4,1,2,6,3,5,10,17,3,4,1.0,1.0,0.85,0.6,0.5,0.2,1.3221,0.4361,1,0,4,12,12,4,1.0,356,371,1.0421,13,22,0.8,1.0,18,5,5,1,0,2,0.0,0.0,0,1,0,0,0.0,0.0,1.0,5.0,0.0,1,1759.0,1496.13,262.88,1,130,95,0.7308,374,231,0.6176,11,Wednesday,0.2555,0,0,0,0,0,0
2016-11-06_Real_Madrid_Leganes_818,2016-11-06,2016/17,Real Madrid,Leganes,La Liga,domestic_league,H,0,0.78,31.7515,11597,817,560,185,440,0.6854,4,1,3,7,3,4,10,15,4,5,0.8,1.0,0.75,0.4,0.5,0.2,0.9254,0.6053,0,1,8,13,12,5,0.9231,357,371,1.0392,13,20,0.8,1.0,20,7,5,0,0,0,,,0,0,0,0,,,,,,0,1752.61,1500.0,252.61,0,243,265,1.0905,413,315,0.7627,11,Sunday,0.2665,0,0,0,0,0,0
2016-11-13_Portugal_Latvia_819,2016-11-13,2016/17,Portugal,Latvia,World Cup - Qualification Europe,international,H,1,0.76,31.7707,11604,818,560,185,440,0.6846,7,1,2,6,3,3,10,15,3,5,0.6,1.0,0.75,0.2,0.5,0.2,0.6478,0.4237,0,2,15,14,12,5,0.8571,141,67,0.4752,15,24,1.0,1.0,17,2,5,2,1,1,0.5,0.5,1,2,0,0,0.0,0.0,,,,0,1682.53,1483.81,198.72,2,31,20,0.6452,414,315,0.7609,11,Sunday,0.2857,0,0,0,1,1,2
2016-11-19_Real_Madrid_Atletico_Madrid_820,2016-11-19,2016/17,Real Madrid,Atletico Madrid,La Liga,domestic_league,A,0,0.78,31.7871,11610,819,562,185,438,0.6862,6,1,2,5,2,5,11,17,1,5,1.0,1.1,0.85,0.4,0.5,0.3,1.0535,0.2966,1,0,6,15,14,5,0.9333,358,371,1.0363,13,20,0.8,1.0,17,6,5,25,15,3,0.6,0.44,0,13,5,7,1.04,0.48,1.0667,1.6,0.2667,15,1756.4,1581.67,174.73,25,244,265,1.0861,375,231,0.616,11,Saturday,0.3022,0,0,0,1,1,3
2016-11-22_Real_Madrid_Sporting_CP_821,2016-11-22,2016/17,Real Madrid,Sporting CP,UEFA Champions League,continental_club,A,0,0.94,31.7953,11613,820,565,185,435,0.689,3,1,2,6,5,8,14,18,1,4,1.6,1.4,0.9,0.6,0.6,0.4,1.6374,0.2076,2,0,3,16,17,5,1.0625,359,374,1.0418,13,22,0.8,1.0,15,5,5,3,3,1,1.0,1.0,3,3,0,0,0.0,0.0,1.0,2.0,0.0,1,1761.76,1499.43,262.33,32,131,95,0.7252,376,234,0.6223,11,Tuesday,0.3104,0,0,0,0,0,0
2016-11-26_Real_Madrid_Sporting_Gijon_822,2016-11-26,2016/17,Real Madrid,Sporting Gijon,La Liga,domestic_league,H,0,0.78,31.8063,11617,821,565,186,435,0.6882,4,2,3,6,5,5,10,18,2,5,1.0,1.0,0.9,0.4,0.5,0.3,1.1462,0.4453,0,1,7,17,17,6,1.0,360,374,1.0389,13,24,0.8,1.0,15,5,5,6,4,1,0.6667,0.5,3,5,1,0,0.1667,0.1667,0.4,2.4,0.2,5,1765.38,1483.74,281.63,6,245,268,1.0939,415,317,0.7639,11,Saturday,0.3214,0,0,0,1,1,2
2016-12-03_Real_Madrid_Barcelona_823,2016-12-03,2016/17,Real Madrid,Barcelona,La Liga,domestic_league,A,0,0.78,31.8254,11624,822,567,186,433,0.6898,7,1,3,5,5,7,11,20,1,5,1.4,1.1,1.0,0.6,0.5,0.4,1.4023,0.3117,1,0,7,18,19,6,1.0556,361,376,1.0416,13,26,0.8,1.0,13,5,5,28,16,1,0.5714,0.5,2,8,7,13,1.6429,0.7143,1.75,1.3214,0.25,28,1768.68,1656.41,112.27,28,246,270,1.0976,377,234,0.6207,12,Saturday,0.3407,0,0,1,0,0,0
2016-12-07_Real_Madrid_Borussia_Dortmund_824,2016-12-07,2016/17,Real Madrid,Borussia Dortmund,UEFA Champions League,continental_club,H,0,0.94,31.8364,11628,823,567,186,433,0.6889,4,1,2,5,2,7,10,19,1,4,1.4,1.0,0.95,0.6,0.4,0.4,0.9816,0.2182,0,1,11,19,19,6,1.0,362,376,1.0387,13,26,0.8,1.0,11,3,5,6,4,0,0.6667,0.6667,2,2,2,2,1.3333,0.6667,1.6667,1.8333,0.0,6,1765.55,1533.9,231.66,6,132,95,0.7197,416,319,0.7668,12,Wednesday,0.3516,0,0,1,0,0,0
2016-12-15_Portugal_Club_America_825,2016-12-15,2016/17,Portugal,Club America,FIFA Club World Cup,international,A,1,1.0,31.8583,11636,824,567,186,433,0.6881,8,0,2,5,2,5,10,19,1,2,1.0,1.0,0.95,0.4,0.4,0.4,0.6871,0.1527,0,2,19,20,19,6,0.95,142,69,0.4859,15,24,1.0,1.0,19,1,5,0,0,0,,,0,0,0,0,,,,,,0,1687.36,1500.0,187.36,0,4,1,0.25,378,234,0.619,12,Thursday,0.3736,0,0,1,1,0,1
2016-12-18_Portugal_Kashima_826,2016-12-18,2016/17,Portugal,Kashima,FIFA Club World Cup,international,H,1,1.0,31.8665,11639,825,568,186,432,0.6885,3,1,2,6,1,3,11,19,1,2,0.6,1.1,0.95,0.4,0.5,0.4,0.781,0.1069,1,0,3,21,20,6,0.9524,143,70,0.4895,15,26,1.0,1.0,19,1,5,0,0,0,,,0,0,0,0,,,,,,0,1692.44,1500.0,192.44,0,5,2,0.4,417,319,0.765,12,Sunday,0.3819,0,0,1,1,1,3
2017-01-07_Real_Madrid_Granada_CF_827,2017-01-07,2016/17,Real Madrid,Granada CF,La Liga,domestic_league,H,0,0.78,31.9213,11659,826,571,186,429,0.6913,20,0,0,2,4,6,11,21,0,2,1.2,1.1,1.05,0.6,0.5,0.4,1.4467,0.0748,2,0,20,22,23,6,1.0455,363,376,1.0358,11,24,0.6,1.0,10,5,5,10,12,3,1.2,0.7,5,9,0,1,0.3,0.1,0.5,2.9,0.1,10,1759.72,1481.08,278.64,10,247,270,1.0931,418,322,0.7703,1,Saturday,0.4368,0,0,1,1,0,1
2017-01-15_Real_Madrid_Sevilla_828,2017-01-15,2016/17,Real Madrid,Sevilla,La Liga,domestic_league,A,0,0.78,31.9432,11667,827,572,186,428,0.6917,8,0,1,2,5,5,12,22,0,1,1.0,1.2,1.1,0.6,0.6,0.4,1.3127,0.0524,3,0,8,23,24,6,1.0435,364,377,1.0357,11,24,0.6,1.0,12,5,5,15,22,0,1.4667,0.6667,4,12,0,3,0.6,0.2,1.4545,3.3636,0.0909,11,1763.07,1499.76,263.31,15,248,271,1.0927,379,235,0.6201,1,Sunday,0.4588,0,0,1,1,0,1
2017-01-18_Real_Madrid_Celta_Vigo_829,2017-01-18,2016/17,Real Madrid,Celta Vigo,Copa del Rey,domestic_or_other_cup,H,0,0.72,31.9514,11670,828,573,186,427,0.692,3,1,2,2,5,6,13,23,0,1,1.2,1.3,1.15,0.8,0.7,0.4,1.2189,0.0367,4,0,3,24,25,6,1.0417,365,378,1.0356,8,21,0.4,0.8,11,6,5,9,17,2,1.8889,0.8889,5,8,0,1,0.3333,0.1111,0.7143,3.4286,0.0,7,1746.67,1483.44,263.23,9,28,21,0.75,419,323,0.7709,1,Wednesday,0.467,0,0,1,0,0,0
2017-01-21_Real_Madrid_Malaga_830,2017-01-21,2016/17,Real Madrid,Malaga,La Liga,domestic_league,H,0,0.78,31.9596,11673,829,573,186,427,0.6912,3,2,3,3,2,6,11,22,0,1,1.2,1.1,1.1,0.8,0.6,0.3,0.8532,0.0257,0,1,6,25,25,6,1.0,366,378,1.0328,5,18,0.2,0.6,9,5,4,16,15,9,0.9375,0.5625,2,11,4,1,0.4375,0.3125,0.8333,2.75,0.0833,12,1730.28,1493.53,236.75,16,249,272,1.0924,420,323,0.769,1,Saturday,0.4753,0,0,1,0,0,0
2017-01-25_Real_Madrid_Celta_Vigo_831,2017-01-25,2016/17,Real Madrid,Celta Vigo,Copa del Rey,domestic_or_other_cup,A,0,0.72,31.9705,11677,830,573,186,427,0.6904,4,2,3,4,1,5,8,22,0,1,1.0,0.8,1.1,0.6,0.5,0.2,0.5973,0.018,0,2,10,26,25,6,0.9615,367,378,1.03,7,20,0.4,0.6,10,5,4,10,17,2,1.7,0.8,5,8,0,2,0.6,0.2,0.7143,3.4286,0.0,7,1734.35,1499.84,234.51,10,29,21,0.7241,380,236,0.6211,1,Wednesday,0.4863,0,0,1,1,0,1
2017-01-29_Real_Madrid_Real_Sociedad_832,2017-01-29,2016/17,Real Madrid,Real Sociedad,La Liga,domestic_league,H,0,0.78,31.9815,11681,831,574,186,426,0.6907,4,1,4,5,1,3,9,19,0,0,0.6,0.9,0.95,0.6,0.6,0.2,0.7181,0.0126,1,0,4,27,26,6,0.963,368,379,1.0299,7,18,0.4,0.6,8,3,3,7,11,2,1.5714,0.7143,7,7,0,0,0.0,0.0,1.1429,3.4286,0.0,7,1728.47,1470.97,257.5,7,250,272,1.088,421,323,0.7672,1,Sunday,0.4973,0,0,1,1,0,1
2017-02-11_Real_Madrid_Osasuna_833,2017-02-11,2016/17,Real Madrid,Osasuna,La Liga,domestic_league,A,0,0.78,32.0171,11694,832,575,187,425,0.6911,13,0,1,5,2,3,8,19,1,1,0.6,0.8,0.95,0.6,0.6,0.1,0.8027,0.3088,2,0,13,28,27,7,0.9643,369,380,1.0298,7,18,0.4,0.6,6,3,3,11,11,5,1.0,0.5455,4,8,2,1,0.4545,0.2727,1.0,3.4286,0.1429,7,1732.17,1489.95,242.22,11,251,273,1.0876,381,237,0.622,2,Saturday,0.533,0,0,0,1,0,1
2017-02-15_Real_Madrid_Napoli_834,2017-02-15,2016/17,Real Madrid,Napoli,UEFA Champions League,continental_club,H,0,0.94,32.028,11698,833,576,187,424,0.6915,4,1,1,5,3,3,9,19,1,1,0.6,0.9,0.95,0.6,0.7,0.1,0.8619,0.2162,3,0,4,29,28,7,0.9655,370,381,1.0297,10,18,0.6,0.8,8,2,3,0,0,0,,,0,0,0,0,,,,,,0,1736.15,1500.0,236.15,0,133,95,0.7143,422,324,0.7678,2,Wednesday,0.544,0,0,0,0,0,0
2017-02-18_Real_Madrid_Espanyol_835,2017-02-18,2016/17,Real Madrid,Espanyol,La Liga,domestic_league,H,0,0.78,32.0362,11701,834,576,188,424,0.6906,3,2,2,5,2,3,9,19,2,2,0.6,0.9,0.95,0.6,0.7,0.1,0.6033,0.4513,0,1,7,30,28,8,0.9333,371,381,1.027,13,18,0.8,1.0,11,3,4,14,15,8,1.0714,0.5,11,12,2,0,0.1429,0.1429,0.3636,3.2727,0.0,11,1740.23,1461.41,278.83,14,252,274,1.0873,423,324,0.766,2,Saturday,0.5522,0,0,0,0,0,0
2017-02-22_Real_Madrid_Valencia_836,2017-02-22,2016/17,Real Madrid,Valencia,La Liga,domestic_league,A,0,0.78,32.0472,11705,835,576,188,424,0.6898,4,2,3,5,1,3,8,19,2,2,0.6,0.8,0.95,0.6,0.6,0.1,0.4223,0.3159,0,2,11,31,28,8,0.9032,372,381,1.0242,13,20,0.8,1.0,11,2,4,15,11,3,0.7333,0.5333,2,8,6,1,0.6,0.4667,1.5,2.5,0.0833,12,1743.58,1518.77,224.8,15,253,274,1.083,382,238,0.623,2,Wednesday,0.5632,0,0,0,1,0,1
2017-02-26_Real_Madrid_Villarreal_837,2017-02-26,2016/17,Real Madrid,Villarreal,La Liga,domestic_league,A,0,0.78,32.0582,11709,836,577,188,423,0.6902,4,1,3,5,1,3,6,17,2,2,0.6,0.6,0.85,0.6,0.6,0.0,0.5956,0.2211,1,0,4,32,29,8,0.9062,373,382,1.0241,12,19,0.8,0.8,12,4,5,16,11,3,0.6875,0.5,0,7,8,1,0.6875,0.5625,0.9,2.0,0.1,10,1727.88,1520.26,207.62,16,254,275,1.0827,383,239,0.624,2,Sunday,0.5742,0,0,0,1,0,1
2017-03-01_Real_Madrid_Las_Palmas_838,2017-03-01,2016/17,Real Madrid,Las Palmas,La Liga,domestic_league,H,0,0.78,32.0664,11712,837,578,188,422,0.6906,3,2,4,5,2,3,6,18,1,2,0.6,0.6,0.9,0.6,0.6,0.0,0.7169,0.1548,2,0,3,33,30,8,0.9091,374,383,1.0241,12,19,0.8,0.8,12,6,5,3,1,0,0.3333,0.3333,1,2,1,0,0.3333,0.3333,1.3333,2.3333,0.0,3,1732.53,1498.23,234.3,3,255,276,1.0824,424,324,0.7642,3,Wednesday,0.5824,0,0,0,1,1,2
2017-03-07_Real_Madrid_Napoli_839,2017-03-07,2016/17,Real Madrid,Napoli,UEFA Champions League,continental_club,A,0,0.94,32.0828,11718,838,580,188,420,0.6921,6,1,3,6,4,4,7,20,1,2,0.8,0.7,1.0,0.6,0.6,0.1,1.1019,0.1084,3,0,6,34,32,8,0.9412,375,385,1.0267,10,20,0.6,0.8,12,8,5,1,0,1,0.0,0.0,0,1,0,0,0.0,0.0,1.0,3.0,0.0,1,1726.65,1495.91,230.74,1,134,95,0.709,384,240,0.625,3,Tuesday,0.5989,0,0,0,0,0,0
2017-03-12_Real_Madrid_Real_Betis_840,2017-03-12,2016/17,Real Madrid,Real Betis,La Liga,domestic_league,H,0,0.78,32.0965,11723,839,580,188,420,0.6913,5,1,3,7,3,4,7,18,0,2,0.8,0.7,0.9,0.6,0.6,0.1,0.7713,0.0759,0,1,11,35,32,8,0.9143,376,385,1.0239,10,23,0.6,0.8,12,8,5,9,4,5,0.4444,0.3333,1,7,1,1,0.4444,0.2222,0.8889,3.2222,0.1111,9,1730.84,1493.72,237.12,9,256,278,1.0859,425,326,0.7671,3,Sunday,0.6126,0,0,0,1,0,1
2017-03-18_Real_Madrid_Athletic_Club_841,2017-03-18,2016/17,Real Madrid,Athletic Club,La Liga,domestic_league,A,0,0.78,32.1129,11729,840,581,188,419,0.6917,6,1,2,6,3,5,8,16,0,2,1.0,0.8,0.8,0.8,0.7,0.1,0.8399,0.0531,1,0,6,36,33,8,0.9167,377,386,1.0239,10,23,0.6,0.8,12,9,5,15,16,5,1.0667,0.6,2,12,1,2,0.4667,0.2,0.7692,3.0769,0.0769,13,1734.91,1486.8,248.11,15,257,279,1.0856,385,240,0.6234,3,Saturday,0.6291,0,0,0,0,0,0
2017-03-25_Portugal_Hungary_842,2017-03-25,2016/17,Portugal,Hungary,World Cup - Qualification Europe,international,H,1,0.76,32.1321,11736,841,581,190,419,0.6908,7,1,2,5,1,4,7,16,2,4,0.8,0.7,0.8,0.6,0.6,0.1,0.5879,0.6372,0,1,13,37,33,10,0.8919,144,73,0.5069,15,28,1.0,1.0,22,3,5,3,2,1,0.6667,0.3333,2,2,1,0,0.3333,0.3333,3.0,3.0,0.0,1,1697.41,1491.66,205.75,3,32,22,0.6875,426,327,0.7676,3,Saturday,0.6484,0,0,0,1,1,2
2017-03-28_Portugal_Sweden_843,2017-03-28,2016/17,Portugal,Sweden,International Friendly,international,H,1,0.35,32.1403,11739,842,583,190,417,0.6924,3,1,2,6,3,5,8,16,2,3,1.0,0.8,0.8,0.6,0.6,0.2,1.0116,0.446,1,0,3,38,35,10,0.9211,145,75,0.5172,15,30,1.0,1.0,19,3,5,5,4,1,0.8,0.4,4,2,3,0,0.6,0.6,,,,0,1702.09,1493.13,208.96,5,43,14,0.3256,427,329,0.7705,3,Tuesday,0.6566,0,0,0,1,0,1
2017-04-02_Real_Madrid_Alaves_844,2017-04-02,2016/17,Real Madrid,Alaves,La Liga,domestic_league,H,0,0.78,32.154,11744,843,584,190,416,0.6928,5,1,2,5,3,4,8,17,2,3,0.8,0.8,0.85,0.6,0.6,0.2,1.0081,0.3122,2,0,5,39,36,10,0.9231,378,386,1.0212,13,25,0.8,1.0,13,8,5,1,3,0,3.0,1.0,3,1,0,0,0.0,0.0,1.0,4.0,0.0,1,1738.78,1496.26,242.52,1,258,279,1.0814,428,330,0.771,4,Sunday,0.6703,0,0,0,0,0,0
2017-04-08_Real_Madrid_Atletico_Madrid_845,2017-04-08,2016/17,Real Madrid,Atletico Madrid,La Liga,domestic_league,H,0,0.78,32.1704,11750,844,584,191,416,0.6919,6,1,3,5,3,4,8,17,3,3,0.8,0.8,0.85,0.6,0.6,0.2,0.7057,0.5185,0,1,11,40,36,11,0.9,379,386,1.0185,13,25,0.8,1.0,13,6,5,26,18,3,0.6923,0.4615,3,14,5,7,1.0,0.4615,1.0,1.6875,0.25,16,1742.74,1576.32,166.43,26,259,279,1.0772,429,330,0.7692,4,Saturday,0.6868,0,0,0,0,0,0
2017-04-12_Real_Madrid_Bayern_Munich_846,2017-04-12,2016/17,Real Madrid,Bayern Munich,UEFA Champions League,continental_club,A,0,0.94,32.1814,11754,845,584,191,416,0.6911,4,1,2,5,1,3,8,16,3,3,0.6,0.8,0.8,0.4,0.6,0.2,0.494,0.363,0,2,15,41,36,11,0.878,380,386,1.0158,13,23,0.8,1.0,11,4,5,4,4,1,1.0,0.5,4,3,0,1,0.75,0.25,1.0,2.5,0.0,4,1738.29,1505.05,233.24,4,135,95,0.7037,386,240,0.6218,4,Wednesday,0.6978,0,0,0,1,1,2
2017-04-18_Real_Madrid_Bayern_Munich_847,2017-04-18,2016/17,Real Madrid,Bayern Munich,UEFA Champions League,continental_club,H,0,0.94,32.1978,11760,846,586,191,414,0.6927,6,1,2,5,2,5,9,15,1,3,1.0,0.9,0.75,0.6,0.6,0.3,0.9458,0.2541,1,0,6,42,38,11,0.9048,381,388,1.0184,13,23,0.8,1.0,10,4,5,5,6,1,1.2,0.6,4,4,0,1,0.6,0.2,1.0,2.4,0.0,5,1742.43,1500.9,241.53,5,136,97,0.7132,430,330,0.7674,4,Tuesday,0.7143,0,0,0,1,1,3
2017-04-23_Real_Madrid_Barcelona_848,2017-04-23,2016/17,Real Madrid,Barcelona,La Liga,domestic_league,H,0,0.78,32.2115,11765,847,589,191,411,0.6954,5,1,2,6,5,6,11,17,1,3,1.2,1.1,0.85,0.6,0.6,0.4,1.562,0.1779,2,0,5,43,41,11,0.9535,382,391,1.0236,13,23,0.8,1.0,12,5,5,29,16,1,0.5517,0.4828,1,8,8,13,1.6207,0.7241,1.7241,1.3103,0.2414,29,1746.42,1659.53,86.89,29,260,279,1.0731,431,333,0.7726,4,Sunday,0.728,0,0,0,0,0,0
2017-04-29_Real_Madrid_Valencia_849,2017-04-29,2016/17,Real Madrid,Valencia,La Liga,domestic_league,H,0,0.78,32.2279,11771,848,589,191,411,0.6946,6,1,2,5,5,5,9,16,1,3,1.0,0.9,0.8,0.4,0.5,0.3,1.0934,0.1245,0,1,11,44,41,11,0.9318,383,391,1.0209,10,23,0.6,0.8,12,7,5,16,12,3,0.75,0.5625,3,8,6,2,0.75,0.5,1.5385,2.3846,0.0769,13,1733.97,1534.47,199.5,16,261,279,1.069,432,333,0.7708,4,Saturday,0.7445,0,0,0,1,0,1
2017-05-02_Real_Madrid_Atletico_Madrid_850,2017-05-02,2016/17,Real Madrid,Atletico Madrid,UEFA Champions League,continental_club,H,0,0.94,32.2361,11774,849,590,191,410,0.6949,3,1,3,6,4,6,10,17,0,3,1.2,1.0,0.85,0.6,0.6,0.3,1.0654,0.0872,1,0,3,45,42,11,0.9333,384,392,1.0208,10,23,0.6,0.8,11,8,5,27,18,3,0.6667,0.4444,3,14,6,7,1.0,0.4815,1.0,1.6471,0.2353,17,1738.78,1580.77,158.01,27,137,100,0.7299,433,334,0.7714,5,Tuesday,0.7527,0,0,0,1,1,3
2017-05-10_Real_Madrid_Atletico_Madrid_851,2017-05-10,2016/17,Real Madrid,Atletico Madrid,UEFA Champions League,continental_club,A,0,0.94,32.258,11782,850,593,191,407,0.6976,8,0,2,5,4,9,12,20,0,3,1.8,1.2,1.0,0.8,0.6,0.4,1.6458,0.061,2,0,8,46,45,11,0.9783,385,395,1.026,12,25,0.8,0.8,13,7,5,28,21,3,0.75,0.4643,6,15,6,7,0.9643,0.4643,0.9444,1.7222,0.2222,18,1744.53,1575.03,169.5,28,138,103,0.7464,387,242,0.6253,5,Wednesday,0.7747,0,0,0,0,0,0
2017-05-14_Real_Madrid_Sevilla_852,2017-05-14,2016/17,Real Madrid,Sevilla,La Liga,domestic_league,H,0,0.78,32.269,11786,851,593,191,407,0.6968,4,1,2,5,4,7,12,19,0,1,1.4,1.2,0.95,0.6,0.6,0.4,1.152,0.0427,0,1,12,47,45,11,0.9574,386,395,1.0233,9,22,0.6,0.6,12,8,5,16,23,0,1.4375,0.6875,2,12,0,4,0.75,0.25,1.5,3.1667,0.0833,12,1730.0,1516.16,213.84,16,262,280,1.0687,434,337,0.7765,5,Sunday,0.7857,0,0,0,1,1,2
2017-05-17_Real_Madrid_Celta_Vigo_853,2017-05-17,2016/17,Real Madrid,Celta Vigo,La Liga,domestic_league,A,0,0.78,32.2772,11789,852,595,191,405,0.6984,3,2,2,6,5,6,12,20,0,1,1.2,1.2,1.0,0.6,0.6,0.4,1.4064,0.0299,1,0,3,48,47,11,0.9792,387,397,1.0258,9,22,0.6,0.6,12,7,5,11,18,2,1.6364,0.8182,5,8,1,2,0.6364,0.2727,0.7143,3.4286,0.0,7,1734.52,1505.72,228.8,11,263,282,1.0722,388,242,0.6237,5,Wednesday,0.794,0,0,0,1,1,2
2017-05-21_Real_Madrid_Malaga_854,2017-05-21,2016/17,Real Madrid,Malaga,La Liga,domestic_league,A,0,0.78,32.2881,11793,853,597,191,403,0.6999,4,2,3,6,4,8,13,21,0,1,1.6,1.3,1.05,0.8,0.6,0.5,1.5845,0.0209,2,0,4,49,49,11,1.0,388,399,1.0284,12,22,0.8,0.8,14,5,5,17,15,9,0.8824,0.5294,1,12,4,1,0.4118,0.2941,0.8462,2.6923,0.0769,13,1738.75,1489.45,249.29,17,264,284,1.0758,389,244,0.6272,5,Sunday,0.8049,0,1,0,1,0,1
2017-06-03_Real_Madrid_Juventus_855,2017-06-03,2016/17,Real Madrid,Juventus,UEFA Champions League,continental_club,A,0,0.94,32.3237,11806,854,598,191,402,0.7002,13,0,1,4,5,8,14,22,0,0,1.6,1.4,1.1,0.8,0.7,0.5,1.4092,0.0146,3,0,13,50,50,11,1.0,389,400,1.0283,12,22,0.8,0.8,14,4,5,4,5,1,1.25,1.0,3,1,2,1,1.25,0.75,1.5,1.5,0.0,4,1742.59,1523.01,219.58,4,139,103,0.741,390,245,0.6282,6,Saturday,0.8407,0,1,0,1,1,2
2017-06-09_Portugal_Latvia_856,2017-06-09,2016/17,Portugal,Latvia,World Cup - Qualification Europe,international,A,1,0.76,32.3402,11812,855,600,191,400,0.7018,6,1,1,5,5,7,16,24,0,0,1.4,1.6,1.2,0.8,0.8,0.6,1.5864,0.0103,4,0,6,51,52,11,1.0196,146,76,0.5205,12,27,0.8,0.8,15,6,5,3,3,1,1.0,0.6667,3,3,0,0,0.0,0.0,1.0,4.0,0.0,1,1686.71,1478.98,207.73,3,33,24,0.7273,391,247,0.6317,6,Friday,0.8571,0,1,0,1,1,2
2017-06-18_Portugal_Mexico_857,2017-06-18,2016/17,Portugal,Mexico,Confederations Cup,international,H,1,0.72,32.3648,11821,856,602,192,398,0.7033,9,0,1,3,5,9,16,25,1,1,1.8,1.6,1.25,1.0,0.8,0.6,1.7105,0.3072,5,0,9,52,54,12,1.0385,147,78,0.5306,12,27,0.8,0.8,14,5,5,0,0,0,,,0,0,0,0,,,,,,0,1691.35,1500.0,191.35,0,0,0,,435,339,0.7793,6,Sunday,0.8819,0,1,0,0,0,0
2017-06-21_Portugal_Russia_858,2017-06-21,2016/17,Portugal,Russia,Confederations Cup,international,A,1,0.72,32.373,11824,857,602,193,398,0.7025,3,1,2,3,4,7,13,24,2,2,1.4,1.3,1.2,0.8,0.7,0.5,1.1973,0.515,0,1,12,53,54,13,1.0189,148,78,0.527,10,25,0.6,0.8,14,7,5,5,2,2,0.4,0.2,0,3,1,1,0.8,0.4,,,,0,1686.34,1492.15,194.2,5,1,0,0.0,392,249,0.6352,6,Wednesday,0.8901,0,1,0,1,0,1
2017-06-24_Portugal_New_Zealand_859,2017-06-24,2016/17,Portugal,New Zealand,Confederations Cup,international,A,1,0.72,32.3812,11827,858,603,193,397,0.7028,3,2,2,4,3,6,14,23,2,2,1.2,1.4,1.15,0.8,0.8,0.5,1.1381,0.3605,1,0,3,54,55,13,1.0185,149,79,0.5302,10,25,0.6,0.8,11,5,5,0,0,0,,,0,0,0,0,,,,,,0,1691.27,1500.0,191.27,0,2,1,0.5,393,250,0.6361,6,Saturday,0.8984,0,1,0,1,0,1
2017-06-28_Portugal_Chile_860,2017-06-28,2016/17,Portugal,Chile,Confederations Cup,international,H,1,0.72,32.3922,11831,859,604,193,396,0.7031,4,2,3,5,2,6,14,24,2,2,1.2,1.4,1.2,0.8,0.8,0.5,1.0967,0.2524,2,0,4,55,56,13,1.0182,150,80,0.5333,10,25,0.6,0.8,12,5,5,0,0,0,,,0,0,0,0,,,,,,0,1696.26,1500.0,196.26,0,3,2,0.6667,436,339,0.7775,6,Wednesday,0.9093,0,1,0,0,0,0
2017-08-08_Real_Madrid_Manchester_United_861,2017-08-08,2017/18,Real Madrid,Manchester United,UEFA Super Cup,domestic_or_other_cup,H,0,0.82,32.5044,11872,860,604,193,396,0.7023,41,0,0,0,2,4,11,23,2,2,0.8,1.1,1.15,0.6,0.7,0.4,0.7677,0.1767,0,1,45,0,0,0,,390,402,1.0308,12,24,0.8,0.8,15,5,5,2,2,0,1.0,1.0,2,1,1,0,0.5,0.5,1.0,1.5,0.0,2,1747.0,1723.02,23.98,292,1,2,2.0,437,339,0.7757,8,Tuesday,0.0192,1,0,0,0,0,0
2017-08-13_Real_Madrid_Barcelona_862,2017-08-13,2017/18,Real Madrid,Barcelona,Supercopa de Espana,domestic_or_other_cup,A,0,0.82,32.5181,11877,861,604,193,396,0.7015,5,1,1,1,1,2,11,23,1,2,0.4,1.1,1.15,0.4,0.7,0.4,0.5374,0.1237,0,2,50,1,0,0,0.0,391,402,1.0281,15,24,1.0,1.0,16,4,5,30,16,1,0.5333,0.4667,1,8,8,14,1.6667,0.7333,1.7667,1.3333,0.2333,30,1756.31,1671.98,84.33,30,6,3,0.5,394,251,0.6371,8,Sunday,0.033,1,0,0,1,0,1
2017-08-31_Portugal_Faroe_Islands_863,2017-08-31,2017/18,Portugal,Faroe Islands,World Cup - Qualification Europe,international,H,1,0.76,32.5674,11895,862,605,193,395,0.7019,18,0,0,2,1,3,10,22,0,2,0.6,1.0,1.1,0.6,0.7,0.3,0.6762,0.0866,1,0,18,2,1,0,0.5,151,80,0.5298,10,22,0.6,0.8,10,2,5,1,1,0,1.0,1.0,1,1,0,0,0.0,0.0,0.0,6.0,0.0,1,1681.15,1494.7,186.45,1,34,26,0.7647,438,339,0.774,8,Thursday,0.0824,1,0,0,1,1,3
2017-09-03_Portugal_Hungary_864,2017-09-03,2017/18,Portugal,Hungary,World Cup - Qualification Europe,international,A,1,0.76,32.5756,11898,863,608,194,392,0.7045,3,1,1,3,4,5,11,24,1,3,1.0,1.1,1.2,0.6,0.7,0.3,1.3733,0.3606,2,0,3,3,4,1,1.3333,152,83,0.5461,10,22,0.6,0.8,12,3,5,4,4,1,1.0,0.5,4,3,1,0,0.25,0.25,1.5,3.0,0.0,2,1686.24,1486.97,199.27,4,35,29,0.8286,395,252,0.638,9,Sunday,0.0907,1,0,0,0,0,0
2017-09-13_Real_Madrid_Apoel_Nicosia_865,2017-09-13,2017/18,Real Madrid,Apoel Nicosia,UEFA Champions League,continental_club,H,0,0.94,32.603,11908,864,608,195,392,0.7037,10,0,2,2,4,4,10,24,2,4,0.8,1.0,1.2,0.4,0.6,0.3,0.9613,0.5524,0,1,13,4,4,2,1.0,392,403,1.0281,15,24,1.0,1.0,15,4,5,2,2,0,1.0,0.5,2,2,0,0,0.0,0.0,1.0,4.0,0.0,2,1763.93,1493.24,270.69,2,140,105,0.75,439,342,0.779,9,Wednesday,0.1181,1,0,0,1,1,2
2017-09-20_Real_Madrid_Real_Betis_866,2017-09-20,2017/18,Real Madrid,Real Betis,La Liga,domestic_league,H,0,0.78,32.6222,11915,865,610,195,390,0.7052,7,1,1,3,5,6,10,26,2,4,1.2,1.0,1.3,0.6,0.6,0.3,1.2729,0.3867,1,0,7,5,6,2,1.2,393,405,1.0305,15,27,1.0,1.0,14,3,5,10,5,5,0.5,0.4,2,8,1,1,0.4,0.2,0.9,3.1,0.1,10,1767.41,1489.65,277.76,10,265,285,1.0755,440,344,0.7818,9,Wednesday,0.1374,1,0,0,0,0,0
2017-09-23_Real_Madrid_Alaves_867,2017-09-23,2017/18,Real Madrid,Alaves,La Liga,domestic_league,A,0,0.78,32.6304,11918,866,610,195,390,0.7044,3,1,2,4,2,6,8,24,2,3,1.2,0.8,1.2,0.6,0.5,0.2,0.891,0.2707,0,1,10,6,6,2,1.0,394,405,1.0279,12,24,0.8,0.8,12,4,5,2,3,1,1.5,0.5,3,2,0,0,0.0,0.0,0.5,3.5,0.0,2,1750.77,1492.29,258.48,2,266,285,1.0714,396,252,0.6364,9,Saturday,0.1456,1,0,0,0,0,0
2017-09-26_Real_Madrid_Borussia_Dortmund_868,2017-09-26,2017/18,Real Madrid,Borussia Dortmund,UEFA Champions League,continental_club,A,0,0.94,32.6386,11921,867,610,195,390,0.7036,3,2,3,5,2,5,8,21,2,2,1.0,0.8,1.05,0.4,0.5,0.2,0.6237,0.1895,0,2,13,7,6,2,0.8571,395,405,1.0253,12,24,0.8,0.8,10,4,5,7,4,0,0.5714,0.5714,2,2,3,2,1.2857,0.7143,1.7143,1.8571,0.0,7,1754.45,1539.73,214.73,7,141,107,0.7589,397,252,0.6348,9,Tuesday,0.1538,1,0,0,1,1,2
2017-10-01_Real_Madrid_Espanyol_869,2017-10-01,2017/18,Real Madrid,Espanyol,La Liga,domestic_league,H,0,0.78,32.6523,11926,868,612,195,388,0.7051,5,1,3,5,2,4,9,23,1,2,0.8,0.9,1.15,0.4,0.5,0.3,1.0366,0.1326,1,0,5,8,8,2,1.0,396,407,1.0278,12,27,0.8,0.8,11,4,5,15,15,8,1.0,0.4667,8,13,2,0,0.1333,0.1333,0.3333,3.1667,0.0,12,1758.96,1458.06,300.89,15,267,285,1.0674,441,344,0.78,10,Sunday,0.1676,1,0,0,0,0,0
2017-10-07_Portugal_andorra_870,2017-10-07,2017/18,Portugal,andorra,World Cup - Qualification Europe,international,A,1,0.76,32.6687,11932,869,612,196,388,0.7043,6,1,3,5,2,4,8,22,1,3,0.8,0.8,1.1,0.4,0.4,0.3,0.7256,0.3928,0,1,11,9,8,3,0.8889,153,83,0.5425,12,22,0.8,0.8,11,1,5,1,4,0,4.0,1.0,4,1,0,0,0.0,0.0,0.0,6.0,0.0,1,1691.06,1494.58,196.48,1,36,29,0.8056,398,254,0.6382,10,Saturday,0.1841,1,0,0,1,0,1
2017-10-10_Portugal_Switzerland_871,2017-10-10,2017/18,Portugal,Switzerland,World Cup - Qualification Europe,international,H,1,0.76,32.6769,11935,870,613,196,387,0.7046,3,1,3,6,3,3,9,20,1,3,0.6,0.9,1.0,0.4,0.5,0.3,0.8079,0.275,1,0,3,10,9,3,0.9,154,84,0.5455,12,22,0.8,0.8,12,1,5,0,0,0,,,0,0,0,0,,,,,,0,1695.94,1500.0,195.94,0,37,30,0.8108,442,344,0.7783,10,Tuesday,0.1923,1,0,0,0,0,0
2017-10-14_Real_Madrid_Getafe_872,2017-10-14,2017/18,Real Madrid,Getafe,La Liga,domestic_league,A,0,0.78,32.6879,11939,871,613,196,387,0.7038,4,2,3,6,1,3,9,20,1,3,0.6,0.9,1.0,0.4,0.5,0.3,0.5656,0.1925,0,1,7,11,9,3,0.8182,397,407,1.0252,12,27,0.8,0.8,10,3,5,12,20,2,1.6667,0.8333,5,11,0,1,0.25,0.0833,1.0909,3.6364,0.0,11,1761.96,1471.21,290.76,12,268,285,1.0634,399,255,0.6391,10,Saturday,0.2033,0,0,0,1,0,1
2017-10-17_Real_Madrid_Tottenham_873,2017-10-17,2017/18,Real Madrid,Tottenham,UEFA Champions League,continental_club,H,0,0.94,32.6961,11942,872,614,196,386,0.7041,3,2,3,7,2,4,9,19,1,3,0.8,0.9,0.95,0.6,0.5,0.3,0.6959,0.1347,1,0,3,12,10,3,0.8333,398,408,1.0251,12,27,0.8,0.8,9,4,5,0,0,0,,,0,0,0,0,,,,,,0,1765.12,1500.0,265.12,0,142,109,0.7676,443,344,0.7765,10,Tuesday,0.2115,0,0,0,1,0,1
2017-10-22_Real_Madrid_Eibar_874,2017-10-22,2017/18,Real Madrid,Eibar,La Liga,domestic_league,H,0,0.78,32.7098,11947,873,615,196,385,0.7045,5,1,3,7,2,3,7,18,1,2,0.6,0.7,0.9,0.6,0.5,0.2,0.7871,0.0943,2,0,5,13,11,3,0.8462,399,409,1.0251,13,25,0.8,1.0,10,4,5,5,5,4,1.0,0.8,2,4,1,0,0.2,0.2,0.2,2.8,0.0,5,1758.69,1490.39,268.31,5,269,286,1.0632,444,345,0.777,10,Sunday,0.2253,0,0,0,0,0,0
2017-10-29_Real_Madrid_Girona_875,2017-10-29,2017/18,Real Madrid,Girona,La Liga,domestic_league,A,0,0.78,32.7289,11954,874,615,196,385,0.7037,7,1,2,6,2,3,7,17,0,1,0.6,0.7,0.85,0.6,0.5,0.2,0.551,0.066,0,1,12,14,11,3,0.7857,400,409,1.0225,13,25,0.8,1.0,11,3,5,0,0,0,,,0,0,0,0,,,,,,0,1762.21,1500.0,262.21,0,270,286,1.0593,400,256,0.64,10,Sunday,0.2445,0,0,0,0,0,0
2017-11-01_Real_Madrid_Tottenham_876,2017-11-01,2017/18,Real Madrid,Tottenham,UEFA Champions League,continental_club,A,0,0.94,32.7372,11957,875,615,196,385,0.7029,3,1,2,6,1,2,5,15,0,1,0.4,0.5,0.75,0.4,0.4,0.1,0.3857,0.0462,0,2,15,15,11,3,0.7333,401,409,1.02,10,22,0.6,0.8,9,4,5,1,1,0,1.0,1.0,1,0,1,0,1.0,1.0,1.0,1.0,0.0,1,1745.83,1506.43,239.4,1,143,110,0.7692,401,256,0.6384,11,Wednesday,0.2527,0,0,0,1,0,1
2017-11-05_Real_Madrid_Las_Palmas_877,2017-11-05,2017/18,Real Madrid,Las Palmas,La Liga,domestic_league,H,0,0.78,32.7481,11961,876,616,196,384,0.7032,4,2,3,7,1,3,6,14,0,1,0.6,0.6,0.7,0.6,0.5,0.1,0.57,0.0324,1,0,4,16,12,3,0.75,402,410,1.0199,7,19,0.4,0.6,8,7,5,4,3,0,0.75,0.5,2,2,2,0,0.5,0.5,1.75,2.5,0.0,4,1729.86,1504.1,225.75,4,271,286,1.0554,445,345,0.7753,11,Sunday,0.2637,0,0,0,0,0,0
2017-11-18_Real_Madrid_Atletico_Madrid_878,2017-11-18,2017/18,Real Madrid,Atletico Madrid,La Liga,domestic_league,A,0,0.78,32.7837,11974,877,616,197,384,0.7024,13,0,1,4,1,2,6,14,1,2,0.4,0.6,0.7,0.4,0.5,0.1,0.399,0.3226,0,1,17,17,12,4,0.7059,403,410,1.0174,7,19,0.4,0.6,9,6,5,29,21,3,0.7241,0.4483,3,15,6,8,1.0345,0.4828,1.0,1.6842,0.2105,19,1734.14,1589.55,144.59,29,272,286,1.0515,402,257,0.6393,11,Saturday,0.2995,0,0,0,0,0,0
2017-11-21_Real_Madrid_Apoel_Nicosia_879,2017-11-21,2017/18,Real Madrid,Apoel Nicosia,UEFA Champions League,continental_club,A,0,0.94,32.7919,11977,878,616,197,384,0.7016,3,1,1,5,1,1,4,13,1,2,0.2,0.4,0.65,0.2,0.4,0.0,0.2793,0.2259,0,2,20,18,12,4,0.6667,404,410,1.0149,7,20,0.4,0.6,8,5,5,3,4,0,1.3333,0.6667,4,3,0,0,0.0,0.0,0.6667,3.6667,0.0,3,1730.21,1489.77,240.44,3,144,111,0.7708,403,257,0.6377,11,Tuesday,0.3077,0,0,0,1,1,2
2017-11-25_Real_Madrid_Malaga_880,2017-11-25,2017/18,Real Madrid,Malaga,La Liga,domestic_league,H,0,0.78,32.8029,11981,879,618,198,382,0.7031,4,2,2,5,2,3,6,14,2,2,0.6,0.6,0.7,0.4,0.5,0.1,0.7955,0.4581,1,0,4,19,14,5,0.7368,405,412,1.0173,7,20,0.4,0.6,11,5,5,18,16,9,0.8889,0.5556,2,13,4,1,0.3889,0.2778,0.7857,2.6429,0.0714,14,1734.21,1485.61,248.61,18,273,286,1.0476,446,345,0.7735,11,Saturday,0.3187,0,0,0,1,0,1
2017-12-02_Real_Madrid_Athletic_Club_881,2017-12-02,2017/18,Real Madrid,Athletic Club,La Liga,domestic_league,A,0,0.78,32.822,11988,880,619,198,381,0.7034,7,1,3,4,3,4,6,15,2,2,0.8,0.6,0.75,0.6,0.5,0.1,0.8569,0.3207,2,0,7,20,15,5,0.75,406,413,1.0172,10,20,0.6,0.8,13,5,5,16,16,7,1.0,0.5625,2,13,1,2,0.4375,0.1875,0.7857,3.0,0.0714,14,1738.07,1482.93,255.14,16,274,287,1.0474,404,259,0.6411,12,Saturday,0.3379,0,0,1,0,0,0
2017-12-06_Real_Madrid_Borussia_Dortmund_882,2017-12-06,2017/18,Real Madrid,Borussia Dortmund,UEFA Champions League,continental_club,H,0,0.94,32.833,11992,881,619,198,381,0.7026,4,1,2,4,3,3,6,15,2,2,0.6,0.6,0.75,0.4,0.5,0.1,0.5998,0.2245,0,1,11,21,15,5,0.7143,407,413,1.0147,11,18,0.6,1.0,12,2,5,8,6,0,0.75,0.625,3,3,3,2,1.125,0.625,1.625,2.0,0.0,8,1731.81,1535.22,196.59,8,145,113,0.7793,447,346,0.774,12,Wednesday,0.3489,0,0,1,1,0,1
2017-12-09_Real_Madrid_Sevilla_883,2017-12-09,2017/18,Real Madrid,Sevilla,La Liga,domestic_league,H,0,0.78,32.8412,11995,882,620,198,380,0.7029,3,2,3,5,2,4,6,15,1,2,0.8,0.6,0.75,0.6,0.5,0.1,0.7199,0.1571,1,0,3,22,16,5,0.7273,408,414,1.0147,11,18,0.6,1.0,12,4,5,17,25,0,1.4706,0.7059,4,13,0,4,0.7059,0.2353,1.4615,3.2308,0.0769,13,1736.69,1511.64,225.05,17,275,287,1.0436,448,347,0.7746,12,Saturday,0.3571,0,0,1,1,1,2
2017-12-13_Portugal_Al-Jazira_884,2017-12-13,2017/18,Portugal,Al-Jazira,FIFA Club World Cup,international,A,1,1.0,32.8521,11999,883,622,198,378,0.7044,4,2,3,6,3,6,7,14,1,2,1.2,0.7,0.7,0.8,0.5,0.2,1.1039,0.11,2,0,4,23,18,5,0.7826,155,84,0.5419,12,22,0.8,0.8,10,1,5,0,0,0,,,0,0,0,0,,,,,,0,1700.83,1500.0,200.83,0,6,5,0.8333,405,259,0.6395,12,Wednesday,0.3681,0,0,1,1,0,1
2017-12-16_Portugal_Gremio_885,2017-12-16,2017/18,Portugal,Gremio,FIFA Club World Cup,international,H,1,1.0,32.8604,12002,884,623,198,377,0.7048,3,2,4,7,4,5,8,15,0,2,1.0,0.8,0.75,0.8,0.6,0.2,1.0727,0.077,3,0,3,24,19,5,0.7917,156,85,0.5449,15,25,1.0,1.0,12,2,5,0,0,0,,,0,0,0,0,,,,,,0,1705.62,1500.0,205.62,0,7,6,0.8571,449,349,0.7773,12,Saturday,0.3764,0,0,1,1,0,1
2017-12-23_Real_Madrid_Barcelona_886,2017-12-23,2017/18,Real Madrid,Barcelona,La Liga,domestic_league,H,0,0.78,32.8795,12009,885,624,198,376,0.7051,7,1,3,6,4,5,9,14,0,2,1.0,0.9,0.7,0.8,0.7,0.2,1.0509,0.0539,4,0,7,25,20,5,0.8,409,416,1.0171,13,20,0.8,1.0,17,4,5,31,17,1,0.5484,0.4839,1,9,8,14,1.6129,0.7097,1.7419,1.3871,0.2258,31,1740.99,1664.36,76.63,31,276,289,1.0471,450,350,0.7778,12,Saturday,0.3956,0,0,1,0,0,0
2018-01-07_Real_Madrid_Celta_Vigo_887,2018-01-07,2017/18,Real Madrid,Celta Vigo,La Liga,domestic_league,A,0,0.78,32.9206,12024,886,624,198,376,0.7043,15,0,0,4,2,5,8,14,0,2,1.0,0.8,0.7,0.8,0.6,0.2,0.7356,0.0377,0,1,22,26,20,5,0.7692,410,416,1.0146,10,17,0.6,0.8,11,7,5,12,20,2,1.6667,0.8333,3,9,1,2,0.5833,0.25,0.75,3.5,0.0,8,1728.82,1501.5,227.32,12,277,289,1.0433,406,260,0.6404,1,Sunday,0.4368,0,0,1,0,0,0
2018-01-13_Real_Madrid_Villarreal_888,2018-01-13,2017/18,Real Madrid,Villarreal,La Liga,domestic_league,H,0,0.78,32.937,12030,887,624,198,376,0.7035,6,1,1,3,1,4,8,14,0,1,0.8,0.8,0.7,0.6,0.6,0.2,0.5149,0.0264,0,2,28,27,20,5,0.7407,411,416,1.0122,8,18,0.4,0.8,10,7,5,17,12,3,0.7059,0.5294,1,8,8,1,0.6471,0.5294,1.0,2.0909,0.0909,11,1723.07,1515.62,207.46,17,278,289,1.0396,451,350,0.7761,1,Saturday,0.4533,0,0,1,0,0,0
2018-01-21_Real_Madrid_Deportivo_La_Coruna_889,2018-01-21,2017/18,Real Madrid,Deportivo La Coruna,La Liga,domestic_league,H,0,0.78,32.9589,12038,888,624,198,376,0.7027,8,0,2,3,0,2,8,12,0,1,0.4,0.8,0.6,0.4,0.6,0.2,0.3605,0.0185,0,3,36,28,20,5,0.7143,412,416,1.0097,7,18,0.4,0.6,10,8,5,9,11,4,1.2222,0.5556,2,8,1,0,0.1111,0.1111,0.625,3.75,0.125,8,1707.72,1468.26,239.46,9,279,289,1.0358,452,350,0.7743,1,Sunday,0.4753,0,0,1,1,1,2
2018-01-27_Real_Madrid_Valencia_890,2018-01-27,2017/18,Real Madrid,Valencia,La Liga,domestic_league,A,0,0.78,32.9754,12044,889,626,199,374,0.7042,6,1,2,3,2,3,8,14,1,1,0.6,0.8,0.7,0.4,0.6,0.2,0.8523,0.3129,1,0,6,29,22,6,0.7586,413,418,1.0121,7,18,0.4,0.6,14,7,5,17,13,3,0.7647,0.5882,4,9,6,2,0.7059,0.4706,1.5,2.3571,0.0714,14,1711.75,1529.66,182.09,17,280,291,1.0393,407,260,0.6388,1,Saturday,0.4918,0,0,1,1,1,2
2018-02-03_Real_Madrid_Levante_891,2018-02-03,2017/18,Real Madrid,Levante,La Liga,domestic_league,A,0,0.78,32.9945,12051,890,628,199,372,0.7056,7,1,2,4,4,4,9,15,1,1,0.8,0.9,0.75,0.4,0.6,0.3,1.1966,0.2191,2,0,7,30,24,6,0.8,414,420,1.0145,7,20,0.4,0.6,13,8,5,13,13,8,1.0,0.6154,2,11,1,1,0.3077,0.1538,0.6667,2.6667,0.1667,12,1716.94,1476.47,240.47,13,281,293,1.0427,408,262,0.6422,2,Saturday,0.511,0,0,0,0,0,0
2018-02-10_Real_Madrid_Real_Sociedad_892,2018-02-10,2017/18,Real Madrid,Real Sociedad,La Liga,domestic_league,H,0,0.78,33.0137,12058,891,628,199,372,0.7048,7,1,2,4,4,4,9,15,1,1,0.8,0.9,0.75,0.4,0.6,0.3,0.8376,0.1533,0,1,14,31,24,6,0.7742,415,420,1.012,8,18,0.4,0.8,15,7,5,8,12,3,1.5,0.75,6,8,0,0,0.0,0.0,1.0,3.375,0.0,8,1710.95,1467.27,243.68,8,282,293,1.039,453,352,0.777,2,Saturday,0.5302,0,0,0,1,1,3
2018-02-14_Real_Madrid_Paris_Saint_Germain_893,2018-02-14,2017/18,Real Madrid,Paris Saint Germain,UEFA Champions League,continental_club,H,0,0.94,33.0246,12062,892,631,200,369,0.7074,4,1,2,4,5,7,11,17,2,2,1.4,1.1,0.85,0.6,0.6,0.4,1.4863,0.4073,1,0,4,32,27,7,0.8438,416,423,1.0168,10,18,0.6,0.8,18,7,5,2,0,0,0.0,0.0,0,1,1,0,0.5,0.5,0.0,0.5,0.5,2,1714.89,1501.73,213.16,2,146,114,0.7808,454,355,0.7819,2,Wednesday,0.5412,0,0,0,1,1,2
2018-02-18_Real_Madrid_Real_Betis_894,2018-02-18,2017/18,Real Madrid,Real Betis,La Liga,domestic_league,A,0,0.78,33.0356,12066,893,633,200,367,0.7088,4,1,2,5,5,9,11,18,2,2,1.8,1.1,0.9,0.8,0.6,0.4,1.6404,0.2851,2,0,4,33,29,7,0.8788,417,425,1.0192,13,20,0.8,1.0,21,7,5,11,5,5,0.4545,0.3636,2,8,1,2,0.6364,0.2727,0.9091,2.8182,0.1818,11,1719.43,1506.29,213.14,11,283,296,1.0459,409,262,0.6406,2,Sunday,0.5522,0,0,0,1,0,1
2018-02-24_Real_Madrid_Alaves_895,2018-02-24,2017/18,Real Madrid,Alaves,La Liga,domestic_league,H,0,0.78,33.052,12072,894,634,200,366,0.7092,6,1,3,5,6,8,11,19,1,2,1.6,1.1,0.95,0.8,0.6,0.4,1.4483,0.1996,3,0,6,34,30,7,0.8824,418,426,1.0191,13,20,0.8,1.0,19,9,5,3,3,1,1.0,0.3333,3,3,0,0,0.0,0.0,0.6667,3.0,0.0,3,1723.96,1488.61,235.36,3,284,297,1.0458,455,357,0.7846,2,Saturday,0.5687,0,0,0,1,1,2
2018-03-03_Real_Madrid_Getafe_896,2018-03-03,2017/18,Real Madrid,Getafe,La Liga,domestic_league,H,0,0.78,33.0712,12079,895,636,200,364,0.7106,7,1,2,5,5,8,12,21,1,2,1.6,1.2,1.05,0.8,0.6,0.5,1.6138,0.1397,4,0,7,35,32,7,0.9143,419,428,1.0215,13,20,0.8,1.0,19,8,5,13,21,2,1.6154,0.8462,3,12,0,1,0.2308,0.0769,1.0833,3.5,0.0,12,1728.06,1468.05,260.02,13,285,299,1.0491,456,359,0.7873,3,Saturday,0.5879,0,0,0,1,1,2
2018-03-06_Real_Madrid_Paris_Saint_Germain_897,2018-03-06,2017/18,Real Madrid,Paris Saint Germain,UEFA Champions League,continental_club,A,0,0.94,33.0794,12082,896,638,200,362,0.7121,3,1,2,5,5,10,14,22,1,2,2.0,1.4,1.1,1.0,0.7,0.6,1.7297,0.0978,5,0,3,36,34,7,0.9444,420,430,1.0238,15,23,1.0,1.0,20,7,5,3,2,0,0.6667,0.3333,2,2,1,0,0.3333,0.3333,0.3333,1.3333,0.3333,3,1731.72,1497.2,234.52,3,147,116,0.7891,410,263,0.6415,3,Tuesday,0.5962,0,0,0,1,0,1
2018-03-10_Real_Madrid_Eibar_898,2018-03-10,2017/18,Real Madrid,Eibar,La Liga,domestic_league,A,0,0.78,33.0903,12086,897,639,201,361,0.7124,4,2,3,6,5,8,15,23,1,3,1.6,1.5,1.15,1.0,0.8,0.6,1.5108,0.3685,6,0,4,37,35,8,0.9459,421,431,1.0238,15,25,1.0,1.0,17,6,5,6,5,4,0.8333,0.6667,1,5,1,0,0.1667,0.1667,0.1667,2.8333,0.0,6,1735.84,1486.87,248.97,6,286,301,1.0524,411,264,0.6423,3,Saturday,0.6071,0,0,0,1,1,2
2018-03-18_Real_Madrid_Girona_899,2018-03-18,2017/18,Real Madrid,Girona,La Liga,domestic_league,H,0,0.78,33.1122,12094,898,641,201,359,0.7138,8,0,2,5,5,8,17,25,1,3,1.6,1.7,1.25,1.0,0.9,0.7,1.6575,0.2579,7,0,8,38,37,8,0.9737,422,433,1.0261,15,28,1.0,1.0,16,6,5,1,0,0,0.0,0.0,0,0,0,1,3.0,1.0,2.0,1.0,0.0,1,1739.69,1516.38,223.31,1,287,303,1.0557,457,361,0.7899,3,Sunday,0.6291,0,0,0,1,1,4
2018-03-23_Portugal_Egypt_900,2018-03-23,2017/18,Portugal,Egypt,International Friendly,international,H,1,0.35,33.1259,12099,899,645,202,355,0.7175,5,1,2,5,7,11,19,27,2,3,2.2,1.9,1.35,1.0,0.9,0.7,2.3603,0.4805,8,0,5,39,41,9,1.0513,157,86,0.5478,15,25,1.0,1.0,8,1,5,0,0,0,,,0,0,0,0,,,,,,0,1710.31,1500.0,210.31,0,44,15,0.3409,458,365,0.7969,3,Friday,0.6429,0,0,0,1,1,2
2018-03-26_Portugal_Netherlands_901,2018-03-26,2017/18,Portugal,Netherlands,International Friendly,international,H,1,0.35,33.1342,12102,900,647,202,353,0.7189,3,1,2,6,8,11,19,28,2,3,2.2,1.9,1.4,1.0,0.9,0.7,2.2522,0.3364,9,0,3,40,43,9,1.075,158,88,0.557,15,27,1.0,1.0,9,2,5,4,4,1,1.0,0.75,3,3,1,0,0.25,0.25,1.0,2.0,0.0,1,1714.9,1482.69,232.21,4,45,17,0.3778,459,367,0.7996,3,Monday,0.6511,0,0,0,0,0,0
2018-04-03_Real_Madrid_Juventus_902,2018-04-03,2017/18,Real Madrid,Juventus,UEFA Champions League,continental_club,A,0,0.94,33.1561,12110,901,647,202,353,0.7181,8,0,2,5,6,9,19,28,2,3,1.8,1.9,1.4,0.8,0.9,0.7,1.5765,0.2355,0,1,11,41,43,9,1.0488,423,437,1.0331,15,28,1.0,1.0,17,6,5,5,7,1,1.4,1.0,4,2,2,1,1.0,0.6,1.4,2.0,0.0,5,1744.02,1518.61,225.42,5,148,117,0.7905,412,266,0.6456,4,Tuesday,0.6731,0,0,0,1,1,2
2018-04-08_Real_Madrid_Atletico_Madrid_903,2018-04-08,2017/18,Real Madrid,Atletico Madrid,La Liga,domestic_league,H,0,0.78,33.1697,12115,902,649,203,351,0.7195,5,1,2,5,4,10,18,29,2,3,2.0,1.8,1.45,0.8,0.9,0.7,1.7036,0.4648,1,0,5,42,45,10,1.0714,424,439,1.0354,15,28,1.0,1.0,16,6,5,30,21,3,0.7,0.4333,3,15,7,8,1.0333,0.5,0.95,1.6,0.25,20,1748.32,1593.49,154.83,30,288,307,1.066,460,367,0.7978,4,Sunday,0.6868,0,0,0,1,0,1
2018-04-11_Real_Madrid_Juventus_904,2018-04-11,2017/18,Real Madrid,Juventus,UEFA Champions League,continental_club,H,0,0.94,33.178,12118,903,650,203,350,0.7198,3,1,2,5,3,9,17,28,2,3,1.8,1.7,1.4,0.8,0.9,0.6,1.4925,0.3254,2,0,3,43,46,10,1.0698,425,440,1.0353,13,28,0.8,1.0,14,6,5,6,9,2,1.5,1.0,5,3,2,1,0.8333,0.5,1.1667,2.1667,0.0,6,1744.13,1514.32,229.82,6,149,119,0.7987,461,368,0.7983,4,Wednesday,0.6951,0,0,0,1,0,1
2018-04-18_Real_Madrid_Athletic_Club_905,2018-04-18,2017/18,Real Madrid,Athletic Club,La Liga,domestic_league,H,0,0.78,33.1971,12125,904,651,203,349,0.7201,7,1,2,5,4,6,17,28,1,3,1.2,1.7,1.4,0.8,0.9,0.6,1.3448,0.2278,3,0,7,44,47,10,1.0682,426,441,1.0352,10,25,0.6,0.8,13,8,5,17,16,7,0.9412,0.5294,0,13,2,2,0.4706,0.2353,0.7333,2.8,0.1333,15,1728.34,1489.19,239.15,17,289,308,1.0657,462,369,0.7987,4,Wednesday,0.7143,0,0,0,1,0,1
2018-04-25_Real_Madrid_Bayern_Munich_906,2018-04-25,2017/18,Real Madrid,Bayern Munich,UEFA Champions League,continental_club,A,0,0.94,33.2163,12132,905,652,203,348,0.7204,7,1,2,5,3,5,16,28,1,3,1.0,1.6,1.4,0.8,0.9,0.5,1.2413,0.1594,4,0,7,45,48,10,1.0667,427,442,1.0351,8,23,0.4,0.8,12,8,5,6,9,1,1.5,0.6667,7,5,0,1,0.5,0.1667,1.1667,2.6667,0.0,6,1722.37,1496.92,225.45,6,150,120,0.8,413,268,0.6489,4,Wednesday,0.7335,0,0,0,0,0,0
2018-05-01_Real_Madrid_Bayern_Munich_907,2018-05-01,2017/18,Real Madrid,Bayern Munich,UEFA Champions League,continental_club,H,0,0.94,33.2327,12138,906,652,203,348,0.7196,6,1,2,5,2,5,14,28,1,3,1.0,1.4,1.4,0.8,0.8,0.4,0.8689,0.1116,0,1,13,46,48,10,1.0435,428,442,1.0327,8,23,0.4,0.8,8,6,5,7,9,1,1.2857,0.5714,5,6,0,1,0.4286,0.1429,1.1429,2.5714,0.0,7,1726.66,1492.63,234.03,7,151,120,0.7947,463,370,0.7991,5,Tuesday,0.75,0,0,0,0,0,0
2018-05-06_Real_Madrid_Barcelona_908,2018-05-06,2017/18,Real Madrid,Barcelona,La Liga,domestic_league,A,0,0.78,33.2464,12143,907,652,203,348,0.7189,5,1,2,5,1,3,13,28,0,2,0.6,1.3,1.4,0.6,0.7,0.4,0.6082,0.0781,0,2,18,47,48,10,1.0213,429,442,1.0303,6,21,0.2,0.8,7,8,5,32,17,1,0.5312,0.4688,1,9,8,15,1.6562,0.7188,1.7812,1.3438,0.25,32,1720.79,1676.53,44.26,32,290,309,1.0655,414,268,0.6473,5,Sunday,0.7637,0,0,0,1,0,1
2018-05-19_Real_Madrid_Villarreal_909,2018-05-19,2017/18,Real Madrid,Villarreal,La Liga,domestic_league,A,0,0.78,33.282,12156,908,653,203,347,0.7192,13,0,1,3,1,3,12,29,0,2,0.6,1.2,1.45,0.6,0.7,0.3,0.7258,0.0547,1,0,13,48,49,10,1.0208,430,443,1.0302,6,19,0.2,0.8,8,9,5,18,12,3,0.6667,0.5,1,8,8,2,0.7778,0.5556,1.0,1.9167,0.1667,12,1719.52,1530.97,188.56,18,291,310,1.0653,415,269,0.6482,5,Saturday,0.7995,0,0,0,1,0,1
2018-05-26_Real_Madrid_Liverpool_910,2018-05-26,2017/18,Real Madrid,Liverpool,UEFA Champions League,continental_club,H,0,0.94,33.3012,12163,909,654,203,346,0.7195,7,1,1,3,2,3,9,28,0,1,0.6,0.9,1.4,0.6,0.7,0.2,0.808,0.0383,2,0,7,49,50,10,1.0204,431,444,1.0302,7,17,0.2,1.0,9,8,5,11,3,1,0.2727,0.2727,2,7,1,3,0.9091,0.3636,0.0,2.0,0.0,2,1714.57,1507.22,207.35,11,152,120,0.7895,464,370,0.7974,5,Saturday,0.8187,0,1,0,0,0,0
2018-06-07_Portugal_Algeria_911,2018-06-07,2017/18,Portugal,Algeria,International Friendly,international,H,1,0.35,33.334,12175,910,654,203,346,0.7187,12,0,1,2,2,2,7,26,0,1,0.4,0.7,1.3,0.4,0.6,0.1,0.5656,0.0268,0,1,19,50,50,10,1.0,159,88,0.5535,12,24,0.8,0.8,7,5,5,0,0,0,,,0,0,0,0,,,,,,0,1699.06,1500.0,199.06,0,46,17,0.3696,465,370,0.7957,6,Thursday,0.8516,0,1,0,0,0,0
2018-06-15_Portugal_Spain_912,2018-06-15,2017/18,Portugal,Spain,World Cup,international,H,1,1.0,33.3559,12183,911,654,204,346,0.7179,8,0,1,3,1,2,7,26,1,2,0.4,0.7,1.3,0.4,0.6,0.1,0.3959,0.3188,0,2,27,51,50,11,0.9804,160,88,0.55,12,24,0.8,0.8,8,5,5,4,0,0,0.0,0.0,0,2,0,2,1.5,0.5,0.5,0.0,1.0,2,1703.89,1512.54,191.35,4,13,3,0.2308,466,370,0.794,6,Friday,0.8736,0,1,0,1,1,3
2018-06-20_Portugal_Morocco_913,2018-06-20,2017/18,Portugal,Morocco,World Cup,international,H,1,1.0,33.3696,12188,912,657,204,343,0.7204,5,1,2,3,3,5,8,26,1,1,1.0,0.8,1.3,0.6,0.6,0.1,1.1772,0.2231,1,0,5,52,53,11,1.0192,161,91,0.5652,10,25,0.6,0.8,9,7,5,0,0,0,,,0,0,0,0,,,,,,0,1698.88,1500.0,198.88,0,14,6,0.4286,467,373,0.7987,6,Wednesday,0.8874,0,1,0,1,0,1
2018-06-25_Portugal_Iran_914,2018-06-25,2017/18,Portugal,Iran,World Cup,international,A,1,1.0,33.3833,12193,913,658,204,342,0.7207,5,1,2,4,4,5,8,25,1,1,1.0,0.8,1.25,0.6,0.6,0.1,1.124,0.1562,2,0,5,53,54,11,1.0189,162,92,0.5679,10,25,0.6,0.8,9,7,5,1,1,0,1.0,1.0,1,1,0,0,0.0,0.0,,,,0,1703.7,1493.55,210.15,1,15,7,0.4667,416,270,0.649,6,Monday,0.9011,0,1,0,0,0,0
2018-06-30_Portugal_Uruguay_915,2018-06-30,2017/18,Portugal,Uruguay,World Cup,international,A,1,1.0,33.397,12198,914,658,204,342,0.7199,5,1,2,4,4,4,7,24,1,1,0.8,0.7,1.2,0.4,0.5,0.1,0.7868,0.1093,0,1,10,54,54,11,1.0,163,92,0.5644,8,23,0.4,0.8,8,7,5,0,0,0,,,0,0,0,0,,,,,,0,1698.3,1500.0,198.3,0,16,7,0.4375,417,270,0.6475,6,Saturday,0.9148,0,1,0,0,0,0
2018-08-18_Juventus_Chievo_916,2018-08-18,2018/19,Juventus,Chievo,Serie A,domestic_league,A,0,0.78,33.5311,12247,915,658,204,342,0.7191,49,0,0,0,1,4,6,22,1,1,0.8,0.6,1.1,0.4,0.4,0.1,0.5508,0.0765,0,2,59,0,0,0,,0,0,,0,0,,,,,0,0,0,0,,,0,0,0,0,,,,,,0,1530.11,1500.0,30.11,0,0,0,,418,270,0.6459,8,Saturday,0.0467,1,0,0,0,0,0
2018-08-25_Juventus_Lazio_917,2018-08-25,2018/19,Juventus,Lazio,Serie A,domestic_league,H,0,0.78,33.5503,12254,916,658,204,342,0.7183,7,1,1,1,0,4,6,20,0,1,0.8,0.6,1.0,0.4,0.4,0.1,0.3855,0.0536,0,3,66,1,0,0,0.0,1,0,0.0,3,3,1.0,1.0,3,2,1,0,0,0,,,0,0,0,0,,,,,,0,1539.24,1500.0,39.24,0,1,0,0.0,468,374,0.7991,8,Saturday,0.0659,1,0,0,0,0,0
2018-09-01_Juventus_Parma_918,2018-09-01,2018/19,Juventus,Parma,Serie A,domestic_league,A,0,0.78,33.5695,12261,917,658,205,342,0.7176,7,1,2,2,0,1,6,19,1,2,0.2,0.6,0.95,0.2,0.4,0.1,0.2699,0.3375,0,4,73,2,0,1,0.0,2,0,0.0,6,6,1.0,1.0,5,2,2,0,0,0,,,0,0,0,0,,,,,,0,1548.12,1500.0,48.12,0,2,0,0.0,419,270,0.6444,9,Saturday,0.0852,1,0,0,0,0,0
2018-09-16_Juventus_Sassuolo_919,2018-09-16,2018/19,Juventus,Sassuolo,Serie A,domestic_league,H,0,0.78,33.6105,12276,918,658,205,342,0.7168,15,0,0,3,0,0,5,17,1,2,0.0,0.5,0.85,0.0,0.3,0.1,0.1889,0.2363,0,5,88,3,0,1,0.0,3,0,0.0,9,9,1.0,1.0,7,3,3,0,0,0,,,0,0,0,0,,,,,,0,1556.74,1500.0,56.74,0,3,0,0.0,469,374,0.7974,9,Sunday,0.1264,1,0,0,1,1,2
2018-09-19_Juventus_Valencia_920,2018-09-19,2018/19,Juventus,Valencia,UEFA Champions League,continental_club,A,0,0.94,33.6188,12279,919,660,205,340,0.7182,3,1,1,3,2,2,6,15,1,2,0.4,0.6,0.75,0.2,0.3,0.2,0.7322,0.1654,1,0,3,4,2,1,0.5,4,2,0.5,12,12,1.0,1.0,9,4,4,18,15,3,0.8333,0.6111,4,10,6,2,0.6667,0.4444,1.4667,2.4667,0.0667,15,1565.12,1524.46,40.66,18,153,120,0.7843,420,270,0.6429,9,Wednesday,0.1346,1,0,0,0,0,0
2018-09-23_Juventus_Frosinone_921,2018-09-23,2018/19,Juventus,Frosinone,Serie A,domestic_league,A,0,0.78,33.6297,12283,920,660,205,340,0.7174,4,2,2,4,2,2,6,13,1,2,0.4,0.6,0.65,0.2,0.3,0.2,0.5126,0.1158,0,1,7,5,2,1,0.4,5,2,0.4,15,15,1.0,1.0,11,4,5,0,0,0,,,0,0,0,0,,,,,,0,1573.96,1500.0,73.96,0,4,2,0.5,421,270,0.6413,9,Sunday,0.1456,1,0,0,1,0,1
2018-09-26_Juventus_Bologna_922,2018-09-26,2018/19,Juventus,Bologna,Serie A,domestic_league,H,0,0.78,33.6379,12286,921,661,205,339,0.7177,3,2,3,4,3,3,7,14,1,1,0.6,0.7,0.7,0.4,0.4,0.2,0.6588,0.081,1,0,3,6,3,1,0.5,6,3,0.5,15,18,1.0,1.0,10,2,5,0,0,0,,,0,0,0,0,,,,,,0,1581.86,1500.0,81.86,0,5,3,0.6,470,376,0.8,9,Wednesday,0.1538,1,0,0,0,0,0
2018-09-29_Juventus_Napoli_923,2018-09-29,2018/19,Juventus,Napoli,Serie A,domestic_league,H,0,0.78,33.6461,12289,922,661,206,339,0.7169,3,2,4,5,1,3,4,12,1,2,0.6,0.4,0.6,0.4,0.3,0.1,0.4612,0.3567,0,1,6,7,3,2,0.4286,7,3,0.4286,15,21,1.0,1.0,10,2,5,2,0,1,0.0,0.0,0,2,0,0,0.0,0.0,1.0,3.0,0.0,2,1589.55,1491.72,97.82,2,6,3,0.5,471,376,0.7983,9,Saturday,0.1621,1,0,0,0,0,0
2018-10-06_Juventus_Udinese_924,2018-10-06,2018/19,Juventus,Udinese,Serie A,domestic_league,A,0,0.78,33.6653,12296,923,661,208,339,0.7161,7,1,3,5,1,3,3,11,3,4,0.6,0.3,0.55,0.4,0.2,0.1,0.3228,0.8497,0,2,13,8,3,4,0.375,8,3,0.375,15,24,1.0,1.0,11,2,5,0,0,0,,,0,0,0,0,,,,,,0,1596.81,1500.0,96.81,0,7,3,0.4286,422,271,0.6422,10,Saturday,0.1813,1,0,0,1,0,1
2018-10-20_Juventus_Genoa_925,2018-10-20,2018/19,Juventus,Genoa,Serie A,domestic_league,H,0,0.78,33.7036,12310,924,662,208,338,0.7165,14,0,1,4,1,2,4,11,3,4,0.4,0.4,0.55,0.4,0.3,0.1,0.526,0.5948,1,0,14,9,4,4,0.4444,9,4,0.4444,15,27,1.0,1.0,11,1,5,0,0,0,,,0,0,0,0,,,,,,0,1604.09,1500.0,104.09,0,8,4,0.5,472,376,0.7966,10,Saturday,0.2198,0,0,0,1,0,1
2018-10-23_Juventus_Manchester_United_926,2018-10-23,2018/19,Juventus,Manchester United,UEFA Champions League,continental_club,A,0,0.94,33.7118,12313,925,663,208,337,0.7168,3,1,1,5,2,3,5,11,3,4,0.6,0.5,0.55,0.6,0.4,0.1,0.6682,0.4164,2,0,3,10,5,4,0.5,10,5,0.5,13,28,0.8,1.0,10,2,5,3,2,0,0.6667,0.6667,2,2,1,0,0.3333,0.3333,1.0,1.6667,0.0,3,1601.18,1713.71,-112.53,293,154,120,0.7792,423,272,0.643,10,Tuesday,0.228,0,0,0,0,0,0
2018-10-27_Juventus_Empoli_927,2018-10-27,2018/19,Juventus,Empoli,Serie A,domestic_league,A,0,0.78,33.7228,12317,926,663,208,337,0.716,4,2,2,4,2,2,5,11,3,4,0.4,0.5,0.55,0.4,0.4,0.1,0.4677,0.2914,0,1,7,11,5,4,0.4545,11,5,0.4545,13,28,0.8,1.0,9,2,5,0,0,0,,,0,0,0,0,,,,,,0,1614.31,1500.0,114.31,0,9,5,0.5556,424,272,0.6415,10,Saturday,0.239,0,0,0,1,1,2
2018-11-03_Juventus_Cagliari_928,2018-11-03,2018/19,Juventus,Cagliari,Serie A,domestic_league,H,0,0.78,33.742,12324,927,665,208,335,0.7174,7,1,3,4,3,4,7,13,2,3,0.8,0.7,0.65,0.6,0.5,0.2,0.9274,0.204,1,0,7,12,7,4,0.5833,12,7,0.5833,13,28,0.8,1.0,9,3,5,0,0,0,,,0,0,0,0,,,,,,0,1621.13,1500.0,121.13,0,10,7,0.7,473,377,0.797,11,Saturday,0.2582,0,0,0,0,0,0
2018-11-07_Juventus_Manchester_United_929,2018-11-07,2018/19,Juventus,Manchester United,UEFA Champions League,continental_club,H,0,0.94,33.7529,12328,928,665,209,335,0.7166,4,1,2,4,2,4,7,12,1,4,0.8,0.7,0.6,0.6,0.5,0.2,0.6492,0.4428,0,1,11,13,7,5,0.5385,13,7,0.5385,13,28,0.8,1.0,9,3,5,4,2,0,0.5,0.5,1,3,1,0,0.25,0.25,0.75,1.5,0.0,4,1627.78,1700.58,-72.8,294,155,120,0.7742,474,377,0.7954,11,Wednesday,0.2692,0,0,0,1,0,1
2018-11-11_Juventus_AC_Milan_930,2018-11-11,2018/19,Juventus,AC Milan,Serie A,domestic_league,A,0,0.78,33.7639,12332,929,666,209,334,0.7169,4,1,2,5,3,4,6,12,1,4,0.8,0.6,0.6,0.6,0.5,0.1,0.7544,0.31,1,0,4,14,8,5,0.5714,14,8,0.5714,10,25,0.6,0.8,8,5,5,6,2,1,0.3333,0.3333,1,2,1,3,1.6667,0.6667,,,,0,1619.85,1534.56,85.29,6,11,7,0.6364,425,274,0.6447,11,Sunday,0.2802,0,0,0,1,0,1
2018-11-24_Juventus_Spal_931,2018-11-24,2018/19,Juventus,Spal,Serie A,domestic_league,H,0,0.78,33.7995,12345,930,667,209,333,0.7172,13,0,1,4,2,4,7,13,1,4,0.8,0.7,0.65,0.6,0.6,0.1,0.8281,0.217,2,0,13,15,9,5,0.6,15,9,0.6,12,25,0.8,0.8,9,4,5,0,0,0,,,0,0,0,0,,,,,,0,1627.44,1500.0,127.44,0,12,8,0.6667,475,378,0.7958,11,Saturday,0.3159,0,0,0,1,0,1
2018-11-27_Juventus_Valencia_932,2018-11-27,2018/19,Juventus,Valencia,UEFA Champions League,continental_club,H,0,0.94,33.8077,12348,931,668,209,332,0.7175,3,1,1,4,3,5,7,14,1,4,1.0,0.7,0.7,0.8,0.6,0.1,0.8797,0.1519,3,0,3,16,10,5,0.625,16,10,0.625,12,25,0.8,0.8,10,4,5,19,15,3,0.7895,0.5789,3,11,6,2,0.6316,0.4211,1.375,2.4375,0.0625,16,1633.93,1515.63,118.3,19,156,121,0.7756,476,379,0.7962,11,Tuesday,0.3242,0,0,0,0,0,0
2018-12-01_Juventus_Fiorentina_933,2018-12-01,2018/19,Juventus,Fiorentina,Serie A,domestic_league,A,0,0.78,33.8186,12352,932,668,210,332,0.7167,4,2,2,5,2,3,7,11,2,4,0.6,0.7,0.55,0.6,0.6,0.1,0.6158,0.4063,0,1,7,17,10,6,0.5882,17,10,0.5882,12,25,0.8,0.8,9,3,5,0,0,0,,,0,0,0,0,,,,,,0,1640.65,1500.0,140.65,0,13,9,0.6923,426,275,0.6455,12,Saturday,0.3352,0,0,1,1,0,1
2018-12-07_Juventus_Inter_Milan_934,2018-12-07,2018/19,Juventus,Inter Milan,Serie A,domestic_league,H,0,0.78,33.8351,12358,933,669,210,331,0.717,6,1,3,5,2,4,8,11,1,2,0.8,0.8,0.55,0.8,0.7,0.1,0.731,0.2844,1,0,6,18,11,6,0.6111,18,11,0.6111,12,25,0.8,0.8,9,2,5,3,1,0,0.3333,0.3333,1,1,2,0,0.6667,0.6667,,,,0,1646.81,1502.33,144.48,3,14,10,0.7143,477,379,0.7945,12,Friday,0.3516,0,0,1,0,0,0
2018-12-12_Juventus_BSC_Young_Boys_935,2018-12-12,2018/19,Juventus,BSC Young Boys,UEFA Champions League,continental_club,A,0,0.94,33.8487,12363,934,669,210,331,0.7163,5,1,2,4,1,3,7,11,1,2,0.6,0.7,0.55,0.6,0.6,0.1,0.5117,0.1991,0,1,11,19,11,6,0.5789,19,11,0.5789,15,25,1.0,1.0,9,0,5,0,0,0,,,0,0,0,0,,,,,,0,1652.87,1500.0,152.87,0,157,121,0.7707,427,276,0.6464,12,Wednesday,0.3654,0,0,1,0,0,0
2018-12-15_Juventus_Torino_936,2018-12-15,2018/19,Juventus,Torino,Serie A,domestic_league,A,0,0.78,33.857,12366,935,669,211,331,0.7155,3,1,3,5,1,2,6,11,2,3,0.4,0.6,0.55,0.4,0.5,0.1,0.3582,0.4394,0,2,14,20,11,7,0.55,20,11,0.55,12,24,0.8,0.8,8,2,5,0,0,0,,,0,0,0,0,,,,,,0,1638.74,1500.0,138.74,0,15,10,0.6667,428,276,0.6449,12,Saturday,0.3736,0,0,1,1,0,1
2018-12-22_Juventus_AS_Roma_937,2018-12-22,2018/19,Juventus,AS Roma,Serie A,domestic_league,H,0,0.78,33.8761,12373,936,670,211,330,0.7158,7,1,2,6,1,2,7,12,2,3,0.4,0.7,0.6,0.4,0.6,0.1,0.5507,0.3076,1,0,7,21,12,7,0.5714,21,12,0.5714,12,24,0.8,0.8,7,2,5,2,2,1,1.0,1.0,2,2,0,0,0.0,0.0,0.0,2.0,0.0,2,1644.94,1491.58,153.36,2,16,11,0.6875,478,379,0.7929,12,Saturday,0.3929,0,0,1,0,0,0
2018-12-26_Juventus_Atalanta_938,2018-12-26,2018/19,Juventus,Atalanta,Serie A,domestic_league,A,0,0.78,33.8871,12377,937,670,211,330,0.715,4,1,3,6,1,2,5,12,1,3,0.4,0.5,0.6,0.4,0.5,0.0,0.3855,0.2153,0,1,11,22,12,7,0.5455,22,12,0.5455,12,24,0.8,0.8,7,2,5,0,0,0,,,0,0,0,0,,,,,,0,1650.8,1500.0,150.8,0,17,11,0.6471,429,277,0.6457,12,Wednesday,0.4038,0,0,1,1,0,1
2018-12-29_Juventus_Sampdoria_939,2018-12-29,2018/19,Juventus,Sampdoria,Serie A,domestic_league,H,0,0.78,33.8953,12380,938,671,211,329,0.7154,3,2,3,6,2,2,6,13,1,2,0.4,0.6,0.65,0.4,0.6,0.0,0.5699,0.1507,1,0,3,23,13,7,0.5652,23,13,0.5652,10,22,0.6,0.8,6,4,5,0,0,0,,,0,0,0,0,,,,,,0,1646.71,1500.0,146.71,0,18,12,0.6667,479,379,0.7912,12,Saturday,0.4121,0,0,1,1,1,2
2019-01-12_Juventus_Bologna_940,2019-01-12,2018/19,Juventus,Bologna,Coppa Italia,domestic_or_other_cup,A,0,0.72,33.9336,12394,939,673,211,327,0.7167,14,0,1,4,3,4,7,13,1,2,0.8,0.7,0.65,0.6,0.6,0.1,0.9989,0.1055,2,0,14,24,15,7,0.625,24,15,0.625,10,25,0.6,0.8,7,5,5,1,0,1,0.0,0.0,0,1,0,0,0.0,0.0,0.0,2.0,0.0,1,1652.72,1492.31,160.41,1,0,0,,430,278,0.6465,1,Saturday,0.4505,0,0,1,0,0,0
2019-01-16_Juventus_AC_Milan_941,2019-01-16,2018/19,Juventus,AC Milan,Supercoppa Italiana,domestic_or_other_cup,H,0,0.82,33.9446,12398,940,673,211,327,0.716,4,1,1,4,3,4,6,13,0,2,0.8,0.6,0.65,0.6,0.5,0.1,0.6992,0.0738,0,1,18,25,15,7,0.6,25,15,0.6,13,25,0.8,1.0,8,3,5,7,3,1,0.4286,0.4286,2,3,1,3,1.4286,0.5714,0.0,2.0,0.0,1,1658.41,1526.96,131.44,7,0,0,,480,381,0.7937,1,Wednesday,0.4615,0,0,1,1,0,1
2019-01-21_Juventus_Chievo_942,2019-01-21,2018/19,Juventus,Chievo,Serie A,domestic_league,H,0,0.78,33.9583,12403,941,674,211,326,0.7163,5,1,2,5,3,4,6,13,0,2,0.8,0.6,0.65,0.6,0.5,0.1,0.7895,0.0517,1,0,5,26,16,7,0.6154,26,16,0.6154,13,25,0.8,1.0,8,3,5,1,0,0,0.0,0.0,0,1,0,0,0.0,0.0,2.0,3.0,0.0,1,1664.79,1490.86,173.93,1,19,14,0.7368,481,382,0.7942,1,Monday,0.4753,0,0,1,0,0,0
2019-01-27_Juventus_Lazio_943,2019-01-27,2018/19,Juventus,Lazio,Serie A,domestic_league,A,0,0.78,33.9747,12409,942,674,211,326,0.7155,6,1,2,4,1,4,6,13,0,1,0.8,0.6,0.65,0.6,0.5,0.1,0.5526,0.0362,0,1,11,27,16,7,0.5926,27,16,0.5926,13,25,0.8,1.0,10,3,5,1,0,1,0.0,0.0,0,1,0,0,0.0,0.0,0.0,2.0,0.0,1,1670.17,1491.12,179.04,1,20,14,0.7,431,278,0.645,1,Sunday,0.4918,0,0,1,1,0,1
2019-01-30_Juventus_Atalanta_944,2019-01-30,2018/19,Juventus,Atalanta,Coppa Italia,domestic_or_other_cup,A,0,0.72,33.9829,12412,943,675,211,325,0.7158,3,1,3,4,2,4,6,14,0,1,0.8,0.6,0.7,0.6,0.5,0.1,0.6868,0.0253,1,0,3,28,17,7,0.6071,28,17,0.6071,15,25,1.0,1.0,10,2,5,1,1,0,1.0,1.0,1,0,1,0,1.0,1.0,2.0,2.0,0.0,1,1675.43,1504.09,171.34,1,1,0,0.0,432,279,0.6458,1,Wednesday,0.5,0,0,1,0,0,0
2019-02-02_Juventus_Parma_945,2019-02-02,2018/19,Juventus,Parma,Serie A,domestic_league,H,0,0.78,33.9911,12415,944,675,211,325,0.715,3,2,3,5,1,2,6,13,0,1,0.4,0.6,0.65,0.4,0.5,0.1,0.4808,0.0177,0,1,6,29,17,7,0.5862,29,17,0.5862,12,22,0.8,0.8,8,4,5,1,0,0,0.0,0.0,0,1,0,0,0.0,0.0,1.0,2.0,0.0,1,1660.86,1491.38,169.48,1,21,15,0.7143,482,382,0.7925,2,Saturday,0.5082,0,0,0,1,1,2
2019-02-10_Juventus_Sassuolo_946,2019-02-10,2018/19,Juventus,Sassuolo,Serie A,domestic_league,A,0,0.78,34.013,12423,945,677,212,323,0.7164,8,0,3,6,3,4,8,14,1,1,0.8,0.8,0.7,0.6,0.6,0.2,0.9366,0.3124,1,0,8,30,19,8,0.6333,30,19,0.6333,10,23,0.6,0.8,9,7,5,1,2,0,2.0,1.0,2,1,0,0,0.0,0.0,1.0,2.0,0.0,1,1656.33,1491.62,164.72,1,22,17,0.7727,433,279,0.6443,2,Sunday,0.5302,0,0,0,1,0,1
2019-02-15_Juventus_Frosinone_947,2019-02-15,2018/19,Juventus,Frosinone,Serie A,domestic_league,H,0,0.78,34.0267,12428,946,678,213,322,0.7167,5,1,2,6,3,4,8,15,2,2,0.8,0.8,0.75,0.6,0.6,0.2,0.9556,0.5187,2,0,5,31,20,9,0.6452,31,20,0.6452,10,23,0.6,0.8,11,7,5,1,1,0,1.0,1.0,1,1,0,0,0.0,0.0,0.0,2.0,0.0,1,1661.92,1492.1,169.82,1,23,18,0.7826,483,384,0.795,2,Friday,0.544,0,0,0,1,0,1
2019-02-20_Juventus_Atletico_Madrid_948,2019-02-20,2018/19,Juventus,Atletico Madrid,UEFA Champions League,continental_club,A,0,0.94,34.0404,12433,947,679,214,321,0.717,5,1,2,6,4,5,9,14,3,3,1.0,0.9,0.7,0.8,0.7,0.2,0.9689,0.6631,3,0,5,32,21,10,0.6562,32,21,0.6562,10,23,0.6,0.8,11,7,5,31,22,3,0.7097,0.4516,1,15,8,8,1.0323,0.5161,0.9524,1.5714,0.2381,21,1667.39,1597.67,69.71,31,158,121,0.7658,434,280,0.6452,2,Wednesday,0.5577,0,0,0,0,0,0
2019-02-24_Juventus_Bologna_949,2019-02-24,2018/19,Juventus,Bologna,Serie A,domestic_league,A,0,0.78,34.0513,12437,948,679,214,321,0.7162,4,1,3,6,2,4,8,14,3,3,0.8,0.8,0.7,0.6,0.6,0.2,0.6782,0.4642,0,1,9,33,21,10,0.6364,33,21,0.6364,7,22,0.4,0.6,9,8,5,2,0,1,0.0,0.0,0,2,0,0,0.0,0.0,0.0,2.0,0.0,2,1655.41,1486.63,168.78,2,24,19,0.7917,435,280,0.6437,2,Sunday,0.5687,0,0,0,0,0,0
2019-03-03_Juventus_Napoli_950,2019-03-03,2018/19,Juventus,Napoli,Serie A,domestic_league,A,0,0.78,34.0705,12444,949,679,214,321,0.7155,7,1,2,5,1,4,6,13,3,3,0.8,0.6,0.65,0.6,0.5,0.1,0.4748,0.3249,0,2,16,34,21,10,0.6176,34,21,0.6176,10,22,0.6,0.8,10,5,5,3,0,3,0.0,0.0,0,3,0,0,0.0,0.0,1.0,3.0,0.0,3,1660.9,1484.47,176.43,3,25,19,0.76,436,280,0.6422,3,Sunday,0.5879,0,0,0,0,0,0
2019-03-12_Juventus_Atletico_Madrid_951,2019-03-12,2018/19,Juventus,Atletico Madrid,UEFA Champions League,continental_club,H,0,0.94,34.0952,12453,950,679,214,321,0.7147,9,0,1,5,0,2,6,12,2,3,0.4,0.6,0.6,0.4,0.5,0.1,0.3323,0.2274,0,3,25,35,21,10,0.6,35,21,0.6,12,22,0.8,0.8,9,3,5,32,22,3,0.6875,0.4375,1,15,8,9,1.0938,0.5312,1.0,1.5,0.2727,22,1666.22,1609.65,56.56,32,159,121,0.761,484,385,0.7955,3,Tuesday,0.6126,0,0,0,1,1,3
2019-03-22_Portugal_Ukraine_952,2019-03-22,2018/19,Portugal,Ukraine,Euros Qualifier,international,H,1,0.76,34.1225,12463,951,682,214,318,0.7171,10,0,1,4,3,4,8,14,1,3,0.8,0.8,0.7,0.4,0.5,0.2,1.1326,0.1592,1,0,10,36,24,10,0.6667,164,92,0.561,8,20,0.4,0.8,9,6,5,0,0,0,,,0,0,0,0,,,,,,0,1683.14,1500.0,183.14,0,27,20,0.7407,485,388,0.8,3,Friday,0.6401,0,0,0,0,0,0
2019-03-25_Portugal_Serbia_953,2019-03-25,2018/19,Portugal,Serbia,Euros Qualifier,international,H,1,0.76,34.1307,12466,952,682,214,318,0.7164,3,1,2,4,3,3,8,14,0,3,0.6,0.8,0.7,0.2,0.5,0.2,0.7928,0.1114,0,1,13,37,24,10,0.6486,165,92,0.5576,6,18,0.2,0.8,6,6,5,3,0,0,0.0,0.0,0,1,2,0,0.6667,0.6667,,,,0,1678.31,1500.28,178.03,3,28,20,0.7143,486,388,0.7984,3,Monday,0.6484,0,0,0,0,0,0
2019-04-10_Juventus_Ajax_954,2019-04-10,2018/19,Juventus,Ajax,UEFA Champions League,continental_club,A,0,0.94,34.1746,12482,953,682,214,318,0.7156,16,0,0,3,3,3,7,13,0,3,0.6,0.7,0.65,0.2,0.4,0.2,0.555,0.078,0,2,29,38,24,10,0.6316,36,24,0.6667,12,22,0.8,0.8,9,3,5,5,7,2,1.4,0.8,5,5,0,0,0.0,0.0,0.6667,3.6667,0.0,3,1674.6,1478.26,196.34,5,160,124,0.775,437,280,0.6407,4,Wednesday,0.6923,0,0,0,1,0,1
2019-04-16_Juventus_Ajax_955,2019-04-16,2018/19,Juventus,Ajax,UEFA Champions League,continental_club,H,0,0.94,34.191,12488,954,683,214,317,0.7159,6,1,1,3,1,4,8,14,0,3,0.8,0.8,0.7,0.4,0.5,0.2,0.6885,0.0546,1,0,6,39,25,10,0.641,37,25,0.6757,10,20,0.6,0.8,7,4,5,6,8,2,1.3333,0.8333,5,5,1,0,0.1667,0.1667,0.75,3.0,0.0,4,1669.48,1483.38,186.11,6,161,125,0.7764,487,388,0.7967,4,Tuesday,0.7088,0,0,0,1,0,1
2019-04-20_Juventus_Fiorentina_956,2019-04-20,2018/19,Juventus,Fiorentina,Serie A,domestic_league,H,0,0.78,34.2019,12492,955,684,214,316,0.7162,4,1,2,4,2,5,7,15,0,2,1.0,0.7,0.75,0.6,0.5,0.1,0.7819,0.0382,2,0,4,40,26,10,0.65,38,26,0.6842,10,17,0.6,0.8,8,4,5,1,1,0,1.0,1.0,1,1,0,0,0.0,0.0,0.0,3.0,0.0,1,1654.59,1493.84,160.75,1,26,19,0.7308,488,389,0.7971,4,Saturday,0.7198,0,0,0,0,0,0
2019-04-27_Juventus_Inter_Milan_957,2019-04-27,2018/19,Juventus,Inter Milan,Serie A,domestic_league,A,0,0.78,34.2211,12499,956,684,214,316,0.7155,7,1,2,3,2,2,6,14,0,1,0.4,0.6,0.7,0.4,0.4,0.1,0.5474,0.0268,0,1,11,41,26,10,0.6341,39,26,0.6667,10,20,0.6,0.8,9,5,5,4,1,0,0.25,0.25,1,2,2,0,0.5,0.5,0.0,1.0,0.0,1,1660.27,1496.26,164.0,4,27,19,0.7037,438,281,0.6416,4,Saturday,0.739,0,0,0,1,0,1
2019-05-03_Juventus_Torino_958,2019-05-03,2018/19,Juventus,Torino,Serie A,domestic_league,H,0,0.78,34.2375,12505,957,685,214,315,0.7158,6,1,2,4,2,3,6,15,0,0,0.6,0.6,0.75,0.6,0.4,0.1,0.6832,0.0187,1,0,6,42,27,10,0.6429,40,27,0.675,8,20,0.4,0.8,8,5,5,1,1,0,1.0,1.0,1,1,0,0,0.0,0.0,0.0,1.0,0.0,1,1655.87,1493.79,162.07,1,28,20,0.7143,489,389,0.7955,5,Friday,0.7555,0,0,0,1,0,1
2019-05-12_Juventus_AS_Roma_959,2019-05-12,2018/19,Juventus,AS Roma,Serie A,domestic_league,A,0,0.78,34.2622,12514,958,686,214,314,0.7161,9,0,1,4,2,4,7,15,0,0,0.8,0.7,0.75,0.8,0.5,0.1,0.7782,0.0131,2,0,9,43,28,10,0.6512,41,28,0.6829,6,18,0.2,0.8,6,6,5,3,2,1,0.6667,0.6667,2,3,0,0,0.0,0.0,0.0,1.6667,0.0,3,1651.51,1485.73,165.79,3,29,21,0.7241,439,282,0.6424,5,Sunday,0.7802,0,0,0,0,0,0
2019-05-19_Juventus_Atalanta_960,2019-05-19,2018/19,Juventus,Atalanta,Serie A,domestic_league,H,0,0.78,34.2813,12521,959,686,214,314,0.7153,7,1,1,4,2,3,7,13,0,0,0.6,0.7,0.65,0.6,0.5,0.1,0.5447,0.0092,0,1,16,44,28,10,0.6364,42,28,0.6667,5,15,0.2,0.6,5,7,5,2,1,0,0.5,0.5,1,0,1,1,2.0,1.0,2.5,1.0,0.5,2,1637.07,1518.65,118.42,2,30,21,0.7,490,390,0.7959,5,Sunday,0.7995,0,0,0,0,0,0
2019-06-05_Portugal_Switzerland_961,2019-06-05,2018/19,Portugal,Switzerland,UEFA Nations League,international,H,1,0.82,34.3279,12538,960,686,214,314,0.7146,17,0,0,2,1,2,7,13,0,0,0.4,0.7,0.65,0.4,0.5,0.1,0.3813,0.0064,0,2,33,45,28,10,0.6222,166,92,0.5542,6,16,0.2,0.8,4,4,5,1,0,0,0.0,0.0,0,1,0,0,0.0,0.0,0.0,2.0,0.0,1,1673.59,1495.11,178.48,1,0,0,,491,390,0.7943,6,Wednesday,0.8462,0,1,0,1,1,3
2019-06-09_Portugal_Netherlands_962,2019-06-09,2018/19,Portugal,Netherlands,UEFA Nations League,international,H,1,0.82,34.3388,12542,961,689,214,311,0.717,4,1,1,3,3,5,7,15,0,0,1.0,0.7,0.75,0.6,0.5,0.1,1.1669,0.0045,1,0,4,46,31,10,0.6739,167,95,0.5689,6,16,0.2,0.8,6,5,5,5,4,1,0.8,0.6,3,3,1,1,0.8,0.4,2.0,1.0,0.5,2,1678.86,1498.53,180.33,5,1,3,3.0,492,393,0.7988,6,Sunday,0.8571,0,1,0,0,0,0
2019-08-24_Juventus_Parma_963,2019-08-24,2019/20,Juventus,Parma,Serie A,domestic_league,A,0,0.78,34.5469,12618,962,689,214,311,0.7162,76,0,0,0,3,4,7,15,0,0,0.8,0.7,0.75,0.4,0.5,0.1,0.8168,0.0031,0,1,80,0,0,0,,43,28,0.6512,6,16,0.2,0.8,5,6,5,2,2,1,1.0,0.5,2,1,1,0,0.5,0.5,2.0,2.5,0.0,2,1633.79,1495.9,137.89,2,31,21,0.6774,440,282,0.6409,8,Saturday,0.063,1,0,0,0,0,0
2019-08-31_Juventus_Napoli_964,2019-08-31,2019/20,Juventus,Napoli,Serie A,domestic_league,H,0,0.78,34.5661,12625,963,689,214,311,0.7155,7,1,1,1,3,3,7,14,0,0,0.6,0.7,0.7,0.2,0.5,0.1,0.5718,0.0022,0,2,87,1,0,0,0.0,44,28,0.6364,6,16,0.2,0.8,4,5,5,4,0,3,0.0,0.0,0,4,0,0,0.0,0.0,1.0,2.75,0.0,4,1640.02,1479.15,160.87,4,32,21,0.6562,493,393,0.7972,8,Saturday,0.0822,1,0,0,1,0,1
2019-09-07_Portugal_Serbia_965,2019-09-07,2019/20,Portugal,Serbia,Euros Qualifier,international,A,1,0.76,34.5852,12632,964,690,214,310,0.7158,7,1,2,2,1,4,7,15,0,0,0.8,0.7,0.75,0.4,0.5,0.1,0.7003,0.0015,1,0,7,2,1,0,0.5,168,95,0.5655,8,16,0.4,0.8,6,4,5,4,0,0,0.0,0.0,0,1,3,0,0.75,0.75,1.0,1.0,0.0,1,1684.09,1505.0,179.1,4,29,20,0.6897,441,282,0.6395,9,Saturday,0.1014,1,0,0,1,0,1
2019-09-10_Portugal_Lithuania_966,2019-09-10,2019/20,Portugal,Lithuania,Euros Qualifier,international,A,1,0.76,34.5935,12635,965,691,214,309,0.7161,3,1,2,3,2,5,7,14,0,0,1.0,0.7,0.7,0.6,0.5,0.1,0.7902,0.0011,2,0,3,3,2,0,0.6667,169,96,0.568,11,19,0.6,1.0,9,4,5,1,0,0,0.0,0.0,0,1,0,0,0.0,0.0,,,,0,1689.35,1490.29,199.06,1,30,21,0.7,442,283,0.6403,9,Tuesday,0.1096,1,0,0,1,1,4
2019-09-14_Juventus_Fiorentina_967,2019-09-14,2019/20,Juventus,Fiorentina,Serie A,domestic_league,A,0,0.78,34.6044,12639,966,695,214,305,0.7195,4,2,3,4,6,6,11,17,0,0,1.2,1.1,0.85,0.6,0.6,0.2,1.7531,0.0008,3,0,4,4,6,0,1.5,45,29,0.6444,8,16,0.4,0.8,7,7,5,2,1,0,0.5,0.5,1,2,0,0,0.0,0.0,0.5,2.5,0.0,2,1645.69,1488.16,157.53,2,33,22,0.6667,443,287,0.6479,9,Saturday,0.1205,1,0,0,0,0,0
2019-09-18_Juventus_Atletico_Madrid_968,2019-09-18,2019/20,Juventus,Atletico Madrid,UEFA Champions League,continental_club,A,0,0.94,34.6154,12643,967,695,214,305,0.7187,4,1,3,5,5,6,10,16,0,0,1.2,1.0,0.8,0.6,0.5,0.2,1.2272,0.0005,0,1,8,5,6,0,1.2,46,29,0.6304,8,14,0.4,0.8,6,6,5,33,25,3,0.7576,0.4545,4,16,8,9,1.0606,0.5152,0.9565,1.5652,0.2609,23,1641.45,1601.27,40.18,33,162,126,0.7778,444,287,0.6464,9,Wednesday,0.1315,1,0,0,0,0,0
2019-09-21_Juventus_Verona_969,2019-09-21,2019/20,Juventus,Verona,Serie A,domestic_league,H,0,0.78,34.6236,12646,968,695,214,305,0.718,3,2,4,6,4,6,9,16,0,0,1.2,0.9,0.8,0.6,0.4,0.2,0.859,0.0004,0,2,11,6,6,0,1.0,47,29,0.617,9,14,0.4,1.0,8,6,5,0,0,0,,,0,0,0,0,,,,,,0,1640.29,1500.0,140.29,0,34,22,0.6471,494,394,0.7976,9,Saturday,0.1397,1,0,0,1,0,1
2019-09-28_Juventus_Spal_970,2019-09-28,2019/20,Juventus,Spal,Serie A,domestic_league,H,0,0.78,34.6427,12653,969,696,215,304,0.7183,7,1,3,6,1,6,10,17,1,1,1.2,1.0,0.85,0.6,0.5,0.2,0.9013,0.3003,1,0,7,7,7,1,1.0,48,30,0.625,11,17,0.6,1.0,9,6,5,1,1,0,1.0,1.0,1,1,0,0,0.0,0.0,0.0,2.0,0.0,1,1646.46,1493.51,152.95,1,35,23,0.6571,495,395,0.798,9,Saturday,0.1589,1,0,0,1,0,1
2019-10-01_Juventus_Bayer_Leverkusen_971,2019-10-01,2019/20,Juventus,Bayer Leverkusen,UEFA Champions League,continental_club,H,0,0.94,34.651,12656,970,697,215,303,0.7186,3,1,3,6,2,6,11,18,1,1,1.2,1.1,0.9,0.6,0.6,0.2,0.9309,0.2102,2,0,3,8,8,1,1.0,49,31,0.6327,11,17,0.6,1.0,10,6,5,0,0,0,,,0,0,0,0,,,,,,0,1652.32,1500.0,152.32,0,163,126,0.773,496,396,0.7984,10,Tuesday,0.1671,1,0,0,1,0,1
2019-10-06_Juventus_Inter_Milan_972,2019-10-06,2019/20,Juventus,Inter Milan,Serie A,domestic_league,A,0,0.78,34.6646,12661,971,698,215,302,0.7188,5,1,2,7,3,3,9,16,1,1,0.6,0.9,0.8,0.6,0.6,0.1,0.9516,0.1471,3,0,5,9,9,1,1.0,50,32,0.64,11,19,0.6,1.0,9,3,5,5,2,0,0.4,0.4,2,2,3,0,0.6,0.6,0.5,1.0,0.0,2,1658.2,1500.66,157.54,5,36,24,0.6667,445,287,0.6449,10,Sunday,0.1808,1,0,0,0,0,0
2019-10-11_Portugal_Luxembourg_973,2019-10-11,2019/20,Portugal,Luxembourg,Euros Qualifier,international,H,1,0.76,34.6783,12666,972,698,215,302,0.7181,5,1,3,6,2,3,9,16,1,1,0.6,0.9,0.8,0.6,0.6,0.1,0.6662,0.103,0,1,10,10,9,1,0.9,170,100,0.5882,13,19,0.8,1.0,14,5,5,6,3,1,0.5,0.5,2,6,0,0,0.0,0.0,,,,0,1694.18,1457.75,236.43,6,31,25,0.8065,497,397,0.7988,10,Friday,0.1945,1,0,0,1,0,1
2019-10-14_Portugal_Ukraine_974,2019-10-14,2019/20,Portugal,Ukraine,Euros Qualifier,international,A,1,0.76,34.6865,12669,973,699,215,301,0.7184,3,1,3,7,2,4,10,17,1,1,0.8,1.0,0.85,0.8,0.7,0.1,0.7663,0.0721,1,0,3,11,10,1,0.9091,171,101,0.5906,15,21,1.0,1.0,16,4,5,1,0,0,0.0,0.0,0,0,1,0,1.0,1.0,0.0,0.0,1.0,1,1698.26,1504.83,193.42,1,32,26,0.8125,446,287,0.6435,10,Monday,0.2027,0,0,0,1,0,1
2019-10-19_Juventus_Bologna_975,2019-10-19,2019/20,Juventus,Bologna,Serie A,domestic_league,H,0,0.78,34.7002,12674,974,700,215,300,0.7187,5,1,3,6,2,4,10,17,0,1,0.8,1.0,0.85,0.8,0.7,0.1,0.8364,0.0505,2,0,5,12,11,1,0.9167,51,32,0.6275,13,21,0.8,1.0,11,4,5,3,0,1,0.0,0.0,0,3,0,0,0.0,0.0,0.0,1.6667,0.0,3,1663.95,1481.14,182.82,3,37,24,0.6486,498,398,0.7992,10,Saturday,0.2164,0,0,0,1,0,1
2019-10-22_Juventus_Lokomotiv_Moscow_976,2019-10-22,2019/20,Juventus,Lokomotiv Moscow,UEFA Champions League,continental_club,H,0,0.94,34.7084,12677,975,701,215,299,0.719,3,1,3,6,3,4,10,17,0,1,0.8,1.0,0.85,0.8,0.7,0.1,0.8855,0.0353,3,0,3,13,12,1,0.9231,52,33,0.6346,15,24,1.0,1.0,11,3,5,0,0,0,,,0,0,0,0,,,,,,0,1669.13,1500.0,169.13,0,164,127,0.7744,499,399,0.7996,10,Tuesday,0.2247,0,0,0,0,0,0
2019-10-30_Juventus_Genoa_977,2019-10-30,2019/20,Juventus,Genoa,Serie A,domestic_league,H,0,0.78,34.7304,12685,976,701,215,299,0.7182,8,0,2,6,2,3,6,17,0,1,0.6,0.6,0.85,0.6,0.6,0.0,0.6198,0.0247,0,1,11,14,12,1,0.8571,53,33,0.6226,15,26,1.0,1.0,11,3,5,1,1,0,1.0,1.0,1,0,1,0,1.0,1.0,1.0,1.0,0.0,1,1674.61,1502.91,171.7,1,38,25,0.6579,500,399,0.798,10,Wednesday,0.2466,0,0,0,1,0,1
2019-11-02_Juventus_Torino_978,2019-11-02,2019/20,Juventus,Torino,Serie A,domestic_league,A,0,0.78,34.7386,12688,977,702,215,298,0.7185,3,1,3,6,2,4,7,17,0,1,0.8,0.7,0.85,0.8,0.7,0.0,0.7339,0.0173,1,0,3,15,13,1,0.8667,54,34,0.6296,15,26,1.0,1.0,11,4,5,2,2,0,1.0,1.0,2,1,1,0,0.5,0.5,0.5,1.0,0.0,2,1680.04,1498.15,181.89,2,39,26,0.6667,447,288,0.6443,11,Saturday,0.2548,0,0,0,0,0,0
2019-11-06_Juventus_Lokomotiv_Moscow_979,2019-11-06,2019/20,Juventus,Lokomotiv Moscow,UEFA Champions League,continental_club,A,0,0.94,34.7495,12692,978,702,215,298,0.7178,4,2,2,6,1,3,7,16,0,1,0.6,0.7,0.8,0.6,0.7,0.0,0.5137,0.0121,0,1,7,16,13,1,0.8125,55,34,0.6182,15,26,1.0,1.0,9,4,5,1,0,0,0.0,0.0,0,1,0,0,0.0,0.0,1.0,2.0,0.0,1,1685.23,1494.52,190.72,1,165,127,0.7697,448,288,0.6429,11,Wednesday,0.2658,0,0,0,0,0,0
2019-11-10_Juventus_AC_Milan_980,2019-11-10,2019/20,Juventus,AC Milan,Serie A,domestic_league,H,0,0.78,34.7605,12696,979,702,215,298,0.7171,4,1,3,7,1,2,6,16,0,0,0.4,0.6,0.8,0.4,0.6,0.0,0.3596,0.0085,0,2,11,17,13,1,0.7647,56,34,0.6071,15,28,1.0,1.0,9,4,5,8,4,1,0.5,0.5,2,4,1,3,1.25,0.5,0.0,1.5,0.0,2,1690.24,1520.57,169.66,8,40,26,0.65,501,400,0.7984,11,Sunday,0.2767,0,0,0,0,0,0
2019-11-14_Portugal_Lithuania_981,2019-11-14,2019/20,Portugal,Lithuania,Euros Qualifier,international,H,1,0.76,34.7714,12700,980,702,215,298,0.7163,4,1,3,6,0,1,5,16,0,0,0.2,0.5,0.8,0.2,0.5,0.0,0.2517,0.0059,0,3,15,18,13,1,0.7222,172,102,0.593,12,18,0.8,0.8,14,5,5,2,4,0,2.0,0.5,4,2,0,0,0.0,0.0,1.0,5.0,0.0,1,1683.2,1485.47,197.73,2,33,27,0.8182,502,400,0.7968,11,Thursday,0.2877,0,0,0,1,1,3
2019-11-17_Portugal_Luxembourg_982,2019-11-17,2019/20,Portugal,Luxembourg,Euros Qualifier,international,A,1,0.76,34.7796,12703,981,705,215,295,0.7187,3,2,3,7,3,4,7,16,0,0,0.8,0.7,0.8,0.4,0.5,0.1,1.0762,0.0042,1,0,3,19,16,1,0.8421,173,105,0.6069,12,20,0.8,0.8,19,5,5,7,4,1,0.5714,0.5714,3,7,0,0,0.0,0.0,0.0,3.0,0.0,1,1688.05,1453.66,234.39,7,34,30,0.8824,449,288,0.6414,11,Sunday,0.2959,0,0,0,1,0,1
2019-11-26_Juventus_Atletico_Madrid_983,2019-11-26,2019/20,Juventus,Atletico Madrid,UEFA Champions League,continental_club,H,0,0.94,34.8043,12712,982,706,215,294,0.7189,9,0,2,6,4,4,8,17,0,0,0.8,0.8,0.85,0.4,0.6,0.1,1.0533,0.0029,2,0,9,20,17,1,0.85,57,34,0.5965,15,30,1.0,1.0,8,3,5,34,25,3,0.7353,0.4412,3,16,9,9,1.0588,0.5294,1.0,1.5833,0.25,24,1695.71,1602.42,93.29,34,166,127,0.7651,503,403,0.8012,11,Tuesday,0.3205,0,0,0,0,0,0
2019-12-01_Juventus_Sassuolo_984,2019-12-01,2019/20,Juventus,Sassuolo,Serie A,domestic_league,H,0,0.78,34.818,12717,983,706,215,294,0.7182,5,1,2,6,4,4,7,17,0,0,0.8,0.7,0.85,0.4,0.5,0.1,0.7373,0.002,0,1,14,21,17,1,0.8095,58,34,0.5862,15,30,1.0,1.0,7,2,5,2,3,1,1.5,1.0,3,2,0,0,0.0,0.0,0.5,2.5,0.0,2,1703.08,1486.03,217.05,2,41,26,0.6341,504,403,0.7996,12,Sunday,0.3342,0,0,1,1,0,1
2019-12-07_Juventus_Lazio_985,2019-12-07,2019/20,Juventus,Lazio,Serie A,domestic_league,A,0,0.78,34.8344,12723,984,707,215,293,0.7185,6,1,2,5,2,5,7,17,0,0,1.0,0.7,0.85,0.6,0.5,0.1,0.8161,0.0014,1,0,6,22,18,1,0.8182,59,35,0.5932,13,28,0.8,1.0,7,3,5,2,1,1,0.5,0.5,1,2,0,0,0.0,0.0,0.5,2.0,0.0,2,1697.54,1485.87,211.68,2,42,27,0.6429,450,289,0.6422,12,Saturday,0.3507,0,0,1,1,0,1
2019-12-11_Juventus_Bayer_Leverkusen_986,2019-12-11,2019/20,Juventus,Bayer Leverkusen,UEFA Champions League,continental_club,A,0,0.94,34.8453,12727,985,708,215,292,0.7188,4,1,2,5,2,6,7,17,0,0,1.2,0.7,0.85,0.8,0.5,0.1,0.8713,0.001,2,0,4,23,19,1,0.8261,60,36,0.6,10,25,0.6,0.8,7,6,5,1,1,0,1.0,1.0,1,1,0,0,0.0,0.0,0.0,3.0,0.0,1,1682.1,1494.12,187.98,1,167,127,0.7605,451,290,0.643,12,Wednesday,0.3616,0,0,1,1,0,1
2019-12-15_Juventus_Udinese_987,2019-12-15,2019/20,Juventus,Udinese,Serie A,domestic_league,H,0,0.78,34.8563,12731,986,709,215,291,0.7191,4,1,3,5,3,4,8,14,0,0,0.8,0.8,0.7,0.8,0.6,0.1,0.9099,0.0007,3,0,4,24,20,1,0.8333,61,37,0.6066,10,25,0.6,0.8,7,5,5,1,1,0,1.0,1.0,1,1,0,0,0.0,0.0,0.0,2.0,0.0,1,1687.17,1492.72,194.45,1,43,28,0.6512,505,404,0.8,12,Sunday,0.3726,0,0,1,1,1,2
2019-12-18_Juventus_Sampdoria_988,2019-12-18,2019/20,Juventus,Sampdoria,Serie A,domestic_league,A,0,0.78,34.8645,12734,987,711,215,289,0.7204,3,2,3,5,4,5,9,16,0,0,1.0,0.9,0.8,0.8,0.6,0.2,1.2369,0.0005,4,0,3,25,22,1,0.88,62,39,0.629,10,25,0.6,0.8,9,6,5,1,2,0,2.0,1.0,2,1,0,0,0.0,0.0,1.0,2.0,0.0,1,1692.09,1493.99,198.1,1,44,30,0.6818,452,291,0.6438,12,Wednesday,0.3808,0,0,1,1,0,1
2019-12-22_Juventus_Lazio_989,2019-12-22,2019/20,Juventus,Lazio,Supercoppa Italiana,domestic_or_other_cup,H,0,0.82,34.8755,12738,988,712,215,288,0.7206,4,2,3,6,4,6,10,17,0,0,1.2,1.0,0.85,1.0,0.7,0.2,1.1659,0.0003,5,0,4,26,23,1,0.8846,63,40,0.6349,10,25,0.6,0.8,10,7,5,3,2,1,0.6667,0.6667,2,2,0,1,1.0,0.3333,1.3333,1.6667,0.0,3,1696.93,1501.3,195.63,3,1,1,1.0,506,406,0.8024,12,Sunday,0.3918,0,0,1,0,0,0
2020-01-06_Juventus_Cagliari_990,2020-01-06,2019/20,Juventus,Cagliari,Serie A,domestic_league,H,0,0.78,34.9165,12753,989,712,215,288,0.7199,15,0,0,5,3,5,10,16,0,0,1.0,1.0,0.8,0.8,0.7,0.2,0.8161,0.0002,0,1,19,27,23,1,0.8519,64,40,0.625,9,22,0.6,0.6,9,8,5,1,0,1,0.0,0.0,0,1,0,0,0.0,0.0,1.0,3.0,0.0,1,1681.83,1493.35,188.48,1,45,31,0.6889,507,406,0.8008,1,Monday,0.4329,0,0,1,1,1,3
2020-01-12_Juventus_AS_Roma_991,2020-01-12,2019/20,Juventus,AS Roma,Serie A,domestic_league,A,0,0.78,34.933,12759,990,715,216,285,0.7222,6,1,1,4,4,7,13,18,1,1,1.4,1.3,0.9,0.8,0.8,0.3,1.4713,0.3002,1,0,6,28,26,2,0.9286,65,43,0.6615,12,22,0.8,0.8,12,5,5,4,2,1,0.5,0.5,1,3,0,1,0.75,0.25,0.5,1.25,0.25,4,1686.88,1500.17,186.72,4,46,34,0.7391,453,292,0.6446,1,Sunday,0.4493,0,0,1,1,0,1
2020-01-19_Juventus_Parma_992,2020-01-19,2019/20,Juventus,Parma,Serie A,domestic_league,H,0,0.78,34.9521,12766,991,716,216,284,0.7225,7,1,2,3,4,7,11,18,1,1,1.4,1.1,0.9,0.8,0.8,0.2,1.3299,0.2101,2,0,7,29,27,2,0.931,66,44,0.6667,12,22,0.8,0.8,12,6,5,3,2,1,0.6667,0.3333,2,2,1,0,0.3333,0.3333,1.3333,2.0,0.0,3,1691.97,1489.67,202.3,3,47,35,0.7447,508,409,0.8051,1,Sunday,0.4685,0,0,1,1,1,2
2020-01-22_Juventus_AS_Roma_993,2020-01-22,2019/20,Juventus,AS Roma,Coppa Italia,domestic_or_other_cup,H,0,0.72,34.9603,12769,992,718,216,282,0.7238,3,1,2,3,6,7,12,20,1,1,1.4,1.2,1.0,0.8,0.8,0.3,1.5309,0.1471,3,0,3,30,29,2,0.9667,67,46,0.6866,12,22,0.8,0.8,11,6,5,5,3,1,0.6,0.6,1,4,0,1,0.6,0.2,0.6,1.4,0.2,5,1696.73,1495.08,201.65,5,2,0,0.0,509,411,0.8075,1,Wednesday,0.4767,0,0,1,1,0,1
2020-01-26_Juventus_Napoli_994,2020-01-26,2019/20,Juventus,Napoli,Serie A,domestic_league,A,0,0.78,34.9713,12773,993,719,216,281,0.7241,4,2,3,4,4,7,13,20,1,1,1.4,1.3,1.0,0.8,0.9,0.3,1.3716,0.103,4,0,4,31,30,2,0.9677,68,47,0.6912,12,22,0.8,0.8,12,6,5,5,1,3,0.2,0.2,1,5,0,0,0.0,0.0,1.4,3.0,0.0,5,1701.5,1473.48,228.02,5,48,37,0.7708,454,293,0.6454,1,Sunday,0.4877,0,0,1,1,0,1
2020-02-02_Juventus_Fiorentina_995,2020-02-02,2019/20,Juventus,Fiorentina,Serie A,domestic_league,H,0,0.78,34.9905,12780,994,720,216,280,0.7243,7,1,3,5,4,8,13,20,1,1,1.6,1.3,1.0,1.0,0.9,0.3,1.2602,0.0721,5,0,7,32,31,2,0.9688,69,48,0.6957,12,21,0.8,0.8,12,5,5,3,1,0,0.3333,0.3333,1,2,1,0,0.3333,0.3333,0.3333,1.6667,0.3333,3,1685.74,1492.41,193.33,3,49,38,0.7755,510,412,0.8078,2,Sunday,0.5068,0,0,0,1,1,2
2020-02-08_Juventus_Verona_996,2020-02-08,2019/20,Juventus,Verona,Serie A,domestic_league,A,0,0.78,35.0069,12786,995,722,216,278,0.7256,6,1,2,5,4,7,14,21,0,1,1.4,1.4,1.05,1.0,0.9,0.4,1.4821,0.0504,6,0,6,33,33,2,1.0,70,50,0.7143,12,24,0.8,0.8,11,5,5,1,1,1,1.0,1.0,1,1,0,0,0.0,0.0,1.0,2.0,0.0,1,1690.69,1493.83,196.86,1,50,40,0.8,455,294,0.6462,2,Saturday,0.5233,0,0,0,1,0,1
2020-02-13_Juventus_AC_Milan_997,2020-02-13,2019/20,Juventus,AC Milan,Coppa Italia,domestic_or_other_cup,A,0,0.72,35.0206,12791,996,723,216,277,0.7259,5,1,2,5,4,7,14,22,0,1,1.4,1.4,1.1,1.0,0.9,0.4,1.3375,0.0353,7,0,5,34,34,2,1.0,71,51,0.7183,9,21,0.6,0.6,10,6,5,9,4,1,0.4444,0.4444,2,5,1,3,1.1111,0.4444,0.0,1.3333,0.0,3,1675.56,1515.1,160.46,9,3,1,0.3333,456,295,0.6469,2,Thursday,0.537,0,0,0,1,0,1
2020-02-22_Juventus_Spal_998,2020-02-22,2019/20,Juventus,Spal,Serie A,domestic_league,A,0,0.78,35.0452,12800,997,724,216,276,0.7262,9,0,2,4,4,6,13,22,0,1,1.2,1.3,1.1,1.0,0.9,0.3,1.2362,0.0247,8,0,9,35,35,2,1.0,72,52,0.7222,7,19,0.4,0.6,9,6,5,2,2,0,1.0,1.0,2,2,0,0,0.0,0.0,0.0,2.0,0.0,2,1671.24,1487.65,183.59,2,51,41,0.8039,457,296,0.6477,2,Saturday,0.5616,0,0,0,1,0,1
2020-02-26_Juventus_Lyon_999,2020-02-26,2019/20,Juventus,Lyon,UEFA Champions League,continental_club,A,0,0.94,35.0562,12804,998,725,216,275,0.7265,4,1,2,4,3,6,13,23,0,1,1.2,1.3,1.15,1.0,0.9,0.3,1.1654,0.0173,9,0,4,36,36,2,1.0,73,53,0.726,7,19,0.4,0.6,8,6,5,10,4,4,0.4,0.3,2,5,4,1,0.7,0.5,0.0,3.0,0.0,2,1676.4,1504.77,171.63,10,168,128,0.7619,458,297,0.6485,2,Wednesday,0.5726,0,0,0,0,0,0
2020-03-08_Juventus_Inter_Milan_1000,2020-03-08,2019/20,Juventus,Inter Milan,Serie A,domestic_league,H,0,0.78,35.0863,12815,999,725,216,275,0.7257,11,0,1,4,2,5,13,23,0,1,1.0,1.3,1.15,0.8,0.9,0.3,0.8158,0.0121,0,1,15,37,36,2,0.973,74,53,0.7162,7,19,0.4,0.6,7,5,5,6,2,0,0.3333,0.3333,1,3,3,0,0.5,0.5,0.6667,1.3333,0.0,3,1661.83,1494.91,166.92,6,52,42,0.8077,511,414,0.8102,3,Sunday,0.6027,0,0,0,0,0,0
2020-06-12_Juventus_AC_Milan_1001,2020-06-12,2019/20,Juventus,AC Milan,Coppa Italia,domestic_or_other_cup,H,0,0.72,35.3491,12911,1000,725,217,275,0.725,96,0,0,0,1,3,10,23,1,1,0.6,1.0,1.15,0.6,0.8,0.2,0.571,0.3085,0,2,111,38,36,3,0.9474,75,53,0.7067,7,19,0.4,0.6,6,5,5,10,5,1,0.5,0.5,2,5,2,3,1.1,0.5,0.25,1.25,0.0,4,1667.36,1519.42,147.94,10,4,2,0.5,512,414,0.8086,6,Friday,0.8658,0,1,0,0,0,0
2020-06-17_Juventus_Napoli_1002,2020-06-17,2019/20,Juventus,Napoli,Coppa Italia,domestic_or_other_cup,A,0,0.72,35.3628,12916,1001,725,217,275,0.7243,5,1,1,1,0,2,9,20,1,1,0.4,0.9,1.0,0.4,0.7,0.2,0.3997,0.2159,0,3,116,39,36,3,0.9231,76,53,0.6974,8,17,0.4,0.8,5,3,5,6,2,3,0.3333,0.3333,2,5,0,1,0.5,0.1667,1.5,2.6667,0.0,6,1663.34,1489.23,174.11,6,5,2,0.4,459,297,0.6471,6,Wednesday,0.8795,0,1,0,0,0,0
2020-06-22_Juventus_Bologna_1003,2020-06-22,2019/20,Juventus,Bologna,Serie A,domestic_league,A,0,0.78,35.3765,12921,1002,725,217,275,0.7236,5,1,2,2,0,1,7,19,1,1,0.2,0.7,0.95,0.2,0.6,0.1,0.2798,0.1512,0,4,121,40,36,3,0.9,77,53,0.6883,7,14,0.4,0.6,4,2,5,4,1,1,0.25,0.25,1,4,0,0,0.0,0.0,0.25,1.75,0.0,4,1648.71,1475.96,172.75,4,53,42,0.7925,460,297,0.6457,6,Monday,0.8932,0,1,0,1,0,1
2020-06-26_Juventus_Lecce_1004,2020-06-26,2019/20,Juventus,Lecce,Serie A,domestic_league,H,0,0.78,35.3874,12925,1003,726,217,274,0.7238,4,1,3,3,1,1,7,20,1,1,0.2,0.7,1.0,0.2,0.6,0.1,0.4959,0.1058,1,0,4,41,37,3,0.9024,78,54,0.6923,7,14,0.4,0.6,4,1,5,0,0,0,,,0,0,0,0,,,,,,0,1654.11,1500.0,154.11,0,54,43,0.7963,513,414,0.807,6,Friday,0.9041,0,1,0,1,0,1
2020-06-30_Juventus_Genoa_1005,2020-06-30,2019/20,Juventus,Genoa,Serie A,domestic_league,A,0,0.78,35.3984,12929,1004,727,218,273,0.7241,4,1,3,4,2,2,7,20,2,2,0.4,0.7,1.0,0.4,0.6,0.1,0.6471,0.3741,2,0,4,42,38,4,0.9048,79,55,0.6962,10,17,0.6,0.8,8,0,5,2,2,0,1.0,1.0,2,1,1,0,0.5,0.5,1.0,1.5,0.0,2,1659.95,1497.48,162.46,2,55,44,0.8,461,298,0.6464,6,Tuesday,0.9151,0,1,0,1,0,1
2020-07-04_Juventus_Torino_1006,2020-07-04,2019/20,Juventus,Torino,Serie A,domestic_league,H,0,0.78,35.4094,12933,1005,728,218,272,0.7244,4,1,3,5,3,3,6,20,1,2,0.6,0.6,1.0,0.6,0.6,0.0,0.753,0.2618,3,0,4,43,39,4,0.907,80,56,0.7,10,17,0.6,0.8,9,1,5,3,2,0,0.6667,0.6667,2,2,1,0,0.3333,0.3333,0.3333,1.0,0.0,3,1665.59,1492.95,172.63,3,56,45,0.8036,514,415,0.8074,7,Saturday,0.926,0,1,0,1,0,1
2020-07-07_Juventus_AC_Milan_1007,2020-07-07,2019/20,Juventus,AC Milan,Serie A,domestic_league,A,0,0.78,35.4176,12936,1006,729,219,271,0.7247,3,2,3,6,3,4,6,20,2,3,0.8,0.6,1.0,0.8,0.6,0.0,0.8271,0.4833,4,0,3,44,40,5,0.9091,81,57,0.7037,12,20,0.8,0.8,13,2,5,11,5,1,0.4545,0.4545,1,5,3,3,1.0909,0.5455,0.2,1.0,0.2,5,1670.99,1523.44,147.55,11,57,46,0.807,462,299,0.6472,7,Tuesday,0.9342,0,1,0,1,0,1
2020-07-11_Juventus_Atalanta_1008,2020-07-11,2019/20,Juventus,Atalanta,Serie A,domestic_league,H,0,0.78,35.4285,12940,1007,730,219,270,0.7249,4,2,3,7,3,5,6,19,2,3,1.0,0.6,0.95,1.0,0.6,0.0,0.879,0.3383,5,0,4,45,41,5,0.9111,82,58,0.7073,12,19,0.8,0.8,15,6,5,3,1,0,0.3333,0.3333,1,0,2,1,1.6667,1.0,2.0,1.0,0.3333,3,1656.98,1521.94,135.04,3,58,47,0.8103,515,416,0.8078,7,Saturday,0.9452,0,1,0,1,1,2
2020-07-15_Juventus_Sassuolo_1009,2020-07-15,2019/20,Juventus,Sassuolo,Serie A,domestic_league,A,0,0.78,35.4395,12944,1008,732,219,268,0.7262,4,1,3,7,4,6,7,20,2,3,1.2,0.7,1.0,1.0,0.6,0.1,1.2153,0.2368,6,0,4,46,43,5,0.9348,83,60,0.7229,10,17,0.6,0.8,15,8,5,3,4,1,1.3333,1.0,4,2,1,0,0.3333,0.3333,1.0,2.3333,0.0,3,1653.28,1491.58,161.7,3,59,49,0.8305,463,300,0.6479,7,Wednesday,0.9562,0,1,0,0,0,0
2020-07-20_Juventus_Lazio_1010,2020-07-20,2019/20,Juventus,Lazio,Serie A,domestic_league,H,0,0.78,35.4532,12949,1009,732,219,268,0.7255,5,1,3,7,3,5,7,20,1,3,1.0,0.7,1.0,0.8,0.6,0.1,0.8507,0.1658,0,1,9,47,43,5,0.9149,84,60,0.7143,8,18,0.4,0.8,14,11,5,4,2,1,0.5,0.5,2,2,0,2,1.5,0.5,1.75,1.5,0.0,4,1648.93,1516.4,132.53,4,60,49,0.8167,516,418,0.8101,7,Monday,0.9699,0,1,0,1,1,2
2020-07-23_Juventus_Udinese_1011,2020-07-23,2019/20,Juventus,Udinese,Serie A,domestic_league,A,0,0.78,35.4614,12952,1010,734,219,266,0.7267,3,1,3,7,4,6,9,19,1,2,1.2,0.9,0.95,0.8,0.7,0.2,1.1955,0.116,1,0,3,48,45,5,0.9375,85,62,0.7294,8,18,0.4,0.8,13,11,5,2,3,0,1.5,1.0,3,2,0,0,0.0,0.0,0.5,2.5,0.0,2,1655.29,1487.79,167.5,2,61,51,0.8361,464,300,0.6466,7,Thursday,0.9781,0,1,0,0,0,0
2020-07-26_Juventus_Sampdoria_1012,2020-07-26,2019/20,Juventus,Sampdoria,Serie A,domestic_league,H,0,0.78,35.4696,12955,1011,734,219,266,0.726,3,2,3,8,2,5,9,18,0,2,1.0,0.9,0.9,0.6,0.7,0.2,0.8368,0.0812,0,1,6,49,45,5,0.9184,86,62,0.7209,5,17,0.2,0.6,10,12,5,2,3,0,1.5,1.0,3,2,0,0,0.0,0.0,1.0,2.0,0.0,2,1640.81,1489.14,151.67,2,62,51,0.8226,517,420,0.8124,7,Sunday,0.9863,0,1,0,1,0,1
2020-07-29_Juventus_Cagliari_1013,2020-07-29,2019/20,Juventus,Cagliari,Serie A,domestic_league,A,0,0.78,35.4778,12958,1012,735,219,265,0.7263,3,2,4,8,3,5,10,17,0,2,1.0,1.0,0.85,0.6,0.8,0.2,0.8858,0.0569,1,0,3,50,46,5,0.92,87,63,0.7241,8,20,0.4,0.8,10,8,5,2,3,2,1.5,0.5,3,2,0,0,0.0,0.0,0.5,3.5,0.0,2,1646.71,1488.3,158.41,2,63,52,0.8254,465,300,0.6452,7,Wednesday,0.9945,0,1,0,0,0,0
2020-08-07_Juventus_Lyon_1014,2020-08-07,2020/21,Juventus,Lyon,UEFA Champions League,continental_club,H,0,0.94,35.5024,12967,1013,735,219,265,0.7256,9,0,2,6,1,3,9,16,0,2,0.6,0.9,0.8,0.4,0.7,0.2,0.6201,0.0398,0,1,12,0,0,0,,88,63,0.7159,7,17,0.4,0.6,8,8,5,11,4,4,0.3636,0.2727,2,5,4,2,0.9091,0.5455,0.3333,2.0,0.3333,3,1632.44,1519.35,113.09,11,169,128,0.7574,518,421,0.8127,8,Friday,0.0165,1,0,0,1,1,2
2020-09-08_Portugal_Sweden_1015,2020-09-08,2020/21,Portugal,Sweden,UEFA Nations League,international,A,1,0.82,35.5901,12999,1014,737,219,263,0.7268,32,0,0,0,3,5,10,17,0,1,1.0,1.0,0.85,0.6,0.7,0.3,1.034,0.0279,1,0,32,1,2,0,2.0,174,106,0.6092,12,23,0.8,0.8,17,3,5,6,5,1,0.8333,0.5,5,2,3,1,1.0,0.6667,3.0,2.0,0.0,1,1692.17,1508.51,183.67,6,2,3,1.5,466,300,0.6438,9,Tuesday,0.1044,1,0,0,1,1,2
2020-09-20_Juventus_Sampdoria_1016,2020-09-20,2020/21,Juventus,Sampdoria,Serie A,domestic_league,H,0,0.78,35.6229,13011,1015,739,219,261,0.7281,12,0,1,1,4,5,11,17,0,1,1.0,1.1,0.85,0.6,0.7,0.4,1.3238,0.0195,2,0,12,2,4,0,2.0,89,65,0.7303,9,17,0.6,0.6,7,6,5,3,4,0,1.3333,1.0,4,3,0,0,0.0,0.0,0.6667,2.0,0.0,3,1639.29,1483.25,156.04,3,64,52,0.8125,519,423,0.815,9,Sunday,0.1374,1,0,0,1,0,1
2020-09-27_Juventus_AS_Roma_1017,2020-09-27,2020/21,Juventus,AS Roma,Serie A,domestic_league,A,0,0.78,35.6421,13018,1016,740,220,260,0.7283,7,1,1,2,5,6,11,17,1,1,1.2,1.1,0.85,0.8,0.7,0.4,1.2267,0.3137,3,0,7,3,5,1,1.6667,90,66,0.7333,9,17,0.6,0.6,8,5,5,6,4,1,0.6667,0.6667,2,5,0,1,0.5,0.1667,0.6667,1.6667,0.1667,6,1645.08,1490.31,154.78,6,65,53,0.8154,467,302,0.6467,9,Sunday,0.1566,1,0,0,1,1,2
2020-10-07_Portugal_Spain_1018,2020-10-07,2020/21,Portugal,Spain,International Friendly,international,H,1,0.35,35.6695,13028,1017,742,220,258,0.7296,10,0,1,3,5,7,12,18,1,1,1.4,1.2,0.9,0.8,0.7,0.5,1.4587,0.2196,4,0,10,4,7,1,1.75,175,108,0.6171,12,25,0.8,0.8,14,2,5,5,3,0,0.6,0.2,3,2,1,2,1.4,0.6,1.3333,1.0,0.6667,3,1697.33,1517.55,179.78,5,47,17,0.3617,520,424,0.8154,10,Wednesday,0.1841,1,0,0,0,0,0
2020-10-11_Portugal_France_1019,2020-10-11,2020/21,Portugal,France,UEFA Nations League,international,A,1,0.82,35.6804,13032,1018,742,220,258,0.7289,4,1,2,3,3,7,10,17,1,1,1.4,1.0,0.85,0.8,0.6,0.4,1.0211,0.1537,0,1,14,5,7,1,1.4,176,108,0.6136,10,25,0.6,0.8,11,2,5,4,0,0,0.0,0.0,0,1,0,3,2.25,0.75,0.0,1.0,0.0,1,1692.57,1534.61,157.97,4,3,5,1.6667,468,304,0.6496,10,Sunday,0.1951,1,0,0,0,0,0
2020-11-01_Juventus_Spezia_1020,2020-11-01,2020/21,Juventus,Spezia,Serie A,domestic_league,A,0,0.78,35.7379,13053,1019,742,220,258,0.7282,21,0,0,2,2,5,10,17,1,1,1.0,1.0,0.85,0.6,0.6,0.4,0.7148,0.1076,0,2,35,6,7,1,1.1667,91,68,0.7473,10,15,0.6,0.8,9,5,5,0,0,0,,,0,0,0,0,,,,,,0,1640.9,1500.0,140.9,0,66,55,0.8333,469,304,0.6482,11,Sunday,0.2527,0,0,0,1,1,2
2020-11-04_Juventus_Ferencvarosi_TC_1021,2020-11-04,2020/21,Juventus,Ferencvarosi TC,UEFA Champions League,continental_club,A,0,0.94,35.7461,13056,1020,744,220,256,0.7294,3,1,1,3,2,5,10,19,1,1,1.0,1.0,0.95,0.6,0.6,0.4,1.1003,0.0753,1,0,3,7,9,1,1.2857,92,70,0.7609,10,18,0.6,0.8,11,6,5,0,0,0,,,0,0,0,0,,,,,,0,1647.05,1500.0,147.05,0,170,130,0.7647,470,306,0.6511,11,Wednesday,0.261,0,0,0,0,0,0
2020-11-08_Juventus_Lazio_1022,2020-11-08,2020/21,Juventus,Lazio,Serie A,domestic_league,A,0,0.78,35.7571,13060,1021,744,221,256,0.7287,4,2,2,3,2,4,10,19,1,2,0.8,1.0,0.95,0.4,0.6,0.4,0.7702,0.3527,0,1,7,8,9,2,1.125,93,70,0.7527,13,20,0.8,1.0,15,5,5,5,4,1,0.8,0.6,3,3,0,2,1.2,0.4,1.6,1.6,0.0,5,1653.06,1510.04,143.01,5,67,57,0.8507,471,306,0.6497,11,Sunday,0.272,0,0,0,1,0,1
2020-11-11_Portugal_Andorra_1023,2020-11-11,2020/21,Portugal,Andorra,International Friendly,international,H,1,0.35,35.7653,13063,1022,745,221,255,0.729,3,2,3,3,3,3,10,20,1,2,0.6,1.0,1.0,0.4,0.6,0.4,0.8392,0.2469,1,0,3,9,10,2,1.1111,177,108,0.6102,11,23,0.6,1.0,10,0,5,0,0,0,,,0,0,0,0,,,,,,0,1688.32,1500.0,188.32,0,48,17,0.3542,521,424,0.8138,11,Wednesday,0.2802,0,0,0,1,0,1
2020-11-14_Portugal_France_1024,2020-11-14,2020/21,Portugal,France,UEFA Nations League,international,H,1,0.82,35.7735,13066,1023,746,222,254,0.7292,3,2,4,4,2,4,11,20,2,3,0.8,1.1,1.0,0.6,0.7,0.4,0.8874,0.4728,2,0,3,10,11,3,1.1,178,109,0.6124,11,23,0.6,1.0,4,0,4,5,0,0,0.0,0.0,0,1,1,3,2.0,0.8,0.0,0.5,0.5,2,1693.37,1538.86,154.51,5,4,5,1.25,522,425,0.8142,11,Saturday,0.2885,0,0,0,0,0,0
2020-11-17_Portugal_Croatia_1025,2020-11-17,2020/21,Portugal,Croatia,UEFA Nations League,international,A,1,0.82,35.7817,13069,1024,746,222,254,0.7285,3,2,4,5,2,4,9,19,2,3,0.8,0.9,0.95,0.6,0.6,0.3,0.6212,0.331,0,1,6,11,11,3,1.0,179,109,0.6089,8,20,0.4,0.8,2,1,4,3,1,1,0.3333,0.3333,1,3,0,0,0.0,0.0,0.0,1.0,0.0,1,1679.2,1480.44,198.76,3,5,5,1.0,472,307,0.6504,11,Tuesday,0.2967,0,0,0,0,0,0
2020-11-21_Juventus_Cagliari_1026,2020-11-21,2020/21,Juventus,Cagliari,Serie A,domestic_league,H,0,0.78,35.7927,13073,1025,746,222,254,0.7278,4,2,4,6,1,2,7,18,2,3,0.4,0.7,0.9,0.4,0.5,0.2,0.4348,0.2317,0,2,10,12,11,3,0.9167,94,71,0.7553,11,20,0.6,1.0,14,5,5,3,3,2,1.0,0.3333,3,2,0,1,1.0,0.3333,1.0,2.3333,0.3333,3,1649.16,1502.57,146.59,3,68,58,0.8529,523,425,0.8126,11,Saturday,0.3077,0,0,0,1,1,2
2020-11-24_Juventus_Ferencvarosi_TC_1027,2020-11-24,2020/21,Juventus,Ferencvarosi TC,UEFA Champions League,continental_club,H,0,0.94,35.8009,13076,1026,748,222,252,0.729,3,2,4,7,2,4,8,19,1,2,0.8,0.8,0.95,0.6,0.5,0.3,0.9044,0.1622,1,0,3,13,13,3,1.0,95,73,0.7684,11,20,0.6,1.0,13,5,5,1,0,1,0.0,0.0,0,1,0,0,0.0,0.0,1.0,4.0,0.0,1,1655.17,1494.0,161.18,1,171,130,0.7602,524,427,0.8149,11,Tuesday,0.3159,0,0,0,1,0,1
2020-12-02_Juventus_Dynamo_Kyiv_1028,2020-12-02,2020/21,Juventus,Dynamo Kyiv,UEFA Champions League,continental_club,H,0,0.94,35.8228,13084,1027,749,222,251,0.7293,8,0,2,7,3,4,7,19,1,2,0.8,0.7,0.95,0.6,0.5,0.2,0.9331,0.1135,2,0,8,14,14,3,1.0,96,74,0.7708,13,23,0.8,1.0,13,4,5,2,3,0,1.5,1.0,3,2,0,0,0.0,0.0,,,,0,1660.84,1490.12,170.72,2,172,131,0.7616,525,428,0.8152,12,Wednesday,0.3379,0,0,1,1,0,1
2020-12-05_Juventus_Torino_1029,2020-12-05,2020/21,Juventus,Torino,Serie A,domestic_league,H,0,0.78,35.831,13087,1028,750,222,250,0.7296,3,1,3,7,4,4,8,18,0,2,0.8,0.8,0.9,0.6,0.6,0.2,0.9531,0.0795,3,0,3,15,15,3,1.0,97,75,0.7732,13,23,0.8,1.0,12,3,5,4,3,1,0.75,0.75,2,3,1,0,0.25,0.25,0.5,1.75,0.0,4,1666.29,1487.55,178.74,4,69,60,0.8696,526,429,0.8156,12,Saturday,0.3462,0,0,1,0,0,0
2020-12-08_Juventus_Barcelona_1030,2020-12-08,2020/21,Juventus,Barcelona,UEFA Champions League,continental_club,A,0,0.94,35.8392,13090,1029,750,222,250,0.7289,3,2,3,8,2,4,8,18,0,2,0.8,0.8,0.9,0.6,0.6,0.2,0.6672,0.0556,0,1,6,16,15,3,0.9375,98,75,0.7653,13,26,0.8,1.0,10,3,5,33,18,1,0.5455,0.4848,2,9,9,15,1.6364,0.7273,1.7879,1.3636,0.2424,33,1671.55,1677.8,-6.24,33,173,132,0.763,473,307,0.649,12,Tuesday,0.3544,0,0,1,1,1,2
2020-12-13_Juventus_Genoa_1031,2020-12-13,2020/21,Juventus,Genoa,Serie A,domestic_league,A,0,0.78,35.8529,13095,1030,752,222,248,0.7301,5,1,3,7,3,6,8,18,0,2,1.2,0.8,0.9,0.8,0.6,0.2,1.067,0.0389,1,0,5,17,17,3,1.0,99,77,0.7778,15,26,1.0,1.0,12,2,5,3,3,0,1.0,1.0,3,2,1,0,0.3333,0.3333,1.0,2.0,0.0,3,1681.73,1491.85,189.89,3,70,60,0.8571,474,309,0.6519,12,Sunday,0.3681,0,0,1,1,1,2
2020-12-16_Juventus_Atalanta_1032,2020-12-16,2020/21,Juventus,Atalanta,Serie A,domestic_league,H,0,0.78,35.8611,13098,1031,754,222,246,0.7313,3,1,4,7,4,6,10,20,0,1,1.2,1.0,1.0,0.8,0.7,0.3,1.3469,0.0273,2,0,3,18,19,3,1.0556,100,79,0.79,15,26,1.0,1.0,13,3,5,4,3,0,0.75,0.5,2,0,3,1,1.5,1.0,2.0,1.25,0.25,4,1686.75,1525.64,161.12,4,71,62,0.8732,527,429,0.814,12,Wednesday,0.3764,0,0,1,0,0,0
2020-12-19_Juventus_Parma_1033,2020-12-19,2020/21,Juventus,Parma,Serie A,domestic_league,A,0,0.78,35.8693,13101,1032,754,222,246,0.7306,3,2,4,7,4,5,9,19,0,1,1.0,0.9,0.95,0.6,0.6,0.3,0.9429,0.0191,0,1,6,19,19,3,1.0,101,79,0.7822,13,26,0.8,1.0,12,3,5,4,4,1,1.0,0.5,4,3,1,0,0.25,0.25,1.25,2.0,0.0,4,1682.42,1484.92,197.51,4,72,62,0.8611,475,311,0.6547,12,Saturday,0.3846,0,0,1,1,1,2
2020-12-22_Juventus_Fiorentina_1034,2020-12-22,2020/21,Juventus,Fiorentina,Serie A,domestic_league,H,0,0.78,35.8775,13104,1033,756,222,244,0.7318,3,2,4,7,4,6,10,21,0,0,1.2,1.0,1.05,0.6,0.6,0.4,1.26,0.0134,1,0,3,20,21,3,1.05,102,81,0.7941,13,26,0.8,1.0,13,3,5,4,3,0,0.75,0.5,2,3,1,0,0.25,0.25,0.25,2.0,0.25,4,1687.28,1487.46,199.82,4,73,64,0.8767,528,429,0.8125,12,Tuesday,0.3929,0,0,1,0,0,0
2021-01-03_Juventus_Udinese_1035,2021-01-03,2020/21,Juventus,Udinese,Serie A,domestic_league,H,0,0.78,35.9104,13116,1034,756,222,244,0.7311,12,0,1,6,2,6,10,19,0,0,1.2,1.0,0.95,0.6,0.6,0.4,0.882,0.0093,0,1,15,21,21,3,1.0,103,81,0.7864,10,23,0.6,0.8,11,5,5,3,3,0,1.0,0.6667,3,2,0,1,1.0,0.3333,1.0,2.0,0.0,3,1672.09,1502.27,169.82,3,74,64,0.8649,529,429,0.811,1,Sunday,0.4258,0,0,1,1,1,2
2021-01-06_Juventus_AC_Milan_1036,2021-01-06,2020/21,Juventus,AC Milan,Serie A,domestic_league,A,0,0.78,35.9186,13119,1035,758,223,242,0.7324,3,1,1,6,4,6,12,19,1,1,1.2,1.2,0.95,0.6,0.7,0.5,1.2174,0.3065,1,0,3,22,23,4,1.0455,104,83,0.7981,10,25,0.6,0.8,12,6,5,12,6,1,0.5,0.5,2,5,3,4,1.25,0.5833,0.8333,1.1667,0.1667,6,1677.56,1537.45,140.11,12,75,66,0.88,476,313,0.6576,1,Wednesday,0.4341,0,0,1,0,0,0
2021-01-10_Juventus_Sassuolo_1037,2021-01-10,2020/21,Juventus,Sassuolo,Serie A,domestic_league,H,0,0.78,35.9296,13123,1036,758,223,242,0.7317,4,2,2,6,2,4,10,18,1,1,0.8,1.0,0.9,0.4,0.6,0.4,0.8522,0.2146,0,1,7,23,23,4,1.0,105,83,0.7905,10,25,0.6,0.8,12,6,5,4,4,1,1.0,0.75,2,2,2,0,0.5,0.5,1.5,2.5,0.0,4,1683.73,1495.92,187.81,4,76,66,0.8684,530,431,0.8132,1,Sunday,0.4451,0,0,1,1,0,1
2021-01-13_Juventus_Genoa_1038,2021-01-13,2020/21,Juventus,Genoa,Coppa Italia,domestic_or_other_cup,H,0,0.72,35.9378,13126,1037,759,223,241,0.7319,3,2,3,6,3,5,10,17,1,1,1.0,1.0,0.85,0.6,0.6,0.4,0.8965,0.1502,1,0,3,24,24,4,1.0,106,84,0.7925,12,25,0.8,0.8,14,6,5,4,5,0,1.25,1.0,4,3,1,0,0.25,0.25,1.0,2.25,0.0,4,1688.8,1486.83,201.97,4,6,2,0.3333,531,432,0.8136,1,Wednesday,0.4533,0,0,1,0,0,0
2021-01-17_Juventus_Inter_Milan_1039,2021-01-17,2020/21,Juventus,Inter Milan,Serie A,domestic_league,A,0,0.78,35.9487,13130,1038,759,223,241,0.7312,4,2,4,6,1,3,9,17,1,1,0.6,0.9,0.85,0.4,0.5,0.4,0.6276,0.1051,0,1,7,25,24,4,0.96,107,84,0.785,12,25,0.8,0.8,13,8,5,7,2,1,0.2857,0.2857,1,4,3,0,0.4286,0.4286,0.5,1.5,0.0,4,1693.56,1489.38,204.18,7,77,67,0.8701,477,313,0.6562,1,Sunday,0.4643,0,0,1,0,0,0
2021-01-20_Juventus_Napoli_1040,2021-01-20,2020/21,Juventus,Napoli,Supercoppa Italiana,domestic_or_other_cup,H,0,0.82,35.9569,13133,1039,759,223,241,0.7305,3,2,4,6,1,3,9,17,1,1,0.6,0.9,0.85,0.4,0.5,0.4,0.4393,0.0736,0,2,10,26,24,4,0.9231,108,84,0.7778,12,22,0.8,0.8,13,7,5,7,2,3,0.2857,0.2857,2,5,0,2,0.8571,0.2857,1.2857,2.2857,0.1429,7,1678.28,1503.86,174.41,7,2,1,0.5,532,432,0.812,1,Wednesday,0.4725,0,0,1,1,0,1
2021-01-24_Juventus_Bologna_1041,2021-01-24,2020/21,Juventus,Bologna,Serie A,domestic_league,H,0,0.78,35.9679,13137,1040,760,223,240,0.7308,4,2,4,6,1,2,8,16,0,1,0.4,0.8,0.8,0.4,0.5,0.3,0.6075,0.0515,1,0,4,27,25,4,0.9259,109,85,0.7798,12,22,0.8,0.8,11,6,5,5,2,1,0.4,0.4,2,5,0,0,0.0,0.0,0.2,1.8,0.0,5,1683.64,1470.56,213.08,5,78,67,0.859,533,433,0.8124,1,Sunday,0.4835,0,0,1,0,0,0
2021-01-30_Juventus_Sampdoria_1042,2021-01-30,2020/21,Juventus,Sampdoria,Serie A,domestic_league,A,0,0.78,35.9843,13143,1041,760,224,240,0.7301,6,1,3,7,1,2,6,16,1,2,0.4,0.6,0.8,0.4,0.4,0.2,0.4253,0.3361,0,1,10,28,25,5,0.8929,110,85,0.7727,12,22,0.8,0.8,10,5,5,4,5,1,1.25,1.0,3,4,0,0,0.0,0.0,0.5,2.25,0.0,4,1688.18,1477.46,210.71,4,79,67,0.8481,478,313,0.6548,1,Saturday,0.5,0,0,1,0,0,0
2021-02-02_Juventus_Inter_Milan_1043,2021-02-02,2020/21,Juventus,Inter Milan,Coppa Italia,domestic_or_other_cup,A,0,0.72,35.9925,13146,1042,760,224,240,0.7294,3,1,3,8,1,1,6,15,1,2,0.2,0.6,0.75,0.2,0.4,0.2,0.2977,0.2352,0,2,13,29,25,5,0.8621,111,85,0.7658,12,24,0.8,0.8,9,4,5,8,2,1,0.25,0.25,0,4,3,1,0.75,0.5,0.8,1.2,0.2,5,1692.76,1504.66,188.1,8,7,2,0.2857,479,313,0.6534,2,Tuesday,0.5082,0,0,0,1,1,2
2021-02-06_Juventus_AS_Roma_1044,2021-02-06,2020/21,Juventus,AS Roma,Serie A,domestic_league,H,0,0.78,36.0035,13150,1043,762,224,238,0.7306,4,2,3,7,2,3,6,16,1,2,0.6,0.6,0.8,0.4,0.4,0.2,0.8084,0.1647,1,0,4,30,27,5,0.9,112,87,0.7768,12,24,0.8,0.8,8,3,5,7,6,1,0.8571,0.7143,4,5,1,1,0.5714,0.2857,0.8571,1.7143,0.1429,7,1697.82,1494.49,203.33,7,80,67,0.8375,534,433,0.8109,2,Saturday,0.5192,0,0,0,1,0,1
2021-02-09_Juventus_Inter_Milan_1045,2021-02-09,2020/21,Juventus,Inter Milan,Coppa Italia,domestic_or_other_cup,H,0,0.72,36.0117,13153,1044,763,224,237,0.7308,3,2,3,8,3,4,7,17,1,2,0.8,0.7,0.85,0.6,0.5,0.2,0.8659,0.1153,2,0,3,31,28,5,0.9032,113,88,0.7788,15,27,1.0,1.0,10,1,5,9,4,1,0.4444,0.3333,2,5,3,1,0.6667,0.4444,0.8333,1.3333,0.1667,6,1702.55,1499.6,202.96,9,8,4,0.5,535,434,0.8112,2,Tuesday,0.5275,0,0,0,0,0,0
2021-02-13_Juventus_Napoli_1046,2021-02-13,2020/21,Juventus,Napoli,Serie A,domestic_league,A,0,0.78,36.0226,13157,1045,763,224,237,0.7301,4,2,4,7,3,3,5,17,1,1,0.6,0.5,0.85,0.4,0.4,0.1,0.6061,0.0807,0,1,7,32,28,5,0.875,114,88,0.7719,13,25,0.8,1.0,8,1,5,8,3,3,0.375,0.375,2,6,0,2,0.75,0.25,1.125,2.25,0.125,8,1697.3,1498.5,198.8,8,81,68,0.8395,480,315,0.6562,2,Saturday,0.5385,0,0,0,0,0,0
2021-02-17_Juventus_FC_Porto_1047,2021-02-17,2020/21,Juventus,FC Porto,UEFA Champions League,continental_club,A,0,0.94,36.0336,13161,1046,763,224,237,0.7294,4,1,3,7,1,3,5,15,0,1,0.6,0.5,0.75,0.4,0.4,0.1,0.4243,0.0565,0,2,11,33,28,5,0.8485,115,88,0.7652,10,22,0.6,0.8,6,2,5,6,1,0,0.1667,0.1667,1,1,2,3,1.8333,0.8333,,,,0,1682.13,1534.27,147.86,6,174,134,0.7701,481,315,0.6549,2,Wednesday,0.5495,0,0,0,0,0,0
2021-02-22_Juventus_Crotone_1048,2021-02-22,2020/21,Juventus,Crotone,Serie A,domestic_league,H,0,0.78,36.0473,13166,1047,763,224,237,0.7287,5,1,3,7,0,3,4,14,0,1,0.6,0.4,0.7,0.4,0.3,0.1,0.297,0.0395,0,3,16,34,28,5,0.8235,116,88,0.7586,7,19,0.4,0.6,5,4,5,0,0,0,,,0,0,0,0,,,,,,0,1668.11,1500.0,168.11,0,82,68,0.8293,536,434,0.8097,2,Monday,0.5632,0,0,0,1,1,2
2021-02-27_Juventus_Verona_1049,2021-02-27,2020/21,Juventus,Verona,Serie A,domestic_league,A,0,0.78,36.061,13171,1048,765,224,235,0.73,5,1,3,7,2,3,6,15,0,1,0.6,0.6,0.75,0.4,0.4,0.2,0.8079,0.0277,1,0,5,35,30,5,0.8571,117,90,0.7692,7,19,0.4,0.6,6,3,5,2,2,1,1.0,1.0,2,1,0,1,1.5,0.5,1.5,1.5,0.0,2,1673.62,1508.96,164.66,2,83,70,0.8434,482,315,0.6535,2,Saturday,0.5769,0,0,0,1,0,1
2021-03-02_Juventus_Spezia_1050,2021-03-02,2020/21,Juventus,Spezia,Serie A,domestic_league,H,0,0.78,36.0692,13174,1049,766,224,234,0.7302,3,1,3,7,3,3,7,16,0,1,0.6,0.7,0.8,0.4,0.5,0.2,0.8655,0.0194,2,0,3,36,31,5,0.8611,118,91,0.7712,5,20,0.2,0.6,5,4,5,1,2,0,2.0,1.0,2,1,0,0,0.0,0.0,1.0,4.0,0.0,1,1669.21,1493.85,175.36,1,84,71,0.8452,537,436,0.8119,3,Tuesday,0.5852,0,0,0,1,0,1
2021-03-06_Juventus_Lazio_1051,2021-03-06,2020/21,Juventus,Lazio,Serie A,domestic_league,H,0,0.78,36.0801,13178,1050,767,224,233,0.7305,4,2,3,7,4,4,7,15,0,1,0.8,0.7,0.75,0.6,0.5,0.2,0.9059,0.0136,3,0,4,37,32,5,0.8649,119,92,0.7731,7,20,0.4,0.6,8,4,5,6,5,1,0.8333,0.6667,3,3,1,2,1.1667,0.5,1.5,1.5,0.0,6,1674.55,1513.94,160.6,6,85,72,0.8471,538,437,0.8123,3,Saturday,0.5962,0,0,0,0,0,0
2021-03-09_Juventus_FC_Porto_1052,2021-03-09,2020/21,Juventus,FC Porto,UEFA Champions League,continental_club,H,0,0.94,36.0884,13181,1051,767,224,233,0.7298,3,2,3,7,2,4,7,13,0,0,0.8,0.7,0.65,0.6,0.5,0.2,0.6341,0.0095,0,1,7,38,32,5,0.8421,120,92,0.7667,10,20,0.6,0.8,11,4,5,7,1,0,0.1429,0.1429,1,1,2,4,2.0,0.8571,2.0,1.0,0.0,1,1680.23,1548.29,131.94,7,175,134,0.7657,539,437,0.8108,3,Tuesday,0.6044,0,0,0,0,0,0
2021-03-14_Juventus_Cagliari_1053,2021-03-14,2020/21,Juventus,Cagliari,Serie A,domestic_league,A,0,0.78,36.102,13186,1052,767,225,233,0.7291,5,1,3,7,1,4,7,13,1,1,0.8,0.7,0.65,0.6,0.5,0.2,0.4439,0.3066,0,2,12,39,32,6,0.8205,121,92,0.7603,13,20,0.8,1.0,13,4,5,4,5,2,1.25,0.5,5,3,0,1,0.75,0.25,0.75,2.25,0.25,4,1686.6,1496.55,190.05,4,86,72,0.8372,483,316,0.6542,3,Sunday,0.6181,0,0,0,1,1,3
2021-03-21_Juventus_Benevento_1054,2021-03-21,2020/21,Juventus,Benevento,Serie A,domestic_league,H,0,0.78,36.1212,13193,1053,770,225,230,0.7312,7,1,2,6,3,5,8,14,1,1,1.0,0.8,0.7,0.6,0.5,0.2,1.2107,0.2147,1,0,7,40,35,6,0.875,122,95,0.7787,13,20,0.8,1.0,13,5,5,0,0,0,,,0,0,0,0,,,,,,0,1691.62,1500.0,191.62,0,87,75,0.8621,540,437,0.8093,3,Sunday,0.6374,0,0,0,0,0,0
2021-03-24_Portugal_Azerbaijan_1055,2021-03-24,2020/21,Portugal,Azerbaijan,World Cup - Qualification Europe,international,H,1,0.76,36.1294,13196,1054,770,225,230,0.7306,3,1,2,7,3,4,7,14,1,1,0.8,0.7,0.7,0.4,0.4,0.2,0.8475,0.1503,0,1,10,41,35,6,0.8537,180,109,0.6056,8,20,0.4,0.8,3,3,4,3,2,1,0.6667,0.3333,2,3,0,0,0.0,0.0,,,,0,1684.03,1480.1,203.93,3,38,30,0.7895,541,437,0.8078,3,Wednesday,0.6456,0,0,0,0,0,0
2021-03-27_Portugal_Serbia_1056,2021-03-27,2020/21,Portugal,Serbia,World Cup - Qualification Europe,international,A,1,0.76,36.1376,13199,1055,770,225,230,0.7299,3,2,3,7,3,3,7,12,1,1,0.6,0.7,0.6,0.2,0.4,0.2,0.5932,0.1052,0,2,13,42,35,6,0.8333,181,109,0.6022,10,20,0.6,0.8,4,3,4,5,1,0,0.2,0.2,1,2,3,0,0.6,0.6,1.5,2.5,0.0,2,1688.75,1499.74,189.01,5,39,30,0.7692,484,319,0.6591,3,Saturday,0.6538,0,0,0,0,0,0
2021-03-30_Portugal_Luxembourg_1057,2021-03-30,2020/21,Portugal,Luxembourg,World Cup - Qualification Europe,international,A,1,0.76,36.1458,13202,1056,770,225,230,0.7292,3,2,3,7,0,3,7,12,1,1,0.6,0.7,0.6,0.2,0.4,0.2,0.4153,0.0736,0,3,16,43,35,6,0.814,182,109,0.5989,10,21,0.6,0.8,6,5,4,8,5,1,0.625,0.625,3,8,0,0,0.0,0.0,0.0,2.5,0.0,2,1683.79,1449.54,234.25,8,40,30,0.75,485,319,0.6577,3,Tuesday,0.6621,0,0,0,1,0,1
2021-04-03_Juventus_Torino_1058,2021-04-03,2020/21,Juventus,Torino,Serie A,domestic_league,A,0,0.78,36.1568,13206,1057,771,225,229,0.7294,4,2,4,7,1,4,8,12,0,1,0.8,0.8,0.6,0.4,0.5,0.2,0.5907,0.0515,1,0,4,44,36,6,0.8182,123,95,0.7724,12,17,0.8,0.8,12,5,5,5,3,1,0.6,0.6,1,4,1,0,0.2,0.2,0.6,1.8,0.0,5,1676.6,1482.28,194.32,5,88,75,0.8523,486,320,0.6584,4,Saturday,0.6731,0,0,0,1,0,1
2021-04-07_Juventus_Napoli_1059,2021-04-07,2020/21,Juventus,Napoli,Serie A,domestic_league,H,0,0.78,36.1678,13210,1058,772,225,228,0.7297,4,1,4,7,2,2,7,13,0,1,0.4,0.7,0.65,0.4,0.5,0.1,0.7135,0.0361,2,0,4,45,37,6,0.8222,124,96,0.7742,10,17,0.6,0.8,11,7,5,9,3,3,0.3333,0.3333,1,6,0,3,1.0,0.3333,1.1111,2.0,0.2222,9,1671.53,1513.67,157.86,9,89,76,0.8539,542,437,0.8063,4,Wednesday,0.6841,0,0,0,1,0,1
2021-04-11_Juventus_Genoa_1060,2021-04-11,2020/21,Juventus,Genoa,Serie A,domestic_league,H,0,0.78,36.1787,13214,1059,773,225,227,0.7299,4,1,3,7,3,3,7,14,0,1,0.6,0.7,0.7,0.6,0.5,0.1,0.7994,0.0253,3,0,4,46,38,6,0.8261,125,97,0.776,10,20,0.6,0.8,10,7,5,5,5,0,1.0,0.8,3,4,1,0,0.2,0.2,1.2,2.4,0.0,5,1677.27,1482.06,195.21,5,90,77,0.8556,543,438,0.8066,4,Sunday,0.6951,0,0,0,0,0,0
2021-04-21_Juventus_Parma_1061,2021-04-21,2020/21,Juventus,Parma,Serie A,domestic_league,H,0,0.78,36.2061,13224,1060,773,225,227,0.7292,10,0,2,6,2,3,6,13,0,1,0.6,0.6,0.65,0.6,0.4,0.1,0.5596,0.0177,0,1,14,47,38,6,0.8085,126,97,0.7698,10,23,0.6,0.8,10,6,5,5,6,1,1.2,0.6,4,4,1,0,0.2,0.2,1.0,2.4,0.0,5,1682.18,1480.06,202.12,5,91,77,0.8462,544,438,0.8051,4,Wednesday,0.7225,0,0,0,0,0,0
2021-04-25_Juventus_Fiorentina_1062,2021-04-25,2020/21,Juventus,Fiorentina,Serie A,domestic_league,A,0,0.78,36.217,13228,1061,773,225,227,0.7286,4,1,2,6,1,3,6,13,0,1,0.6,0.6,0.65,0.6,0.4,0.1,0.3917,0.0124,0,2,18,48,38,6,0.7917,127,97,0.7638,10,23,0.6,0.8,10,6,5,5,3,0,0.6,0.4,2,3,1,1,0.8,0.4,0.8,1.6,0.4,5,1686.94,1502.65,184.29,5,92,77,0.837,487,321,0.6591,4,Sunday,0.7335,0,0,0,0,0,0
2021-05-02_Juventus_Udinese_1063,2021-05-02,2020/21,Juventus,Udinese,Serie A,domestic_league,A,0,0.78,36.2362,13235,1062,773,225,227,0.7279,7,1,2,5,0,2,6,13,0,0,0.4,0.6,0.65,0.4,0.4,0.1,0.2742,0.0087,0,3,25,49,38,6,0.7755,128,97,0.7578,11,23,0.6,1.0,11,6,5,4,5,1,1.25,0.75,4,3,0,1,0.75,0.25,1.0,2.5,0.0,4,1682.08,1496.81,185.28,4,93,77,0.828,488,321,0.6578,5,Sunday,0.7527,0,0,0,1,1,2
2021-05-09_Juventus_AC_Milan_1064,2021-05-09,2020/21,Juventus,AC Milan,Serie A,domestic_league,H,0,0.78,36.2554,13242,1063,775,225,225,0.7291,7,1,2,4,2,3,5,13,0,0,0.6,0.5,0.65,0.4,0.4,0.1,0.7919,0.0061,1,0,7,50,40,6,0.8,129,99,0.7674,13,23,0.8,1.0,11,5,5,13,6,1,0.4615,0.4615,1,6,3,4,1.1538,0.5385,0.8571,1.4286,0.1429,7,1687.21,1531.27,155.93,13,94,79,0.8404,545,438,0.8037,5,Sunday,0.772,0,0,0,0,0,0
2021-05-12_Juventus_Sassuolo_1065,2021-05-12,2020/21,Juventus,Sassuolo,Serie A,domestic_league,A,0,0.78,36.2636,13245,1064,775,225,225,0.7284,3,1,2,4,2,2,5,12,0,0,0.4,0.5,0.6,0.2,0.4,0.1,0.5544,0.0042,0,1,10,51,40,6,0.7843,130,99,0.7615,10,20,0.6,0.8,9,7,5,5,5,1,1.0,0.8,2,3,2,0,0.4,0.4,1.4,2.6,0.0,5,1673.0,1490.86,182.14,5,95,79,0.8316,489,323,0.6605,5,Wednesday,0.7802,0,0,0,1,0,1
2021-05-15_Juventus_Inter_Milan_1066,2021-05-15,2020/21,Juventus,Inter Milan,Serie A,domestic_league,H,0,0.78,36.2718,13248,1065,776,225,224,0.7286,3,2,3,5,3,3,6,13,0,0,0.6,0.6,0.65,0.4,0.5,0.1,0.6881,0.003,1,0,3,52,41,6,0.7885,131,100,0.7634,10,20,0.6,0.8,9,7,5,10,4,1,0.4,0.3,2,5,4,1,0.7,0.5,0.7143,1.1429,0.2857,7,1678.19,1504.86,173.33,10,96,80,0.8333,546,438,0.8022,5,Saturday,0.7885,0,0,0,1,0,1
2021-05-19_Juventus_Atalanta_1067,2021-05-19,2020/21,Juventus,Atalanta,Coppa Italia,domestic_or_other_cup,A,0,0.72,36.2827,13252,1066,777,225,223,0.7289,4,2,3,6,2,4,7,14,0,0,0.8,0.7,0.7,0.6,0.6,0.1,0.7816,0.0021,2,0,4,53,42,6,0.7925,132,101,0.7652,10,20,0.6,0.8,9,8,5,5,3,0,0.6,0.4,2,0,4,1,1.4,1.0,1.8,1.2,0.2,5,1683.57,1529.97,153.6,5,9,4,0.4444,490,324,0.6612,5,Wednesday,0.7995,0,0,0,0,0,0
2021-06-04_Portugal_Spain_1068,2021-06-04,2020/21,Portugal,Spain,International Friendly,international,A,1,0.35,36.3266,13268,1067,777,225,223,0.7282,16,0,0,4,2,4,6,14,0,0,0.8,0.6,0.7,0.6,0.5,0.1,0.5471,0.0015,0,1,20,54,42,6,0.7778,183,110,0.6011,10,21,0.6,0.8,9,6,5,6,3,0,0.5,0.1667,3,2,2,2,1.3333,0.6667,1.0,0.75,0.75,4,1687.91,1522.31,165.61,6,49,18,0.3673,491,324,0.6599,6,Friday,0.8434,0,1,0,0,0,0
2021-06-09_Portugal_Israel_1069,2021-06-09,2020/21,Portugal,Israel,International Friendly,international,H,1,0.35,36.3402,13273,1068,777,225,223,0.7275,5,1,1,4,1,2,5,12,0,0,0.4,0.5,0.6,0.4,0.4,0.1,0.383,0.001,0,2,25,55,42,6,0.7636,184,110,0.5978,11,19,0.6,1.0,9,5,5,2,0,1,0.0,0.0,0,0,2,0,1.0,1.0,,,,0,1683.48,1506.4,177.07,2,50,18,0.36,547,439,0.8026,6,Wednesday,0.8571,0,1,0,1,0,1
2021-06-15_Portugal_Hungary_1070,2021-06-15,2020/21,Portugal,Hungary,Euro Championship,international,A,1,0.95,36.3567,13279,1069,778,225,222,0.7278,6,1,2,3,1,3,5,12,0,0,0.6,0.5,0.6,0.6,0.4,0.1,0.5681,0.0007,1,0,6,56,43,6,0.7679,185,111,0.6,11,19,0.6,1.0,10,3,5,5,4,2,0.8,0.4,4,4,1,0,0.2,0.2,1.0,2.3333,0.0,3,1688.78,1482.15,206.63,5,21,9,0.4286,492,324,0.6585,6,Tuesday,0.8736,0,1,0,1,1,2
2021-06-19_Portugal_Germany_1071,2021-06-19,2020/21,Portugal,Germany,Euro Championship,international,H,1,0.95,36.3676,13283,1070,780,225,220,0.729,4,1,2,3,3,4,7,13,0,0,0.8,0.7,0.65,0.6,0.5,0.2,0.9977,0.0005,2,0,4,57,45,6,0.7895,186,113,0.6075,11,21,0.6,1.0,12,3,5,4,0,0,0.0,0.0,0,0,0,4,3.0,1.0,2.6667,0.6667,0.6667,3,1693.45,1552.75,140.7,4,22,11,0.5,548,440,0.8029,6,Saturday,0.8846,0,1,0,1,0,1
2021-06-23_Portugal_France_1072,2021-06-23,2020/21,Portugal,France,Euro Championship,international,H,1,0.95,36.3786,13287,1071,781,226,219,0.7292,4,1,3,4,4,4,8,14,1,1,0.8,0.8,0.7,0.6,0.6,0.2,0.9984,0.3003,3,0,4,58,46,7,0.7931,187,114,0.6096,10,20,0.6,0.8,12,5,5,6,0,0,0.0,0.0,0,1,1,4,2.1667,0.8333,0.3333,0.3333,0.6667,3,1679.6,1553.04,126.57,6,23,12,0.5217,549,441,0.8033,6,Wednesday,0.8956,0,1,0,1,1,2
2021-06-27_Portugal_Belgium_1073,2021-06-27,2020/21,Portugal,Belgium,Euro Championship,international,A,1,0.95,36.3895,13291,1072,783,226,217,0.7304,4,1,3,5,5,6,10,16,1,1,1.2,1.0,0.8,0.8,0.7,0.3,1.2989,0.2102,4,0,4,59,48,7,0.8136,188,116,0.617,8,18,0.4,0.8,11,6,5,2,3,1,1.5,1.0,3,2,0,0,0.0,0.0,,,,0,1676.11,1487.33,188.79,2,24,14,0.5833,493,326,0.6613,6,Sunday,0.9066,0,1,0,0,0,0
2021-08-22_Juventus_Udinese_1074,2021-08-22,2021/22,Juventus,Udinese,Serie A,domestic_league,A,0,0.78,36.5428,13347,1073,783,226,217,0.7297,56,0,0,0,3,6,8,13,1,1,1.2,0.8,0.65,0.8,0.6,0.2,0.9092,0.1472,0,1,60,0,0,0,,133,101,0.7594,12,23,0.8,0.8,10,8,5,5,7,1,1.4,0.8,4,4,0,1,0.6,0.2,1.0,2.4,0.0,5,1689.42,1491.68,197.74,5,97,81,0.8351,494,326,0.6599,8,Sunday,0.0577,1,0,0,0,0,0
2021-09-01_Portugal_Rep._Of_Ireland_1075,2021-09-01,2021/22,Portugal,Rep. Of Ireland,World Cup - Qualification Europe,international,H,1,0.76,36.5702,13357,1074,783,226,217,0.7291,10,0,1,1,2,5,8,13,1,1,1.0,0.8,0.65,0.6,0.6,0.2,0.6364,0.103,0,2,70,1,0,0,0.0,189,116,0.6138,7,18,0.4,0.6,11,7,5,0,0,0,,,0,0,0,0,,,,,,0,1661.16,1500.0,161.16,0,41,31,0.7561,550,443,0.8055,9,Wednesday,0.0852,1,0,0,1,1,2
2021-09-11_Manchester_United_Newcastle_1076,2021-09-11,2021/22,Manchester United,Newcastle,Premier League,domestic_league,H,0,0.78,36.5976,13367,1075,785,226,215,0.7302,10,0,1,2,2,5,9,15,1,1,1.0,0.9,0.75,0.6,0.6,0.3,1.0455,0.0721,1,0,10,2,2,0,1.0,290,117,0.4034,10,25,0.6,0.8,2,0,1,0,0,0,,,0,0,0,0,,,,,,0,1708.51,1500.0,208.51,0,196,84,0.4286,551,445,0.8076,9,Saturday,0.1126,1,0,0,1,1,2
2021-09-14_Manchester_United_BSC_Young_Boys_1077,2021-09-14,2021/22,Manchester United,BSC Young Boys,UEFA Champions League,continental_club,A,0,0.94,36.6058,13370,1076,787,226,213,0.7314,3,1,2,3,4,6,10,17,0,1,1.2,1.0,0.85,0.6,0.6,0.4,1.3319,0.0505,2,0,3,3,4,0,1.3333,291,119,0.4089,10,25,0.6,0.8,6,1,2,1,0,1,0.0,0.0,0,0,0,1,3.0,1.0,2.0,1.0,0.0,1,1713.14,1514.14,199.0,1,176,134,0.7614,495,326,0.6586,9,Tuesday,0.1209,1,0,0,1,0,1
2021-09-19_Manchester_United_West_Ham_1078,2021-09-19,2021/22,Manchester United,West Ham,Premier League,domestic_league,A,0,0.78,36.6195,13375,1077,788,226,212,0.7317,5,1,2,4,5,5,11,17,0,1,1.0,1.1,0.85,0.6,0.7,0.4,1.2323,0.0353,3,0,5,4,5,0,1.25,292,120,0.411,7,22,0.4,0.6,7,3,3,0,0,0,,,0,0,0,0,,,,,,0,1697.97,1500.0,197.97,0,197,86,0.4365,496,327,0.6593,9,Sunday,0.1346,1,0,0,1,0,1
2021-09-25_Manchester_United_Aston_Villa_1079,2021-09-25,2021/22,Manchester United,Aston Villa,Premier League,domestic_league,H,0,0.78,36.6359,13381,1078,789,226,211,0.7319,6,1,3,4,4,6,12,17,0,1,1.2,1.2,0.85,0.8,0.8,0.4,1.1626,0.0247,4,0,6,5,6,0,1.2,293,121,0.413,7,22,0.4,0.6,9,4,4,14,9,3,0.6429,0.5,3,13,1,0,0.0714,0.0714,,,,0,1702.81,1436.65,266.16,14,198,87,0.4394,552,447,0.8098,9,Saturday,0.1511,1,0,0,0,0,0
2021-09-29_Manchester_United_Villarreal_1080,2021-09-29,2021/22,Manchester United,Villarreal,UEFA Champions League,continental_club,H,0,0.94,36.6469,13385,1079,789,226,211,0.7312,4,1,2,5,2,6,11,16,0,1,1.2,1.1,0.8,0.8,0.7,0.4,0.8138,0.0173,0,1,10,6,6,0,1.0,294,121,0.4116,6,19,0.4,0.4,9,5,5,19,13,3,0.6842,0.5263,2,8,9,2,0.7895,0.5789,1.0769,1.9231,0.1538,13,1686.37,1535.92,150.45,19,177,135,0.7627,553,447,0.8083,9,Wednesday,0.1621,1,0,0,1,0,1
2021-10-02_Manchester_United_Everton_1081,2021-10-02,2021/22,Manchester United,Everton,Premier League,domestic_league,H,0,0.78,36.6551,13388,1080,790,226,210,0.7315,3,2,3,5,2,5,10,17,0,1,1.0,1.0,0.85,0.8,0.7,0.3,0.8697,0.0121,1,0,3,7,7,0,1.0,295,122,0.4136,9,19,0.6,0.6,9,6,5,12,5,3,0.4167,0.3333,3,8,3,1,0.5,0.3333,,,,0,1692.29,1479.8,212.49,12,199,87,0.4372,554,448,0.8087,10,Saturday,0.1703,1,0,0,0,0,0
2021-10-09_Portugal_Qatar_1082,2021-10-09,2021/22,Portugal,Qatar,International Friendly,international,H,1,0.35,36.6743,13395,1081,790,226,210,0.7308,7,1,3,6,1,3,9,17,0,0,0.6,0.9,0.85,0.6,0.6,0.3,0.6088,0.0085,0,1,10,8,7,0,0.875,190,118,0.6211,7,18,0.4,0.6,9,8,5,0,0,0,,,0,0,0,0,,,,,,0,1666.83,1500.0,166.83,0,51,19,0.3725,555,448,0.8072,10,Saturday,0.1896,1,0,0,1,0,1
2021-10-12_Portugal_Luxembourg_1083,2021-10-12,2021/22,Portugal,Luxembourg,World Cup - Qualification Europe,international,H,1,0.76,36.6825,13398,1082,791,226,209,0.7311,3,1,3,6,2,3,8,18,0,0,0.6,0.8,0.9,0.6,0.6,0.2,0.7261,0.0059,1,0,3,9,8,0,0.8889,191,119,0.623,7,18,0.4,0.6,9,8,5,9,6,1,0.6667,0.6667,3,9,0,0,0.0,0.0,0.3333,2.6667,0.0,3,1672.36,1445.42,226.94,9,42,33,0.7857,556,449,0.8076,10,Tuesday,0.1978,1,0,0,1,1,3
2021-10-16_Manchester_United_Leicester_1084,2021-10-16,2021/22,Manchester United,Leicester,Premier League,domestic_league,A,0,0.78,36.6934,13402,1083,794,226,206,0.7331,4,2,3,6,4,5,11,19,0,0,1.0,1.1,0.95,0.6,0.7,0.3,1.4083,0.0042,2,0,4,10,11,0,1.1,296,122,0.4122,7,17,0.4,0.6,6,6,5,0,0,0,,,0,0,0,0,,,,,,0,1686.84,1500.0,186.84,0,200,87,0.435,497,328,0.66,10,Saturday,0.2088,0,0,0,0,0,0
2021-10-20_Manchester_United_Atalanta_1085,2021-10-20,2021/22,Manchester United,Atalanta,UEFA Champions League,continental_club,H,0,0.94,36.7044,13406,1084,794,226,206,0.7325,4,1,3,6,4,5,11,19,0,0,1.0,1.1,0.95,0.6,0.7,0.3,0.9858,0.0029,0,1,8,11,11,0,1.0,297,122,0.4108,7,14,0.4,0.6,7,8,5,6,3,0,0.5,0.3333,2,1,4,1,1.1667,0.8333,1.6667,1.3333,0.1667,6,1671.92,1524.12,147.8,6,178,136,0.764,557,452,0.8115,10,Wednesday,0.2198,0,0,0,1,0,1
2021-10-24_Manchester_United_Liverpool_1086,2021-10-24,2021/22,Manchester United,Liverpool,Premier League,domestic_league,H,0,0.78,36.7153,13410,1085,795,226,205,0.7327,4,1,3,7,4,5,10,19,0,0,1.0,1.0,0.95,0.6,0.7,0.2,0.9901,0.002,1,0,4,12,12,0,1.0,298,123,0.4128,7,14,0.4,0.6,8,9,5,12,3,1,0.25,0.25,1,8,1,3,0.8333,0.3333,0.3333,2.3333,0.0,3,1677.91,1502.57,175.34,12,201,87,0.4328,558,453,0.8118,10,Sunday,0.2308,0,0,0,0,0,0
2021-10-30_Manchester_United_Tottenham_1087,2021-10-30,2021/22,Manchester United,Tottenham,Premier League,domestic_league,A,0,0.78,36.7318,13416,1086,795,226,205,0.732,6,1,3,6,1,5,8,18,0,0,1.0,0.8,0.9,0.6,0.6,0.1,0.693,0.0014,0,1,10,13,12,0,0.9231,299,123,0.4114,7,13,0.4,0.6,8,13,5,2,2,0,1.0,1.0,2,0,1,1,2.0,1.0,2.0,1.0,0.0,2,1663.25,1522.4,140.85,2,202,87,0.4307,498,328,0.6586,10,Saturday,0.2473,0,0,0,1,0,1
2021-11-02_Manchester_United_Atalanta_1088,2021-11-02,2021/22,Manchester United,Atalanta,UEFA Champions League,continental_club,A,0,0.94,36.74,13419,1087,796,227,204,0.7323,3,1,3,6,2,5,8,19,1,1,1.0,0.8,0.95,0.6,0.6,0.1,0.7851,0.301,1,0,3,14,13,1,0.9286,300,124,0.4133,7,16,0.4,0.6,9,12,5,7,4,0,0.5714,0.4286,1,2,4,1,1.0,0.7143,1.7143,1.5714,0.1429,7,1669.41,1518.14,151.27,7,179,137,0.7654,499,329,0.6593,11,Tuesday,0.2555,0,0,0,1,1,2
2021-11-06_Manchester_United_Manchester_City_1089,2021-11-06,2021/22,Manchester United,Manchester City,Premier League,domestic_league,H,0,0.78,36.7509,13423,1088,798,227,202,0.7335,4,2,3,7,3,4,9,21,1,1,0.8,0.9,1.05,0.6,0.6,0.2,1.1496,0.2107,2,0,4,15,15,1,1.0,301,126,0.4186,7,14,0.4,0.6,10,13,5,14,5,1,0.3571,0.3571,1,9,2,3,0.7857,0.3571,1.0,1.6667,0.0,3,1665.31,1499.63,165.68,14,203,88,0.4335,559,453,0.8104,11,Saturday,0.2665,0,0,0,0,0,0
2021-11-11_Portugal_Rep._Of_Ireland_1090,2021-11-11,2021/22,Portugal,Rep. Of Ireland,World Cup - Qualification Europe,international,A,1,0.76,36.7646,13428,1089,798,227,202,0.7328,5,1,3,7,3,4,9,20,1,1,0.8,0.9,1.0,0.6,0.6,0.2,0.8047,0.1475,0,1,9,16,15,1,0.9375,192,122,0.6354,10,20,0.6,0.8,12,4,5,1,2,0,2.0,1.0,2,1,0,0,0.0,0.0,1.0,2.0,0.0,1,1676.63,1494.33,182.29,1,43,36,0.8372,500,331,0.662,11,Thursday,0.2802,0,0,0,0,0,0
2021-11-14_Portugal_Serbia_1091,2021-11-14,2021/22,Portugal,Serbia,World Cup - Qualification Europe,international,H,1,0.76,36.7728,13431,1090,798,227,202,0.7321,3,1,3,7,2,3,8,18,1,1,0.6,0.8,0.9,0.4,0.5,0.2,0.5633,0.1032,0,2,12,17,15,1,0.8824,193,122,0.6321,10,18,0.6,0.8,10,2,5,6,1,0,0.1667,0.1667,1,2,4,0,0.6667,0.6667,1.6667,2.3333,0.0,3,1671.81,1504.7,167.11,6,44,36,0.8182,560,453,0.8089,11,Sunday,0.2885,0,0,0,0,0,0
2021-11-20_Manchester_United_Watford_1092,2021-11-20,2021/22,Manchester United,Watford,Premier League,domestic_league,A,0,0.78,36.7893,13437,1091,798,227,202,0.7314,6,1,3,6,0,3,8,17,1,1,0.6,0.8,0.85,0.4,0.5,0.2,0.3943,0.0723,0,3,18,18,15,1,0.8333,302,126,0.4172,7,14,0.4,0.6,8,11,5,3,2,1,0.6667,0.6667,2,3,0,0,0.0,0.0,,,,0,1650.87,1482.98,167.89,3,204,88,0.4314,501,331,0.6607,11,Saturday,0.3049,0,0,0,0,0,0
2021-11-23_Manchester_United_Villarreal_1093,2021-11-23,2021/22,Manchester United,Villarreal,UEFA Champions League,continental_club,A,0,0.94,36.7975,13440,1092,798,228,202,0.7308,3,1,3,7,0,2,7,15,1,2,0.4,0.7,0.75,0.2,0.4,0.2,0.276,0.3506,0,4,21,19,15,2,0.7895,303,126,0.4158,4,11,0.2,0.4,6,13,5,20,14,3,0.7,0.55,2,9,9,2,0.75,0.55,1.0714,1.9286,0.1429,14,1636.38,1529.99,106.39,20,180,139,0.7722,502,331,0.6594,11,Tuesday,0.3132,0,0,0,1,0,1
2021-11-28_Manchester_United_Chelsea_1094,2021-11-28,2021/22,Manchester United,Chelsea,Premier League,domestic_league,A,0,0.78,36.8112,13445,1093,799,228,201,0.731,5,1,3,7,1,1,5,16,1,2,0.2,0.5,0.8,0.2,0.4,0.1,0.4932,0.2454,1,0,5,20,16,2,0.8,304,127,0.4178,7,14,0.4,0.6,8,8,5,15,1,2,0.0667,0.0667,1,5,4,6,1.4667,0.6667,,,,0,1643.41,1554.4,89.01,15,205,88,0.4293,503,332,0.66,11,Sunday,0.3269,0,0,0,0,0,0
2021-12-02_Manchester_United_Arsenal_1095,2021-12-02,2021/22,Manchester United,Arsenal,Premier League,domestic_league,H,0,0.78,36.8221,13449,1094,799,228,201,0.7303,4,1,3,7,1,1,5,16,1,2,0.2,0.5,0.8,0.2,0.4,0.1,0.3452,0.1718,0,1,9,21,16,2,0.7619,305,127,0.4164,5,12,0.2,0.6,6,9,5,15,6,1,0.4,0.2667,2,7,4,4,1.0667,0.5333,,,,0,1640.91,1530.88,110.02,15,206,88,0.4272,561,453,0.8075,12,Thursday,0.3379,0,0,1,1,1,2
2021-12-05_Manchester_United_Crystal_Palace_1096,2021-12-05,2021/22,Manchester United,Crystal Palace,Premier League,domestic_league,H,0,0.78,36.8303,13452,1095,801,228,199,0.7315,3,2,3,7,3,3,6,16,1,2,0.6,0.6,0.8,0.4,0.4,0.2,0.8417,0.1203,1,0,3,22,18,2,0.8182,306,129,0.4216,7,14,0.4,0.6,7,9,5,1,0,0,0.0,0.0,0,0,1,0,1.0,1.0,,,,0,1647.84,1503.95,143.89,1,207,90,0.4348,562,455,0.8096,12,Sunday,0.3462,0,0,1,0,0,0
2021-12-11_Manchester_United_Norwich_1097,2021-12-11,2021/22,Manchester United,Norwich,Premier League,domestic_league,A,0,0.78,36.8468,13458,1096,801,228,199,0.7308,6,1,3,7,2,3,6,14,1,2,0.6,0.6,0.7,0.4,0.4,0.2,0.5892,0.0842,0,1,9,23,18,2,0.7826,307,129,0.4202,10,17,0.6,0.8,8,7,5,0,0,0,,,0,0,0,0,,,,,,0,1653.92,1500.0,153.92,0,208,90,0.4327,504,332,0.6587,12,Saturday,0.3626,0,0,1,1,0,1
2021-12-27_Manchester_United_Newcastle_1098,2021-12-27,2021/22,Manchester United,Newcastle,Premier League,domestic_league,A,0,0.78,36.8906,13474,1097,802,228,198,0.7311,16,0,0,4,3,4,6,14,0,1,0.8,0.6,0.7,0.6,0.4,0.2,0.7124,0.0589,1,0,16,24,19,2,0.7917,308,130,0.4221,13,17,0.8,1.0,8,3,5,1,2,0,2.0,1.0,2,1,0,0,0.0,0.0,1.0,4.0,0.0,1,1659.76,1495.37,164.39,1,209,91,0.4354,505,333,0.6594,12,Monday,0.4066,0,0,1,0,0,0
2021-12-30_Manchester_United_Burnley_1099,2021-12-30,2021/22,Manchester United,Burnley,Premier League,domestic_league,H,0,0.78,36.8988,13477,1098,802,228,198,0.7304,3,1,1,4,1,3,4,13,0,1,0.6,0.4,0.65,0.4,0.3,0.1,0.4987,0.0412,0,1,19,25,19,2,0.76,309,130,0.4207,11,18,0.6,1.0,7,4,5,0,0,0,,,0,0,0,0,,,,,,0,1655.35,1500.0,155.35,0,210,91,0.4333,563,455,0.8082,12,Thursday,0.4148,0,0,1,1,0,1
2022-01-03_Manchester_United_Wolves_1100,2022-01-03,2021/22,Manchester United,Wolves,Premier League,domestic_league,H,0,0.78,36.9097,13481,1099,803,229,197,0.7307,4,2,2,4,2,4,5,14,1,2,0.8,0.5,0.7,0.6,0.4,0.1,0.6491,0.3289,1,0,4,26,20,3,0.7692,310,131,0.4226,13,18,0.8,1.0,9,4,5,0,0,0,,,0,0,0,0,,,,,,0,1661.16,1500.0,161.16,0,211,92,0.436,564,456,0.8085,1,Monday,0.4258,0,0,1,0,0,0
2022-01-19_Manchester_United_Brentford_1101,2022-01-19,2021/22,Manchester United,Brentford,Premier League,domestic_league,A,0,0.78,36.9535,13497,1100,803,229,197,0.73,16,0,0,3,1,2,5,13,1,2,0.4,0.5,0.65,0.4,0.4,0.1,0.4544,0.2302,0,1,20,27,20,3,0.7407,311,131,0.4212,10,17,0.6,0.8,6,3,5,0,0,0,,,0,0,0,0,,,,,,0,1646.82,1500.0,146.82,0,212,92,0.434,506,333,0.6581,1,Wednesday,0.4698,0,0,1,0,0,0
2022-01-22_Manchester_United_West_Ham_1102,2022-01-22,2021/22,Manchester United,West Ham,Premier League,domestic_league,H,0,0.78,36.9617,13500,1101,803,229,197,0.7293,3,1,1,4,1,2,5,13,1,2,0.4,0.5,0.65,0.4,0.4,0.1,0.3181,0.1611,0,2,23,28,20,3,0.7143,312,131,0.4199,10,20,0.6,0.8,8,4,5,1,1,0,1.0,1.0,1,1,0,0,0.0,0.0,1.0,2.0,0.0,1,1652.83,1495.15,157.68,1,213,92,0.4319,565,456,0.8071,1,Saturday,0.478,0,0,1,0,0,0
2022-02-04_Manchester_United_Middlesbrough_1103,2022-02-04,2021/22,Manchester United,Middlesbrough,FA Cup,domestic_or_other_cup,H,0,0.72,36.9973,13513,1102,803,229,197,0.7287,13,0,1,2,0,1,5,12,1,1,0.2,0.5,0.6,0.2,0.4,0.1,0.2226,0.1128,0,3,36,29,20,3,0.6897,313,131,0.4185,10,23,0.6,0.8,8,4,5,14,5,1,0.3571,0.3571,2,7,5,2,0.7857,0.5,,,,0,1658.58,1505.09,153.49,14,26,13,0.5,566,456,0.8057,2,Friday,0.5137,0,0,0,0,0,0
2022-02-08_Manchester_United_Burnley_1104,2022-02-08,2021/22,Manchester United,Burnley,Premier League,domestic_league,A,0,0.78,37.0083,13517,1103,803,229,197,0.728,4,1,1,3,0,1,4,9,1,1,0.2,0.4,0.45,0.2,0.3,0.1,0.1558,0.079,0,4,40,30,20,3,0.6667,314,131,0.4172,9,20,0.6,0.6,8,4,5,1,1,1,1.0,1.0,1,1,0,0,0.0,0.0,1.0,3.0,0.0,1,1644.43,1494.2,150.24,1,214,92,0.4299,507,333,0.6568,2,Tuesday,0.5247,0,0,0,0,0,0
2022-02-12_Manchester_United_Southampton_1105,2022-02-12,2021/22,Manchester United,Southampton,Premier League,domestic_league,H,0,0.78,37.0192,13521,1104,803,229,197,0.7274,4,1,2,4,0,0,4,9,0,1,0.0,0.4,0.45,0.0,0.3,0.1,0.1091,0.0553,0,5,44,31,20,3,0.6452,315,131,0.4159,7,20,0.4,0.6,6,4,5,4,2,0,0.5,0.5,2,3,0,1,0.75,0.25,,,,0,1640.36,1489.02,151.34,4,215,92,0.4279,567,456,0.8042,2,Saturday,0.5357,0,0,0,0,0,0
2022-02-15_Manchester_United_Brighton_1106,2022-02-15,2021/22,Manchester United,Brighton,Premier League,domestic_league,H,0,0.78,37.0275,13524,1105,803,229,197,0.7267,3,2,3,5,0,0,2,8,0,1,0.0,0.2,0.4,0.0,0.2,0.0,0.0764,0.0387,0,6,47,32,20,3,0.625,316,131,0.4146,8,18,0.4,0.8,7,4,5,0,0,0,,,0,0,0,0,,,,,,0,1636.26,1500.0,136.26,0,216,92,0.4259,568,456,0.8028,2,Tuesday,0.544,0,0,0,1,0,1
2022-02-20_Manchester_United_Leeds_1107,2022-02-20,2021/22,Manchester United,Leeds,Premier League,domestic_league,A,0,0.78,37.0411,13529,1106,804,229,196,0.7269,5,1,3,5,1,1,3,9,0,1,0.2,0.3,0.45,0.2,0.3,0.0,0.3535,0.0271,1,0,5,33,21,3,0.6364,317,132,0.4164,8,18,0.4,0.8,6,3,5,0,0,0,,,0,0,0,0,,,,,,0,1642.53,1500.0,142.53,0,217,93,0.4286,508,333,0.6555,2,Sunday,0.5577,0,0,0,0,0,0
2022-02-23_Manchester_United_Atletico_Madrid_1108,2022-02-23,2021/22,Manchester United,Atletico Madrid,UEFA Champions League,continental_club,A,0,0.94,37.0494,13532,1107,804,229,196,0.7263,3,1,3,5,1,1,2,8,0,1,0.2,0.2,0.4,0.2,0.2,0.0,0.2474,0.019,0,1,8,34,21,3,0.6176,318,132,0.4151,8,18,0.4,0.8,9,5,5,35,25,3,0.7143,0.4286,3,17,9,9,1.0286,0.5143,0.96,1.56,0.24,25,1648.64,1595.04,53.6,35,181,140,0.7735,509,333,0.6542,2,Wednesday,0.5659,0,0,0,0,0,0
2022-02-26_Manchester_United_Watford_1109,2022-02-26,2021/22,Manchester United,Watford,Premier League,domestic_league,H,0,0.78,37.0576,13535,1108,804,229,196,0.7256,3,2,4,6,1,1,2,6,0,1,0.2,0.2,0.3,0.2,0.2,0.0,0.1732,0.0133,0,2,11,35,21,3,0.6,319,132,0.4138,9,18,0.4,1.0,9,5,5,4,2,2,0.5,0.5,2,3,0,1,0.75,0.25,4.0,1.0,0.0,1,1647.11,1497.47,149.64,4,218,93,0.4266,569,457,0.8032,2,Saturday,0.5742,0,0,0,0,0,0
2022-03-12_Manchester_United_Tottenham_1110,2022-03-12,2021/22,Manchester United,Tottenham,Premier League,domestic_league,H,0,0.78,37.0959,13549,1109,804,229,196,0.725,14,0,1,5,0,1,1,6,0,0,0.2,0.1,0.3,0.2,0.1,0.0,0.1212,0.0093,0,3,25,36,21,3,0.5833,320,132,0.4125,9,16,0.4,1.0,8,4,5,3,3,1,1.0,1.0,3,1,1,1,1.3333,0.6667,1.3333,1.6667,0.0,3,1643.05,1516.25,126.8,3,219,93,0.4247,570,457,0.8018,3,Saturday,0.6126,0,0,0,1,1,3
2022-03-15_Manchester_United_Atletico_Madrid_1111,2022-03-15,2021/22,Manchester United,Atletico Madrid,UEFA Champions League,continental_club,H,0,0.94,37.1041,13552,1110,807,229,193,0.727,3,1,1,5,3,4,4,9,0,0,0.8,0.4,0.45,0.4,0.2,0.1,0.9849,0.0065,1,0,3,37,24,3,0.6486,321,135,0.4206,11,19,0.6,1.0,10,5,5,36,25,3,0.6944,0.4167,0,17,10,9,1.0278,0.5278,0.9615,1.5385,0.2308,26,1649.55,1596.57,52.98,36,182,140,0.7692,571,460,0.8056,3,Tuesday,0.6209,0,0,0,0,0,0
2022-03-24_Portugal_Türkiye_1112,2022-03-24,2021/22,Portugal,Türkiye,World Cup - Qualification Europe,international,H,1,0.76,37.1288,13561,1111,807,229,193,0.7264,9,0,2,4,3,3,4,9,0,0,0.6,0.4,0.45,0.2,0.2,0.1,0.6894,0.0046,0,1,12,38,24,3,0.6316,194,122,0.6289,10,17,0.6,0.8,11,3,5,1,0,0,0.0,0.0,0,1,0,0,0.0,0.0,0.0,2.0,0.0,1,1657.34,1493.24,164.1,1,45,36,0.8,572,460,0.8042,3,Thursday,0.6456,0,0,0,0,0,0
2022-03-29_Portugal_FYR_Macedonia_1113,2022-03-29,2021/22,Portugal,FYR Macedonia,World Cup - Qualification Europe,international,H,1,0.76,37.1424,13566,1112,807,229,193,0.7257,5,1,2,3,3,3,4,9,0,0,0.6,0.4,0.45,0.2,0.2,0.1,0.4826,0.0032,0,2,17,39,24,3,0.6154,195,122,0.6256,10,17,0.6,0.8,12,3,5,0,0,0,,,0,0,0,0,,,,,,0,1662.94,1500.0,162.94,0,46,36,0.7826,573,460,0.8028,3,Tuesday,0.6593,0,0,0,0,0,0
2022-04-09_Manchester_United_Everton_1114,2022-04-09,2021/22,Manchester United,Everton,Premier League,domestic_league,A,0,0.78,37.1726,13577,1113,807,230,193,0.7251,11,0,1,4,0,3,4,8,1,1,0.6,0.4,0.4,0.2,0.2,0.1,0.3378,0.3022,0,3,28,40,24,4,0.6,322,135,0.4193,8,16,0.4,0.8,8,6,5,13,5,3,0.3846,0.3077,1,8,4,1,0.5385,0.3846,1.0,1.0,0.0,1,1638.04,1485.25,152.79,13,220,96,0.4364,510,333,0.6529,4,Saturday,0.6896,0,0,0,0,0,0
2022-04-16_Manchester_United_Norwich_1115,2022-04-16,2021/22,Manchester United,Norwich,Premier League,domestic_league,H,0,0.78,37.1917,13584,1114,807,230,193,0.7244,7,1,1,3,0,3,4,8,1,1,0.6,0.4,0.4,0.2,0.2,0.1,0.2365,0.2116,0,4,35,41,24,4,0.5854,323,135,0.418,5,13,0.2,0.6,4,5,5,1,1,0,1.0,1.0,1,1,0,0,0.0,0.0,0.0,1.0,0.0,1,1623.91,1494.16,129.74,1,221,96,0.4344,574,460,0.8014,4,Saturday,0.7088,0,0,0,1,1,3
2022-04-23_Manchester_United_Arsenal_1116,2022-04-23,2021/22,Manchester United,Arsenal,Premier League,domestic_league,A,0,0.78,37.2109,13591,1115,810,230,190,0.7265,7,1,2,4,3,3,7,9,1,1,0.6,0.7,0.45,0.2,0.3,0.2,1.0655,0.1481,1,0,7,42,27,4,0.6429,324,138,0.4259,7,16,0.4,0.6,6,6,5,16,8,1,0.5,0.3125,4,8,4,4,1.0,0.5,2.0,3.0,0.0,1,1630.34,1523.95,106.39,16,222,99,0.4459,511,333,0.6517,4,Saturday,0.728,0,0,0,1,0,1
2022-04-28_Manchester_United_Chelsea_1117,2022-04-28,2021/22,Manchester United,Chelsea,Premier League,domestic_league,H,0,0.78,37.2246,13596,1116,811,230,189,0.7267,5,1,2,4,4,4,7,10,1,1,0.8,0.7,0.5,0.4,0.3,0.2,1.0459,0.1037,2,0,5,43,28,4,0.6512,325,139,0.4277,6,15,0.4,0.4,7,9,5,16,1,2,0.0625,0.0625,0,5,5,6,1.4375,0.6875,1.0,1.0,0.0,1,1617.37,1556.91,60.45,16,223,100,0.4484,575,463,0.8052,4,Thursday,0.7418,0,0,0,1,0,1
2022-05-02_Manchester_United_Brentford_1118,2022-05-02,2021/22,Manchester United,Brentford,Premier League,domestic_league,H,0,0.78,37.2355,13600,1117,812,230,188,0.7269,4,1,2,4,5,5,8,10,1,1,1.0,0.8,0.5,0.6,0.4,0.2,1.0321,0.0726,3,0,4,44,29,4,0.6591,326,140,0.4294,4,15,0.2,0.4,5,8,5,1,0,0,0.0,0.0,0,1,0,0,0.0,0.0,1.0,3.0,0.0,1,1615.64,1493.99,121.65,1,224,101,0.4509,576,464,0.8056,5,Monday,0.7527,0,0,0,1,0,1
2022-05-07_Manchester_United_Brighton_1119,2022-05-07,2021/22,Manchester United,Brighton,Premier League,domestic_league,A,0,0.78,37.2492,13605,1118,813,230,187,0.7272,5,1,3,5,3,6,9,11,0,1,1.2,0.9,0.55,0.8,0.5,0.2,1.0225,0.0508,4,0,5,45,30,4,0.6667,327,141,0.4312,7,15,0.4,0.6,8,7,5,1,1,0,1.0,1.0,1,1,0,0,0.0,0.0,0.0,2.0,0.0,1,1622.28,1493.73,128.55,1,225,102,0.4533,512,334,0.6523,5,Saturday,0.7665,0,0,0,0,0,0
2022-06-02_Portugal_Spain_1120,2022-06-02,2021/22,Portugal,Spain,UEFA Nations League,international,A,1,0.82,37.3204,13631,1119,813,230,187,0.7265,26,0,0,1,2,6,9,10,0,1,1.2,0.9,0.5,0.8,0.5,0.2,0.7157,0.0356,0,1,31,46,30,4,0.6522,196,122,0.6224,10,17,0.6,0.8,11,3,5,7,3,0,0.4286,0.1429,3,2,3,2,1.2857,0.7143,0.8,0.6,0.8,5,1668.57,1526.74,141.83,7,6,5,0.8333,513,334,0.6511,6,Thursday,0.8379,0,1,0,0,0,0
2022-06-05_Portugal_Switzerland_1121,2022-06-05,2021/22,Portugal,Switzerland,UEFA Nations League,international,H,1,0.82,37.3286,13634,1120,813,230,187,0.7259,3,1,1,2,1,3,6,10,0,1,0.6,0.6,0.5,0.6,0.4,0.1,0.501,0.0249,0,2,34,47,30,4,0.6383,197,122,0.6193,8,18,0.4,0.8,7,4,5,2,3,0,1.5,0.5,3,2,0,0,0.0,0.0,0.5,2.5,0.0,2,1664.7,1489.84,174.86,2,7,5,0.7143,577,465,0.8059,6,Sunday,0.8462,0,1,0,1,1,2
2022-06-09_Portugal_Czech_Republic_1122,2022-06-09,2021/22,Portugal,Czech Republic,UEFA Nations League,international,H,1,0.82,37.3396,13638,1121,815,230,185,0.727,4,2,2,2,2,4,8,12,0,1,0.8,0.8,0.6,0.6,0.5,0.2,0.9507,0.0174,1,0,4,48,32,4,0.6667,198,124,0.6263,10,20,0.6,0.8,11,4,5,2,2,0,1.0,1.0,2,2,0,0,0.0,0.0,0.5,2.0,0.0,2,1670.05,1487.17,182.89,2,8,7,0.875,578,467,0.808,6,Thursday,0.8571,0,1,0,0,0,0
2022-08-07_Manchester_United_Brighton_1123,2022-08-07,2022/23,Manchester United,Brighton,Premier League,domestic_league,H,0,0.78,37.5011,13697,1122,815,230,185,0.7264,59,0,0,0,2,3,8,12,0,1,0.6,0.8,0.6,0.4,0.5,0.2,0.6655,0.0122,0,1,63,0,0,0,,328,141,0.4299,7,12,0.4,0.6,8,10,5,2,1,0,0.5,0.5,1,1,0,1,1.5,0.5,2.0,1.0,0.5,2,1608.74,1507.27,101.47,2,226,102,0.4513,579,467,0.8066,8,Sunday,0.0165,1,0,0,0,0,0
2022-08-13_Manchester_United_Brentford_1124,2022-08-13,2022/23,Manchester United,Brentford,Premier League,domestic_league,A,0,0.78,37.5175,13703,1123,815,230,185,0.7257,6,1,1,1,2,2,8,12,0,0,0.4,0.8,0.6,0.2,0.5,0.2,0.4658,0.0085,0,2,69,1,0,0,0.0,329,141,0.4286,4,11,0.2,0.4,6,10,5,2,1,0,0.5,0.5,1,2,0,0,0.0,0.0,0.5,3.0,0.0,2,1595.9,1487.36,108.54,2,227,102,0.4493,514,334,0.6498,8,Saturday,0.033,1,0,0,0,0,0
2022-08-22_Manchester_United_Liverpool_1125,2022-08-22,2022/23,Manchester United,Liverpool,Premier League,domestic_league,H,0,0.78,37.5422,13712,1124,815,230,185,0.7251,9,0,1,2,0,2,8,12,0,0,0.4,0.8,0.6,0.2,0.5,0.2,0.3261,0.006,0,3,78,2,0,0,0.0,330,141,0.4273,4,10,0.2,0.4,5,11,5,13,3,1,0.2308,0.2308,0,8,1,4,1.0,0.3846,1.5,1.75,0.25,4,1582.87,1517.23,65.65,13,228,102,0.4474,580,467,0.8052,8,Monday,0.0577,1,0,0,0,0,0
2022-08-27_Manchester_United_Southampton_1126,2022-08-27,2022/23,Manchester United,Southampton,Premier League,domestic_league,A,0,0.78,37.5559,13717,1125,815,230,185,0.7244,5,1,2,3,0,2,5,12,0,0,0.4,0.5,0.6,0.2,0.4,0.1,0.2283,0.0042,0,4,83,3,0,0,0.0,331,141,0.426,6,10,0.4,0.4,6,11,5,5,2,0,0.4,0.4,2,3,1,1,0.8,0.4,1.0,1.0,0.0,1,1591.01,1493.12,97.89,5,229,102,0.4454,515,334,0.6485,8,Saturday,0.0714,1,0,0,0,0,0
2022-09-01_Manchester_United_Leicester_1127,2022-09-01,2022/23,Manchester United,Leicester,Premier League,domestic_league,A,0,0.78,37.5696,13722,1126,815,230,185,0.7238,5,1,2,4,0,0,4,11,0,0,0.0,0.4,0.55,0.0,0.3,0.1,0.1598,0.0029,0,5,88,4,0,0,0.0,332,141,0.4247,6,13,0.4,0.4,4,11,5,1,0,0,0.0,0.0,0,0,0,1,3.0,1.0,4.0,2.0,0.0,1,1598.26,1514.91,83.35,1,230,102,0.4435,516,334,0.6473,9,Thursday,0.0852,1,0,0,0,0,0
2022-09-04_Manchester_United_Arsenal_1128,2022-09-04,2022/23,Manchester United,Arsenal,Premier League,domestic_league,H,0,0.78,37.5778,13725,1127,815,230,185,0.7232,3,1,3,5,0,0,3,11,0,0,0.0,0.3,0.55,0.0,0.2,0.1,0.1118,0.002,0,6,91,5,0,0,0.0,333,141,0.4234,9,16,0.6,0.6,5,7,5,17,9,1,0.5294,0.3529,3,8,4,5,1.1176,0.5294,2.5,2.0,0.0,2,1605.91,1536.92,68.99,17,231,102,0.4416,581,467,0.8038,9,Sunday,0.0934,1,0,0,0,0,0
2022-09-08_Portugal_Real_Sociedad_1129,2022-09-08,2022/23,Portugal,Real Sociedad,UEFA Europa League,international,H,1,0.84,37.5887,13729,1128,815,230,185,0.7225,4,2,3,5,0,0,2,11,0,0,0.0,0.2,0.55,0.0,0.1,0.1,0.0783,0.0014,0,7,95,6,0,0,0.0,199,124,0.6231,13,23,0.8,1.0,12,2,5,9,15,4,1.6667,0.7778,6,9,0,0,0.0,0.0,1.1111,3.5556,0.0,9,1675.22,1463.32,211.9,9,2,0,0.0,582,467,0.8024,9,Thursday,0.1044,1,0,0,0,0,0
2022-09-15_Portugal_Sheriff_Tiraspol_1130,2022-09-15,2022/23,Portugal,Sheriff Tiraspol,UEFA Europa League,international,A,1,0.84,37.6079,13736,1129,815,230,185,0.7219,7,1,3,5,0,0,2,11,0,0,0.0,0.2,0.55,0.0,0.1,0.1,0.0548,0.001,0,8,102,7,0,0,0.0,200,124,0.62,10,20,0.6,0.8,9,2,5,0,0,0,,,0,0,0,0,,,,,,0,1659.78,1500.0,159.78,0,3,0,0.0,517,334,0.646,9,Thursday,0.1236,1,0,0,1,0,1
2022-09-24_Portugal_Czech_Republic_1131,2022-09-24,2022/23,Portugal,Czech Republic,UEFA Nations League,international,A,1,0.82,37.6325,13745,1130,816,230,184,0.7221,9,0,1,5,1,1,3,9,0,0,0.2,0.3,0.45,0.2,0.2,0.1,0.3384,0.0007,1,0,9,8,1,0,0.125,201,125,0.6219,10,20,0.6,0.8,9,2,5,3,2,0,0.6667,0.6667,2,3,0,0,0.0,0.0,0.3333,2.0,0.0,3,1665.48,1481.99,183.49,3,9,7,0.7778,518,335,0.6467,9,Saturday,0.1484,1,0,0,0,0,0
2022-09-27_Portugal_Spain_1132,2022-09-27,2022/23,Portugal,Spain,UEFA Nations League,international,H,1,0.82,37.6407,13748,1131,816,231,184,0.7215,3,1,2,5,1,1,1,9,1,1,0.2,0.1,0.45,0.2,0.1,0.0,0.2369,0.3005,0,1,12,9,1,1,0.1111,202,125,0.6188,12,20,0.8,0.8,12,1,5,8,3,0,0.375,0.125,0,2,4,2,1.25,0.75,0.8333,0.6667,0.6667,6,1670.64,1530.61,140.03,8,10,7,0.7,583,467,0.801,9,Tuesday,0.1566,1,0,0,0,0,0
2022-10-06_Portugal_Omonia_Nicosia_1133,2022-10-06,2022/23,Portugal,Omonia Nicosia,UEFA Europa League,international,A,1,0.84,37.6654,13757,1132,816,231,184,0.7208,9,0,2,4,1,1,1,9,1,1,0.2,0.1,0.45,0.2,0.1,0.0,0.1658,0.2103,0,2,21,10,1,1,0.1,203,125,0.6158,9,19,0.6,0.6,8,2,5,0,0,0,,,0,0,0,0,,,,,,0,1656.82,1500.0,156.82,0,4,1,0.25,519,335,0.6455,10,Thursday,0.1813,1,0,0,0,0,0
2022-10-09_Manchester_United_Everton_1134,2022-10-09,2022/23,Manchester United,Everton,Premier League,domestic_league,A,0,0.78,37.6736,13760,1133,816,232,184,0.7202,3,1,2,4,0,1,1,9,2,2,0.2,0.1,0.45,0.2,0.1,0.0,0.1161,0.4472,0,3,24,11,1,2,0.0909,334,141,0.4222,12,16,0.8,0.8,7,6,5,14,5,3,0.3571,0.2857,1,8,4,2,0.7143,0.4286,1.0,0.5,0.5,2,1613.95,1499.39,114.56,14,232,102,0.4397,520,335,0.6442,10,Sunday,0.1896,1,0,0,1,0,1
2022-10-13_Portugal_Omonia_Nicosia_1135,2022-10-13,2022/23,Portugal,Omonia Nicosia,UEFA Europa League,international,H,1,0.84,37.6846,13764,1134,817,232,183,0.7205,4,2,2,5,1,2,2,10,2,2,0.4,0.2,0.5,0.4,0.2,0.0,0.3812,0.3131,1,0,4,12,2,2,0.1667,204,125,0.6127,9,22,0.6,0.6,9,4,5,1,0,1,0.0,0.0,0,1,0,0,0.0,0.0,2.0,3.0,0.0,1,1662.59,1494.23,168.36,1,5,1,0.2,584,467,0.7997,10,Thursday,0.2005,0,0,0,0,0,0
2022-10-16_Manchester_United_Newcastle_1136,2022-10-16,2022/23,Manchester United,Newcastle,Premier League,domestic_league,H,0,0.78,37.6928,13767,1135,817,232,183,0.7198,3,2,3,5,1,1,2,7,2,2,0.2,0.2,0.35,0.2,0.2,0.0,0.2669,0.2191,0,1,7,13,2,2,0.1538,335,142,0.4239,15,19,1.0,1.0,9,3,5,2,2,0,1.0,0.5,2,1,1,0,0.5,0.5,1.0,2.5,0.0,2,1620.76,1499.78,120.98,2,233,103,0.4421,585,467,0.7983,10,Sunday,0.2088,0,0,0,0,0,0
2022-10-27_Portugal_Sheriff_Tiraspol_1137,2022-10-27,2022/23,Portugal,Sheriff Tiraspol,UEFA Europa League,international,H,1,0.84,37.7229,13778,1136,817,232,183,0.7192,11,0,2,5,1,1,2,6,1,2,0.2,0.2,0.3,0.2,0.2,0.0,0.1868,0.1534,0,2,18,14,2,2,0.1429,205,125,0.6098,12,22,0.8,0.8,10,3,5,1,1,0,1.0,1.0,1,1,0,0,0.0,0.0,0.0,2.0,0.0,1,1668.09,1494.3,173.79,1,6,1,0.1667,586,467,0.7969,10,Thursday,0.239,0,0,0,1,0,1
2022-10-30_Manchester_United_West_Ham_1138,2022-10-30,2022/23,Manchester United,West Ham,Premier League,domestic_league,H,0,0.78,37.7311,13781,1137,818,232,182,0.7194,3,1,2,5,1,2,3,6,1,2,0.4,0.3,0.3,0.4,0.3,0.0,0.4308,0.1074,1,0,3,15,3,2,0.2,336,142,0.4226,13,19,0.8,1.0,7,2,5,2,1,0,0.5,0.5,1,2,0,0,0.0,0.0,0.5,1.5,0.0,2,1617.42,1489.4,128.01,2,234,103,0.4402,587,468,0.7973,10,Sunday,0.2473,0,0,0,0,0,0
2022-11-03_Portugal_Real_Sociedad_1139,2022-11-03,2022/23,Portugal,Real Sociedad,UEFA Europa League,international,A,1,0.84,37.742,13785,1138,818,232,182,0.7188,4,2,2,6,1,2,3,5,0,2,0.4,0.3,0.25,0.4,0.3,0.0,0.3015,0.0752,0,1,7,16,3,2,0.1875,206,126,0.6117,12,22,0.8,0.8,11,3,5,10,15,4,1.5,0.7,4,9,0,1,0.3,0.1,1.1,3.2,0.1,10,1673.47,1478.76,194.7,10,7,2,0.2857,521,336,0.6449,11,Thursday,0.2582,0,0,0,0,0,0
2022-11-06_Manchester_United_Aston_Villa_1140,2022-11-06,2022/23,Manchester United,Aston Villa,Premier League,domestic_league,A,0,0.78,37.7503,13788,1139,818,233,182,0.7182,3,2,3,6,1,1,3,5,1,3,0.2,0.3,0.25,0.2,0.3,0.0,0.2111,0.3526,0,2,10,17,3,3,0.1765,337,142,0.4214,13,19,0.8,1.0,7,2,5,15,9,3,0.6,0.4667,2,13,1,1,0.2667,0.1333,1.0,0.0,1.0,1,1623.89,1453.1,170.79,15,235,103,0.4383,522,336,0.6437,11,Sunday,0.2665,0,0,0,0,0,0
2022-11-24_Portugal_Ghana_1141,2022-11-24,2022/23,Portugal,Ghana,World Cup,international,H,1,1.0,37.7995,13806,1140,818,233,182,0.7175,18,0,0,4,0,1,2,5,1,3,0.2,0.2,0.25,0.2,0.2,0.0,0.1478,0.2468,0,3,28,18,3,3,0.1667,207,126,0.6087,12,24,0.8,0.8,8,3,5,1,1,0,1.0,1.0,1,1,0,0,0.0,0.0,1.0,2.0,0.0,1,1678.38,1493.57,184.82,1,17,7,0.4118,588,468,0.7959,11,Thursday,0.3159,0,0,0,1,0,1
2022-11-28_Portugal_Uruguay_1142,2022-11-28,2022/23,Portugal,Uruguay,World Cup,international,H,1,1.0,37.8105,13810,1141,819,233,181,0.7178,4,1,1,4,1,2,3,4,1,2,0.4,0.3,0.2,0.4,0.3,0.0,0.4034,0.1728,1,0,4,19,4,3,0.2105,208,127,0.6106,15,24,1.0,1.0,11,4,5,1,0,0,0.0,0.0,0,0,0,1,3.0,1.0,2.0,1.0,0.0,1,1683.52,1515.16,168.36,1,18,8,0.4444,589,469,0.7963,11,Monday,0.3269,0,0,0,0,0,0
2022-12-02_Portugal_South_Korea_1143,2022-12-02,2022/23,Portugal,South Korea,World Cup,international,A,1,1.0,37.8214,13814,1142,819,233,181,0.7172,4,1,2,4,1,1,3,4,1,2,0.2,0.3,0.2,0.2,0.3,0.0,0.2824,0.1209,0,1,8,20,4,3,0.2,209,127,0.6077,15,24,1.0,1.0,10,2,5,0,0,0,,,0,0,0,0,,,,,,0,1689.02,1500.0,189.02,0,19,8,0.4211,523,336,0.6424,12,Friday,0.3379,0,0,1,0,0,0
2022-12-06_Portugal_Switzerland_1144,2022-12-06,2022/23,Portugal,Switzerland,World Cup,international,H,1,1.0,37.8324,13818,1143,819,233,181,0.7165,4,1,3,4,1,1,3,4,1,1,0.2,0.3,0.2,0.2,0.3,0.0,0.1977,0.0847,0,2,12,21,4,3,0.1905,210,127,0.6048,12,24,0.8,0.8,10,4,5,3,5,0,1.6667,0.6667,5,3,0,0,0.0,0.0,0.3333,3.0,0.0,3,1674.06,1484.48,189.57,3,20,8,0.4,590,469,0.7949,12,Tuesday,0.3489,0,0,1,0,0,0
2022-12-10_Portugal_Morocco_1145,2022-12-10,2022/23,Portugal,Morocco,World Cup,international,A,1,1.0,37.8434,13822,1144,819,233,181,0.7159,4,1,3,4,0,1,2,4,0,1,0.2,0.2,0.2,0.2,0.2,0.0,0.1384,0.0593,0,3,16,22,4,3,0.1818,211,127,0.6019,12,24,0.8,0.8,13,5,5,1,1,0,1.0,1.0,1,1,0,0,0.0,0.0,0.0,1.0,0.0,1,1679.08,1495.17,183.91,1,21,8,0.381,524,336,0.6412,12,Saturday,0.3599,0,0,1,0,0,0
2023-01-22_Al-Nassr_Al-Ettifaq_1146,2023-01-22,2022/23,Al-Nassr,Al-Ettifaq,Pro League,domestic_league,H,0,0.78,37.9611,13865,1145,819,233,181,0.7153,43,0,0,0,0,1,2,4,0,1,0.2,0.2,0.2,0.2,0.2,0.0,0.0969,0.0415,0,4,59,23,4,3,0.1739,0,0,,0,0,,,,,0,0,0,0,,,0,0,0,0,,,,,,0,1500.0,1500.0,0.0,0,0,0,,591,469,0.7936,1,Sunday,0.478,0,0,1,0,0,0
2023-01-26_Al-Nassr_Al-Ittihad_FC_1147,2023-01-26,2022/23,Al-Nassr,Al-Ittihad FC,Saudi Super Cup,domestic_or_other_cup,A,0,0.82,37.972,13869,1146,819,233,181,0.7147,4,1,1,1,0,0,2,4,0,1,0.0,0.2,0.2,0.0,0.2,0.0,0.0678,0.029,0,5,63,24,4,3,0.1667,1,0,0.0,3,3,1.0,1.0,1,0,1,0,0,0,,,0,0,0,0,,,,,,0,1510.0,1500.0,10.0,0,0,0,,525,336,0.64,1,Thursday,0.489,0,0,1,0,0,0
2023-02-03_Al-Nassr_Al-Fateh_1148,2023-02-03,2022/23,Al-Nassr,Al-Fateh,Pro League,domestic_league,A,0,0.78,37.9939,13877,1147,819,233,181,0.714,8,0,2,2,0,0,1,4,0,1,0.0,0.1,0.2,0.0,0.1,0.0,0.0475,0.0203,0,6,71,25,4,3,0.16,2,0,0.0,3,3,0.5,0.5,2,3,2,0,0,0,,,0,0,0,0,,,,,,0,1499.71,1500.0,-0.29,0,1,0,0.0,526,336,0.6388,2,Friday,0.511,0,0,0,1,0,1
2023-02-09_Al-Nassr_Al_Wehda_Club_1149,2023-02-09,2022/23,Al-Nassr,Al Wehda Club,Pro League,domestic_league,A,0,0.78,38.0104,13883,1148,820,233,180,0.7143,6,1,2,3,1,1,2,5,0,1,0.2,0.2,0.25,0.2,0.2,0.0,0.3332,0.0142,1,0,6,26,5,3,0.1923,3,1,0.3333,4,4,0.3333,0.6667,4,5,3,0,0,0,,,0,0,0,0,,,,,,0,1499.72,1500.0,-0.28,0,2,1,0.5,527,337,0.6395,2,Thursday,0.5275,0,0,0,1,1,4
2023-02-17_Al-Nassr_Al_Taawon_1150,2023-02-17,2022/23,Al-Nassr,Al Taawon,Pro League,domestic_league,H,0,0.78,38.0323,13891,1149,824,233,176,0.7171,8,0,2,4,5,5,6,9,0,0,1.0,0.6,0.45,0.4,0.3,0.1,1.4333,0.01,2,0,8,27,9,3,0.3333,4,5,1.25,7,7,0.5,0.75,8,5,4,0,0,0,,,0,0,0,0,,,,,,0,1509.73,1500.0,9.73,0,3,5,1.6667,592,469,0.7922,2,Friday,0.5495,0,0,0,0,0,0
2023-02-25_Al-Nassr_Dhamk_1151,2023-02-25,2022/23,Al-Nassr,Dhamk,Pro League,domestic_league,A,0,0.78,38.0542,13899,1150,824,235,176,0.7165,8,0,1,4,5,5,6,8,2,2,1.0,0.6,0.4,0.4,0.3,0.1,1.0033,0.607,0,1,16,28,9,5,0.3214,5,5,1.0,10,10,0.6,0.8,10,6,5,0,0,0,,,0,0,0,0,,,,,,0,1519.45,1500.0,19.45,0,4,5,1.25,528,341,0.6458,2,Saturday,0.5714,0,0,0,1,1,3
2023-03-03_Al-Nassr_Al_Baten_1152,2023-03-03,2022/23,Al-Nassr,Al Baten,Pro League,domestic_league,H,0,0.78,38.0706,13905,1151,827,235,173,0.7185,6,1,2,4,7,8,8,11,2,2,1.6,0.8,0.55,0.6,0.3,0.2,1.6023,0.4249,1,0,6,29,12,5,0.4138,6,8,1.3333,10,13,0.6,0.8,12,6,5,0,0,0,,,0,0,0,0,,,,,,0,1528.89,1500.0,28.89,0,5,8,1.6,593,469,0.7909,3,Friday,0.5879,0,0,0,0,0,0
2023-03-09_Al-Nassr_Al-Ittihad_FC_1153,2023-03-09,2022/23,Al-Nassr,Al-Ittihad FC,Pro League,domestic_league,A,0,0.78,38.087,13911,1152,827,235,173,0.7179,6,1,2,4,3,8,8,11,2,2,1.6,0.8,0.55,0.6,0.3,0.2,1.1216,0.2974,0,1,12,30,12,5,0.4,7,8,1.1429,13,16,0.8,1.0,14,4,5,1,0,0,0.0,0.0,0,0,0,1,3.0,1.0,3.0,1.0,0.0,1,1538.06,1510.29,27.77,1,6,8,1.3333,529,344,0.6503,3,Thursday,0.6044,0,0,0,0,0,0
2023-03-14_Al-Nassr_Abha_1154,2023-03-14,2022/23,Al-Nassr,Abha,King's Cup,domestic_or_other_cup,H,0,0.72,38.1007,13916,1153,827,235,173,0.7173,5,1,2,4,3,7,8,11,2,2,1.4,0.8,0.55,0.4,0.3,0.2,0.7851,0.2082,0,2,17,31,12,5,0.3871,8,8,1.0,12,16,0.8,0.8,12,3,5,0,0,0,,,0,0,0,0,,,,,,0,1527.26,1500.0,27.26,0,0,0,,594,469,0.7896,3,Tuesday,0.6181,0,0,0,0,0,0
2023-03-18_Al-Nassr_Abha_1155,2023-03-18,2022/23,Al-Nassr,Abha,Pro League,domestic_league,H,0,0.78,38.1117,13920,1154,827,235,173,0.7166,4,1,2,5,0,3,8,10,2,2,0.6,0.8,0.5,0.2,0.3,0.2,0.5496,0.1457,0,3,21,32,12,5,0.375,9,8,0.8889,12,19,0.8,0.8,11,4,5,1,0,0,0.0,0.0,0,1,0,0,0.0,0.0,1.0,3.0,0.0,1,1536.48,1490.78,45.7,1,7,8,1.1429,595,469,0.7882,3,Saturday,0.6291,0,0,0,1,0,1
2023-03-23_Portugal_Liechtenstein_1156,2023-03-23,2022/23,Portugal,Liechtenstein,Euros Qualifier,international,H,1,0.76,38.1254,13925,1155,828,235,172,0.7169,5,1,3,5,1,4,9,11,0,2,0.8,0.9,0.55,0.4,0.4,0.2,0.6847,0.102,1,0,5,33,13,5,0.3939,212,127,0.5991,9,21,0.6,0.6,12,6,5,2,0,1,0.0,0.0,0,1,1,0,0.5,0.5,,,,0,1664.24,1493.83,170.41,2,35,31,0.8857,596,470,0.7886,3,Thursday,0.6429,0,0,0,1,1,2
2023-03-26_Portugal_Luxembourg_1157,2023-03-26,2022/23,Portugal,Luxembourg,Euros Qualifier,international,A,1,0.76,38.1336,13928,1156,830,235,170,0.718,3,1,3,6,3,3,11,13,0,2,0.6,1.1,0.65,0.4,0.5,0.3,1.0793,0.0714,2,0,3,34,15,5,0.4412,213,129,0.6056,9,24,0.6,0.6,13,4,5,10,9,1,0.9,0.7,5,10,0,0,0.0,0.0,0.25,3.25,0.0,4,1669.69,1441.16,228.53,10,36,33,0.9167,530,344,0.6491,3,Sunday,0.6511,0,0,0,1,1,2
2023-04-04_Al-Nassr_Al-Adalah_1158,2023-04-04,2022/23,Al-Nassr,Al-Adalah,Pro League,domestic_league,A,0,0.78,38.1582,13937,1157,832,235,168,0.7191,9,0,2,5,5,5,13,14,0,2,1.0,1.3,0.7,0.6,0.6,0.4,1.3555,0.05,3,0,9,35,17,5,0.4857,10,9,0.9,12,22,0.8,0.8,11,4,5,0,0,0,,,0,0,0,0,,,,,,0,1545.17,1500.0,45.17,0,8,9,1.125,531,346,0.6516,4,Tuesday,0.6758,0,0,0,1,1,2
2023-04-09_Al-Nassr_Al-Fayha_1159,2023-04-09,2022/23,Al-Nassr,Al-Fayha,Pro League,domestic_league,A,0,0.78,38.1719,13942,1158,834,235,166,0.7202,5,1,2,5,6,7,14,16,0,2,1.4,1.4,0.8,0.8,0.6,0.5,1.5489,0.035,4,0,5,36,19,5,0.5278,11,11,1.0,12,22,0.8,0.8,13,4,5,0,0,0,,,0,0,0,0,,,,,,0,1553.88,1500.0,53.88,0,9,11,1.2222,532,348,0.6541,4,Sunday,0.6896,0,0,0,0,0,0
2023-04-18_Al-Nassr_Al-Hilal_1160,2023-04-18,2022/23,Al-Nassr,Al-Hilal,Pro League,domestic_league,A,0,0.78,38.1965,13951,1159,834,235,166,0.7196,9,0,2,4,4,7,10,16,0,2,1.4,1.0,0.8,0.8,0.5,0.4,1.0842,0.0245,0,1,14,37,19,5,0.5135,12,11,0.9167,10,23,0.6,0.8,10,3,5,0,0,0,,,0,0,0,0,,,,,,0,1552.34,1500.0,52.34,0,10,11,1.1,533,348,0.6529,4,Tuesday,0.7143,0,0,0,0,0,0
2023-04-24_Al-Nassr_Al_Wehda_Club_1161,2023-04-24,2022/23,Al-Nassr,Al Wehda Club,King's Cup,domestic_or_other_cup,H,0,0.72,38.213,13957,1160,834,235,166,0.719,6,1,1,4,2,6,10,16,0,0,1.2,1.0,0.8,0.6,0.5,0.4,0.7589,0.0171,0,2,20,38,19,5,0.5,13,11,0.8462,10,22,0.6,0.8,10,4,5,1,4,0,4.0,1.0,4,1,0,0,0.0,0.0,0.0,4.0,0.0,1,1540.84,1489.99,50.85,1,1,0,0.0,597,472,0.7906,4,Monday,0.7308,0,0,0,0,0,0
2023-04-28_Al-Nassr_Al-Raed_1162,2023-04-28,2022/23,Al-Nassr,Al-Raed,Pro League,domestic_league,H,0,0.78,38.2239,13961,1161,834,235,166,0.7183,4,1,2,4,0,4,7,15,0,0,0.8,0.7,0.75,0.4,0.4,0.3,0.5313,0.012,0,3,24,39,19,5,0.4872,14,11,0.7857,7,19,0.4,0.6,7,4,5,0,0,0,,,0,0,0,0,,,,,,0,1529.39,1500.0,29.39,0,11,11,1.0,598,472,0.7893,4,Friday,0.7418,0,0,0,1,0,1
2023-05-08_Al-Nassr_Al_Khaleej_Saihat_1163,2023-05-08,2022/23,Al-Nassr,Al Khaleej Saihat,Pro League,domestic_league,H,0,0.78,38.2513,13971,1162,835,235,165,0.7186,10,0,2,4,1,3,8,16,0,0,0.6,0.8,0.8,0.4,0.5,0.3,0.6719,0.0084,1,0,10,40,20,5,0.5,15,12,0.8,7,19,0.4,0.6,9,3,5,0,0,0,,,0,0,0,0,,,,,,0,1538.55,1500.0,38.55,0,12,12,1.0,599,473,0.7896,5,Monday,0.7692,0,0,0,0,0,0
2023-05-16_Al-Nassr_Al_Taee_1164,2023-05-16,2022/23,Al-Nassr,Al Taee,Pro League,domestic_league,A,0,0.78,38.2732,13979,1163,835,235,165,0.718,8,0,1,4,1,1,8,16,0,0,0.2,0.8,0.8,0.2,0.5,0.3,0.4703,0.0059,0,1,18,41,20,5,0.4878,16,12,0.75,5,17,0.2,0.6,5,4,5,0,0,0,,,0,0,0,0,,,,,,0,1537.44,1500.0,37.44,0,13,12,0.9231,534,348,0.6517,5,Tuesday,0.7912,0,0,0,1,0,1
2023-05-23_Al-Nassr_Al_Shabab_1165,2023-05-23,2022/23,Al-Nassr,Al Shabab,Pro League,domestic_league,H,0,0.78,38.2924,13986,1164,836,235,164,0.7182,7,1,1,4,2,2,9,17,0,0,0.4,0.9,0.85,0.4,0.6,0.3,0.6292,0.0041,1,0,7,42,21,5,0.5,17,13,0.7647,7,17,0.4,0.6,7,4,5,0,0,0,,,0,0,0,0,,,,,,0,1546.37,1500.0,46.37,0,14,13,0.9286,600,473,0.7883,5,Tuesday,0.8104,0,1,0,1,0,1
2023-05-27_Al-Nassr_Al-Ettifaq_1166,2023-05-27,2022/23,Al-Nassr,Al-Ettifaq,Pro League,domestic_league,A,0,0.78,38.3033,13990,1165,837,235,163,0.7185,4,1,2,4,2,3,9,18,0,0,0.6,0.9,0.9,0.6,0.6,0.3,0.7405,0.0029,2,0,4,43,22,5,0.5116,18,14,0.7778,10,20,0.6,0.8,10,4,5,1,0,0,0.0,0.0,0,1,0,0,0.0,0.0,0.0,1.0,0.0,1,1555.04,1490.0,65.04,1,15,14,0.9333,535,349,0.6523,5,Saturday,0.8214,0,1,0,0,0,0
2023-06-17_Portugal_Bosnia_&_Herzegovina_1167,2023-06-17,2022/23,Portugal,Bosnia & Herzegovina,Euros Qualifier,international,H,1,0.76,38.3608,14011,1166,837,235,163,0.7178,21,0,0,2,2,3,7,18,0,0,0.6,0.7,0.9,0.6,0.5,0.2,0.5183,0.002,0,1,25,44,22,5,0.5,214,131,0.6121,9,24,0.6,0.6,17,4,5,0,0,0,,,0,0,0,0,,,,,,0,1673.92,1500.0,173.92,0,37,35,0.9459,601,474,0.7887,6,Saturday,0.8791,0,1,0,0,0,0
2023-06-20_Portugal_Iceland_1168,2023-06-20,2022/23,Portugal,Iceland,Euros Qualifier,international,A,1,0.76,38.369,14014,1167,837,235,163,0.7172,3,1,1,3,1,2,5,18,0,0,0.4,0.5,0.9,0.4,0.4,0.1,0.3628,0.0014,0,2,28,45,22,5,0.4889,215,131,0.6093,12,24,0.8,0.8,19,2,5,3,1,0,0.3333,0.3333,1,2,1,0,0.3333,0.3333,1.0,1.0,0.0,1,1679.29,1492.88,186.42,3,38,35,0.9211,536,349,0.6511,6,Tuesday,0.8874,0,1,0,1,0,1
2023-07-28_Al-Nassr_Al_Shabab_1169,2023-07-28,2022/23,Al-Nassr,Al Shabab,Arab Club Champions Cup,domestic_or_other_cup,H,0,0.72,38.4731,14052,1168,838,235,162,0.7175,38,0,0,0,1,3,4,18,0,0,0.6,0.4,0.9,0.6,0.4,0.0,0.554,0.001,1,0,38,46,23,5,0.5,19,14,0.7368,11,18,0.6,1.0,11,4,5,1,1,0,1.0,1.0,1,1,0,0,0.0,0.0,2.0,3.0,0.0,1,1553.19,1491.33,61.87,1,0,0,,602,474,0.7874,7,Friday,0.9918,0,1,0,0,0,0
2023-07-31_Al-Nassr_US_Monastirienne_1170,2023-07-31,2022/23,Al-Nassr,US Monastirienne,Arab Club Champions Cup,domestic_or_other_cup,A,0,0.72,38.4813,14055,1169,838,235,162,0.7169,3,1,1,1,1,2,4,14,0,0,0.4,0.4,0.7,0.4,0.4,0.0,0.3878,0.0007,0,1,41,47,23,5,0.4894,20,14,0.7,9,16,0.4,1.0,7,4,5,0,0,0,,,0,0,0,0,,,,,,0,1551.43,1500.0,51.43,0,1,0,0.0,537,350,0.6518,7,Monday,1,0,1,0,1,0,1
2023-08-03_Al-Nassr_Zamalek_SC_1171,2023-08-03,2023/24,Al-Nassr,Zamalek SC,Arab Club Champions Cup,domestic_or_other_cup,A,0,0.72,38.4895,14058,1170,839,235,161,0.7171,3,2,2,2,2,2,5,15,0,0,0.4,0.5,0.75,0.4,0.5,0.0,0.5714,0.0005,1,0,3,0,0,0,,21,15,0.7143,11,16,0.6,1.0,10,4,5,0,0,0,,,0,0,0,0,,,,,,0,1559.96,1500.0,59.96,0,2,1,0.5,538,351,0.6524,8,Thursday,0.0055,1,0,0,1,0,1
2023-08-06_Al-Nassr_Raja_Casablanca_1172,2023-08-06,2023/24,Al-Nassr,Raja Casablanca,Arab Club Champions Cup,domestic_or_other_cup,A,0,0.72,38.4977,14061,1171,840,235,160,0.7173,3,2,3,3,2,3,6,13,0,0,0.6,0.6,0.65,0.6,0.6,0.0,0.7,0.0003,2,0,3,1,1,0,1.0,22,16,0.7273,9,16,0.4,1.0,9,5,5,0,0,0,,,0,0,0,0,,,,,,0,1558.25,1500.0,58.25,0,3,2,0.6667,539,352,0.6531,8,Sunday,0.0137,1,0,0,1,0,1
2023-08-09_Al-Nassr_Al_Shorta_1173,2023-08-09,2023/24,Al-Nassr,Al Shorta,Arab Club Champions Cup,domestic_or_other_cup,A,0,0.72,38.5059,14064,1172,841,235,159,0.7176,3,2,4,4,3,4,6,14,0,0,0.8,0.6,0.7,0.8,0.6,0.0,0.79,0.0002,3,0,3,2,2,0,1.0,23,17,0.7391,9,19,0.4,1.0,9,4,5,0,0,0,,,0,0,0,0,,,,,,0,1566.59,1500.0,66.59,0,4,3,0.75,540,353,0.6537,8,Wednesday,0.0219,1,0,0,1,0,1
2023-08-12_Al-Nassr_Al-Hilal_1174,2023-08-12,2023/24,Al-Nassr,Al-Hilal,Arab Club Champions Cup,domestic_or_other_cup,A,0,0.72,38.5141,14067,1173,842,235,158,0.7178,3,2,4,5,3,4,7,15,0,0,0.8,0.7,0.75,0.8,0.7,0.0,0.853,0.0002,4,0,3,3,3,0,1.0,24,18,0.75,11,22,0.6,1.0,9,3,5,1,0,0,0.0,0.0,0,0,0,1,3.0,1.0,2.0,0.0,1.0,1,1574.7,1511.5,63.2,1,5,4,0.8,541,354,0.6543,8,Saturday,0.0301,1,0,0,1,1,2
2023-08-18_Al-Nassr_Al_Taawon_1175,2023-08-18,2023/24,Al-Nassr,Al Taawon,Pro League,domestic_league,H,0,0.78,38.5306,14073,1174,844,235,156,0.7189,6,1,3,6,4,6,8,17,0,0,1.2,0.8,0.85,1.0,0.7,0.1,1.1971,0.0001,5,0,6,4,5,0,1.25,25,20,0.8,13,22,0.8,1.0,11,4,5,1,0,2,0.0,0.0,0,1,0,0,0.0,0.0,1.0,2.0,0.0,1,1582.9,1490.28,92.62,1,16,14,0.875,603,474,0.7861,8,Friday,0.0466,1,0,0,0,0,0
2023-08-22_Al-Nassr_Shabab_Al_Ahli_Dubai_1176,2023-08-22,2023/24,Al-Nassr,Shabab Al Ahli Dubai,AFC Champions League,continental_club,H,0,0.84,38.5415,14077,1175,844,235,156,0.7183,4,1,3,7,3,5,7,16,0,0,1.0,0.7,0.8,0.8,0.6,0.1,0.838,0.0001,0,1,10,5,5,0,1.0,26,20,0.7692,10,21,0.6,0.8,7,5,5,0,0,0,,,0,0,0,0,,,,,,0,1570.29,1500.0,70.29,0,0,0,,604,474,0.7848,8,Tuesday,0.0575,1,0,0,0,0,0
2023-08-25_Al-Nassr_Al-Fateh_1177,2023-08-25,2023/24,Al-Nassr,Al-Fateh,Pro League,domestic_league,A,0,0.78,38.5497,14080,1176,844,236,156,0.7177,3,2,3,8,2,4,7,14,1,1,0.8,0.7,0.7,0.6,0.6,0.1,0.5866,0.3001,0,2,13,6,5,1,0.8333,27,20,0.7407,12,21,0.8,0.8,10,6,5,1,1,0,1.0,1.0,1,0,1,0,1.0,1.0,2.0,2.0,0.0,1,1578.3,1499.99,78.31,1,17,14,0.8235,542,356,0.6568,8,Friday,0.0658,1,0,0,1,1,3
2023-08-29_Al-Nassr_Al_Shabab_1178,2023-08-29,2023/24,Al-Nassr,Al Shabab,Pro League,domestic_league,H,0,0.78,38.5607,14084,1177,847,237,153,0.7196,4,2,3,8,3,6,10,15,2,2,1.2,1.0,0.75,0.6,0.7,0.2,1.3106,0.51,1,0,4,7,8,2,1.1429,28,23,0.8214,12,21,0.8,0.8,12,5,5,2,1,0,0.5,0.5,1,1,1,0,0.5,0.5,1.0,1.5,0.5,2,1586.08,1493.09,92.99,2,18,17,0.9444,605,474,0.7835,8,Tuesday,0.0767,1,0,0,1,1,2
2023-09-02_Al-Nassr_Al-Hazm_1179,2023-09-02,2023/24,Al-Nassr,Al-Hazm,Pro League,domestic_league,A,0,0.78,38.5716,14088,1178,849,238,151,0.7207,4,1,3,8,5,7,11,15,3,3,1.4,1.1,0.75,0.6,0.7,0.3,1.5174,0.657,2,0,4,8,10,3,1.25,29,25,0.8621,12,23,0.8,0.8,15,5,5,0,0,0,,,0,0,0,0,,,,,,0,1593.47,1500.0,93.47,0,19,19,1.0,543,359,0.6611,9,Saturday,0.0877,1,0,0,1,0,1
2023-09-08_Portugal_Slovakia_1180,2023-09-08,2023/24,Portugal,Slovakia,Euros Qualifier,international,A,1,0.76,38.5881,14094,1179,850,240,150,0.7209,6,1,3,7,6,6,12,16,5,5,1.2,1.2,0.8,0.6,0.8,0.3,1.3622,1.0599,3,0,6,9,11,5,1.2222,216,132,0.6111,12,24,0.8,0.8,14,1,5,2,1,0,0.5,0.5,1,1,1,0,0.5,0.5,,,,0,1684.39,1493.57,190.82,2,39,36,0.9231,544,360,0.6618,9,Friday,0.1041,1,0,0,0,0,0
2023-09-16_Al-Nassr_Al-Raed_1181,2023-09-16,2023/24,Al-Nassr,Al-Raed,Pro League,domestic_league,A,0,0.78,38.61,14102,1180,850,240,150,0.7203,8,0,2,6,3,6,11,16,5,5,1.2,1.1,0.8,0.6,0.7,0.3,0.9535,0.7419,0,1,14,10,11,5,1.1,30,26,0.8667,12,25,0.8,0.8,18,5,5,1,1,0,1.0,1.0,1,1,0,0,0.0,0.0,0.0,4.0,0.0,1,1600.84,1490.84,110.0,1,20,20,1.0,545,360,0.6606,9,Saturday,0.126,1,0,0,1,0,1
2023-09-19_Al-Nassr_Persepolis_FC_1182,2023-09-19,2023/24,Al-Nassr,Persepolis FC,AFC Champions League,continental_club,A,0,0.84,38.6182,14105,1181,851,240,149,0.7206,3,1,2,6,2,7,11,17,4,5,1.4,1.1,0.85,0.8,0.7,0.3,0.9675,0.5194,1,0,3,11,12,5,1.0909,31,27,0.871,15,25,1.0,1.0,21,4,5,0,0,0,,,0,0,0,0,,,,,,0,1607.78,1500.0,107.78,0,1,0,0.0,546,361,0.6612,9,Tuesday,0.1342,1,0,0,0,0,0
2023-09-22_Al-Nassr_Al-Ahli_Jeddah_1183,2023-09-22,2023/24,Al-Nassr,Al-Ahli Jeddah,Pro League,domestic_league,H,0,0.78,38.6264,14108,1182,851,240,149,0.72,3,2,3,6,1,4,10,16,3,5,0.8,1.0,0.8,0.6,0.6,0.3,0.6772,0.3636,0,1,6,12,12,5,1.0,32,27,0.8438,15,27,1.0,1.0,19,2,5,0,0,0,,,0,0,0,0,,,,,,0,1614.77,1500.0,114.77,0,21,21,1.0,606,476,0.7855,9,Friday,0.1425,1,0,0,1,1,2
2023-09-29_Al-Nassr_Al_Taee_1184,2023-09-29,2023/24,Al-Nassr,Al Taee,Pro League,domestic_league,A,0,0.78,38.6456,14115,1183,853,240,147,0.721,7,1,3,5,3,4,11,18,2,5,0.8,1.1,0.9,0.6,0.6,0.4,1.0741,0.2545,1,0,7,13,14,5,1.0769,33,29,0.8788,15,27,1.0,1.0,18,5,5,1,1,0,1.0,1.0,1,1,0,0,0.0,0.0,0.0,2.0,0.0,1,1621.58,1491.07,130.51,1,22,23,1.0455,547,361,0.66,9,Friday,0.1616,1,0,0,1,0,1
2023-10-02_Al-Nassr_Istiqlol_1185,2023-10-02,2023/24,Al-Nassr,Istiqlol,AFC Champions League,continental_club,H,0,0.84,38.6538,14118,1184,854,241,146,0.7213,3,1,3,6,3,4,10,18,1,6,0.8,1.0,0.9,0.6,0.6,0.3,1.0518,0.4781,2,0,3,14,15,6,1.0714,34,30,0.8824,15,27,1.0,1.0,16,6,5,0,0,0,,,0,0,0,0,,,,,,0,1627.99,1500.0,127.99,0,2,0,0.0,607,478,0.7875,10,Monday,0.1699,1,0,0,1,0,1
2023-10-06_Al-Nassr_Abha_1186,2023-10-06,2023/24,Al-Nassr,Abha,Pro League,domestic_league,H,0,0.78,38.6647,14122,1185,855,241,145,0.7215,4,2,3,6,4,5,11,18,1,6,1.0,1.1,0.9,0.8,0.7,0.3,1.0363,0.3347,3,0,4,15,16,6,1.0667,35,31,0.8857,15,27,1.0,1.0,14,6,5,2,1,0,0.5,0.5,1,2,0,0,0.0,0.0,1.0,2.5,0.0,2,1634.47,1482.09,152.38,2,23,24,1.0435,608,479,0.7878,10,Friday,0.1808,1,0,0,0,0,0
2023-10-13_Portugal_Slovakia_1187,2023-10-13,2023/24,Portugal,Slovakia,Euros Qualifier,international,H,1,0.76,38.6839,14129,1186,855,241,145,0.7209,7,1,3,6,2,4,11,18,1,5,0.8,1.1,0.9,0.6,0.7,0.3,0.7254,0.2343,0,1,11,16,16,6,1.0,217,132,0.6083,15,24,1.0,1.0,15,0,5,3,1,0,0.3333,0.3333,1,2,1,0,0.3333,0.3333,0.0,1.0,0.0,1,1689.39,1488.57,200.82,3,40,36,0.9,609,479,0.7865,10,Friday,0.2,1,0,0,1,1,2
2023-10-16_Portugal_Bosnia_&_Herzegovina_1188,2023-10-16,2023/24,Portugal,Bosnia & Herzegovina,Euros Qualifier,international,A,1,0.76,38.6921,14132,1187,857,241,143,0.722,3,1,3,7,3,6,10,20,1,4,1.2,1.0,1.0,0.8,0.7,0.3,1.1078,0.164,1,0,3,17,18,6,1.0588,218,134,0.6147,15,24,1.0,1.0,14,2,5,1,0,0,0.0,0.0,0,1,0,0,0.0,0.0,0.0,3.0,0.0,1,1694.18,1494.63,199.55,1,41,38,0.9268,548,362,0.6606,10,Monday,0.2082,0,0,0,1,1,2
2023-10-21_Al-Nassr_Damac_1189,2023-10-21,2023/24,Al-Nassr,Damac,Pro League,domestic_league,H,0,0.78,38.7058,14137,1188,859,242,141,0.7231,5,1,2,6,4,6,10,21,2,4,1.2,1.0,1.05,0.8,0.7,0.3,1.3754,0.4148,2,0,5,18,20,7,1.1111,36,31,0.8611,13,28,0.8,1.0,13,7,5,0,0,0,,,0,0,0,0,,,,,,0,1630.34,1500.0,130.34,0,24,24,1.0,610,481,0.7885,10,Saturday,0.2219,0,0,0,1,0,1
2023-10-24_Al-Nassr_Al-Duhail_SC_1190,2023-10-24,2023/24,Al-Nassr,Al-Duhail SC,AFC Champions League,continental_club,H,0,0.84,38.714,14140,1189,860,242,140,0.7233,3,1,3,6,5,6,10,22,1,2,1.2,1.0,1.1,0.8,0.7,0.3,1.2628,0.2904,3,0,3,19,21,7,1.1053,37,32,0.8649,13,28,0.8,1.0,13,8,5,0,0,0,,,0,0,0,0,,,,,,0,1636.76,1500.0,136.76,0,3,1,0.3333,611,482,0.7889,10,Tuesday,0.2301,0,0,0,1,1,2
2023-10-28_Al-Nassr_Al-Fayha_1191,2023-10-28,2023/24,Al-Nassr,Al-Fayha,Pro League,domestic_league,A,0,0.78,38.725,14144,1190,862,243,138,0.7244,4,2,3,7,5,7,12,23,2,3,1.4,1.2,1.15,0.8,0.8,0.4,1.484,0.5033,4,0,4,20,23,8,1.15,38,34,0.8947,13,28,0.8,1.0,13,8,5,1,0,0,0.0,0.0,0,0,1,0,1.0,1.0,0.0,0.0,1.0,1,1643.01,1501.54,141.47,1,25,25,1.0,549,364,0.663,10,Saturday,0.2411,0,0,0,0,0,0
2023-10-31_Al-Nassr_Al-Ettifaq_1192,2023-10-31,2023/24,Al-Nassr,Al-Ettifaq,King's Cup,domestic_or_other_cup,H,0,0.72,38.7332,14147,1191,862,244,138,0.7238,3,2,3,7,3,7,11,22,3,4,1.4,1.1,1.1,0.8,0.7,0.4,1.0388,0.6523,0,1,7,21,23,9,1.0952,39,34,0.8718,13,28,0.8,1.0,14,8,5,2,0,0,0.0,0.0,0,1,1,0,0.5,0.5,0.5,1.0,0.0,2,1649.15,1491.85,157.3,2,2,0,0.0,612,484,0.7908,10,Tuesday,0.2493,0,0,0,0,0,0
2023-11-04_Al-Nassr_Al_Khaleej_Saihat_1193,2023-11-04,2023/24,Al-Nassr,Al Khaleej Saihat,Pro League,domestic_league,H,0,0.78,38.7441,14151,1192,862,244,138,0.7232,4,2,4,7,2,5,11,21,3,4,1.0,1.1,1.05,0.6,0.7,0.4,0.7271,0.4566,0,2,11,22,23,9,1.0455,40,34,0.85,13,28,0.8,1.0,12,7,5,1,0,0,0.0,0.0,0,0,1,0,1.0,1.0,1.0,1.0,0.0,1,1654.91,1501.1,153.8,1,26,25,0.9615,613,484,0.7896,11,Saturday,0.2603,0,0,0,1,0,1
2023-11-11_Al-Nassr_Al_Wehda_Club_1194,2023-11-11,2023/24,Al-Nassr,Al Wehda Club,Pro League,domestic_league,A,0,0.78,38.7633,14158,1193,863,245,137,0.7234,7,1,3,7,1,4,10,21,3,5,0.8,1.0,1.05,0.6,0.7,0.3,0.809,0.6196,1,0,7,23,24,10,1.0435,41,35,0.8537,15,28,1.0,1.0,12,5,5,2,4,0,2.0,0.5,4,1,0,1,1.5,0.5,0.5,2.0,0.5,2,1660.75,1501.45,159.31,2,27,26,0.963,550,364,0.6618,11,Saturday,0.2795,0,0,0,1,0,1
2023-11-16_Portugal_Liechtenstein_1195,2023-11-16,2023/24,Portugal,Liechtenstein,Euros Qualifier,international,A,1,0.76,38.777,14163,1194,864,245,136,0.7236,5,1,2,6,2,4,10,20,3,4,0.8,1.0,1.0,0.6,0.7,0.3,0.8663,0.4337,2,0,5,24,25,10,1.0417,219,136,0.621,15,24,1.0,1.0,13,2,5,3,2,1,0.6667,0.3333,2,2,1,0,0.3333,0.3333,0.0,4.0,0.0,1,1698.99,1488.37,210.62,3,42,40,0.9524,551,365,0.6624,11,Thursday,0.2932,0,0,0,1,0,1
2023-11-19_Portugal_Iceland_1196,2023-11-19,2023/24,Portugal,Iceland,Euros Qualifier,international,H,1,0.76,38.7852,14166,1195,865,245,135,0.7238,3,1,2,7,3,3,10,21,2,4,0.6,1.0,1.05,0.6,0.7,0.3,0.9064,0.3036,3,0,3,25,26,10,1.04,220,137,0.6227,15,27,1.0,1.0,12,2,5,4,2,0,0.5,0.5,1,3,1,0,0.25,0.25,0.5,1.0,0.0,2,1703.58,1487.78,215.8,4,43,41,0.9535,614,485,0.7899,11,Sunday,0.3014,0,0,0,0,0,0
2023-11-24_Al-Nassr_Al_Okhdood_1197,2023-11-24,2023/24,Al-Nassr,Al Okhdood,Pro League,domestic_league,H,0,0.78,38.7989,14171,1196,865,246,135,0.7232,5,1,3,6,2,3,10,21,2,5,0.6,1.0,1.05,0.6,0.7,0.3,0.6345,0.5125,0,1,8,26,26,11,1.0,42,36,0.8571,15,28,1.0,1.0,13,5,5,0,0,0,,,0,0,0,0,,,,,,0,1666.46,1500.0,166.46,0,28,27,0.9643,615,485,0.7886,11,Friday,0.3151,0,0,0,1,1,2
2023-11-27_Al-Nassr_Persepolis_FC_1198,2023-11-27,2023/24,Al-Nassr,Persepolis FC,AFC Champions League,continental_club,H,0,0.84,38.8071,14174,1197,867,246,133,0.7243,3,1,3,7,3,5,10,20,2,5,1.0,1.0,1.0,0.8,0.7,0.3,1.0441,0.3588,1,0,3,27,28,11,1.037,43,38,0.8837,15,28,1.0,1.0,12,2,5,1,0,0,0.0,0.0,0,1,0,0,0.0,0.0,0.0,2.0,0.0,1,1672.01,1493.01,179.0,1,4,3,0.75,616,487,0.7906,11,Monday,0.3233,0,0,0,0,0,0
2023-12-01_Al-Nassr_Al-Hilal_1199,2023-12-01,2023/24,Al-Nassr,Al-Hilal,Pro League,domestic_league,A,0,0.78,38.818,14178,1198,867,246,133,0.7237,4,2,3,6,2,4,8,18,1,4,0.8,0.8,0.9,0.6,0.6,0.2,0.7309,0.2511,0,1,7,28,28,11,1.0,44,38,0.8636,13,26,0.8,1.0,9,1,5,2,2,0,1.0,0.5,2,1,0,1,1.5,0.5,1.5,1.0,0.5,2,1667.27,1503.29,163.97,2,29,29,1.0,552,366,0.663,12,Friday,0.3342,0,0,1,0,0,0
2023-12-08_Al-Nassr_Al_Riyadh_1200,2023-12-08,2023/24,Al-Nassr,Al Riyadh,Pro League,domestic_league,H,0,0.78,38.8372,14185,1199,867,246,133,0.7231,7,1,3,6,2,3,7,17,1,4,0.6,0.7,0.85,0.4,0.5,0.2,0.5116,0.1758,0,2,14,29,28,11,0.9655,45,38,0.8444,10,23,0.6,0.8,8,4,5,0,0,0,,,0,0,0,0,,,,,,0,1652.87,1500.0,152.87,0,30,29,0.9667,617,487,0.7893,12,Friday,0.3534,0,0,1,1,0,1
2023-12-11_Al-Nassr_Al_Shabab_1201,2023-12-11,2023/24,Al-Nassr,Al Shabab,King's Cup,domestic_or_other_cup,A,0,0.72,38.8454,14188,1200,868,247,132,0.7233,3,1,3,7,1,3,6,18,2,4,0.6,0.6,0.9,0.4,0.5,0.1,0.6581,0.4231,1,0,3,30,29,12,0.9667,46,39,0.8478,10,25,0.6,0.8,10,5,5,3,3,1,1.0,0.6667,3,2,1,0,0.3333,0.3333,0.6667,2.3333,0.3333,3,1658.73,1485.7,173.03,3,3,0,0.0,553,366,0.6618,12,Monday,0.3616,0,0,1,1,0,1
2023-12-22_Al-Nassr_Al-Ettifaq_1202,2023-12-22,2023/24,Al-Nassr,Al-Ettifaq,Pro League,domestic_league,H,0,0.78,38.8755,14199,1201,869,247,131,0.7236,11,0,2,5,2,4,7,18,1,3,0.8,0.7,0.9,0.6,0.6,0.1,0.7607,0.2961,2,0,11,31,30,12,0.9677,47,40,0.8511,10,25,0.6,0.8,12,6,5,3,0,0,0.0,0.0,0,2,1,0,0.3333,0.3333,0.3333,1.0,0.0,3,1664.13,1486.09,178.03,3,31,30,0.9677,618,488,0.7896,12,Friday,0.3918,0,0,1,1,0,1
2023-12-26_Al-Nassr_Al-Ittihad_FC_1203,2023-12-26,2023/24,Al-Nassr,Al-Ittihad FC,Pro League,domestic_league,A,0,0.78,38.8865,14203,1202,870,248,130,0.7238,4,1,1,5,3,3,8,19,2,4,0.6,0.8,0.95,0.6,0.7,0.1,0.8325,0.5073,3,0,4,32,31,13,0.9688,48,41,0.8542,10,25,0.6,0.8,12,7,5,2,0,0,0.0,0.0,0,0,0,2,3.0,1.0,2.0,0.5,0.5,2,1669.41,1521.09,148.32,2,32,31,0.9688,554,367,0.6625,12,Tuesday,0.4027,0,0,1,1,1,2
2023-12-30_Al-Nassr_Al_Taawon_1204,2023-12-30,2023/24,Al-Nassr,Al Taawon,Pro League,domestic_league,A,0,0.78,38.8974,14207,1203,872,248,128,0.7249,4,1,2,5,4,5,9,19,2,3,1.0,0.9,0.95,0.8,0.7,0.2,1.1827,0.3551,4,0,4,33,33,13,1.0,49,43,0.8776,12,25,0.8,0.8,17,9,5,2,0,2,0.0,0.0,0,1,0,1,1.5,0.5,1.5,1.0,0.5,2,1675.38,1502.88,172.5,2,33,33,1.0,555,369,0.6649,12,Saturday,0.4137,0,0,1,1,0,1
2024-02-14_Al-Nassr_Al-Fayha_1205,2024-02-14,2023/24,Al-Nassr,Al-Fayha,AFC Champions League,continental_club,A,0,0.84,39.0234,14253,1204,873,248,127,0.7251,46,0,0,0,4,6,9,19,2,3,1.2,0.9,0.95,1.0,0.7,0.2,1.1279,0.2486,5,0,46,34,34,13,1.0,50,44,0.88,15,25,1.0,1.0,21,7,5,2,0,1,0.0,0.0,0,1,1,0,0.5,0.5,0.5,1.5,0.5,2,1680.79,1495.4,185.39,2,5,3,0.6,556,370,0.6655,2,Wednesday,0.5397,0,0,0,1,0,1
2024-02-17_Al-Nassr_Al-Fateh_1206,2024-02-17,2023/24,Al-Nassr,Al-Fateh,Pro League,domestic_league,H,0,0.78,39.0316,14256,1205,874,248,126,0.7253,3,1,1,1,4,6,9,19,1,3,1.2,0.9,0.95,1.0,0.7,0.2,1.0895,0.174,6,0,3,35,35,13,1.0,51,45,0.8824,15,25,1.0,1.0,18,6,5,2,4,1,2.0,1.0,4,1,1,0,0.5,0.5,1.0,3.5,0.0,2,1685.91,1492.21,193.7,2,34,34,1.0,619,489,0.79,2,Saturday,0.5479,0,0,0,1,0,1
2024-02-21_Al-Nassr_Al-Fayha_1207,2024-02-21,2023/24,Al-Nassr,Al-Fayha,AFC Champions League,continental_club,H,0,0.84,39.0426,14260,1206,875,248,125,0.7255,4,2,2,2,3,6,10,20,1,2,1.2,1.0,1.0,1.0,0.8,0.2,1.0627,0.1218,7,0,4,36,36,13,1.0,52,46,0.8846,15,25,1.0,1.0,15,5,5,3,1,1,0.3333,0.3333,1,2,1,0,0.3333,0.3333,0.3333,1.3333,0.3333,3,1690.85,1490.28,200.56,3,6,4,0.6667,620,490,0.7903,2,Wednesday,0.5589,0,0,0,1,0,1
2024-02-25_Al-Nassr_Al_Shabab_1208,2024-02-25,2023/24,Al-Nassr,Al Shabab,Pro League,domestic_league,A,0,0.78,39.0535,14264,1207,876,248,124,0.7258,4,1,3,3,3,6,9,19,0,2,1.2,0.9,0.95,1.0,0.8,0.1,1.0439,0.0853,8,0,4,37,37,13,1.0,53,47,0.8868,15,25,1.0,1.0,14,4,5,4,4,1,1.0,0.75,3,3,1,0,0.25,0.25,1.0,3.0,0.25,4,1695.64,1480.31,215.33,4,35,35,1.0,557,371,0.6661,2,Sunday,0.5699,0,0,0,1,0,1
2024-03-04_Al-Nassr_Al_Ain_1209,2024-03-04,2023/24,Al-Nassr,Al Ain,AFC Champions League,continental_club,A,0,0.84,39.0754,14272,1208,877,248,123,0.726,8,0,2,4,3,5,10,18,0,2,1.0,1.0,0.9,1.0,0.9,0.1,1.0307,0.0597,9,0,8,38,38,13,1.0,54,48,0.8889,15,27,1.0,1.0,12,4,5,0,0,0,,,0,0,0,0,,,,,,0,1700.13,1500.0,200.13,0,7,5,0.7143,558,372,0.6667,3,Monday,0.5918,0,0,0,0,0,0
2024-03-07_Al-Nassr_Al-Raed_1210,2024-03-07,2023/24,Al-Nassr,Al-Raed,Pro League,domestic_league,H,0,0.78,39.0836,14275,1209,877,248,123,0.7254,3,1,2,5,2,4,10,17,0,2,0.8,1.0,0.85,0.8,0.9,0.1,0.7215,0.0418,0,1,11,39,38,13,0.9744,55,48,0.8727,12,27,0.8,0.8,8,4,5,2,2,0,1.0,1.0,2,2,0,0,0.0,0.0,0.5,3.5,0.0,2,1684.93,1483.91,201.02,2,36,36,1.0,621,491,0.7907,3,Thursday,0.6,0,0,0,0,0,0
2024-03-11_Al-Nassr_Al_Ain_1211,2024-03-11,2023/24,Al-Nassr,Al Ain,AFC Champions League,continental_club,H,0,0.84,39.0946,14279,1210,877,248,123,0.7248,4,2,2,6,1,3,9,15,0,1,0.6,0.9,0.75,0.6,0.8,0.1,0.505,0.0292,0,2,15,40,38,13,0.95,56,48,0.8571,9,24,0.6,0.6,8,7,5,1,0,0,0.0,0.0,0,0,0,1,3.0,1.0,1.0,0.0,1.0,1,1669.71,1515.2,154.52,1,8,5,0.625,622,491,0.7894,3,Monday,0.611,0,0,0,1,0,1
2024-03-15_Al-Nassr_Al-Ahli_Jeddah_1212,2024-03-15,2023/24,Al-Nassr,Al-Ahli Jeddah,Pro League,domestic_league,A,0,0.78,39.1055,14283,1211,878,248,122,0.725,4,1,3,7,1,3,9,16,0,1,0.6,0.9,0.8,0.6,0.8,0.1,0.6535,0.0205,1,0,4,41,39,13,0.9512,57,49,0.8596,9,24,0.6,0.6,10,9,5,1,2,0,2.0,1.0,2,1,0,0,0.0,0.0,3.0,4.0,0.0,1,1675.54,1493.19,182.35,1,37,36,0.973,559,372,0.6655,3,Friday,0.6219,0,0,0,1,0,1
2024-03-26_Portugal_Slovenia_1213,2024-03-26,2023/24,Portugal,Slovenia,International Friendly,international,A,1,0.35,39.1356,14294,1212,879,248,121,0.7252,11,0,1,5,2,3,9,17,0,0,0.6,0.9,0.85,0.6,0.8,0.1,0.7575,0.0143,2,0,11,42,40,13,0.9524,221,137,0.6199,15,27,1.0,1.0,13,2,5,0,0,0,,,0,0,0,0,,,,,,0,1708.06,1500.0,208.06,0,52,20,0.3846,560,373,0.6661,3,Tuesday,0.6521,0,0,0,0,0,0
2024-03-30_Al-Nassr_Al_Taee_1214,2024-03-30,2023/24,Al-Nassr,Al Taee,Pro League,domestic_league,H,0,0.78,39.1466,14298,1213,879,248,121,0.7246,4,1,1,5,2,2,7,16,0,0,0.4,0.7,0.8,0.4,0.7,0.0,0.5302,0.01,0,1,15,43,40,13,0.9302,58,50,0.8621,9,24,0.6,0.6,9,9,5,2,2,1,1.0,1.0,2,2,0,0,0.0,0.0,0.5,2.0,0.0,2,1680.72,1484.66,196.06,2,38,37,0.9737,623,492,0.7897,3,Saturday,0.663,0,0,0,1,1,3
2024-04-02_Al-Nassr_Abha_1215,2024-04-02,2023/24,Al-Nassr,Abha,Pro League,domestic_league,A,0,0.78,39.1548,14301,1214,882,248,118,0.7265,3,2,2,6,4,5,9,18,0,0,1.0,0.9,0.9,0.6,0.7,0.1,1.2712,0.007,1,0,3,44,43,13,0.9773,59,53,0.8983,9,24,0.6,0.6,11,8,5,3,1,0,0.3333,0.3333,1,2,1,0,0.3333,0.3333,1.3333,2.3333,0.0,3,1685.61,1486.22,199.4,3,39,40,1.0256,561,373,0.6649,4,Tuesday,0.6712,0,0,0,1,1,3
2024-04-05_Al-Nassr_Damac_1216,2024-04-05,2023/24,Al-Nassr,Damac,Pro League,domestic_league,A,0,0.78,39.163,14304,1215,885,249,115,0.7284,3,2,3,6,6,8,11,20,1,1,1.6,1.1,1.0,0.8,0.7,0.2,1.7898,0.3049,2,0,3,45,46,14,1.0222,60,56,0.9333,12,24,0.8,0.8,19,7,5,1,1,0,1.0,1.0,1,1,0,0,0.0,0.0,1.0,2.0,0.0,1,1690.43,1493.58,196.85,1,40,43,1.075,562,376,0.669,4,Friday,0.6795,0,0,0,0,0,0
2024-04-08_Al-Nassr_Al-Hilal_1217,2024-04-08,2023/24,Al-Nassr,Al-Hilal,Saudi Super Cup,domestic_or_other_cup,A,0,0.82,39.1712,14307,1216,885,249,115,0.7278,3,2,4,6,6,7,10,20,1,1,1.4,1.0,1.0,0.6,0.6,0.2,1.2529,0.2134,0,1,6,46,46,14,1.0,61,56,0.918,15,24,1.0,1.0,19,4,5,3,2,0,0.6667,0.3333,2,1,0,2,2.0,0.6667,2.0,0.6667,0.6667,3,1695.3,1517.69,177.61,3,1,0,0.0,563,376,0.6679,4,Monday,0.6877,0,0,0,0,0,0
2024-04-27_Al-Nassr_Al_Khaleej_Saihat_1218,2024-04-27,2023/24,Al-Nassr,Al Khaleej Saihat,Pro League,domestic_league,A,0,0.78,39.2233,14326,1217,885,249,115,0.7272,19,0,0,4,3,6,9,18,1,1,1.2,0.9,0.9,0.4,0.5,0.2,0.877,0.1494,0,2,25,47,46,14,0.9787,62,56,0.9032,12,21,0.8,0.8,16,3,5,2,1,1,0.5,0.5,1,1,1,0,0.5,0.5,0.5,1.5,0.0,2,1680.59,1495.26,185.33,2,41,43,1.0488,564,376,0.6667,4,Saturday,0.7397,0,0,0,0,0,0
2024-05-01_Al-Nassr_Al_Khaleej_Saihat_1219,2024-05-01,2023/24,Al-Nassr,Al Khaleej Saihat,King's Cup,domestic_or_other_cup,H,0,0.72,39.2342,14330,1218,885,249,115,0.7266,4,1,1,4,0,6,8,18,1,1,1.2,0.8,0.9,0.4,0.4,0.2,0.6139,0.1046,0,3,29,48,46,14,0.9583,63,56,0.8889,12,21,0.8,0.8,16,3,5,3,1,1,0.3333,0.3333,1,2,1,0,0.3333,0.3333,0.3333,1.3333,0.0,3,1685.71,1490.14,195.57,3,4,1,0.25,624,495,0.7933,5,Wednesday,0.7507,0,0,0,1,1,2
2024-05-04_Al-Nassr_Al_Wehda_Club_1220,2024-05-04,2023/24,Al-Nassr,Al Wehda Club,Pro League,domestic_league,H,0,0.78,39.2424,14333,1219,887,249,113,0.7276,3,2,2,4,2,5,10,20,1,1,1.0,1.0,1.0,0.4,0.5,0.3,1.0297,0.0732,1,0,3,49,48,14,0.9796,64,58,0.9062,12,21,0.8,0.8,14,3,5,3,5,0,1.6667,0.6667,5,2,0,1,1.0,0.3333,0.6667,2.3333,0.3333,3,1690.61,1495.73,194.88,3,42,43,1.0238,625,497,0.7952,5,Saturday,0.7589,0,0,0,1,1,3
2024-05-09_Al-Nassr_Al_Okhdood_1221,2024-05-09,2023/24,Al-Nassr,Al Okhdood,Pro League,domestic_league,A,0,0.78,39.2561,14338,1220,890,249,110,0.7295,5,1,3,3,5,5,13,22,0,1,1.0,1.3,1.1,0.4,0.6,0.4,1.6208,0.0512,2,0,5,50,51,14,1.02,65,61,0.9385,12,24,0.8,0.8,12,3,5,1,2,0,2.0,1.0,2,1,0,0,0.0,0.0,0.0,3.0,0.0,1,1695.53,1494.46,201.07,1,43,46,1.0698,565,376,0.6655,5,Thursday,0.7726,0,0,0,1,0,1
2024-05-17_Al-Nassr_Al-Hilal_1222,2024-05-17,2023/24,Al-Nassr,Al-Hilal,Pro League,domestic_league,H,0,0.78,39.278,14346,1221,891,249,109,0.7297,8,0,2,4,6,6,13,22,0,1,1.2,1.3,1.1,0.6,0.6,0.4,1.4346,0.0359,3,0,8,51,52,14,1.0196,66,62,0.9394,12,27,0.8,0.8,14,5,5,4,2,0,0.5,0.25,2,1,0,3,2.25,0.75,2.0,0.75,0.5,4,1700.31,1532.4,167.91,4,44,47,1.0682,626,500,0.7987,5,Friday,0.7945,0,0,0,0,0,0
2024-05-23_Al-Nassr_Al_Riyadh_1223,2024-05-23,2023/24,Al-Nassr,Al Riyadh,Pro League,domestic_league,A,0,0.78,39.2944,14352,1222,891,250,109,0.7291,6,1,2,5,4,6,12,21,1,2,1.2,1.2,1.05,0.6,0.5,0.4,1.0042,0.3251,0,1,14,52,52,15,1.0,67,62,0.9254,13,25,0.8,1.0,14,4,5,1,1,1,1.0,1.0,1,1,0,0,0.0,0.0,1.0,4.0,0.0,1,1695.82,1494.14,201.68,1,45,47,1.0444,566,377,0.6661,5,Thursday,0.811,0,1,0,0,0,0
2024-05-27_Al-Nassr_Al-Ittihad_FC_1224,2024-05-27,2023/24,Al-Nassr,Al-Ittihad FC,Pro League,domestic_league,H,0,0.78,39.3054,14356,1223,891,250,109,0.7285,4,1,2,6,1,6,12,19,1,2,1.2,1.2,0.95,0.6,0.5,0.4,0.7029,0.2276,0,2,18,53,52,15,0.9811,68,62,0.9118,11,23,0.6,1.0,15,6,5,3,2,0,0.6667,0.3333,2,1,0,2,2.0,0.6667,2.0,2.0,0.3333,3,1690.59,1515.11,175.48,3,46,47,1.0217,627,500,0.7974,5,Monday,0.8219,0,1,0,1,1,2
2024-05-31_Al-Nassr_Al-Hilal_1225,2024-05-31,2023/24,Al-Nassr,Al-Hilal,King's Cup,domestic_or_other_cup,A,0,0.72,39.3163,14360,1224,893,250,107,0.7296,4,1,3,6,2,6,11,20,1,2,1.2,1.1,1.0,0.6,0.5,0.4,1.0921,0.1593,1,0,4,54,54,15,1.0,69,64,0.9275,11,23,0.6,1.0,16,7,5,5,2,1,0.4,0.2,0,1,1,3,2.0,0.8,1.8,0.8,0.4,5,1695.93,1536.89,159.04,5,5,3,0.6,567,377,0.6649,5,Friday,0.8329,0,1,0,0,0,0
2024-06-11_Portugal_Rep._Of_Ireland_1226,2024-06-11,2023/24,Portugal,Rep. Of Ireland,International Friendly,international,H,1,0.35,39.3465,14371,1225,893,250,107,0.729,11,0,1,4,2,3,8,19,1,1,0.6,0.8,0.95,0.4,0.4,0.3,0.7644,0.1115,0,1,15,55,54,15,0.9818,222,137,0.6171,12,27,0.8,0.8,12,4,5,2,2,0,1.0,0.5,2,1,1,0,0.5,0.5,0.5,1.0,0.5,2,1692.7,1499.15,193.55,2,53,20,0.3774,628,502,0.7994,6,Tuesday,0.863,0,1,0,1,1,2
2024-06-18_Portugal_Czech_Republic_1227,2024-06-18,2023/24,Portugal,Czech Republic,Euro Championship,international,H,1,0.95,39.3656,14378,1226,895,250,105,0.73,7,1,1,4,4,4,10,20,1,1,0.8,1.0,1.0,0.4,0.5,0.4,1.1351,0.0781,1,0,7,56,56,15,1.0,223,139,0.6233,12,27,0.8,0.8,12,2,5,4,2,1,0.5,0.5,1,4,0,0,0.0,0.0,0.25,2.5,0.0,4,1697.64,1476.83,220.81,4,25,14,0.56,629,504,0.8013,6,Tuesday,0.8822,0,1,0,0,0,0
2024-06-22_Portugal_Türkiye_1228,2024-06-22,2023/24,Portugal,Türkiye,Euro Championship,international,A,1,0.95,39.3766,14382,1227,895,250,105,0.7294,4,1,2,5,2,4,10,19,0,1,0.8,1.0,0.95,0.4,0.5,0.4,0.7946,0.0546,0,1,11,57,56,15,0.9825,224,139,0.6205,12,27,0.8,0.8,9,3,5,2,0,0,0.0,0.0,0,2,0,0,0.0,0.0,0.5,2.5,0.0,2,1702.02,1487.64,214.38,2,26,14,0.5385,568,377,0.6637,6,Saturday,0.8932,0,1,0,0,0,0
2024-06-26_Portugal_Georgia_1229,2024-06-26,2023/24,Portugal,Georgia,Euro Championship,international,A,1,0.95,39.3875,14386,1228,895,251,105,0.7288,4,1,2,5,2,4,10,18,1,2,0.8,1.0,0.9,0.4,0.5,0.4,0.5562,0.3382,0,2,15,58,56,16,0.9655,225,139,0.6178,12,27,0.8,0.8,10,3,5,1,0,0,0.0,0.0,0,1,0,0,0.0,0.0,,,,0,1706.53,1493.06,213.47,1,27,14,0.5185,569,377,0.6626,6,Wednesday,0.9041,0,1,0,0,0,0
2024-07-01_Portugal_Slovenia_1230,2024-07-01,2023/24,Portugal,Slovenia,Euro Championship,international,H,1,0.95,39.4012,14391,1229,895,251,105,0.7282,5,1,3,4,0,2,8,18,1,2,0.4,0.8,0.9,0.2,0.4,0.3,0.3893,0.2368,0,3,20,59,56,16,0.9492,226,139,0.615,9,24,0.6,0.6,8,5,5,1,0,0,0.0,0.0,0,0,0,1,3.0,1.0,2.0,0.0,1.0,1,1691.06,1515.36,175.7,1,28,14,0.5,630,504,0.8,7,Monday,0.9178,0,1,0,0,0,0
2024-07-05_Portugal_France_1231,2024-07-05,2023/24,Portugal,France,Euro Championship,international,H,1,0.95,39.4122,14395,1230,895,251,105,0.7276,4,1,3,5,0,2,5,18,1,2,0.4,0.5,0.9,0.2,0.3,0.2,0.2725,0.1657,0,4,24,60,56,16,0.9333,227,139,0.6123,12,24,0.8,0.8,8,3,5,7,2,0,0.2857,0.1429,2,1,2,4,2.0,0.8571,0.75,0.75,0.5,4,1696.39,1556.53,139.86,7,29,14,0.4828,631,504,0.7987,7,Friday,0.9288,0,1,0,0,0,0
2024-08-14_Al-Nassr_Al_Taawon_1232,2024-08-14,2024/25,Al-Nassr,Al Taawon,Saudi Super Cup,domestic_or_other_cup,A,0,0.82,39.5217,14435,1231,895,251,105,0.7271,40,0,0,0,0,0,4,17,1,2,0.0,0.4,0.85,0.0,0.2,0.2,0.1908,0.116,0,5,64,0,0,0,,70,64,0.9143,8,20,0.4,0.8,11,8,5,3,1,2,0.3333,0.3333,1,2,0,1,1.0,0.3333,1.3333,2.0,0.3333,3,1681.65,1497.48,184.17,3,2,0,0.0,570,377,0.6614,8,Wednesday,0.0357,1,0,0,1,0,1
2024-08-17_Al-Nassr_Al-Hilal_1233,2024-08-17,2024/25,Al-Nassr,Al-Hilal,Saudi Super Cup,domestic_or_other_cup,H,0,0.82,39.5299,14438,1232,896,252,104,0.7273,3,1,1,1,1,1,5,17,2,2,0.2,0.5,0.85,0.2,0.3,0.2,0.4335,0.3812,1,0,3,1,1,1,1.0,71,65,0.9155,8,20,0.4,0.8,10,6,5,6,2,1,0.3333,0.1667,0,1,1,4,2.1667,0.8333,1.6667,0.8333,0.3333,6,1686.79,1551.17,135.62,6,3,1,0.3333,632,504,0.7975,8,Saturday,0.044,1,0,0,1,0,1
2024-08-22_Al-Nassr_Al-Raed_1234,2024-08-22,2024/25,Al-Nassr,Al-Raed,Pro League,domestic_league,H,0,0.78,39.5436,14443,1233,897,252,103,0.7275,5,1,2,2,2,2,6,18,1,2,0.4,0.6,0.9,0.4,0.4,0.2,0.6035,0.2668,2,0,5,2,2,1,1.0,72,66,0.9167,7,20,0.4,0.6,10,9,5,3,2,0,0.6667,0.6667,2,2,0,1,1.0,0.3333,1.3333,2.6667,0.0,3,1673.08,1499.12,173.95,3,47,49,1.0426,633,505,0.7978,8,Thursday,0.0577,1,0,0,1,0,1
2024-08-27_Al-Nassr_Al-Fayha_1235,2024-08-27,2024/25,Al-Nassr,Al-Fayha,Pro League,domestic_league,A,0,0.78,39.5573,14448,1234,898,252,102,0.7277,5,1,3,3,3,3,5,16,1,2,0.6,0.5,0.8,0.6,0.4,0.1,0.7224,0.1868,3,0,5,3,3,1,1.0,73,67,0.9178,7,18,0.4,0.6,9,8,5,4,2,1,0.5,0.5,2,3,1,0,0.25,0.25,0.25,1.5,0.25,4,1668.45,1485.49,182.96,4,48,50,1.0417,571,378,0.662,8,Tuesday,0.0714,1,0,0,1,0,1
2024-09-05_Portugal_Croatia_1236,2024-09-05,2024/25,Portugal,Croatia,UEFA Nations League,international,H,1,0.82,39.5819,14457,1235,899,253,101,0.7279,9,0,2,4,3,4,6,14,2,3,0.8,0.6,0.7,0.8,0.5,0.1,0.8057,0.4308,4,0,9,4,4,2,1.0,228,139,0.6096,9,21,0.6,0.6,5,3,5,4,1,1,0.25,0.25,1,4,0,0,0.0,0.0,1.0,2.0,0.0,2,1682.57,1475.61,206.96,4,11,7,0.6364,634,506,0.7981,9,Thursday,0.0962,1,0,0,1,0,1
2024-09-08_Portugal_Scotland_1237,2024-09-08,2024/25,Portugal,Scotland,UEFA Nations League,international,H,1,0.82,39.5901,14460,1236,900,253,100,0.7282,3,1,2,5,3,5,5,15,2,3,1.0,0.5,0.75,1.0,0.5,0.0,0.864,0.3015,5,0,3,5,5,2,1.0,229,140,0.6114,9,21,0.6,0.6,5,3,5,0,0,0,,,0,0,0,0,,,,,,0,1687.23,1500.0,187.23,0,12,8,0.6667,635,507,0.7984,9,Sunday,0.1044,1,0,0,1,0,1
2024-09-13_Al-Nassr_Al-Ahli_Jeddah_1238,2024-09-13,2024/25,Al-Nassr,Al-Ahli Jeddah,Pro League,domestic_league,H,0,0.78,39.6038,14465,1237,901,253,99,0.7284,5,1,2,6,3,5,6,16,1,3,1.0,0.6,0.8,1.0,0.6,0.0,0.9048,0.2111,6,0,5,6,6,2,1.0,74,68,0.9189,7,18,0.4,0.6,9,7,5,2,3,0,1.5,1.0,3,2,0,0,0.0,0.0,1.5,2.5,0.0,2,1673.62,1488.0,185.62,2,49,51,1.0408,636,508,0.7987,9,Friday,0.1181,1,0,0,0,0,0
2024-09-20_Al-Nassr_Al-Ettifaq_1239,2024-09-20,2024/25,Al-Nassr,Al-Ettifaq,Pro League,domestic_league,A,0,0.78,39.623,14472,1238,901,253,99,0.7278,7,1,2,5,2,4,6,16,1,2,0.8,0.6,0.8,0.8,0.6,0.0,0.6334,0.1477,0,1,12,7,6,2,0.8571,75,68,0.9067,8,16,0.4,0.8,9,7,5,4,1,1,0.25,0.25,1,3,1,0,0.25,0.25,0.5,1.5,0.0,4,1668.73,1480.81,187.92,4,50,51,1.02,572,379,0.6626,9,Friday,0.1374,1,0,0,1,0,1
2024-09-27_Al-Nassr_Al_Wehda_Club_1240,2024-09-27,2024/25,Al-Nassr,Al Wehda Club,Pro League,domestic_league,H,0,0.78,39.6422,14479,1239,902,253,98,0.728,7,1,2,4,2,4,7,15,1,2,0.8,0.7,0.75,0.8,0.7,0.0,0.7433,0.1034,1,0,7,8,7,2,0.875,76,69,0.9079,8,16,0.4,0.8,10,7,5,4,8,0,2.0,0.75,4,3,0,1,0.75,0.25,0.5,3.25,0.25,4,1673.8,1490.82,182.98,4,51,52,1.0196,637,508,0.7975,9,Friday,0.1566,1,0,0,1,0,1
2024-09-30_Al-Nassr_Al-Rayyan_SC_1241,2024-09-30,2024/25,Al-Nassr,Al-Rayyan SC,AFC Champions League Elite,continental_club,H,0,0.84,39.6504,14482,1240,903,253,97,0.7282,3,1,2,5,2,4,8,13,0,2,0.8,0.8,0.65,0.8,0.8,0.0,0.8203,0.0724,2,0,3,9,8,2,0.8889,77,70,0.9091,11,18,0.6,1.0,11,3,5,0,0,0,,,0,0,0,0,,,,,,0,1678.97,1500.0,178.97,0,0,0,,638,509,0.7978,9,Monday,0.1648,1,0,0,1,0,1
2024-10-05_Al-Nassr_Al_Orubah_1242,2024-10-05,2024/25,Al-Nassr,Al Orubah,Pro League,domestic_league,H,0,0.78,39.6641,14487,1241,904,253,96,0.7284,5,1,2,6,3,4,9,13,0,2,0.8,0.9,0.65,0.8,0.9,0.0,0.8742,0.0507,3,0,5,10,9,2,0.9,78,71,0.9103,13,20,0.8,1.0,12,3,5,0,0,0,,,0,0,0,0,,,,,,0,1684.23,1500.0,184.23,0,52,53,1.0192,639,510,0.7981,10,Saturday,0.1786,1,0,0,1,0,1
2024-10-12_Portugal_Poland_1243,2024-10-12,2024/25,Portugal,Poland,UEFA Nations League,international,A,1,0.82,39.6832,14494,1242,905,254,95,0.7287,7,1,2,5,3,4,9,14,1,2,0.8,0.9,0.7,0.8,0.9,0.0,0.912,0.3355,4,0,7,11,10,3,0.9091,230,141,0.613,9,21,0.6,0.6,4,4,5,4,1,0,0.25,0.25,1,1,2,1,1.25,0.75,2.0,2.0,0.0,1,1692.31,1513.24,179.07,4,13,9,0.6923,573,380,0.6632,10,Saturday,0.1978,1,0,0,1,0,1
2024-10-15_Portugal_Scotland_1244,2024-10-15,2024/25,Portugal,Scotland,UEFA Nations League,international,A,1,0.82,39.6914,14497,1243,906,254,94,0.7289,3,1,2,5,3,5,9,15,1,2,1.0,0.9,0.75,1.0,0.9,0.0,0.9384,0.2348,5,0,3,12,11,3,0.9167,231,142,0.6147,12,21,0.8,0.8,7,3,5,1,1,0,1.0,1.0,1,1,0,0,0.0,0.0,1.0,2.0,0.0,1,1697.57,1494.92,202.65,1,14,10,0.7143,574,381,0.6638,10,Tuesday,0.206,0,0,0,0,0,0
2024-10-18_Al-Nassr_Al_Shabab_1245,2024-10-18,2024/25,Al-Nassr,Al Shabab,Pro League,domestic_league,A,0,0.78,39.6997,14500,1244,906,254,94,0.7283,3,2,3,6,2,4,8,13,1,2,0.8,0.8,0.65,0.8,0.8,0.0,0.6569,0.1644,0,1,6,13,11,3,0.8462,79,72,0.9114,13,20,0.8,1.0,11,2,5,5,5,1,1.0,0.8,4,4,1,0,0.2,0.2,1.2,3.0,0.2,5,1689.37,1475.82,213.56,5,53,54,1.0189,575,381,0.6626,10,Friday,0.2143,0,0,0,1,0,1
2024-10-22_Al-Nassr_Esteghlal_FC_1246,2024-10-22,2024/25,Al-Nassr,Esteghlal FC,AFC Champions League Elite,continental_club,A,0,0.84,39.7106,14504,1245,907,254,93,0.7285,4,2,3,6,2,4,8,14,1,1,0.8,0.8,0.7,0.8,0.8,0.0,0.7598,0.1151,1,0,4,14,12,3,0.8571,80,73,0.9125,15,23,1.0,1.0,12,2,5,0,0,0,,,0,0,0,0,,,,,,0,1693.9,1500.0,193.9,0,1,1,1.0,576,382,0.6632,10,Tuesday,0.2253,0,0,0,0,0,0
2024-10-29_Al-Nassr_Al_Taawon_1247,2024-10-29,2024/25,Al-Nassr,Al Taawon,King's Cup,domestic_or_other_cup,H,0,0.72,39.7298,14511,1246,907,254,93,0.7279,7,1,3,6,1,3,7,12,1,1,0.6,0.7,0.6,0.6,0.7,0.0,0.5319,0.0805,0,1,11,15,12,3,0.8,81,73,0.9012,15,23,1.0,1.0,10,2,5,4,2,3,0.5,0.5,2,3,0,1,0.75,0.25,1.0,2.0,0.25,4,1698.84,1492.33,206.5,4,6,3,0.5,640,511,0.7984,10,Tuesday,0.2445,0,0,0,0,0,0
2024-11-01_Al-Nassr_Al-Hilal_1248,2024-11-01,2024/25,Al-Nassr,Al-Hilal,Pro League,domestic_league,H,0,0.78,39.738,14514,1247,907,254,93,0.7273,3,1,3,6,1,2,6,12,0,1,0.4,0.6,0.6,0.4,0.6,0.0,0.3723,0.0564,0,2,14,16,12,3,0.75,82,73,0.8902,12,23,0.8,0.8,8,3,5,7,3,1,0.4286,0.2857,1,1,1,5,2.2857,0.8571,2.0,0.8571,0.2857,7,1683.51,1564.89,118.62,7,54,55,1.0185,641,511,0.7972,11,Friday,0.2527,0,0,0,0,0,0
2024-11-05_Al-Nassr_Al_Ain_1249,2024-11-05,2024/25,Al-Nassr,Al Ain,AFC Champions League Elite,continental_club,H,0,0.84,39.7489,14518,1248,907,254,93,0.7268,4,2,3,6,0,1,6,12,0,1,0.2,0.6,0.6,0.2,0.6,0.0,0.2606,0.0395,0,3,18,17,12,3,0.7059,83,73,0.8795,10,23,0.6,0.8,7,3,5,2,1,0,0.5,0.5,1,1,0,1,1.5,0.5,2.0,2.0,0.5,2,1680.22,1509.37,170.84,2,2,1,0.5,642,511,0.796,11,Tuesday,0.2637,0,0,0,1,0,1
2024-11-08_Al-Nassr_Al_Riyadh_1250,2024-11-08,2024/25,Al-Nassr,Al Riyadh,Pro League,domestic_league,A,0,0.78,39.7571,14521,1249,908,254,92,0.727,3,2,3,7,1,2,6,13,0,1,0.4,0.6,0.65,0.4,0.6,0.0,0.4824,0.0276,1,0,3,18,13,3,0.7222,84,74,0.881,10,23,0.6,0.8,9,4,5,2,1,1,0.5,0.5,1,1,1,0,0.5,0.5,1.5,3.0,0.0,2,1685.66,1499.37,186.3,2,55,55,1.0,577,382,0.662,11,Friday,0.272,0,0,0,0,0,0
2024-11-15_Portugal_Poland_1251,2024-11-15,2024/25,Portugal,Poland,UEFA Nations League,international,H,1,0.82,39.7763,14528,1250,908,254,92,0.7264,7,1,3,6,1,1,5,13,0,1,0.2,0.5,0.65,0.2,0.5,0.0,0.3377,0.0193,0,1,10,19,13,3,0.6842,232,142,0.6121,10,22,0.6,0.8,7,3,5,5,2,0,0.4,0.4,1,2,2,1,1.0,0.6,1.5,2.5,0.0,2,1692.32,1507.98,184.34,5,15,10,0.6667,643,512,0.7963,11,Friday,0.2912,0,0,0,1,1,2
2024-11-22_Al-Nassr_Al-Qadisiyah_FC_1252,2024-11-22,2024/25,Al-Nassr,Al-Qadisiyah FC,Pro League,domestic_league,H,0,0.78,39.7955,14535,1251,910,255,90,0.7274,7,1,2,5,3,3,6,15,1,2,0.6,0.6,0.75,0.4,0.5,0.1,0.8364,0.3135,1,0,7,20,15,4,0.75,85,74,0.8706,10,25,0.6,0.8,8,3,5,0,0,0,,,0,0,0,0,,,,,,0,1690.76,1500.0,190.76,0,56,55,0.9821,644,514,0.7981,11,Friday,0.3104,0,0,0,1,0,1
2024-11-25_Al-Nassr_Al-Gharafa_1253,2024-11-25,2024/25,Al-Nassr,Al-Gharafa,AFC Champions League Elite,continental_club,A,0,0.84,39.8037,14538,1252,911,255,89,0.7276,3,1,2,6,3,4,6,15,1,1,0.8,0.6,0.75,0.6,0.5,0.1,0.8855,0.2195,2,0,3,21,16,4,0.7619,86,75,0.8721,7,22,0.4,0.6,8,5,5,0,0,0,,,0,0,0,0,,,,,,0,1675.76,1500.0,175.76,0,3,2,0.6667,578,382,0.6609,11,Monday,0.3187,0,0,0,1,1,2
2024-11-29_Al-Nassr_Damac_1254,2024-11-29,2024/25,Al-Nassr,Damac,Pro League,domestic_league,H,0,0.78,39.8146,14542,1253,913,255,87,0.7287,4,2,3,6,5,6,7,16,1,1,1.2,0.7,0.8,0.8,0.5,0.2,1.2198,0.1536,3,0,4,22,18,4,0.8182,87,77,0.8851,10,22,0.6,0.8,11,5,5,2,1,0,0.5,0.5,1,2,0,0,0.0,0.0,0.5,1.5,0.0,2,1681.1,1488.71,192.38,2,57,56,0.9825,645,515,0.7984,11,Friday,0.3297,0,0,0,1,1,2
2024-12-06_Al-Nassr_Al-Ittihad_FC_1255,2024-12-06,2024/25,Al-Nassr,Al-Ittihad FC,Pro League,domestic_league,A,0,0.78,39.8338,14549,1254,915,255,85,0.7297,7,1,3,5,5,7,9,17,1,1,1.4,0.9,0.85,0.8,0.6,0.3,1.4539,0.1075,4,0,7,23,20,4,0.8696,88,79,0.8977,12,22,0.8,0.8,12,4,5,4,4,0,1.0,0.5,4,2,0,2,1.5,0.5,2.0,2.5,0.25,4,1686.06,1509.77,176.29,4,58,58,1.0,579,384,0.6632,12,Friday,0.3489,0,0,1,1,0,1
2025-01-09_Al-Nassr_Al_Okhdood_1256,2025-01-09,2024/25,Al-Nassr,Al Okhdood,Pro League,domestic_league,H,0,0.78,39.9269,14583,1255,916,255,84,0.7299,34,0,0,0,5,8,9,17,1,1,1.6,0.9,0.85,1.0,0.6,0.3,1.3177,0.0753,5,0,34,24,21,4,0.875,89,80,0.8989,9,19,0.6,0.6,8,5,5,2,3,0,1.5,1.0,3,2,0,0,0.0,0.0,1.0,3.0,0.0,2,1671.38,1489.67,181.71,2,59,59,1.0,646,517,0.8003,1,Thursday,0.4423,0,0,1,1,0,1
2025-01-17_Al-Nassr_Al_Taawon_1257,2025-01-17,2024/25,Al-Nassr,Al Taawon,Pro League,domestic_league,A,0,0.78,39.9488,14591,1256,917,255,83,0.7301,8,0,1,1,4,7,10,17,0,1,1.4,1.0,0.85,1.0,0.7,0.3,1.2224,0.0527,6,0,8,25,22,4,0.88,90,81,0.9,9,19,0.6,0.6,10,6,5,5,2,3,0.4,0.4,2,3,0,2,1.2,0.4,1.0,1.6,0.4,5,1676.58,1507.66,168.92,5,60,60,1.0,580,385,0.6638,1,Friday,0.4643,0,0,1,0,0,0
2025-01-21_Al-Nassr_Al_Khaleej_Saihat_1258,2025-01-21,2024/25,Al-Nassr,Al Khaleej Saihat,Pro League,domestic_league,A,0,0.78,39.9598,14595,1257,917,255,83,0.7295,4,1,2,2,2,6,10,16,0,1,1.2,1.0,0.8,0.8,0.7,0.3,0.8557,0.0369,0,1,12,26,22,4,0.8462,91,81,0.8901,10,17,0.6,0.8,10,5,5,4,3,1,0.75,0.5,3,3,1,0,0.25,0.25,0.5,1.75,0.0,4,1672.07,1485.24,186.83,4,61,60,0.9836,581,385,0.6627,1,Tuesday,0.4753,0,0,1,1,1,2
2025-01-26_Al-Nassr_Al-Fateh_1259,2025-01-26,2024/25,Al-Nassr,Al-Fateh,Pro League,domestic_league,H,0,0.78,39.9734,14600,1258,919,255,81,0.7305,5,1,2,3,3,6,12,18,0,1,1.2,1.2,0.9,0.8,0.8,0.4,1.199,0.0258,1,0,5,27,24,4,0.8889,92,83,0.9022,10,20,0.6,0.8,10,5,5,3,5,1,1.6667,1.0,5,2,1,0,0.3333,0.3333,1.0,3.0,0.0,3,1677.16,1487.27,189.89,3,62,62,1.0,647,518,0.8006,1,Sunday,0.489,0,0,1,1,0,1
2025-01-30_Al-Nassr_Al-Raed_1260,2025-01-30,2024/25,Al-Nassr,Al-Raed,Pro League,domestic_league,A,0,0.78,39.9844,14604,1259,920,255,80,0.7307,4,1,3,4,3,5,12,18,0,1,1.0,1.2,0.9,0.8,0.8,0.4,1.1393,0.0181,2,0,4,28,25,4,0.8929,93,84,0.9032,10,22,0.6,0.8,11,6,5,4,3,0,0.75,0.75,2,2,1,1,1.0,0.5,1.25,2.25,0.0,4,1682.18,1503.75,178.43,4,63,63,1.0,582,387,0.6649,1,Thursday,0.5,0,0,1,1,0,1
2025-02-03_Al-Nassr_Al-Wasl_FC_1261,2025-02-03,2024/25,Al-Nassr,Al-Wasl FC,AFC Champions League Elite,continental_club,H,0,0.84,39.9953,14608,1260,921,256,79,0.731,4,1,3,5,4,5,13,18,1,2,1.0,1.3,0.9,0.8,0.9,0.4,1.0975,0.3127,3,0,4,29,26,5,0.8966,94,85,0.9043,13,22,0.8,1.0,12,5,5,0,0,0,,,0,0,0,0,,,,,,0,1687.45,1500.0,187.45,0,4,4,1.0,648,519,0.8009,2,Monday,0.511,0,0,0,1,1,2
2025-02-07_Al-Nassr_Al-Fayha_1262,2025-02-07,2024/25,Al-Nassr,Al-Fayha,Pro League,domestic_league,H,0,0.78,40.0063,14612,1261,923,256,77,0.732,4,1,3,6,4,6,13,19,1,1,1.2,1.3,0.95,0.8,0.9,0.4,1.3682,0.2189,4,0,4,30,28,5,0.9333,95,87,0.9158,13,22,0.8,1.0,13,4,5,5,3,2,0.6,0.6,3,4,1,0,0.2,0.2,0.4,2.0,0.2,5,1692.53,1480.32,212.21,5,64,64,1.0,649,521,0.8028,2,Friday,0.522,0,0,0,1,0,1
2025-02-13_Al-Nassr_Al-Ahli_Jeddah_1263,2025-02-13,2024/25,Al-Nassr,Al-Ahli Jeddah,Pro League,domestic_league,A,0,0.78,40.0227,14618,1262,924,256,76,0.7322,6,1,3,6,4,7,13,19,1,1,1.4,1.3,0.95,1.0,0.9,0.4,1.2578,0.1532,5,0,6,31,29,5,0.9355,96,88,0.9167,15,25,1.0,1.0,15,3,5,3,3,0,1.0,0.6667,3,2,1,0,0.3333,0.3333,1.3333,2.0,0.0,3,1697.08,1492.89,204.19,3,65,65,1.0,583,388,0.6655,2,Thursday,0.5385,0,0,0,0,0,0
2025-02-21_Al-Nassr_Al-Ettifaq_1264,2025-02-21,2024/25,Al-Nassr,Al-Ettifaq,Pro League,domestic_league,H,0,0.78,40.0446,14626,1263,924,256,76,0.7316,8,0,2,5,3,5,11,18,1,1,1.0,1.1,0.9,0.8,0.8,0.3,0.8804,0.1072,0,1,14,32,29,5,0.9062,97,88,0.9072,15,25,1.0,1.0,15,4,5,5,2,1,0.4,0.4,2,4,1,0,0.2,0.2,0.4,1.8,0.0,5,1701.8,1475.75,226.05,5,66,65,0.9848,650,522,0.8031,2,Friday,0.5604,0,0,0,0,0,0
2025-02-25_Al-Nassr_Al_Wehda_Club_1265,2025-02-25,2024/25,Al-Nassr,Al Wehda Club,Pro League,domestic_league,A,0,0.78,40.0556,14630,1264,924,256,76,0.731,4,1,2,6,1,4,9,18,1,1,0.8,0.9,0.9,0.6,0.7,0.2,0.6163,0.0751,0,2,18,33,29,5,0.8788,98,88,0.898,12,22,0.8,0.8,14,6,5,5,9,0,1.8,0.8,5,4,0,1,0.6,0.2,0.4,3.0,0.2,5,1686.08,1485.65,200.43,5,67,65,0.9701,584,388,0.6644,2,Tuesday,0.5714,0,0,0,1,0,1
2025-02-28_Al-Nassr_Al_Orubah_1266,2025-02-28,2024/25,Al-Nassr,Al Orubah,Pro League,domestic_league,A,0,0.78,40.0638,14633,1265,925,256,75,0.7312,3,2,2,6,1,4,9,18,0,1,0.8,0.9,0.9,0.6,0.7,0.2,0.7314,0.0525,1,0,3,34,30,5,0.8824,99,89,0.899,12,25,0.8,0.8,14,5,5,1,1,1,1.0,1.0,1,1,0,0,0.0,0.0,0.0,3.0,0.0,1,1690.87,1494.86,196.02,1,68,66,0.9706,585,389,0.665,2,Friday,0.5797,0,0,0,0,0,0
2025-03-07_Al-Nassr_Al_Shabab_1267,2025-03-07,2024/25,Al-Nassr,Al Shabab,Pro League,domestic_league,H,0,0.78,40.083,14640,1266,925,256,75,0.7306,7,1,3,5,1,2,8,18,0,1,0.4,0.8,0.9,0.4,0.6,0.2,0.512,0.0368,0,1,10,35,30,5,0.8571,100,89,0.89,9,22,0.6,0.6,11,7,5,6,6,1,1.0,0.8333,3,5,1,0,0.1667,0.1667,1.1667,2.8333,0.1667,6,1675.76,1471.29,204.47,6,69,66,0.9565,651,522,0.8018,3,Friday,0.5989,0,0,0,1,0,1
2025-03-10_Al-Nassr_Esteghlal_FC_1268,2025-03-10,2024/25,Al-Nassr,Esteghlal FC,AFC Champions League Elite,continental_club,H,0,0.84,40.0912,14643,1267,926,256,74,0.7309,3,1,3,5,2,2,9,19,0,1,0.4,0.9,0.95,0.4,0.7,0.2,0.6584,0.0257,1,0,3,36,31,5,0.8611,101,90,0.8911,7,22,0.4,0.6,10,9,5,1,0,0,0.0,0.0,0,1,0,0,0.0,0.0,0.0,1.0,0.0,1,1670.47,1495.07,175.41,1,5,6,1.2,652,523,0.8021,3,Monday,0.6071,0,0,0,1,0,1
2025-03-14_Al-Nassr_Al_Kholood_1269,2025-03-14,2024/25,Al-Nassr,Al Kholood,Pro League,domestic_league,H,0,0.78,40.1021,14647,1268,927,256,73,0.7311,4,2,3,6,2,3,8,20,0,1,0.6,0.8,1.0,0.6,0.7,0.1,0.7609,0.018,2,0,4,37,32,5,0.8649,102,91,0.8922,7,22,0.4,0.6,10,7,5,0,0,0,,,0,0,0,0,,,,,,0,1675.81,1500.0,175.81,0,70,67,0.9571,653,524,0.8025,3,Friday,0.6181,0,0,0,1,0,1
2025-03-20_Portugal_Denmark_1270,2025-03-20,2024/25,Portugal,Denmark,UEFA Nations League,international,A,1,0.82,40.1186,14653,1269,928,256,72,0.7313,6,1,3,6,3,4,8,20,0,1,0.8,0.8,1.0,0.8,0.7,0.1,0.8326,0.0126,3,0,6,38,33,5,0.8684,233,144,0.618,13,22,0.8,1.0,12,4,5,7,3,2,0.4286,0.4286,1,4,1,2,1.0,0.4286,2.0,3.0,0.0,1,1697.46,1503.59,193.87,7,16,12,0.75,586,389,0.6638,3,Thursday,0.6346,0,0,0,0,0,0
2025-03-23_Portugal_Denmark_1271,2025-03-23,2024/25,Portugal,Denmark,UEFA Nations League,international,H,1,0.82,40.1268,14656,1270,928,256,72,0.7307,3,1,3,7,2,3,7,20,0,0,0.6,0.7,1.0,0.6,0.6,0.1,0.5828,0.0088,0,1,9,39,33,5,0.8462,234,144,0.6154,10,19,0.6,0.8,10,4,5,8,3,2,0.375,0.375,1,4,1,3,1.25,0.5,1.5,1.5,0.5,2,1682.4,1518.65,163.74,8,17,12,0.7059,654,525,0.8028,3,Sunday,0.6429,0,0,0,1,0,1
2025-04-04_Al-Nassr_Al-Hilal_1272,2025-04-04,2024/25,Al-Nassr,Al-Hilal,Pro League,domestic_league,A,0,0.78,40.1596,14668,1271,929,256,71,0.7309,12,0,1,5,2,4,6,19,0,0,0.8,0.6,0.95,0.8,0.6,0.0,0.708,0.0062,1,0,12,40,34,5,0.85,103,92,0.8932,10,22,0.6,0.8,11,5,5,8,3,1,0.375,0.25,1,1,2,5,2.125,0.875,1.875,0.875,0.25,8,1681.14,1568.18,112.97,8,71,68,0.9577,587,389,0.6627,4,Friday,0.6758,0,0,0,1,1,2
2025-04-12_Al-Nassr_Al_Riyadh_1273,2025-04-12,2024/25,Al-Nassr,Al Riyadh,Pro League,domestic_league,H,0,0.78,40.1815,14676,1272,931,256,69,0.7319,8,0,1,4,3,5,7,20,0,0,1.0,0.7,1.0,0.8,0.6,0.1,1.0956,0.0043,2,0,8,41,36,5,0.878,104,94,0.9038,10,22,0.6,0.8,12,6,5,3,1,1,0.3333,0.3333,1,2,1,0,0.3333,0.3333,1.0,2.3333,0.0,3,1688.0,1494.27,193.74,3,72,70,0.9722,655,526,0.8031,4,Saturday,0.6978,0,0,0,1,1,2
2025-04-18_Al-Nassr_Al-Qadisiyah_FC_1274,2025-04-18,2024/25,Al-Nassr,Al-Qadisiyah FC,Pro League,domestic_league,A,0,0.78,40.198,14682,1273,933,256,67,0.7329,6,1,2,4,5,6,9,20,0,0,1.2,0.9,1.0,0.8,0.7,0.2,1.3669,0.003,3,0,6,42,38,5,0.9048,105,96,0.9143,13,22,0.8,1.0,13,5,5,1,1,0,1.0,1.0,1,0,0,1,3.0,1.0,2.0,1.0,0.0,1,1692.94,1515.0,177.94,1,73,72,0.9863,588,391,0.665,4,Friday,0.7143,0,0,0,0,0,0
2025-04-26_Al-Nassr_Yokohama_F._Marinos_1275,2025-04-26,2024/25,Al-Nassr,Yokohama F. Marinos,AFC Champions League Elite,continental_club,A,0,0.84,40.2199,14690,1274,933,256,67,0.7323,8,0,2,3,4,5,9,18,0,0,1.0,0.9,0.9,0.6,0.7,0.2,0.9568,0.0021,0,1,14,43,38,5,0.8837,106,96,0.9057,12,19,0.8,0.8,12,5,5,0,0,0,,,0,0,0,0,,,,,,0,1678.23,1500.0,178.23,0,6,7,1.1667,589,391,0.6638,4,Saturday,0.7363,0,0,0,1,0,1
2025-04-30_Al-Nassr_Kawasaki_Frontale_1276,2025-04-30,2024/25,Al-Nassr,Kawasaki Frontale,AFC Champions League Elite,continental_club,H,0,0.84,40.2308,14694,1275,934,256,66,0.7325,4,1,2,4,3,6,9,18,0,0,1.2,0.9,0.9,0.8,0.7,0.2,0.9698,0.0015,1,0,4,44,39,5,0.8864,107,97,0.9065,12,19,0.8,0.8,13,6,5,0,0,0,,,0,0,0,0,,,,,,0,1683.5,1500.0,183.5,0,7,8,1.1429,656,528,0.8049,4,Wednesday,0.7473,0,0,0,0,0,0
2025-05-07_Al-Nassr_Al-Ittihad_FC_1277,2025-05-07,2024/25,Al-Nassr,Al-Ittihad FC,Pro League,domestic_league,H,0,0.78,40.25,14701,1276,934,256,66,0.732,7,1,2,4,1,5,9,17,0,0,1.0,0.9,0.85,0.6,0.7,0.2,0.6789,0.001,0,1,11,45,39,5,0.8667,108,97,0.8981,9,19,0.6,0.6,12,8,5,5,5,0,1.0,0.6,5,2,0,3,1.8,0.6,2.0,2.2,0.2,5,1668.66,1524.45,144.21,5,74,72,0.973,657,528,0.8037,5,Wednesday,0.7665,0,0,0,0,0,0
2025-05-21_Al-Nassr_Al_Khaleej_Saihat_1278,2025-05-21,2024/25,Al-Nassr,Al Khaleej Saihat,Pro League,domestic_league,H,0,0.78,40.2883,14715,1277,934,256,66,0.7314,14,0,1,3,1,3,8,17,0,0,0.6,0.8,0.85,0.4,0.6,0.2,0.4752,0.0007,0,2,25,46,39,5,0.8478,109,97,0.8899,6,16,0.4,0.4,11,10,5,5,5,1,1.0,0.6,4,4,1,0,0.2,0.2,0.6,2.0,0.0,5,1654.74,1480.16,174.58,5,75,72,0.96,658,528,0.8024,5,Wednesday,0.8049,0,1,0,1,0,1
2025-05-26_Al-Nassr_Al-Fateh_1279,2025-05-26,2024/25,Al-Nassr,Al-Fateh,Pro League,domestic_league,A,0,0.78,40.302,14720,1278,935,256,65,0.7316,5,1,1,4,1,2,8,16,0,0,0.4,0.8,0.8,0.4,0.6,0.2,0.6326,0.0005,1,0,5,47,40,5,0.8511,110,98,0.8909,6,19,0.4,0.4,11,9,5,4,6,1,1.5,1.0,5,3,1,0,0.25,0.25,1.0,3.0,0.0,4,1660.09,1482.25,177.85,4,76,73,0.9605,590,392,0.6644,5,Monday,0.8187,0,1,0,1,0,1
2025-06-04_Portugal_Germany_1280,2025-06-04,2024/25,Portugal,Germany,UEFA Nations League,international,A,1,0.82,40.3266,14729,1279,936,256,64,0.7318,9,0,2,3,2,3,8,16,0,0,0.6,0.8,0.8,0.6,0.6,0.2,0.7428,0.0004,2,0,9,48,41,5,0.8542,235,145,0.617,10,19,0.6,0.8,13,5,5,5,1,1,0.2,0.2,1,0,0,5,3.0,1.0,3.0,1.0,0.5,4,1688.0,1566.59,121.41,5,18,13,0.7222,591,393,0.665,6,Wednesday,0.8434,0,1,0,1,0,1
2025-06-08_Portugal_Spain_1281,2025-06-08,2024/25,Portugal,Spain,UEFA Nations League,international,H,1,0.82,40.3376,14733,1280,937,256,63,0.732,4,1,2,3,3,3,9,16,0,0,0.6,0.9,0.8,0.6,0.7,0.2,0.82,0.0002,3,0,4,49,42,5,0.8571,236,146,0.6186,10,22,0.6,0.8,12,5,5,9,3,0,0.3333,0.1111,0,2,4,3,1.4444,0.7778,0.8571,0.5714,0.7143,7,1694.64,1544.44,150.21,9,19,14,0.7368,659,529,0.8027,6,Sunday,0.8544,0,1,0,1,0,1
2025-08-19_Al-Nassr_Al-Ittihad_FC_1282,2025-08-19,2025/26,Al-Nassr,Al-Ittihad FC,Saudi Super Cup,domestic_or_other_cup,N,0,0.82,40.5347,14805,1281,938,256,62,0.7322,72,0,0,0,3,4,9,15,0,0,0.8,0.9,0.75,0.8,0.7,0.2,0.874,0.0002,4,0,72,0,0,0,,111,99,0.8919,6,18,0.4,0.4,12,10,5,6,5,0,0.8333,0.5,3,2,0,4,2.0,0.6667,2.1667,2.1667,0.1667,6,1645.38,1538.38,107.0,6,4,2,0.5,29,14,0.4828,8,Tuesday,0.0495,1,0,0,0,0,0
2025-08-23_Al-Nassr_Al-Ahli_Jeddah_1283,2025-08-23,2025/26,Al-Nassr,Al-Ahli Jeddah,Saudi Super Cup,domestic_or_other_cup,N,0,0.82,40.5457,14809,1282,938,257,62,0.7317,4,1,1,1,2,4,7,14,1,1,0.8,0.7,0.7,0.8,0.6,0.1,0.6118,0.3001,0,1,76,1,0,1,0.0,112,99,0.8839,6,18,0.4,0.4,10,10,5,4,3,0,0.75,0.5,1,3,1,0,0.25,0.25,1.5,2.25,0.0,4,1652.39,1488.17,164.22,4,5,2,0.4,30,14,0.4667,8,Saturday,0.0604,1,0,0,1,0,1
2025-08-29_Al-Nassr_Al_Taawon_1284,2025-08-29,2025/26,Al-Nassr,Al Taawon,Pro League,domestic_league,A,0,0.78,40.5621,14815,1283,939,257,61,0.7319,6,1,2,2,2,4,6,15,1,1,0.8,0.6,0.75,0.8,0.6,0.0,0.7283,0.2101,1,0,6,2,1,1,0.5,113,100,0.885,6,15,0.4,0.4,10,9,5,6,2,3,0.3333,0.3333,1,3,1,2,1.1667,0.5,1.0,1.5,0.3333,6,1637.99,1512.17,125.82,6,77,74,0.961,592,394,0.6655,8,Friday,0.0769,1,0,0,1,0,1
2025-09-06_Portugal_Armenia_1285,2025-09-06,2025/26,Portugal,Armenia,World Cup - Qualification Europe,international,A,1,0.76,40.584,14823,1284,940,257,60,0.7321,8,0,2,3,2,4,7,16,1,1,0.8,0.7,0.8,0.8,0.7,0.0,0.8098,0.1471,2,0,8,3,2,1,0.6667,237,147,0.6203,12,22,0.8,0.8,14,7,5,4,5,0,1.25,0.75,4,3,1,0,0.25,0.25,,,,0,1700.57,1484.64,215.93,4,47,36,0.766,593,395,0.6661,9,Saturday,0.0989,1,0,0,1,1,2
2025-09-09_Portugal_Hungary_1286,2025-09-09,2025/26,Portugal,Hungary,World Cup - Qualification Europe,international,A,1,0.76,40.5922,14826,1285,942,257,58,0.7331,3,1,2,4,4,5,8,17,1,1,1.0,0.8,0.85,0.8,0.7,0.1,1.1668,0.1029,3,0,3,4,4,1,1.0,238,149,0.6261,12,25,0.8,0.8,14,6,5,6,6,2,1.0,0.5,4,5,1,0,0.1667,0.1667,0.75,2.5,0.0,4,1705.05,1477.48,227.57,6,48,38,0.7917,594,397,0.6684,9,Tuesday,0.1071,1,0,0,1,0,1
2025-09-14_Al-Nassr_Al_Kholood_1287,2025-09-14,2025/26,Al-Nassr,Al Kholood,Pro League,domestic_league,H,0,0.78,40.6059,14831,1286,943,257,57,0.7333,5,1,2,5,4,5,9,18,1,1,1.0,0.9,0.9,0.8,0.8,0.1,1.1168,0.0721,4,0,5,5,5,1,1.0,114,101,0.886,9,15,0.6,0.6,13,6,5,1,1,0,1.0,1.0,1,1,0,0,0.0,0.0,1.0,3.0,0.0,1,1644.52,1494.67,149.85,1,78,75,0.9615,660,530,0.803,9,Sunday,0.1209,1,0,0,0,0,0
2025-09-20_Al-Nassr_Al_Riyadh_1288,2025-09-20,2025/26,Al-Nassr,Al Riyadh,Pro League,domestic_league,H,0,0.78,40.6223,14837,1287,943,257,57,0.7327,6,1,3,5,3,5,9,17,0,1,1.0,0.9,0.85,0.8,0.8,0.1,0.7818,0.0504,0,1,11,6,5,1,0.8333,115,101,0.8783,9,15,0.6,0.6,13,6,5,4,3,1,0.75,0.5,2,3,1,0,0.25,0.25,1.0,2.25,0.0,4,1650.46,1489.33,161.13,4,79,75,0.9494,661,530,0.8018,9,Saturday,0.1374,1,0,0,1,1,2
2025-09-26_Al-Nassr_Al-Ittihad_FC_1289,2025-09-26,2025/26,Al-Nassr,Al-Ittihad FC,Pro League,domestic_league,A,0,0.78,40.6388,14843,1288,945,257,55,0.7337,6,1,2,5,3,6,10,18,0,1,1.2,1.0,0.9,0.8,0.8,0.2,1.1472,0.0353,1,0,6,7,7,1,1.0,116,103,0.8879,12,18,0.8,0.8,16,4,5,7,5,1,0.7143,0.4286,1,3,0,4,1.7143,0.5714,2.0,2.1429,0.1429,7,1656.12,1531.37,124.76,7,80,77,0.9625,595,398,0.6689,9,Friday,0.1538,1,0,0,1,0,1
2025-10-11_Portugal_Rep._Of_Ireland_1290,2025-10-11,2025/26,Portugal,Rep. Of Ireland,World Cup - Qualification Europe,international,H,1,0.76,40.6798,14858,1289,946,257,54,0.7339,15,0,0,3,3,6,10,18,0,1,1.2,1.0,0.9,0.8,0.8,0.2,1.1031,0.0247,2,0,15,8,8,1,1.0,239,150,0.6276,15,25,1.0,1.0,17,7,5,3,4,0,1.3333,0.6667,4,2,1,0,0.3333,0.3333,0.3333,1.6667,0.3333,3,1709.3,1494.2,215.1,3,49,39,0.7959,662,532,0.8036,10,Saturday,0.1951,1,0,0,0,0,0
2025-10-14_Portugal_Hungary_1291,2025-10-14,2025/26,Portugal,Hungary,World Cup - Qualification Europe,international,H,1,0.76,40.688,14861,1290,946,257,54,0.7333,3,1,1,4,3,4,9,18,0,1,0.8,0.9,0.9,0.6,0.7,0.2,0.7721,0.0173,0,1,18,9,8,1,0.8889,240,150,0.625,15,25,1.0,1.0,13,5,5,7,7,2,1.0,0.5714,3,6,1,0,0.1429,0.1429,1.0,2.6,0.0,5,1713.79,1473.23,240.56,7,50,39,0.78,663,532,0.8024,10,Tuesday,0.2033,0,0,0,1,1,2
2025-10-18_Al-Nassr_Al-Fateh_1292,2025-10-18,2025/26,Al-Nassr,Al-Fateh,Pro League,domestic_league,H,0,0.78,40.699,14865,1291,948,257,52,0.7343,4,2,2,4,3,5,10,19,0,1,1.0,1.0,0.95,0.6,0.7,0.3,1.1405,0.0121,1,0,4,10,10,1,1.0,117,104,0.8889,12,18,0.8,0.8,16,3,5,5,7,1,1.4,1.0,3,3,1,1,0.8,0.4,1.4,2.8,0.0,5,1662.68,1496.96,165.72,5,81,78,0.963,664,534,0.8042,10,Saturday,0.2143,0,0,0,1,0,1
2025-10-25_Al-Nassr_Al-Hazm_1293,2025-10-25,2025/26,Al-Nassr,Al-Hazm,Pro League,domestic_league,A,0,0.78,40.7182,14872,1292,949,258,51,0.7345,7,1,3,4,3,6,11,18,1,1,1.2,1.1,0.9,0.8,0.8,0.3,1.0983,0.3085,2,0,7,11,11,2,1.0,118,105,0.8898,15,21,1.0,1.0,19,2,5,1,1,2,1.0,1.0,1,1,0,0,0.0,0.0,1.0,5.0,0.0,1,1668.24,1492.63,175.62,1,82,79,0.9634,596,399,0.6695,10,Saturday,0.2335,0,0,0,1,0,1
2025-10-28_Al-Nassr_Al-Ittihad_FC_1294,2025-10-28,2025/26,Al-Nassr,Al-Ittihad FC,King's Cup,domestic_or_other_cup,N,0,0.72,40.7264,14875,1293,950,258,50,0.7347,3,1,3,4,4,5,11,17,1,1,1.0,1.1,0.85,0.8,0.8,0.3,1.0688,0.2159,3,0,3,12,12,2,1.0,119,106,0.8908,15,24,1.0,1.0,16,2,5,8,6,1,0.75,0.5,1,4,0,4,1.5,0.5,1.75,2.125,0.125,8,1673.58,1524.81,148.77,8,7,3,0.4286,31,15,0.4839,10,Tuesday,0.2418,0,0,0,0,0,0
2025-11-01_Al-Nassr_Al-Fayha_1295,2025-11-01,2025/26,Al-Nassr,Al-Fayha,Pro League,domestic_league,H,0,0.78,40.7373,14879,1294,950,258,50,0.7342,4,2,3,5,2,4,10,17,1,1,0.8,1.0,0.85,0.6,0.7,0.3,0.7482,0.1512,0,1,7,13,12,2,0.9231,120,106,0.8833,12,21,0.8,0.8,15,4,5,6,4,2,0.6667,0.6667,3,5,1,0,0.1667,0.1667,0.3333,2.1667,0.1667,6,1659.54,1475.76,183.78,6,83,80,0.9639,665,535,0.8045,11,Saturday,0.2527,0,0,0,1,1,2
2025-11-08_Al-Nassr_NEOM_1296,2025-11-08,2025/26,Al-Nassr,NEOM,Pro League,domestic_league,A,0,0.78,40.7565,14886,1295,952,258,48,0.7351,7,1,3,6,3,6,10,18,1,1,1.2,1.0,0.9,0.8,0.7,0.3,1.1237,0.1058,1,0,7,14,14,2,1.0,121,108,0.8926,12,24,0.8,0.8,12,4,5,0,0,0,,,0,0,0,0,,,,,,0,1664.69,1500.0,164.69,0,84,82,0.9762,597,400,0.67,11,Saturday,0.272,0,0,0,1,0,1
2025-11-13_Portugal_Rep._Of_Ireland_1297,2025-11-13,2025/26,Portugal,Rep. Of Ireland,World Cup - Qualification Europe,international,A,1,0.76,40.7702,14891,1296,953,258,47,0.7353,5,1,2,6,3,5,10,19,1,1,1.0,1.0,0.95,0.8,0.7,0.3,1.0866,0.0741,2,0,5,15,15,2,1.0,241,152,0.6307,13,23,0.8,1.0,13,6,5,4,4,0,1.0,0.5,2,3,1,0,0.25,0.25,0.25,1.5,0.25,4,1707.8,1489.71,218.09,4,51,41,0.8039,598,401,0.6706,11,Thursday,0.2857,0,0,0,0,0,0
2025-11-23_Al-Nassr_Al_Khaleej_Saihat_1298,2025-11-23,2025/26,Al-Nassr,Al Khaleej Saihat,Pro League,domestic_league,H,0,0.78,40.7976,14901,1297,953,258,47,0.7348,10,0,1,5,3,4,10,19,0,1,0.8,1.0,0.95,0.6,0.7,0.3,0.7606,0.0518,0,1,15,16,15,2,0.9375,122,109,0.8934,12,24,0.8,0.8,13,5,5,6,6,1,1.0,0.6667,5,5,1,0,0.1667,0.1667,0.5,2.0,0.0,6,1670.28,1474.8,195.48,6,85,83,0.9765,666,537,0.8063,11,Sunday,0.3132,0,0,0,1,0,1
2025-12-24_Al-Nassr_Al_Zawra'a_1299,2025-12-24,2025/26,Al-Nassr,Al Zawra'a,AFC Champions League Two,continental_club,H,0,0.84,40.8824,14932,1298,954,258,46,0.735,31,0,0,0,2,4,9,19,0,1,0.8,0.9,0.95,0.6,0.7,0.2,0.8324,0.0363,1,0,31,17,16,2,0.9412,123,110,0.8943,12,27,0.8,0.8,12,5,5,0,0,0,,,0,0,0,0,,,,,,0,1675.18,1500.0,175.18,0,0,0,,667,538,0.8066,12,Wednesday,0.3984,0,0,1,0,0,0
2025-12-27_Al-Nassr_Al_Okhdood_1300,2025-12-27,2025/26,Al-Nassr,Al Okhdood,Pro League,domestic_league,H,0,0.78,40.8906,14935,1299,954,259,46,0.7344,3,1,1,1,1,4,8,18,1,2,0.8,0.8,0.9,0.6,0.6,0.2,0.5827,0.3254,0,1,34,18,16,3,0.8889,124,110,0.8871,12,27,0.8,0.8,15,6,5,3,4,0,1.3333,1.0,4,3,0,0,0.0,0.0,1.0,3.0,0.0,3,1680.53,1484.47,196.05,3,86,84,0.9767,668,538,0.8054,12,Saturday,0.4066,0,0,1,1,1,2
2025-12-30_Al-Nassr_Al-Ettifaq_1301,2025-12-30,2025/26,Al-Nassr,Al-Ettifaq,Pro League,domestic_league,A,0,0.78,40.8989,14938,1300,956,259,44,0.7354,3,2,2,2,3,4,10,19,1,2,0.8,1.0,0.95,0.6,0.7,0.3,1.0079,0.2278,1,0,3,19,18,3,0.9474,125,112,0.896,15,27,1.0,1.0,17,4,5,6,2,1,0.3333,0.3333,2,4,1,1,0.6667,0.3333,0.8333,1.8333,0.0,6,1685.41,1491.47,193.95,6,87,86,0.9885,599,401,0.6694,12,Tuesday,0.4148,0,0,1,1,0,1
2026-01-02_Al-Nassr_Al-Ahli_Jeddah_1302,2026-01-02,2025/26,Al-Nassr,Al-Ahli Jeddah,Pro League,domestic_league,A,0,0.78,40.9071,14941,1301,957,259,43,0.7356,3,2,3,3,3,4,9,19,1,2,0.8,0.9,0.95,0.6,0.7,0.2,1.0055,0.1594,2,0,3,20,19,3,0.95,126,113,0.8968,13,25,0.8,1.0,17,5,5,5,4,0,0.8,0.6,1,3,1,1,0.8,0.4,1.6,2.2,0.0,5,1680.35,1502.57,177.77,5,88,87,0.9886,600,402,0.67,1,Friday,0.4231,0,0,1,0,0,0
2026-01-08_Al-Nassr_Al-Qadisiyah_FC_1303,2026-01-08,2025/26,Al-Nassr,Al-Qadisiyah FC,Pro League,domestic_league,H,0,0.78,40.9235,14947,1302,957,259,43,0.735,6,1,3,4,3,4,8,19,1,1,0.8,0.8,0.95,0.6,0.6,0.2,0.7039,0.1116,0,1,9,21,19,3,0.9048,127,113,0.8898,10,22,0.6,0.8,16,7,5,2,1,0,0.5,0.5,1,0,0,2,3.0,1.0,2.0,1.0,0.0,2,1665.64,1529.71,135.92,2,89,87,0.9775,669,540,0.8072,1,Thursday,0.4396,0,0,1,1,0,1
2026-01-12_Al-Nassr_Al-Hilal_1304,2026-01-12,2025/26,Al-Nassr,Al-Hilal,Pro League,domestic_league,A,0,0.78,40.9344,14951,1303,958,259,42,0.7352,4,1,3,5,2,4,8,19,1,1,0.8,0.8,0.95,0.6,0.6,0.2,0.7927,0.0781,1,0,4,22,20,3,0.9091,128,114,0.8906,7,19,0.4,0.6,13,8,5,9,5,1,0.5556,0.3333,3,2,2,5,1.8889,0.7778,1.7778,1.1111,0.2222,9,1651.91,1561.32,90.59,9,90,88,0.9778,601,402,0.6689,1,Monday,0.4505,0,0,1,1,0,1
2026-01-17_Al-Nassr_Al_Shabab_1305,2026-01-17,2025/26,Al-Nassr,Al Shabab,Pro League,domestic_league,H,0,0.78,40.9481,14956,1304,959,259,41,0.7354,5,1,2,6,2,5,9,19,0,1,1.0,0.9,0.95,0.8,0.7,0.2,0.8549,0.0547,2,0,5,23,21,3,0.913,129,115,0.8915,4,16,0.2,0.4,9,10,5,7,7,1,1.0,0.8571,3,5,2,0,0.2857,0.2857,1.2857,2.7143,0.1429,7,1639.36,1476.58,162.78,7,91,89,0.978,670,541,0.8075,1,Saturday,0.4643,0,0,1,0,0,0
2026-01-21_Al-Nassr_Damac_1306,2026-01-21,2025/26,Al-Nassr,Damac,Pro League,domestic_league,A,0,0.78,40.9591,14960,1305,959,259,41,0.7349,4,1,3,7,2,3,7,17,0,1,0.6,0.7,0.85,0.6,0.6,0.1,0.5984,0.0383,0,1,9,24,21,3,0.875,130,115,0.8846,4,19,0.2,0.4,9,12,5,3,3,0,1.0,0.6667,3,3,0,0,0.0,0.0,0.3333,1.6667,0.0,3,1644.99,1483.75,161.25,3,92,89,0.9674,602,403,0.6694,1,Wednesday,0.4753,0,0,1,1,0,1
2026-01-26_Al-Nassr_Al_Taawon_1307,2026-01-26,2025/26,Al-Nassr,Al Taawon,Pro League,domestic_league,H,0,0.78,40.9728,14965,1306,960,259,40,0.7351,5,1,3,7,2,3,7,17,0,1,0.6,0.7,0.85,0.6,0.6,0.1,0.7189,0.0268,1,0,5,25,22,3,0.88,131,116,0.8855,6,19,0.4,0.4,9,11,5,7,3,3,0.4286,0.4286,1,4,1,2,1.0,0.4286,0.8571,2.0,0.2857,7,1650.66,1505.65,145.01,7,93,90,0.9677,671,541,0.8063,1,Monday,0.489,0,0,1,0,0,0
2026-01-30_Al-Nassr_Al_Kholood_1308,2026-01-30,2025/26,Al-Nassr,Al Kholood,Pro League,domestic_league,A,0,0.78,40.9837,14969,1307,960,259,40,0.7345,4,1,3,6,1,3,7,17,0,1,0.6,0.7,0.85,0.6,0.6,0.1,0.5032,0.0188,0,1,9,26,22,3,0.8462,132,116,0.8788,9,19,0.6,0.6,8,8,5,2,1,0,0.5,0.5,1,2,0,0,0.0,0.0,0.5,2.5,0.0,2,1656.71,1488.73,167.98,2,94,90,0.9574,603,404,0.67,1,Friday,0.5,0,0,1,1,0,1
2026-02-14_Al-Nassr_Al-Fateh_1309,2026-02-14,2025/26,Al-Nassr,Al-Fateh,Pro League,domestic_league,A,0,0.78,41.0248,14984,1308,961,259,39,0.7347,15,0,0,4,2,3,7,16,0,1,0.6,0.7,0.8,0.6,0.6,0.1,0.6523,0.0131,1,0,15,27,23,3,0.8519,133,117,0.8797,12,19,0.8,0.8,10,6,5,6,8,2,1.3333,1.0,3,4,1,1,0.6667,0.3333,1.3333,3.1667,0.0,6,1662.22,1491.4,170.82,6,95,91,0.9579,604,405,0.6705,2,Saturday,0.5412,0,0,0,1,0,1
2026-02-21_Al-Nassr_Al-Hazm_1310,2026-02-21,2025/26,Al-Nassr,Al-Hazm,Pro League,domestic_league,H,0,0.78,41.044,14991,1309,962,259,38,0.7349,7,1,1,3,2,3,8,16,0,0,0.6,0.8,0.8,0.6,0.7,0.1,0.7566,0.0092,2,0,7,28,24,3,0.8571,134,118,0.8806,15,19,1.0,1.0,11,3,5,2,2,2,1.0,1.0,2,2,0,0,0.0,0.0,0.5,3.5,0.0,2,1667.66,1487.29,180.37,2,96,92,0.9583,672,541,0.8051,2,Saturday,0.5604,0,0,0,1,1,2
2026-02-25_Al-Nassr_Al_Najma_1311,2026-02-25,2025/26,Al-Nassr,Al Najma,Pro League,domestic_league,A,0,0.78,41.0549,14995,1310,964,259,36,0.7359,4,1,2,4,4,5,8,18,0,0,1.0,0.8,0.9,0.8,0.7,0.1,1.1296,0.0064,3,0,4,29,26,3,0.8966,135,120,0.8889,15,19,1.0,1.0,12,1,5,0,0,0,,,0,0,0,0,,,,,,0,1672.89,1500.0,172.89,0,97,94,0.9691,605,406,0.6711,2,Wednesday,0.5714,0,0,0,1,0,1
2026-02-28_Al-Nassr_Al-Fayha_1312,2026-02-28,2025/26,Al-Nassr,Al-Fayha,Pro League,domestic_league,A,0,0.78,41.0631,14998,1311,965,260,35,0.7361,3,2,3,4,4,5,8,17,1,1,1.0,0.8,0.85,0.8,0.7,0.1,1.0907,0.3045,4,0,3,30,27,4,0.9,136,121,0.8897,15,21,1.0,1.0,15,0,5,7,6,2,0.8571,0.7143,4,6,1,0,0.1429,0.1429,0.4286,2.1429,0.1429,7,1678.29,1470.61,207.68,7,98,95,0.9694,606,407,0.6716,2,Saturday,0.5797,0,0,0,0,0,0
2026-04-03_Al-Nassr_Al_Najma_1313,2026-04-03,2025/26,Al-Nassr,Al Najma,Pro League,domestic_league,H,0,0.78,41.1562,15032,1312,965,260,35,0.7355,34,0,0,0,3,5,8,16,1,1,1.0,0.8,0.8,0.8,0.7,0.1,0.7635,0.2132,0,1,37,31,27,4,0.871,137,121,0.8832,15,24,1.0,1.0,17,1,5,1,1,1,1.0,1.0,1,1,0,0,0.0,0.0,0.0,5.0,0.0,1,1682.94,1494.6,188.33,1,99,95,0.9596,673,543,0.8068,4,Friday,0.6731,0,0,0,1,1,2
2026-04-11_Al-Nassr_Al_Okhdood_1314,2026-04-11,2025/26,Al-Nassr,Al Okhdood,Pro League,domestic_league,A,0,0.78,41.1781,15040,1313,967,260,33,0.7365,8,0,1,1,3,6,9,17,1,1,1.2,0.9,0.85,0.8,0.7,0.2,1.1345,0.1492,1,0,8,32,29,4,0.9062,138,123,0.8913,15,27,1.0,1.0,19,3,5,4,6,0,1.5,1.0,4,4,0,0,0.0,0.0,0.75,3.0,0.0,4,1687.99,1479.58,208.41,4,100,97,0.97,607,407,0.6705,4,Saturday,0.6951,0,0,0,1,0,1
2026-04-15_Al-Nassr_Al-Ettifaq_1315,2026-04-15,2025/26,Al-Nassr,Al-Ettifaq,Pro League,domestic_league,H,0,0.78,41.1891,15044,1314,968,260,32,0.7367,4,1,2,2,3,6,9,18,1,1,1.2,0.9,0.9,0.8,0.7,0.2,1.0941,0.1044,2,0,4,33,30,4,0.9091,139,124,0.8921,15,30,1.0,1.0,19,3,5,7,3,1,0.4286,0.4286,2,4,2,1,0.7143,0.4286,1.0,1.8571,0.0,7,1692.62,1496.53,196.09,7,101,98,0.9703,674,545,0.8086,4,Wednesday,0.706,0,0,0,0,0,0
2026-04-19_Al-Nassr_Al-Wasl_FC_1316,2026-04-19,2025/26,Al-Nassr,Al-Wasl FC,AFC Champions League Two,continental_club,N,0,0.84,41.2,15048,1315,968,260,32,0.7361,4,1,2,3,3,4,9,16,1,1,0.8,0.9,0.8,0.6,0.7,0.2,0.7659,0.0731,0,1,8,34,30,4,0.8824,140,124,0.8857,15,30,1.0,1.0,16,3,5,1,2,0,2.0,1.0,2,1,0,0,0.0,0.0,0.0,4.0,0.0,1,1697.51,1494.93,202.58,1,1,0,0.0,32,15,0.4688,4,Sunday,0.717,0,0,0,1,0,1
2026-04-22_Al-Nassr_Al_Ahli_Doha_1317,2026-04-22,2025/26,Al-Nassr,Al Ahli Doha,AFC Champions League Two,continental_club,H,0,0.84,41.2082,15051,1316,969,260,31,0.7363,3,2,3,4,2,4,9,16,0,1,0.8,0.9,0.8,0.6,0.7,0.2,0.8361,0.0512,1,0,3,35,31,4,0.8857,141,125,0.8865,15,30,1.0,1.0,11,7,5,0,0,0,,,0,0,0,0,,,,,,0,1702.26,1500.0,202.26,0,2,1,0.5,675,545,0.8074,4,Wednesday,0.7253,0,0,0,0,0,0
2026-04-29_Al-Nassr_Al-Ahli_Jeddah_1318,2026-04-29,2025/26,Al-Nassr,Al-Ahli Jeddah,Pro League,domestic_league,H,0,0.78,41.2274,15058,1317,969,260,31,0.7358,7,1,3,5,1,4,9,16,0,1,0.8,0.9,0.8,0.6,0.7,0.2,0.5853,0.0358,0,1,10,36,31,4,0.8611,142,125,0.8803,15,30,1.0,1.0,13,7,5,6,4,0,0.6667,0.5,1,3,1,2,1.1667,0.5,1.8333,2.1667,0.0,6,1707.02,1517.29,189.73,6,102,98,0.9608,676,545,0.8062,4,Wednesday,0.7445,0,0,0,1,0,1
2026-05-03_Al-Nassr_Al-Qadisiyah_FC_1319,2026-05-03,2025/26,Al-Nassr,Al-Qadisiyah FC,Pro League,domestic_league,A,0,0.78,41.2384,15062,1318,970,260,30,0.736,4,1,3,6,2,3,9,16,0,1,0.6,0.9,0.8,0.6,0.7,0.2,0.7097,0.0251,1,0,4,37,32,4,0.8649,143,126,0.8811,15,30,1.0,1.0,10,5,5,3,2,0,0.6667,0.6667,2,0,0,3,3.0,1.0,2.0,1.0,0.0,3,1712.04,1543.44,168.6,3,103,99,0.9612,608,408,0.6711,5,Sunday,0.7555,0,0,0,0,0,0
2026-05-07_Al-Nassr_Al_Shabab_1320,2026-05-07,2025/26,Al-Nassr,Al Shabab,Pro League,domestic_league,A,0,0.78,41.2493,15066,1319,970,260,30,0.7354,4,1,2,6,1,2,8,16,0,1,0.4,0.8,0.8,0.4,0.6,0.2,0.4968,0.0176,0,1,8,38,32,4,0.8421,144,126,0.875,12,27,0.8,0.8,9,8,5,8,7,1,0.875,0.75,2,6,2,0,0.25,0.25,1.375,2.75,0.125,8,1697.54,1470.95,226.59,8,104,99,0.9519,609,408,0.67,5,Thursday,0.7665,0,0,0,1,0,1
2026-05-12_Al-Nassr_Al-Hilal_1321,2026-05-12,2025/26,Al-Nassr,Al-Hilal,Pro League,domestic_league,H,0,0.78,41.263,15071,1320,971,260,29,0.7356,5,1,3,6,2,3,7,15,0,1,0.6,0.7,0.75,0.6,0.6,0.1,0.6478,0.0123,1,0,5,39,33,4,0.8462,145,127,0.8759,12,27,0.8,0.8,12,10,5,10,6,1,0.6,0.4,3,2,2,6,2.0,0.8,1.9,1.1,0.2,10,1701.81,1573.87,127.94,10,105,100,0.9524,677,546,0.8065,5,Tuesday,0.7802,0,0,0,0,0,0
2026-05-16_Al-Nassr_Gamba_Osaka_1322,2026-05-16,2025/26,Al-Nassr,Gamba Osaka,AFC Champions League Two,continental_club,N,0,0.84,41.2739,15075,1321,971,260,29,0.735,4,1,3,6,1,2,6,14,0,0,0.4,0.6,0.7,0.4,0.5,0.1,0.4534,0.0086,0,1,9,40,33,4,0.825,146,127,0.8699,10,25,0.6,0.8,13,7,5,1,1,0,1.0,1.0,1,1,0,0,0.0,0.0,,,,0,1698.28,1492.72,205.56,1,3,1,0.3333,33,16,0.4848,5,Saturday,0.7912,0,0,0,0,0,0
2026-05-21_Al-Nassr_Damac_1323,2026-05-21,2025/26,Al-Nassr,Damac,Pro League,domestic_league,H,0,0.78,41.2876,15080,1322,971,260,29,0.7345,5,1,3,6,1,2,6,14,0,0,0.4,0.6,0.7,0.4,0.5,0.1,0.3174,0.006,0,2,14,41,33,4,0.8049,147,127,0.8639,7,22,0.4,0.6,8,7,5,4,4,0,1.0,0.75,3,4,0,0,0.0,0.0,0.5,1.75,0.0,4,1682.97,1478.08,204.89,4,106,100,0.9434,678,546,0.8053,5,Thursday,0.8049,0,1,0,1,1,2
2026-06-06_Portugal_Chile_1324,2026-06-06,2025/26,Portugal,Chile,International Friendly,international,H,1,0.35,41.3314,15096,1323,973,260,27,0.7354,16,0,0,4,2,3,6,15,0,0,0.6,0.6,0.75,0.4,0.5,0.1,0.8222,0.0042,1,0,16,42,35,4,0.8333,242,152,0.6281,10,22,0.6,0.8,11,6,5,1,0,0,0.0,0.0,0,0,0,1,3.0,1.0,0.0,0.0,1.0,1,1692.23,1515.12,177.12,1,54,22,0.4074,679,548,0.8071,6,Saturday,0.8489,0,1,0,0,0,0
2026-06-10_Portugal_Nigeria_1325,2026-06-10,2025/26,Portugal,Nigeria,International Friendly,international,H,1,0.35,41.3424,15100,1324,973,260,27,0.7349,4,1,1,4,2,3,5,14,0,0,0.6,0.5,0.7,0.4,0.4,0.1,0.5755,0.003,0,1,20,43,35,4,0.814,243,152,0.6255,10,22,0.6,0.8,8,7,5,0,0,0,,,0,0,0,0,,,,,,0,1697.54,1500.0,197.54,0,55,22,0.4,680,548,0.8059,6,Wednesday,0.8599,0,1,0,0,0,0
2026-06-17_Portugal_Congo_DR_1326,2026-06-17,2025/26,Portugal,Congo DR,World Cup,international,H,1,1.0,41.3616,15107,1325,973,260,27,0.7343,7,1,2,3,2,2,5,14,0,0,0.4,0.5,0.7,0.2,0.4,0.1,0.4029,0.0021,0,2,27,44,35,4,0.7955,244,152,0.623,10,25,0.6,0.8,7,6,5,0,0,0,,,0,0,0,0,,,,,,0,1702.39,1500.0,202.39,0,22,8,0.3636,681,548,0.8047,6,Wednesday,0.8791,0,1,0,0,0,0
2026-06-23_Portugal_Uzbekistan_1327,2026-06-23,2025/26,Portugal,Uzbekistan,World Cup,international,H,1,1.0,41.378,15113,1326,973,260,27,0.7338,6,1,2,3,0,2,4,13,0,0,0.4,0.4,0.65,0.2,0.3,0.1,0.282,0.0014,0,3,33,45,35,4,0.7778,245,152,0.6204,8,23,0.4,0.8,7,7,5,0,0,0,,,0,0,0,0,,,,,,0,1697.15,1500.0,197.15,0,23,8,0.3478,682,548,0.8035,6,Tuesday,0.8956,0,1,0,1,1,2
2026-06-27_Portugal_Colombia_1328,2026-06-27,2025/26,Portugal,Colombia,World Cup,international,A,1,1.0,41.3889,15117,1327,975,260,25,0.7347,4,1,2,4,2,4,6,15,0,0,0.8,0.6,0.75,0.4,0.4,0.2,0.7974,0.001,1,0,4,46,37,4,0.8043,246,154,0.626,10,23,0.6,0.8,10,5,5,0,0,0,,,0,0,0,0,,,,,,0,1702.01,1500.0,202.01,0,24,10,0.4167,610,409,0.6705,6,Saturday,0.9066,0,1,0,0,0,0
2026-07-02_Portugal_Croatia_1329,2026-07-02,2025/26,Portugal,Croatia,World Cup,international,H,1,1.0,41.4026,15122,1328,975,260,25,0.7342,5,1,2,5,2,2,5,14,0,0,0.4,0.5,0.7,0.2,0.3,0.2,0.5582,0.0007,0,1,9,47,37,4,0.7872,247,154,0.6235,11,21,0.6,1.0,10,3,5,5,2,1,0.4,0.4,1,5,0,0,0.0,0.0,1.0,2.0,0.0,3,1696.78,1470.95,225.83,5,25,10,0.4,683,550,0.8053,7,Thursday,0.9203,0,1,0,1,0,1
2026-07-06_Portugal_Spain_1330,2026-07-06,2025/26,Portugal,Spain,World Cup,international,H,1,1.0,41.4136,15126,1329,976,260,24,0.7344,4,1,3,6,3,3,6,14,0,0,0.6,0.6,0.7,0.4,0.4,0.2,0.6907,0.0005,1,0,4,48,38,4,0.7917,248,155,0.625,11,21,0.6,1.0,10,3,5,10,4,0,0.4,0.2,1,3,4,3,1.3,0.7,1.0,0.75,0.625,8,1701.06,1538.51,162.55,10,26,11,0.4231,684,551,0.8056,7,Monday,0.9313,0,1,0,0,0,0
2026-08-21_Al-Nassr_Al_Riyadh_1331,2026-08-21,2026/27,Al-Nassr,Al Riyadh,Pro League,domestic_league,A,0,0.78,41.5395,15172,1330,976,260,24,0.7338,46,0,0,0,1,3,5,12,0,0,0.6,0.5,0.6,0.4,0.3,0.2,0.4835,0.0003,0,1,50,0,0,0,,148,129,0.8716,7,22,0.4,0.6,10,8,5,5,5,1,1.0,0.6,4,4,1,0,0.2,0.2,1.0,2.8,0.0,5,1687.67,1483.66,204.01,5,107,102,0.9533,611,409,0.6694,8,Friday,0.0549,1,0,0,1,0,1
2026-08-25_Al-Nassr_Al-Ettifaq_1332,2026-08-25,2026/27,Al-Nassr,Al-Ettifaq,Pro League,domestic_league,A,0,0.78,41.5505,15176,1331,977,260,23,0.734,4,1,1,1,2,4,6,12,0,0,0.8,0.6,0.6,0.6,0.4,0.2,0.6385,0.0002,1,0,4,1,1,0,1.0,149,130,0.8725,10,22,0.6,0.8,13,5,5,8,3,1,0.375,0.375,1,5,2,1,0.625,0.375,0.875,1.75,0.0,8,1692.4,1491.65,200.75,8,108,103,0.9537,612,410,0.6699,8,Tuesday,0.0659,1,0,0,0,0,0
2026-08-28_Al-Nassr_Al_Taawon_1333,2026-08-28,2026/27,Al-Nassr,Al Taawon,Pro League,domestic_league,H,0,0.78,41.5587,15179,1332,977,260,23,0.7335,3,2,2,2,1,2,6,12,0,0,0.4,0.6,0.6,0.4,0.4,0.2,0.4469,0.0002,0,1,7,2,1,0,0.5,150,130,0.8667,10,22,0.6,0.8,12,5,5,8,3,3,0.375,0.375,1,5,1,2,0.875,0.375,0.75,1.875,0.25,8,1697.19,1499.59,197.59,8,109,103,0.945,685,551,0.8044,8,Friday,0.0742,1,0,0,1,0,1
