scenario,adjustment,milestone_reached,milestone_date,goals_remaining,appearances_added
Conservative,-0.05,True,2027-04-29,0,29
Conservative,-0.05,True,2027-04-02,0,28
Conservative,-0.05,True,2027-04-08,0,28
Conservative,-0.05,True,2027-02-25,0,25
Conservative,-0.05,True,2027-02-08,0,23
Conservative,-0.05,True,2027-04-15,0,27
Conservative,-0.05,True,2026-12-10,0,21
Conservative,-0.05,True,2027-02-11,0,24
Conservative,-0.05,True,2027-03-18,0,23
Conservative,-0.05,True,2027-04-08,0,27
Conservative,-0.05,True,2027-04-29,0,32
Conservative,-0.05,True,2027-02-18,0,25
Conservative,-0.05,True,2027-04-08,0,23
Conservative,-0.05,True,2027-02-25,0,27
Conservative,-0.05,True,2027-03-18,0,27
Conservative,-0.05,True,2027-04-08,0,24
Conservative,-0.05,True,2027-05-06,0,32
Conservative,-0.05,True,2027-04-22,0,30
Conservative,-0.05,False,,2,32
Conservative,-0.05,True,2027-04-02,0,29
Conservative,-0.05,True,2027-04-02,0,28
Conservative,-0.05,True,2027-03-18,0,28
Conservative,-0.05,False,,1,30
Conservative,-0.05,True,2027-03-18,0,23
Conservative,-0.05,False,,2,32
Conservative,-0.05,True,2026-12-08,0,18
Conservative,-0.05,True,2027-03-11,0,28
Conservative,-0.05,True,2027-04-02,0,26
Conservative,-0.05,True,2027-04-29,0,33
Conservative,-0.05,False,,3,28
Conservative,-0.05,True,2027-03-11,0,30
Conservative,-0.05,True,2027-05-24,0,37
Conservative,-0.05,True,2027-03-18,0,24
Conservative,-0.05,True,2027-04-15,0,29
Conservative,-0.05,True,2027-02-25,0,26
Conservative,-0.05,True,2027-02-25,0,25
Conservative,-0.05,True,2027-04-02,0,26
Conservative,-0.05,True,2026-12-08,0,21
Conservative,-0.05,True,2027-04-22,0,28
Conservative,-0.05,True,2027-04-29,0,29
Conservative,-0.05,True,2027-04-08,0,27
Conservative,-0.05,True,2027-02-25,0,25
Conservative,-0.05,True,2026-12-14,0,22
Conservative,-0.05,True,2027-05-24,0,35
Conservative,-0.05,True,2027-02-11,0,20
Conservative,-0.05,True,2027-04-18,0,29
Conservative,-0.05,True,2027-02-18,0,27
Conservative,-0.05,True,2027-04-18,0,30
Conservative,-0.05,True,2027-04-08,0,27
Conservative,-0.05,True,2027-05-24,0,32
Conservative,-0.05,False,,1,34
Conservative,-0.05,True,2027-02-18,0,24
Conservative,-0.05,True,2027-03-11,0,24
Conservative,-0.05,True,2027-05-24,0,33
Conservative,-0.05,True,2027-04-29,0,25
Conservative,-0.05,True,2027-02-08,0,21
Conservative,-0.05,True,2027-03-11,0,23
Conservative,-0.05,True,2027-02-18,0,22
Conservative,-0.05,True,2027-03-11,0,27
Conservative,-0.05,True,2027-04-22,0,28
Conservative,-0.05,True,2027-05-06,0,30
Conservative,-0.05,True,2027-04-18,0,29
Conservative,-0.05,True,2027-04-08,0,31
Conservative,-0.05,True,2027-02-08,0,22
Conservative,-0.05,True,2027-04-08,0,29
Conservative,-0.05,True,2027-04-15,0,28
Conservative,-0.05,True,2027-04-29,0,26
Conservative,-0.05,True,2027-04-08,0,24
Conservative,-0.05,True,2027-02-11,0,25
Conservative,-0.05,True,2026-12-08,0,20
Conservative,-0.05,True,2027-02-08,0,23
Conservative,-0.05,True,2026-12-14,0,23
Conservative,-0.05,True,2027-04-15,0,25
Conservative,-0.05,True,2027-03-18,0,26
Conservative,-0.05,True,2027-04-29,0,31
Conservative,-0.05,True,2027-04-02,0,24
Conservative,-0.05,True,2027-05-20,0,33
Conservative,-0.05,True,2027-04-15,0,31
Conservative,-0.05,True,2027-04-15,0,27
Conservative,-0.05,True,2027-04-29,0,28
Conservative,-0.05,True,2027-04-02,0,28
Conservative,-0.05,False,,2,31
Conservative,-0.05,True,2026-12-14,0,22
Conservative,-0.05,True,2027-04-29,0,31
Conservative,-0.05,False,,1,35
Conservative,-0.05,True,2026-11-26,0,18
Conservative,-0.05,True,2026-12-10,0,20
Conservative,-0.05,True,2026-12-14,0,21
Conservative,-0.05,True,2027-03-11,0,21
Conservative,-0.05,True,2027-04-29,0,32
Conservative,-0.05,True,2027-04-15,0,30
Conservative,-0.05,True,2027-03-11,0,29
Conservative,-0.05,True,2027-04-29,0,30
Conservative,-0.05,True,2027-04-15,0,32
Conservative,-0.05,True,2027-02-15,0,22
Conservative,-0.05,True,2027-03-11,0,27
Conservative,-0.05,True,2027-02-18,0,27
Conservative,-0.05,True,2027-02-25,0,23
Conservative,-0.05,True,2027-05-12,0,32
Conservative,-0.05,True,2027-03-11,0,19
Conservative,-0.05,True,2027-02-11,0,15
Conservative,-0.05,True,2027-04-18,0,26
Conservative,-0.05,True,2027-03-11,0,25
Conservative,-0.05,True,2026-12-03,0,21
Conservative,-0.05,False,,5,31
Conservative,-0.05,True,2027-05-28,0,28
Conservative,-0.05,False,,3,30
Conservative,-0.05,True,2027-03-18,0,22
Conservative,-0.05,True,2027-02-08,0,20
Conservative,-0.05,True,2026-12-01,0,17
Conservative,-0.05,True,2027-04-15,0,29
Conservative,-0.05,True,2027-02-18,0,19
Conservative,-0.05,True,2026-11-14,0,17
Conservative,-0.05,True,2027-04-08,0,31
Conservative,-0.05,True,2027-04-02,0,26
Conservative,-0.05,False,,1,37
Conservative,-0.05,True,2027-02-25,0,29
Conservative,-0.05,True,2027-04-15,0,31
Conservative,-0.05,True,2027-04-22,0,31
Conservative,-0.05,True,2027-02-25,0,27
Conservative,-0.05,True,2027-04-29,0,33
Conservative,-0.05,True,2027-02-18,0,26
Conservative,-0.05,True,2027-02-08,0,22
Conservative,-0.05,True,2027-04-18,0,30
Conservative,-0.05,True,2026-12-08,0,23
Conservative,-0.05,False,,2,35
Conservative,-0.05,True,2027-04-18,0,33
Conservative,-0.05,True,2026-11-26,0,17
Conservative,-0.05,True,2027-03-18,0,23
Conservative,-0.05,True,2027-03-18,0,26
Conservative,-0.05,True,2027-02-15,0,22
Conservative,-0.05,True,2027-03-18,0,31
Conservative,-0.05,True,2027-04-08,0,26
Conservative,-0.05,True,2027-04-02,0,23
Conservative,-0.05,True,2027-02-11,0,21
Conservative,-0.05,True,2027-04-29,0,32
Conservative,-0.05,True,2027-04-15,0,26
Conservative,-0.05,False,,5,22
Conservative,-0.05,False,,4,31
Conservative,-0.05,True,2027-05-06,0,33
Conservative,-0.05,True,2027-04-22,0,29
Conservative,-0.05,True,2027-02-18,0,22
Conservative,-0.05,False,,3,34
Conservative,-0.05,False,,1,36
Conservative,-0.05,True,2027-04-02,0,27
Conservative,-0.05,True,2027-05-12,0,39
Conservative,-0.05,True,2027-05-20,0,31
Conservative,-0.05,True,2027-03-18,0,25
Conservative,-0.05,True,2027-04-08,0,28
Conservative,-0.05,True,2027-04-02,0,28
Conservative,-0.05,True,2027-02-18,0,26
Conservative,-0.05,True,2027-02-11,0,22
Conservative,-0.05,True,2027-02-08,0,18
Conservative,-0.05,True,2027-02-18,0,24
Conservative,-0.05,True,2026-12-10,0,24
Conservative,-0.05,True,2027-05-06,0,35
Conservative,-0.05,True,2027-02-18,0,25
Conservative,-0.05,True,2027-02-11,0,26
Conservative,-0.05,True,2027-02-25,0,24
Conservative,-0.05,False,,3,35
Conservative,-0.05,True,2027-02-18,0,25
Conservative,-0.05,True,2027-04-15,0,27
Conservative,-0.05,True,2027-04-22,0,30
Conservative,-0.05,True,2027-05-06,0,30
Conservative,-0.05,True,2026-11-17,0,16
Conservative,-0.05,False,,4,32
Conservative,-0.05,True,2027-02-11,0,20
Conservative,-0.05,True,2027-04-15,0,27
Conservative,-0.05,True,2027-03-18,0,25
Conservative,-0.05,True,2027-02-18,0,23
Conservative,-0.05,True,2027-03-11,0,24
Conservative,-0.05,True,2027-05-28,0,34
Conservative,-0.05,True,2027-02-08,0,22
Conservative,-0.05,True,2027-02-18,0,24
Conservative,-0.05,True,2026-12-08,0,21
Conservative,-0.05,True,2027-02-11,0,21
Conservative,-0.05,True,2027-04-29,0,33
Conservative,-0.05,True,2027-02-11,0,17
Conservative,-0.05,True,2027-04-29,0,29
Conservative,-0.05,True,2027-04-29,0,32
Conservative,-0.05,True,2027-05-28,0,35
Conservative,-0.05,True,2027-02-15,0,23
Conservative,-0.05,True,2026-12-10,0,19
Conservative,-0.05,True,2027-03-18,0,24
Conservative,-0.05,True,2027-02-11,0,23
Conservative,-0.05,True,2026-12-14,0,23
Conservative,-0.05,True,2027-04-18,0,33
Conservative,-0.05,True,2027-02-11,0,23
Conservative,-0.05,True,2027-04-29,0,29
Conservative,-0.05,True,2027-04-22,0,29
Conservative,-0.05,True,2026-12-14,0,22
Conservative,-0.05,True,2027-02-11,0,25
Conservative,-0.05,True,2027-04-15,0,28
Conservative,-0.05,False,,4,29
Conservative,-0.05,True,2027-05-28,0,29
Conservative,-0.05,True,2026-12-08,0,24
Conservative,-0.05,True,2027-04-15,0,24
Conservative,-0.05,False,,2,39
Conservative,-0.05,False,,3,34
Conservative,-0.05,True,2027-02-11,0,25
Conservative,-0.05,True,2027-03-11,0,29
Conservative,-0.05,False,,9,32
Conservative,-0.05,True,2027-04-18,0,23
Conservative,-0.05,True,2027-04-02,0,26
Conservative,-0.05,True,2027-04-02,0,19
Conservative,-0.05,True,2027-05-12,0,30
Conservative,-0.05,True,2027-02-18,0,24
Conservative,-0.05,True,2027-04-22,0,27
Conservative,-0.05,True,2027-02-11,0,23
Conservative,-0.05,True,2027-03-18,0,26
Conservative,-0.05,True,2027-02-08,0,21
Conservative,-0.05,True,2027-05-06,0,29
Conservative,-0.05,True,2027-02-08,0,25
Conservative,-0.05,True,2027-05-06,0,33
Conservative,-0.05,True,2027-05-24,0,36
Conservative,-0.05,True,2027-04-08,0,29
Conservative,-0.05,True,2027-03-18,0,28
Conservative,-0.05,True,2027-05-20,0,31
Conservative,-0.05,True,2027-04-29,0,32
Conservative,-0.05,True,2027-02-08,0,22
Conservative,-0.05,True,2026-12-08,0,22
Conservative,-0.05,True,2027-04-02,0,23
Conservative,-0.05,True,2027-02-08,0,20
Conservative,-0.05,True,2027-02-08,0,21
Conservative,-0.05,True,2027-04-22,0,34
Conservative,-0.05,True,2027-05-24,0,32
Conservative,-0.05,True,2027-05-28,0,39
Conservative,-0.05,True,2027-03-11,0,23
Conservative,-0.05,True,2027-05-24,0,32
Conservative,-0.05,False,,1,35
Conservative,-0.05,False,,1,38
Conservative,-0.05,True,2027-02-08,0,21
Conservative,-0.05,True,2027-04-02,0,26
Conservative,-0.05,True,2027-05-28,0,29
Conservative,-0.05,True,2027-02-18,0,22
Conservative,-0.05,True,2027-04-29,0,25
Conservative,-0.05,True,2027-02-08,0,24
Conservative,-0.05,True,2026-12-08,0,20
Conservative,-0.05,False,,1,36
Conservative,-0.05,True,2027-04-08,0,24
Conservative,-0.05,True,2027-04-15,0,28
Conservative,-0.05,True,2027-05-28,0,32
Conservative,-0.05,True,2027-05-24,0,28
Conservative,-0.05,True,2027-02-18,0,26
Conservative,-0.05,True,2027-04-02,0,28
Conservative,-0.05,True,2027-04-29,0,35
Conservative,-0.05,True,2027-05-06,0,33
Conservative,-0.05,True,2026-11-05,0,13
Conservative,-0.05,True,2027-02-18,0,24
Conservative,-0.05,False,,2,31
Conservative,-0.05,True,2026-12-14,0,22
Conservative,-0.05,False,,2,30
Conservative,-0.05,True,2027-05-20,0,29
Conservative,-0.05,True,2027-02-08,0,19
Conservative,-0.05,True,2026-12-03,0,18
Conservative,-0.05,True,2027-05-28,0,38
Conservative,-0.05,True,2027-04-18,0,26
Conservative,-0.05,False,,3,35
Conservative,-0.05,False,,1,33
Conservative,-0.05,True,2027-04-18,0,29
Conservative,-0.05,True,2027-04-15,0,23
Conservative,-0.05,True,2027-03-18,0,29
Conservative,-0.05,True,2027-05-20,0,32
Conservative,-0.05,True,2027-04-18,0,31
Conservative,-0.05,True,2027-04-02,0,30
Conservative,-0.05,True,2027-03-18,0,23
Conservative,-0.05,True,2027-05-06,0,27
Conservative,-0.05,True,2027-04-08,0,30
Conservative,-0.05,True,2027-02-08,0,20
Conservative,-0.05,False,,6,27
Conservative,-0.05,True,2027-02-08,0,25
Conservative,-0.05,True,2027-05-24,0,36
Conservative,-0.05,True,2027-05-20,0,31
Conservative,-0.05,True,2026-12-10,0,20
Conservative,-0.05,True,2026-12-14,0,22
Conservative,-0.05,True,2027-04-15,0,27
Conservative,-0.05,True,2027-04-08,0,22
Conservative,-0.05,True,2027-02-15,0,24
Conservative,-0.05,True,2027-03-18,0,25
Conservative,-0.05,True,2027-05-24,0,31
Conservative,-0.05,True,2027-05-06,0,30
Conservative,-0.05,True,2027-02-15,0,22
Conservative,-0.05,True,2027-05-06,0,29
Conservative,-0.05,True,2027-05-12,0,31
Conservative,-0.05,True,2027-04-22,0,28
Conservative,-0.05,True,2026-12-10,0,21
Conservative,-0.05,True,2027-03-11,0,23
Conservative,-0.05,True,2027-02-08,0,25
Conservative,-0.05,True,2027-02-15,0,22
Conservative,-0.05,True,2027-04-29,0,28
Conservative,-0.05,True,2027-05-06,0,28
Conservative,-0.05,True,2027-04-08,0,31
Conservative,-0.05,True,2027-04-02,0,25
Conservative,-0.05,True,2027-04-29,0,34
Conservative,-0.05,True,2027-04-22,0,29
Conservative,-0.05,True,2027-04-22,0,29
Conservative,-0.05,True,2027-04-18,0,31
Conservative,-0.05,True,2027-02-11,0,24
Conservative,-0.05,True,2027-02-25,0,24
Conservative,-0.05,True,2027-02-25,0,26
Conservative,-0.05,False,,6,25
Conservative,-0.05,True,2027-04-08,0,23
Conservative,-0.05,True,2027-05-20,0,32
Conservative,-0.05,False,,1,35
Conservative,-0.05,True,2027-04-15,0,26
Conservative,-0.05,False,,1,32
Conservative,-0.05,True,2027-02-15,0,21
Conservative,-0.05,False,,3,34
Conservative,-0.05,False,,2,33
Conservative,-0.05,True,2027-04-29,0,29
Conservative,-0.05,True,2027-03-18,0,27
Conservative,-0.05,True,2027-05-12,0,35
Conservative,-0.05,True,2027-04-29,0,31
Conservative,-0.05,True,2026-12-08,0,20
Conservative,-0.05,True,2027-03-11,0,27
Conservative,-0.05,True,2027-05-12,0,35
Conservative,-0.05,True,2027-04-02,0,25
Conservative,-0.05,True,2026-12-10,0,21
Conservative,-0.05,True,2027-04-08,0,20
Conservative,-0.05,False,,6,30
Conservative,-0.05,False,,2,28
Conservative,-0.05,True,2027-02-25,0,27
Conservative,-0.05,True,2027-04-29,0,27
Conservative,-0.05,True,2027-04-15,0,31
Conservative,-0.05,True,2027-03-18,0,28
Conservative,-0.05,True,2026-12-10,0,23
Conservative,-0.05,True,2026-12-14,0,24
Conservative,-0.05,True,2027-02-11,0,23
Conservative,-0.05,True,2027-03-18,0,31
Conservative,-0.05,False,,2,33
Conservative,-0.05,True,2027-04-15,0,31
Conservative,-0.05,True,2027-04-15,0,27
Conservative,-0.05,True,2027-04-08,0,26
Conservative,-0.05,True,2027-02-11,0,18
Conservative,-0.05,True,2027-04-22,0,32
Conservative,-0.05,True,2027-02-18,0,23
Conservative,-0.05,True,2027-02-08,0,14
Conservative,-0.05,True,2027-02-15,0,27
Conservative,-0.05,False,,1,28
Conservative,-0.05,True,2027-03-11,0,22
Conservative,-0.05,False,,10,33
Conservative,-0.05,True,2027-05-06,0,29
Conservative,-0.05,True,2027-04-18,0,26
Conservative,-0.05,False,,1,33
Conservative,-0.05,True,2027-02-11,0,20
Conservative,-0.05,True,2026-12-08,0,20
Conservative,-0.05,True,2027-05-24,0,30
Conservative,-0.05,True,2027-02-11,0,24
Conservative,-0.05,True,2027-02-18,0,25
Conservative,-0.05,True,2027-05-06,0,32
Conservative,-0.05,True,2027-03-18,0,27
Conservative,-0.05,True,2027-02-25,0,25
Conservative,-0.05,False,,3,34
Conservative,-0.05,True,2027-04-08,0,24
Conservative,-0.05,True,2027-04-02,0,24
Conservative,-0.05,True,2026-12-03,0,19
Conservative,-0.05,True,2027-02-25,0,27
Conservative,-0.05,False,,1,33
Conservative,-0.05,False,,1,31
Conservative,-0.05,True,2027-04-29,0,35
Conservative,-0.05,True,2027-05-20,0,29
Conservative,-0.05,True,2027-05-20,0,32
Conservative,-0.05,True,2027-02-18,0,27
Conservative,-0.05,True,2027-03-18,0,22
Conservative,-0.05,True,2027-04-18,0,30
Conservative,-0.05,True,2026-12-01,0,19
Conservative,-0.05,True,2027-03-18,0,23
Conservative,-0.05,True,2027-03-11,0,25
Conservative,-0.05,True,2027-04-08,0,26
Conservative,-0.05,True,2027-02-11,0,26
Conservative,-0.05,True,2027-05-06,0,31
Conservative,-0.05,False,,7,30
Conservative,-0.05,True,2027-03-11,0,27
Conservative,-0.05,True,2027-05-24,0,34
Conservative,-0.05,True,2027-05-06,0,32
Conservative,-0.05,True,2027-04-22,0,34
Conservative,-0.05,True,2027-03-11,0,23
Conservative,-0.05,True,2026-11-20,0,17
Conservative,-0.05,True,2027-02-08,0,21
Conservative,-0.05,True,2027-02-08,0,23
Conservative,-0.05,True,2027-04-08,0,28
Conservative,-0.05,True,2027-03-18,0,29
Conservative,-0.05,True,2026-11-26,0,21
Conservative,-0.05,True,2026-12-10,0,20
Conservative,-0.05,True,2027-04-18,0,33
Conservative,-0.05,True,2026-12-08,0,23
Conservative,-0.05,True,2027-05-24,0,35
Conservative,-0.05,True,2027-02-15,0,22
Conservative,-0.05,True,2026-12-10,0,22
Conservative,-0.05,True,2027-04-08,0,32
Conservative,-0.05,True,2027-04-08,0,28
Conservative,-0.05,True,2027-04-22,0,34
Conservative,-0.05,True,2027-02-11,0,22
Conservative,-0.05,True,2027-04-02,0,30
Conservative,-0.05,True,2027-04-02,0,26
Conservative,-0.05,True,2027-03-11,0,27
Conservative,-0.05,True,2027-05-20,0,39
Conservative,-0.05,True,2027-05-20,0,33
Conservative,-0.05,True,2027-04-02,0,27
Conservative,-0.05,True,2026-12-08,0,21
Conservative,-0.05,True,2027-05-20,0,34
Conservative,-0.05,True,2027-04-15,0,29
Conservative,-0.05,True,2027-02-25,0,26
Conservative,-0.05,True,2026-12-14,0,21
Conservative,-0.05,True,2027-04-18,0,32
Conservative,-0.05,True,2027-04-02,0,27
Conservative,-0.05,True,2027-02-08,0,24
Conservative,-0.05,True,2027-04-18,0,31
Conservative,-0.05,False,,4,31
Conservative,-0.05,True,2027-04-18,0,25
Conservative,-0.05,True,2027-04-02,0,30
Conservative,-0.05,True,2027-04-15,0,25
Conservative,-0.05,False,,3,31
Conservative,-0.05,True,2027-04-08,0,28
Conservative,-0.05,False,,2,38
Conservative,-0.05,True,2027-03-11,0,26
Conservative,-0.05,True,2027-05-12,0,39
Conservative,-0.05,True,2027-03-11,0,22
Conservative,-0.05,True,2027-02-18,0,24
Conservative,-0.05,True,2027-05-24,0,30
Conservative,-0.05,True,2027-02-18,0,21
Conservative,-0.05,True,2026-12-01,0,17
Conservative,-0.05,True,2026-12-01,0,16
Conservative,-0.05,True,2027-04-22,0,31
Conservative,-0.05,True,2027-02-11,0,22
Conservative,-0.05,True,2026-12-14,0,22
Conservative,-0.05,True,2027-05-06,0,35
Conservative,-0.05,True,2027-05-24,0,32
Conservative,-0.05,True,2027-05-24,0,32
Conservative,-0.05,True,2027-04-02,0,30
Conservative,-0.05,True,2027-04-02,0,21
Conservative,-0.05,False,,5,25
Conservative,-0.05,True,2027-02-08,0,24
Conservative,-0.05,True,2027-02-25,0,25
Conservative,-0.05,True,2027-04-29,0,33
Conservative,-0.05,True,2027-04-22,0,31
Conservative,-0.05,True,2027-04-08,0,25
Conservative,-0.05,True,2026-11-24,0,18
Conservative,-0.05,True,2027-04-08,0,22
Conservative,-0.05,True,2027-03-11,0,27
Conservative,-0.05,True,2027-03-18,0,24
Conservative,-0.05,True,2027-02-11,0,21
Conservative,-0.05,True,2027-03-18,0,28
Conservative,-0.05,True,2027-02-18,0,23
Conservative,-0.05,True,2026-12-08,0,21
Conservative,-0.05,True,2027-04-29,0,20
Conservative,-0.05,False,,3,30
Conservative,-0.05,True,2027-02-15,0,20
Conservative,-0.05,False,,2,34
Conservative,-0.05,True,2027-02-08,0,21
Conservative,-0.05,True,2027-04-15,0,30
Conservative,-0.05,True,2027-04-29,0,26
Conservative,-0.05,True,2027-04-08,0,26
Conservative,-0.05,True,2027-04-29,0,29
Conservative,-0.05,True,2027-04-29,0,29
Conservative,-0.05,False,,1,28
Conservative,-0.05,True,2026-12-10,0,16
Conservative,-0.05,True,2026-12-03,0,18
Conservative,-0.05,True,2026-12-01,0,19
Conservative,-0.05,True,2027-04-02,0,26
Conservative,-0.05,True,2027-02-18,0,27
Conservative,-0.05,False,,2,26
Conservative,-0.05,True,2027-02-25,0,24
Conservative,-0.05,True,2027-04-29,0,28
Conservative,-0.05,True,2027-04-22,0,30
Conservative,-0.05,True,2027-02-11,0,25
Conservative,-0.05,True,2027-02-18,0,25
Conservative,-0.05,True,2027-05-12,0,33
Conservative,-0.05,True,2026-11-26,0,21
Conservative,-0.05,True,2027-05-24,0,33
Conservative,-0.05,True,2027-04-22,0,30
Conservative,-0.05,True,2027-03-11,0,29
Conservative,-0.05,True,2027-02-25,0,24
Conservative,-0.05,True,2027-03-18,0,22
Conservative,-0.05,True,2027-04-22,0,27
Conservative,-0.05,True,2027-02-25,0,25
Conservative,-0.05,True,2027-04-02,0,23
Conservative,-0.05,True,2027-04-22,0,31
Conservative,-0.05,True,2027-05-06,0,30
Conservative,-0.05,True,2027-05-06,0,30
Conservative,-0.05,True,2027-05-24,0,34
Conservative,-0.05,True,2027-02-25,0,22
Conservative,-0.05,True,2027-03-18,0,26
Conservative,-0.05,True,2027-04-18,0,26
Conservative,-0.05,True,2027-04-29,0,22
Conservative,-0.05,True,2027-03-11,0,26
Conservative,-0.05,False,,6,27
Conservative,-0.05,True,2027-04-22,0,29
Conservative,-0.05,False,,1,38
Conservative,-0.05,False,,1,37
Conservative,-0.05,True,2027-02-25,0,22
Conservative,-0.05,True,2027-04-29,0,32
Conservative,-0.05,True,2027-04-18,0,25
Conservative,-0.05,True,2027-04-29,0,29
Conservative,-0.05,True,2026-11-26,0,20
Conservative,-0.05,True,2026-12-10,0,18
Conservative,-0.05,True,2027-05-06,0,27
Conservative,-0.05,True,2026-12-14,0,24
Conservative,-0.05,True,2027-03-18,0,27
Conservative,-0.05,True,2027-03-18,0,25
Conservative,-0.05,False,,1,35
Conservative,-0.05,True,2027-04-22,0,34
Conservative,-0.05,True,2027-05-06,0,29
Conservative,-0.05,True,2027-04-02,0,31
Conservative,-0.05,False,,3,35
Conservative,-0.05,True,2027-05-20,0,32
Conservative,-0.05,True,2027-03-18,0,27
Conservative,-0.05,True,2027-02-15,0,23
Conservative,-0.05,True,2027-02-15,0,20
Conservative,-0.05,True,2026-12-03,0,19
Conservative,-0.05,True,2027-04-22,0,27
Conservative,-0.05,True,2027-04-29,0,27
Conservative,-0.05,True,2027-05-12,0,27
Conservative,-0.05,False,,1,37
Conservative,-0.05,True,2027-03-18,0,24
Conservative,-0.05,True,2027-04-02,0,25
Conservative,-0.05,True,2026-12-14,0,22
Conservative,-0.05,False,,1,31
Conservative,-0.05,True,2026-12-03,0,21
Conservative,-0.05,True,2027-04-15,0,22
Conservative,-0.05,True,2027-03-11,0,26
Conservative,-0.05,True,2026-12-08,0,21
Conservative,-0.05,True,2026-12-10,0,21
Conservative,-0.05,True,2026-12-08,0,22
Conservative,-0.05,True,2027-02-25,0,20
Conservative,-0.05,True,2027-05-28,0,36
Conservative,-0.05,True,2027-05-24,0,36
Conservative,-0.05,False,,2,33
Conservative,-0.05,True,2027-05-20,0,30
Conservative,-0.05,False,,7,27
Conservative,-0.05,True,2027-03-18,0,29
Conservative,-0.05,True,2027-05-20,0,30
Conservative,-0.05,True,2027-05-12,0,37
Conservative,-0.05,True,2027-04-29,0,28
Conservative,-0.05,True,2027-04-22,0,26
Conservative,-0.05,True,2027-03-18,0,23
Conservative,-0.05,True,2027-04-18,0,24
Conservative,-0.05,True,2027-04-08,0,22
Conservative,-0.05,True,2027-05-06,0,31
Conservative,-0.05,True,2027-05-12,0,26
Conservative,-0.05,True,2026-12-01,0,19
Conservative,-0.05,True,2027-05-20,0,38
Conservative,-0.05,True,2027-05-12,0,25
Conservative,-0.05,False,,5,31
Conservative,-0.05,False,,3,36
Conservative,-0.05,True,2027-02-25,0,18
Conservative,-0.05,True,2027-04-02,0,21
Conservative,-0.05,False,,1,28
Conservative,-0.05,True,2027-04-15,0,27
Conservative,-0.05,True,2027-05-06,0,34
Conservative,-0.05,True,2027-03-18,0,23
Conservative,-0.05,True,2027-05-12,0,34
Conservative,-0.05,True,2027-02-08,0,23
Conservative,-0.05,True,2027-02-11,0,25
Conservative,-0.05,True,2027-04-08,0,29
Conservative,-0.05,True,2027-05-06,0,28
Conservative,-0.05,True,2027-03-18,0,27
Conservative,-0.05,True,2027-02-08,0,22
Conservative,-0.05,True,2027-03-18,0,29
Conservative,-0.05,True,2026-12-08,0,21
Conservative,-0.05,False,,2,33
Conservative,-0.05,True,2026-11-20,0,19
Conservative,-0.05,True,2027-03-18,0,30
Conservative,-0.05,True,2027-03-18,0,26
Conservative,-0.05,True,2027-04-02,0,27
Conservative,-0.05,True,2027-05-06,0,30
Conservative,-0.05,True,2027-03-18,0,26
Conservative,-0.05,True,2027-05-28,0,37
Conservative,-0.05,True,2027-03-11,0,24
Conservative,-0.05,True,2027-04-08,0,21
Conservative,-0.05,True,2027-04-02,0,24
Conservative,-0.05,True,2027-05-06,0,33
Conservative,-0.05,False,,2,35
Conservative,-0.05,True,2027-02-25,0,23
Conservative,-0.05,True,2026-12-14,0,24
Conservative,-0.05,True,2027-04-22,0,30
Conservative,-0.05,True,2027-03-18,0,25
Conservative,-0.05,True,2027-02-15,0,25
Conservative,-0.05,True,2026-11-24,0,18
Conservative,-0.05,True,2027-02-18,0,24
Conservative,-0.05,True,2027-04-22,0,33
Conservative,-0.05,True,2026-11-02,0,14
Conservative,-0.05,True,2026-12-10,0,23
Conservative,-0.05,True,2027-05-06,0,32
Conservative,-0.05,False,,5,34
Conservative,-0.05,True,2027-04-29,0,28
Conservative,-0.05,True,2027-04-08,0,29
Conservative,-0.05,True,2026-11-20,0,16
Conservative,-0.05,True,2027-02-11,0,26
Conservative,-0.05,True,2027-03-11,0,25
Conservative,-0.05,True,2027-04-08,0,32
Conservative,-0.05,True,2027-04-08,0,30
Conservative,-0.05,True,2027-02-18,0,23
Conservative,-0.05,True,2027-05-24,0,35
Conservative,-0.05,True,2027-04-22,0,30
Conservative,-0.05,True,2027-02-25,0,25
Conservative,-0.05,False,,10,17
Conservative,-0.05,True,2027-04-08,0,26
Conservative,-0.05,True,2027-05-20,0,36
Conservative,-0.05,True,2027-05-20,0,30
Conservative,-0.05,False,,5,31
Conservative,-0.05,True,2027-05-20,0,33
Conservative,-0.05,True,2026-11-24,0,17
Conservative,-0.05,True,2027-04-22,0,30
Conservative,-0.05,False,,2,35
Conservative,-0.05,False,,2,34
Conservative,-0.05,True,2027-04-15,0,33
Conservative,-0.05,True,2027-04-22,0,32
Conservative,-0.05,True,2027-04-02,0,32
Conservative,-0.05,True,2027-02-25,0,23
Conservative,-0.05,True,2027-03-11,0,27
Conservative,-0.05,True,2026-12-03,0,21
Conservative,-0.05,True,2027-02-25,0,23
Conservative,-0.05,True,2027-05-20,0,33
Conservative,-0.05,True,2027-04-22,0,31
Conservative,-0.05,True,2027-02-08,0,21
Conservative,-0.05,False,,3,31
Conservative,-0.05,True,2026-11-05,0,13
Conservative,-0.05,True,2026-11-20,0,17
Conservative,-0.05,True,2026-12-14,0,21
Conservative,-0.05,True,2027-02-18,0,29
Conservative,-0.05,True,2027-04-29,0,32
Conservative,-0.05,True,2027-04-15,0,28
Conservative,-0.05,True,2027-04-22,0,31
Conservative,-0.05,False,,4,36
Conservative,-0.05,True,2026-12-01,0,18
Conservative,-0.05,True,2027-04-02,0,31
Conservative,-0.05,True,2026-11-14,0,16
Conservative,-0.05,True,2027-05-20,0,34
Conservative,-0.05,True,2027-03-18,0,24
Conservative,-0.05,True,2026-12-03,0,21
Conservative,-0.05,True,2027-03-18,0,25
Conservative,-0.05,True,2027-02-18,0,21
Conservative,-0.05,True,2027-02-25,0,26
Conservative,-0.05,True,2027-05-06,0,27
Conservative,-0.05,True,2027-02-11,0,21
Conservative,-0.05,False,,4,31
Conservative,-0.05,True,2027-02-25,0,24
Conservative,-0.05,True,2027-04-08,0,23
Conservative,-0.05,True,2026-12-10,0,18
Conservative,-0.05,True,2027-04-08,0,31
Conservative,-0.05,True,2027-04-29,0,32
Conservative,-0.05,True,2027-05-12,0,35
Conservative,-0.05,True,2027-02-08,0,24
Conservative,-0.05,True,2027-03-18,0,27
Conservative,-0.05,True,2027-02-11,0,19
Conservative,-0.05,False,,1,32
Conservative,-0.05,True,2027-02-11,0,21
Conservative,-0.05,True,2027-03-11,0,24
Conservative,-0.05,True,2027-04-02,0,25
Conservative,-0.05,True,2027-03-18,0,27
Conservative,-0.05,True,2027-04-18,0,31
Conservative,-0.05,True,2027-04-15,0,33
Conservative,-0.05,True,2027-05-06,0,31
Conservative,-0.05,True,2027-05-24,0,35
Conservative,-0.05,True,2027-04-08,0,27
Conservative,-0.05,True,2026-12-14,0,22
Conservative,-0.05,True,2026-12-14,0,23
Conservative,-0.05,True,2026-12-14,0,21
Conservative,-0.05,True,2027-05-24,0,34
Conservative,-0.05,True,2026-12-08,0,19
Conservative,-0.05,True,2027-05-24,0,31
Conservative,-0.05,True,2027-05-24,0,31
Conservative,-0.05,True,2026-12-14,0,21
Conservative,-0.05,True,2027-03-11,0,23
Conservative,-0.05,True,2027-04-15,0,27
Conservative,-0.05,True,2027-04-15,0,28
Conservative,-0.05,False,,5,30
Conservative,-0.05,True,2027-04-08,0,28
Conservative,-0.05,True,2027-05-06,0,30
Conservative,-0.05,True,2027-04-08,0,26
Conservative,-0.05,True,2027-04-18,0,28
Conservative,-0.05,True,2027-03-18,0,27
Conservative,-0.05,True,2027-03-11,0,26
Conservative,-0.05,False,,6,31
Conservative,-0.05,True,2026-12-10,0,21
Conservative,-0.05,True,2027-04-02,0,28
Conservative,-0.05,True,2027-04-22,0,32
Conservative,-0.05,True,2027-04-22,0,28
Conservative,-0.05,True,2026-11-20,0,14
Conservative,-0.05,True,2027-05-20,0,25
Conservative,-0.05,True,2027-02-15,0,22
Conservative,-0.05,True,2027-02-18,0,25
Conservative,-0.05,False,,3,34
Conservative,-0.05,True,2027-04-22,0,32
Conservative,-0.05,True,2027-03-18,0,26
Conservative,-0.05,True,2027-02-08,0,20
Conservative,-0.05,False,,4,28
Conservative,-0.05,True,2027-04-15,0,32
Conservative,-0.05,True,2027-05-28,0,29
Conservative,-0.05,True,2027-02-11,0,26
Conservative,-0.05,False,,1,38
Conservative,-0.05,True,2026-12-08,0,20
Conservative,-0.05,True,2026-12-14,0,21
Conservative,-0.05,True,2027-03-11,0,25
Conservative,-0.05,True,2027-02-11,0,22
Conservative,-0.05,False,,2,36
Conservative,-0.05,False,,3,32
Conservative,-0.05,False,,2,36
Conservative,-0.05,True,2027-04-15,0,32
Conservative,-0.05,True,2027-04-22,0,30
Conservative,-0.05,True,2027-04-15,0,24
Conservative,-0.05,True,2027-04-02,0,29
Conservative,-0.05,True,2027-02-11,0,26
Conservative,-0.05,True,2027-04-22,0,25
Conservative,-0.05,True,2027-04-08,0,26
Conservative,-0.05,True,2027-05-24,0,36
Conservative,-0.05,True,2027-02-18,0,27
Conservative,-0.05,False,,1,30
Conservative,-0.05,True,2026-12-10,0,22
Conservative,-0.05,True,2026-12-14,0,19
Conservative,-0.05,True,2027-02-15,0,24
Conservative,-0.05,True,2027-04-22,0,25
Conservative,-0.05,True,2027-05-24,0,33
Conservative,-0.05,True,2027-04-15,0,29
Conservative,-0.05,False,,1,34
Conservative,-0.05,True,2027-04-22,0,29
Conservative,-0.05,True,2027-02-25,0,28
Conservative,-0.05,True,2027-03-18,0,25
Conservative,-0.05,True,2027-02-11,0,20
Conservative,-0.05,True,2027-02-18,0,26
Conservative,-0.05,True,2027-02-18,0,24
Conservative,-0.05,False,,1,33
Conservative,-0.05,True,2027-04-02,0,25
Conservative,-0.05,True,2027-02-15,0,23
Conservative,-0.05,True,2027-04-02,0,26
Conservative,-0.05,True,2027-04-18,0,27
Conservative,-0.05,True,2027-02-11,0,23
Conservative,-0.05,True,2027-03-18,0,27
Conservative,-0.05,True,2027-04-02,0,24
Conservative,-0.05,True,2027-04-29,0,27
Conservative,-0.05,True,2026-12-14,0,21
Conservative,-0.05,True,2027-05-12,0,30
Conservative,-0.05,True,2027-03-18,0,21
Conservative,-0.05,True,2027-04-02,0,28
Conservative,-0.05,True,2027-05-20,0,29
Conservative,-0.05,True,2027-05-20,0,36
Conservative,-0.05,True,2027-04-08,0,31
Conservative,-0.05,True,2027-05-20,0,39
Conservative,-0.05,True,2027-04-02,0,29
Conservative,-0.05,False,,1,37
Conservative,-0.05,False,,2,27
Conservative,-0.05,True,2027-02-15,0,20
Conservative,-0.05,True,2027-05-06,0,27
Conservative,-0.05,True,2027-04-02,0,30
Conservative,-0.05,True,2027-03-11,0,22
Conservative,-0.05,False,,3,33
Conservative,-0.05,True,2027-03-11,0,23
Conservative,-0.05,True,2027-04-15,0,27
Conservative,-0.05,True,2027-04-15,0,29
Conservative,-0.05,True,2027-04-18,0,35
Conservative,-0.05,True,2027-04-15,0,29
Conservative,-0.05,True,2027-04-22,0,32
Conservative,-0.05,True,2027-02-11,0,27
Conservative,-0.05,True,2027-02-11,0,22
Conservative,-0.05,True,2027-02-08,0,22
Conservative,-0.05,True,2027-04-08,0,25
Conservative,-0.05,True,2027-05-12,0,35
Conservative,-0.05,True,2027-05-28,0,35
Conservative,-0.05,True,2026-12-01,0,15
Conservative,-0.05,True,2027-03-11,0,28
Conservative,-0.05,False,,4,35
Conservative,-0.05,True,2027-04-02,0,31
Conservative,-0.05,True,2027-02-08,0,21
Conservative,-0.05,False,,1,34
Conservative,-0.05,False,,3,34
Conservative,-0.05,False,,1,31
Conservative,-0.05,True,2027-04-15,0,23
Conservative,-0.05,True,2026-11-02,0,14
Conservative,-0.05,True,2027-05-20,0,28
Conservative,-0.05,True,2027-05-06,0,33
Conservative,-0.05,True,2027-05-12,0,30
Conservative,-0.05,True,2027-03-18,0,24
Conservative,-0.05,True,2027-03-18,0,22
Conservative,-0.05,True,2027-02-25,0,21
Conservative,-0.05,True,2027-03-11,0,25
Conservative,-0.05,True,2027-02-11,0,21
Conservative,-0.05,True,2027-04-18,0,29
Conservative,-0.05,False,,5,29
Conservative,-0.05,True,2027-04-29,0,32
Conservative,-0.05,True,2027-04-29,0,25
Conservative,-0.05,True,2027-02-11,0,22
Conservative,-0.05,True,2027-03-11,0,25
Conservative,-0.05,True,2027-04-18,0,30
Conservative,-0.05,True,2027-04-29,0,28
Conservative,-0.05,True,2026-11-05,0,14
Conservative,-0.05,False,,2,31
Conservative,-0.05,True,2027-05-20,0,28
Conservative,-0.05,True,2026-12-08,0,21
Conservative,-0.05,True,2027-04-15,0,28
Conservative,-0.05,True,2026-11-26,0,14
Conservative,-0.05,True,2027-05-20,0,32
Conservative,-0.05,True,2027-05-12,0,34
Conservative,-0.05,True,2027-02-15,0,25
Conservative,-0.05,True,2026-12-08,0,18
Conservative,-0.05,True,2027-04-02,0,28
Conservative,-0.05,True,2027-04-18,0,31
Conservative,-0.05,True,2027-02-18,0,26
Conservative,-0.05,False,,8,27
Conservative,-0.05,True,2027-04-15,0,30
Conservative,-0.05,True,2027-04-22,0,34
Conservative,-0.05,True,2027-02-08,0,24
Conservative,-0.05,True,2027-04-02,0,26
Conservative,-0.05,True,2027-04-08,0,27
Conservative,-0.05,True,2027-05-12,0,32
Conservative,-0.05,True,2027-04-02,0,23
Conservative,-0.05,True,2027-02-18,0,25
Conservative,-0.05,True,2027-02-15,0,23
Conservative,-0.05,True,2027-02-18,0,23
Conservative,-0.05,True,2027-04-02,0,31
Conservative,-0.05,True,2027-04-15,0,29
Conservative,-0.05,True,2027-04-22,0,31
Conservative,-0.05,False,,1,31
Conservative,-0.05,True,2027-04-22,0,33
Conservative,-0.05,True,2027-02-11,0,22
Conservative,-0.05,True,2027-04-02,0,30
Conservative,-0.05,True,2027-04-29,0,31
Conservative,-0.05,False,,1,35
Conservative,-0.05,True,2027-04-29,0,29
Conservative,-0.05,True,2027-04-18,0,25
Conservative,-0.05,True,2027-03-11,0,25
Conservative,-0.05,True,2027-05-06,0,30
Conservative,-0.05,True,2027-02-08,0,21
Conservative,-0.05,True,2027-05-20,0,33
Conservative,-0.05,False,,1,28
Conservative,-0.05,True,2026-12-08,0,20
Conservative,-0.05,True,2027-04-08,0,29
Conservative,-0.05,True,2027-03-18,0,23
Conservative,-0.05,True,2027-03-18,0,24
Conservative,-0.05,False,,13,26
Conservative,-0.05,True,2027-05-24,0,28
Conservative,-0.05,True,2026-12-10,0,15
Conservative,-0.05,True,2027-04-08,0,26
Conservative,-0.05,True,2027-04-29,0,32
Conservative,-0.05,True,2027-04-08,0,23
Conservative,-0.05,True,2027-04-08,0,30
Conservative,-0.05,True,2027-02-15,0,23
Conservative,-0.05,False,,6,35
Conservative,-0.05,True,2026-12-10,0,22
Conservative,-0.05,True,2027-03-11,0,26
Conservative,-0.05,True,2027-02-15,0,23
Conservative,-0.05,False,,3,35
Conservative,-0.05,True,2027-03-18,0,28
Conservative,-0.05,False,,6,31
Conservative,-0.05,True,2027-02-25,0,27
Conservative,-0.05,True,2027-02-08,0,25
Conservative,-0.05,True,2027-04-15,0,28
Conservative,-0.05,False,,5,26
Conservative,-0.05,True,2027-04-15,0,28
Conservative,-0.05,True,2027-04-02,0,29
Conservative,-0.05,True,2027-03-11,0,25
Conservative,-0.05,True,2027-02-25,0,23
Conservative,-0.05,True,2027-04-02,0,23
Conservative,-0.05,False,,6,30
Conservative,-0.05,True,2027-04-22,0,30
Conservative,-0.05,True,2026-12-10,0,22
Conservative,-0.05,True,2027-02-15,0,24
Conservative,-0.05,True,2027-04-18,0,32
Conservative,-0.05,True,2027-05-12,0,28
Conservative,-0.05,True,2026-11-26,0,18
Conservative,-0.05,True,2027-04-15,0,25
Conservative,-0.05,True,2026-12-10,0,21
Conservative,-0.05,True,2026-12-08,0,21
Conservative,-0.05,True,2027-04-22,0,31
Conservative,-0.05,True,2027-04-08,0,27
Conservative,-0.05,False,,3,25
Conservative,-0.05,True,2027-04-02,0,22
Conservative,-0.05,False,,4,28
Conservative,-0.05,True,2027-04-22,0,26
Conservative,-0.05,False,,2,35
Conservative,-0.05,True,2027-02-18,0,22
Conservative,-0.05,False,,1,38
Conservative,-0.05,True,2027-04-29,0,29
Conservative,-0.05,True,2026-11-20,0,16
Conservative,-0.05,True,2027-02-15,0,19
Conservative,-0.05,True,2027-04-02,0,22
Conservative,-0.05,True,2027-03-11,0,23
Conservative,-0.05,True,2027-02-11,0,20
Conservative,-0.05,True,2027-04-22,0,30
Conservative,-0.05,True,2027-04-08,0,33
Conservative,-0.05,True,2027-04-18,0,32
Conservative,-0.05,True,2027-02-15,0,23
Conservative,-0.05,True,2027-03-11,0,28
Conservative,-0.05,False,,2,32
Conservative,-0.05,True,2026-12-14,0,21
Conservative,-0.05,True,2026-11-26,0,21
Conservative,-0.05,True,2026-12-14,0,24
Conservative,-0.05,True,2027-04-29,0,34
Conservative,-0.05,True,2027-04-22,0,29
Conservative,-0.05,True,2027-04-02,0,27
Conservative,-0.05,False,,9,27
Conservative,-0.05,True,2027-04-22,0,29
Conservative,-0.05,True,2027-04-29,0,31
Conservative,-0.05,True,2027-04-15,0,27
Conservative,-0.05,True,2026-12-14,0,17
Conservative,-0.05,True,2027-04-02,0,28
Conservative,-0.05,True,2027-02-25,0,26
Conservative,-0.05,True,2027-05-24,0,27
Conservative,-0.05,True,2026-12-03,0,19
Conservative,-0.05,True,2027-02-25,0,27
Conservative,-0.05,True,2027-02-15,0,24
Conservative,-0.05,True,2026-11-05,0,14
Conservative,-0.05,True,2027-02-08,0,21
Conservative,-0.05,True,2026-12-01,0,20
Conservative,-0.05,True,2027-04-22,0,31
Conservative,-0.05,True,2027-04-08,0,23
Conservative,-0.05,True,2027-02-18,0,27
Conservative,-0.05,True,2027-05-06,0,24
Conservative,-0.05,True,2027-04-08,0,32
Conservative,-0.05,True,2027-02-15,0,22
Conservative,-0.05,False,,2,37
Conservative,-0.05,True,2027-04-08,0,29
Conservative,-0.05,True,2027-02-15,0,23
Conservative,-0.05,True,2027-04-02,0,23
Conservative,-0.05,True,2027-02-15,0,25
Conservative,-0.05,True,2027-04-08,0,27
Conservative,-0.05,False,,2,33
Conservative,-0.05,True,2027-05-06,0,27
Conservative,-0.05,True,2027-02-25,0,25
Conservative,-0.05,True,2027-04-08,0,26
Conservative,-0.05,False,,3,31
Conservative,-0.05,True,2026-12-08,0,23
Conservative,-0.05,True,2027-04-08,0,27
Conservative,-0.05,True,2026-12-14,0,22
Conservative,-0.05,True,2027-04-18,0,28
Conservative,-0.05,True,2026-11-20,0,18
Conservative,-0.05,True,2027-04-18,0,30
Conservative,-0.05,True,2027-04-18,0,32
Conservative,-0.05,True,2027-04-29,0,27
Conservative,-0.05,False,,1,31
Conservative,-0.05,True,2027-02-25,0,25
Conservative,-0.05,True,2027-02-15,0,21
Conservative,-0.05,True,2027-04-22,0,28
Conservative,-0.05,True,2027-04-22,0,31
Conservative,-0.05,True,2027-04-02,0,27
Conservative,-0.05,True,2027-04-18,0,30
Conservative,-0.05,True,2027-04-15,0,32
Conservative,-0.05,True,2027-02-08,0,22
Conservative,-0.05,True,2027-02-18,0,21
Conservative,-0.05,True,2027-02-11,0,22
Conservative,-0.05,True,2027-04-08,0,31
Conservative,-0.05,True,2026-12-01,0,19
Conservative,-0.05,True,2027-04-15,0,30
Conservative,-0.05,True,2027-03-18,0,24
Conservative,-0.05,True,2027-04-02,0,24
Conservative,-0.05,True,2027-02-18,0,26
Conservative,-0.05,True,2026-12-10,0,20
Conservative,-0.05,True,2027-02-18,0,23
Conservative,-0.05,True,2027-04-15,0,28
Conservative,-0.05,True,2026-11-17,0,15
Conservative,-0.05,True,2027-05-20,0,31
Conservative,-0.05,False,,9,23
Conservative,-0.05,True,2027-02-18,0,25
Conservative,-0.05,True,2027-05-20,0,30
Conservative,-0.05,True,2027-03-18,0,29
Conservative,-0.05,True,2027-03-18,0,21
Conservative,-0.05,True,2027-04-29,0,33
Conservative,-0.05,True,2027-04-22,0,28
Conservative,-0.05,True,2027-02-11,0,26
Conservative,-0.05,False,,9,32
Conservative,-0.05,True,2027-04-15,0,29
Conservative,-0.05,True,2027-05-24,0,33
Conservative,-0.05,True,2027-04-18,0,30
Conservative,-0.05,True,2026-12-14,0,23
Conservative,-0.05,False,,1,35
Conservative,-0.05,True,2027-03-11,0,27
Conservative,-0.05,True,2027-02-11,0,23
Conservative,-0.05,True,2027-02-11,0,26
Conservative,-0.05,True,2027-03-11,0,22
Conservative,-0.05,True,2027-05-12,0,31
Conservative,-0.05,True,2027-02-25,0,27
Conservative,-0.05,False,,1,35
Conservative,-0.05,True,2027-02-18,0,26
Conservative,-0.05,True,2027-05-24,0,33
Conservative,-0.05,True,2027-02-15,0,24
Conservative,-0.05,True,2027-04-18,0,28
Conservative,-0.05,True,2027-02-11,0,21
Conservative,-0.05,True,2027-02-08,0,23
Conservative,-0.05,True,2027-04-15,0,30
Conservative,-0.05,True,2027-05-20,0,32
Conservative,-0.05,False,,5,30
Conservative,-0.05,True,2027-05-12,0,30
Conservative,-0.05,True,2027-04-22,0,27
Conservative,-0.05,True,2027-04-22,0,28
Conservative,-0.05,False,,4,30
Conservative,-0.05,True,2027-02-18,0,28
Conservative,-0.05,True,2027-04-02,0,31
Conservative,-0.05,True,2026-12-08,0,19
Conservative,-0.05,True,2027-03-11,0,26
Conservative,-0.05,True,2027-02-25,0,26
Conservative,-0.05,True,2027-04-22,0,25
Conservative,-0.05,True,2027-02-18,0,29
Conservative,-0.05,True,2027-02-11,0,20
Conservative,-0.05,True,2027-03-18,0,27
Conservative,-0.05,True,2026-12-01,0,17
Conservative,-0.05,True,2027-05-20,0,32
Conservative,-0.05,False,,5,33
Conservative,-0.05,True,2027-04-02,0,31
Conservative,-0.05,True,2027-04-29,0,33
Conservative,-0.05,True,2027-04-18,0,27
Baseline,0.0,True,2027-04-02,0,28
Baseline,0.0,True,2027-04-15,0,33
Baseline,0.0,True,2027-04-15,0,31
Baseline,0.0,True,2027-02-25,0,25
Baseline,0.0,True,2026-12-14,0,25
Baseline,0.0,True,2027-04-08,0,28
Baseline,0.0,True,2026-12-10,0,21
Baseline,0.0,True,2027-02-11,0,25
Baseline,0.0,True,2027-02-25,0,25
Baseline,0.0,True,2027-03-18,0,28
Baseline,0.0,True,2027-04-02,0,28
Baseline,0.0,True,2027-02-18,0,26
Baseline,0.0,True,2027-04-08,0,23
Baseline,0.0,True,2027-02-25,0,27
Baseline,0.0,True,2027-02-15,0,27
Baseline,0.0,True,2027-04-08,0,24
Baseline,0.0,True,2027-04-22,0,33
Baseline,0.0,True,2027-04-15,0,30
Baseline,0.0,False,,2,34
Baseline,0.0,True,2027-02-11,0,26
Baseline,0.0,True,2027-02-18,0,26
Baseline,0.0,False,,2,39
Baseline,0.0,True,2027-04-29,0,29
Baseline,0.0,True,2027-02-15,0,22
Baseline,0.0,True,2027-04-29,0,31
Baseline,0.0,True,2026-12-08,0,19
Baseline,0.0,True,2027-03-11,0,29
Baseline,0.0,True,2027-03-11,0,25
Baseline,0.0,True,2027-05-06,0,32
Baseline,0.0,True,2027-04-15,0,28
Baseline,0.0,True,2027-04-02,0,33
Baseline,0.0,True,2027-05-24,0,37
Baseline,0.0,True,2026-12-01,0,20
Baseline,0.0,True,2027-02-25,0,25
Baseline,0.0,True,2027-02-18,0,27
Baseline,0.0,True,2027-02-25,0,25
Baseline,0.0,True,2027-02-25,0,26
Baseline,0.0,True,2026-11-24,0,19
Baseline,0.0,True,2027-04-08,0,28
Baseline,0.0,True,2027-04-29,0,30
Baseline,0.0,True,2027-05-12,0,33
Baseline,0.0,True,2027-02-25,0,27
Baseline,0.0,True,2026-11-26,0,19
Baseline,0.0,False,,1,37
Baseline,0.0,True,2027-02-18,0,24
Baseline,0.0,True,2027-03-11,0,27
Baseline,0.0,True,2027-02-18,0,27
Baseline,0.0,True,2027-04-02,0,32
Baseline,0.0,True,2026-12-14,0,21
Baseline,0.0,True,2027-04-15,0,29
Baseline,0.0,True,2027-04-29,0,32
Baseline,0.0,True,2027-04-15,0,34
Baseline,0.0,True,2027-02-08,0,22
Baseline,0.0,True,2027-05-24,0,38
Baseline,0.0,True,2027-04-22,0,26
Baseline,0.0,True,2026-11-24,0,17
Baseline,0.0,True,2027-04-18,0,27
Baseline,0.0,True,2027-02-15,0,26
Baseline,0.0,True,2027-04-02,0,32
Baseline,0.0,True,2027-04-08,0,28
Baseline,0.0,True,2027-04-18,0,29
Baseline,0.0,True,2027-04-18,0,29
Baseline,0.0,True,2027-04-29,0,34
Baseline,0.0,True,2026-12-14,0,23
Baseline,0.0,True,2027-02-15,0,26
Baseline,0.0,True,2027-05-12,0,34
Baseline,0.0,True,2027-04-15,0,26
Baseline,0.0,True,2027-03-11,0,26
Baseline,0.0,True,2027-02-08,0,26
Baseline,0.0,True,2026-12-10,0,22
Baseline,0.0,True,2026-12-10,0,25
Baseline,0.0,True,2027-02-25,0,26
Baseline,0.0,True,2027-02-18,0,26
Baseline,0.0,True,2027-02-25,0,29
Baseline,0.0,True,2027-04-22,0,32
Baseline,0.0,True,2027-04-02,0,24
Baseline,0.0,True,2027-03-11,0,28
Baseline,0.0,True,2027-02-25,0,28
Baseline,0.0,True,2027-03-18,0,25
Baseline,0.0,True,2027-04-08,0,29
Baseline,0.0,True,2027-02-25,0,29
Baseline,0.0,True,2027-04-18,0,29
Baseline,0.0,True,2026-11-26,0,20
Baseline,0.0,True,2027-04-18,0,32
Baseline,0.0,True,2027-05-06,0,32
Baseline,0.0,True,2026-11-26,0,18
Baseline,0.0,True,2026-12-08,0,20
Baseline,0.0,True,2027-02-25,0,26
Baseline,0.0,True,2027-03-11,0,22
Baseline,0.0,True,2027-03-18,0,29
Baseline,0.0,True,2027-03-11,0,29
Baseline,0.0,True,2027-02-25,0,29
Baseline,0.0,True,2027-04-18,0,32
Baseline,0.0,True,2027-04-15,0,32
Baseline,0.0,True,2027-02-11,0,23
Baseline,0.0,True,2027-02-15,0,28
Baseline,0.0,True,2027-02-15,0,28
Baseline,0.0,True,2027-02-25,0,23
Baseline,0.0,True,2027-05-12,0,34
Baseline,0.0,True,2026-11-14,0,14
Baseline,0.0,True,2026-11-26,0,14
Baseline,0.0,True,2026-12-10,0,21
Baseline,0.0,True,2027-02-25,0,25
Baseline,0.0,True,2027-04-15,0,30
Baseline,0.0,True,2027-05-24,0,33
Baseline,0.0,True,2027-04-22,0,27
Baseline,0.0,True,2027-04-22,0,29
Baseline,0.0,True,2027-02-15,0,22
Baseline,0.0,True,2027-02-15,0,24
Baseline,0.0,True,2026-12-08,0,19
Baseline,0.0,True,2027-04-15,0,29
Baseline,0.0,True,2027-02-11,0,21
Baseline,0.0,True,2026-11-17,0,18
Baseline,0.0,True,2027-04-08,0,31
Baseline,0.0,True,2027-02-18,0,26
Baseline,0.0,True,2027-05-12,0,39
Baseline,0.0,True,2027-02-18,0,29
Baseline,0.0,True,2026-12-10,0,23
Baseline,0.0,True,2027-04-15,0,30
Baseline,0.0,True,2027-03-18,0,32
Baseline,0.0,True,2027-04-02,0,31
Baseline,0.0,True,2027-02-18,0,27
Baseline,0.0,True,2026-12-14,0,23
Baseline,0.0,True,2027-04-15,0,30
Baseline,0.0,True,2026-12-08,0,23
Baseline,0.0,False,,3,36
Baseline,0.0,True,2027-04-18,0,33
Baseline,0.0,True,2026-11-24,0,18
Baseline,0.0,True,2026-12-10,0,21
Baseline,0.0,True,2027-04-15,0,29
Baseline,0.0,True,2026-12-10,0,20
Baseline,0.0,True,2027-03-18,0,31
Baseline,0.0,False,,2,32
Baseline,0.0,True,2027-04-18,0,28
Baseline,0.0,True,2027-02-11,0,21
Baseline,0.0,True,2027-04-02,0,30
Baseline,0.0,True,2027-04-02,0,28
Baseline,0.0,True,2027-02-18,0,20
Baseline,0.0,True,2027-04-08,0,29
Baseline,0.0,True,2027-02-25,0,30
Baseline,0.0,True,2027-05-20,0,35
Baseline,0.0,True,2027-02-15,0,23
Baseline,0.0,False,,3,34
Baseline,0.0,True,2027-05-20,0,37
Baseline,0.0,True,2027-04-02,0,27
Baseline,0.0,True,2027-05-12,0,39
Baseline,0.0,False,,1,35
Baseline,0.0,True,2027-02-18,0,25
Baseline,0.0,True,2026-12-14,0,23
Baseline,0.0,True,2027-03-11,0,27
Baseline,0.0,True,2027-02-18,0,26
Baseline,0.0,True,2027-02-11,0,22
Baseline,0.0,True,2026-11-26,0,17
Baseline,0.0,True,2027-02-18,0,24
Baseline,0.0,True,2026-12-10,0,24
Baseline,0.0,True,2027-02-15,0,29
Baseline,0.0,True,2027-02-11,0,24
Baseline,0.0,True,2027-02-11,0,26
Baseline,0.0,True,2026-12-14,0,21
Baseline,0.0,False,,3,35
Baseline,0.0,True,2027-02-15,0,26
Baseline,0.0,True,2027-04-18,0,29
Baseline,0.0,False,,2,36
Baseline,0.0,True,2027-04-02,0,28
Baseline,0.0,True,2026-11-17,0,16
Baseline,0.0,True,2027-04-15,0,28
Baseline,0.0,True,2027-02-08,0,21
Baseline,0.0,True,2027-02-18,0,25
Baseline,0.0,True,2026-12-14,0,23
Baseline,0.0,True,2027-02-18,0,23
Baseline,0.0,True,2027-02-08,0,24
Baseline,0.0,True,2026-12-08,0,23
Baseline,0.0,True,2027-02-08,0,22
Baseline,0.0,True,2027-02-11,0,24
Baseline,0.0,True,2026-12-08,0,22
Baseline,0.0,True,2026-12-14,0,21
Baseline,0.0,True,2027-05-06,0,35
Baseline,0.0,True,2027-02-08,0,18
Baseline,0.0,True,2027-04-15,0,29
Baseline,0.0,True,2027-04-08,0,32
Baseline,0.0,True,2027-02-11,0,27
Baseline,0.0,True,2027-02-15,0,23
Baseline,0.0,True,2026-12-01,0,17
Baseline,0.0,True,2027-03-18,0,24
Baseline,0.0,True,2027-02-08,0,24
Baseline,0.0,True,2026-12-14,0,23
Baseline,0.0,True,2027-04-18,0,33
Baseline,0.0,True,2027-02-11,0,23
Baseline,0.0,True,2027-05-12,0,32
Baseline,0.0,True,2027-05-06,0,33
Baseline,0.0,True,2027-02-11,0,24
Baseline,0.0,True,2027-02-08,0,26
Baseline,0.0,True,2027-02-08,0,24
Baseline,0.0,False,,7,32
Baseline,0.0,True,2027-04-18,0,26
Baseline,0.0,True,2026-12-08,0,24
Baseline,0.0,True,2027-03-11,0,23
Baseline,0.0,True,2027-05-20,0,40
Baseline,0.0,True,2027-05-20,0,36
Baseline,0.0,True,2027-02-11,0,27
Baseline,0.0,True,2027-03-11,0,29
Baseline,0.0,False,,4,37
Baseline,0.0,True,2027-04-02,0,26
Baseline,0.0,True,2027-02-15,0,24
Baseline,0.0,True,2026-11-20,0,15
Baseline,0.0,True,2027-04-29,0,31
Baseline,0.0,True,2027-02-15,0,25
Baseline,0.0,True,2027-02-25,0,26
Baseline,0.0,True,2027-02-11,0,23
Baseline,0.0,True,2027-02-25,0,25
Baseline,0.0,True,2027-02-18,0,24
Baseline,0.0,True,2027-02-18,0,23
Baseline,0.0,True,2027-02-25,0,27
Baseline,0.0,True,2027-05-06,0,33
Baseline,0.0,False,,4,39
Baseline,0.0,True,2027-04-15,0,31
Baseline,0.0,True,2027-04-08,0,30
Baseline,0.0,True,2027-05-20,0,34
Baseline,0.0,True,2027-04-22,0,33
Baseline,0.0,True,2027-02-08,0,22
Baseline,0.0,True,2026-12-08,0,22
Baseline,0.0,True,2027-02-25,0,26
Baseline,0.0,True,2027-02-18,0,23
Baseline,0.0,True,2027-02-08,0,21
Baseline,0.0,True,2027-05-20,0,38
Baseline,0.0,True,2027-05-24,0,32
Baseline,0.0,True,2027-04-15,0,34
Baseline,0.0,True,2027-03-11,0,23
Baseline,0.0,True,2027-04-08,0,27
Baseline,0.0,True,2027-05-12,0,35
Baseline,0.0,True,2027-05-12,0,38
Baseline,0.0,True,2027-02-15,0,23
Baseline,0.0,True,2027-05-06,0,32
Baseline,0.0,True,2027-05-06,0,30
Baseline,0.0,True,2027-04-15,0,26
Baseline,0.0,True,2027-05-06,0,29
Baseline,0.0,True,2027-02-08,0,24
Baseline,0.0,True,2027-02-15,0,25
Baseline,0.0,True,2027-05-24,0,36
Baseline,0.0,True,2027-03-18,0,25
Baseline,0.0,True,2027-05-06,0,29
Baseline,0.0,True,2027-05-24,0,33
Baseline,0.0,True,2027-02-18,0,20
Baseline,0.0,True,2027-02-25,0,26
Baseline,0.0,True,2027-04-02,0,31
Baseline,0.0,True,2027-04-18,0,34
Baseline,0.0,True,2027-05-06,0,33
Baseline,0.0,True,2027-04-15,0,28
Baseline,0.0,True,2027-02-08,0,22
Baseline,0.0,True,2027-02-08,0,25
Baseline,0.0,True,2026-12-14,0,23
Baseline,0.0,True,2027-05-06,0,32
Baseline,0.0,True,2027-02-08,0,22
Baseline,0.0,True,2027-02-08,0,19
Baseline,0.0,True,2026-12-08,0,20
Baseline,0.0,True,2027-05-28,0,38
Baseline,0.0,True,2027-04-22,0,26
Baseline,0.0,True,2027-03-18,0,30
Baseline,0.0,True,2027-04-22,0,31
Baseline,0.0,True,2027-04-02,0,29
Baseline,0.0,True,2026-12-01,0,19
Baseline,0.0,True,2027-03-18,0,29
Baseline,0.0,True,2027-05-12,0,33
Baseline,0.0,True,2027-04-08,0,32
Baseline,0.0,True,2027-04-08,0,32
Baseline,0.0,True,2027-03-18,0,24
Baseline,0.0,True,2027-02-08,0,22
Baseline,0.0,True,2027-03-11,0,29
Baseline,0.0,True,2027-02-08,0,20
Baseline,0.0,True,2027-02-18,0,22
Baseline,0.0,True,2027-04-22,0,33
Baseline,0.0,True,2027-04-08,0,35
Baseline,0.0,True,2027-04-18,0,31
Baseline,0.0,True,2026-11-26,0,20
Baseline,0.0,True,2027-02-18,0,28
Baseline,0.0,True,2027-04-15,0,27
Baseline,0.0,True,2027-02-18,0,22
Baseline,0.0,True,2026-12-08,0,24
Baseline,0.0,True,2027-02-15,0,25
Baseline,0.0,False,,4,31
Baseline,0.0,True,2027-04-15,0,29
Baseline,0.0,True,2027-02-15,0,22
Baseline,0.0,True,2027-04-02,0,28
Baseline,0.0,True,2027-04-18,0,31
Baseline,0.0,True,2027-04-08,0,26
Baseline,0.0,True,2026-12-08,0,21
Baseline,0.0,True,2027-03-18,0,27
Baseline,0.0,True,2027-04-02,0,31
Baseline,0.0,True,2027-02-15,0,23
Baseline,0.0,True,2027-02-18,0,24
Baseline,0.0,True,2027-02-15,0,24
Baseline,0.0,True,2027-02-18,0,27
Baseline,0.0,True,2027-04-02,0,26
Baseline,0.0,True,2027-04-22,0,35
Baseline,0.0,True,2027-04-18,0,31
Baseline,0.0,True,2027-04-02,0,29
Baseline,0.0,True,2026-12-10,0,24
Baseline,0.0,True,2027-02-11,0,24
Baseline,0.0,True,2027-04-08,0,26
Baseline,0.0,True,2027-02-18,0,26
Baseline,0.0,False,,6,27
Baseline,0.0,True,2027-04-18,0,26
Baseline,0.0,True,2027-02-25,0,24
Baseline,0.0,True,2027-05-06,0,34
Baseline,0.0,True,2026-12-08,0,21
Baseline,0.0,True,2027-03-18,0,30
Baseline,0.0,True,2027-02-08,0,22
Baseline,0.0,True,2027-04-29,0,35
Baseline,0.0,False,,3,34
Baseline,0.0,True,2027-02-25,0,25
Baseline,0.0,True,2027-03-18,0,27
Baseline,0.0,True,2027-05-20,0,37
Baseline,0.0,True,2027-04-15,0,31
Baseline,0.0,True,2027-02-08,0,22
Baseline,0.0,True,2027-02-25,0,27
Baseline,0.0,True,2027-05-12,0,35
Baseline,0.0,True,2027-02-25,0,25
Baseline,0.0,True,2027-02-15,0,25
Baseline,0.0,True,2027-03-11,0,22
Baseline,0.0,True,2027-02-18,0,26
Baseline,0.0,True,2027-04-18,0,30
Baseline,0.0,True,2027-02-25,0,27
Baseline,0.0,True,2026-12-10,0,21
Baseline,0.0,True,2027-04-15,0,31
Baseline,0.0,True,2027-03-11,0,28
Baseline,0.0,True,2026-12-10,0,22
Baseline,0.0,True,2026-12-14,0,24
Baseline,0.0,True,2027-02-11,0,23
Baseline,0.0,True,2027-03-18,0,30
Baseline,0.0,False,,1,36
Baseline,0.0,True,2027-04-15,0,31
Baseline,0.0,True,2027-05-06,0,30
Baseline,0.0,True,2026-12-08,0,23
Baseline,0.0,True,2026-12-14,0,19
Baseline,0.0,True,2027-04-22,0,32
Baseline,0.0,True,2027-04-18,0,31
Baseline,0.0,True,2026-12-14,0,15
Baseline,0.0,True,2026-12-14,0,25
Baseline,0.0,False,,3,30
Baseline,0.0,True,2026-11-20,0,17
Baseline,0.0,False,,6,34
Baseline,0.0,False,,1,36
Baseline,0.0,True,2027-04-15,0,27
Baseline,0.0,True,2027-03-18,0,31
Baseline,0.0,True,2027-02-11,0,20
Baseline,0.0,True,2026-12-08,0,20
Baseline,0.0,True,2027-05-06,0,28
Baseline,0.0,True,2027-02-15,0,27
Baseline,0.0,True,2027-02-18,0,27
Baseline,0.0,True,2027-04-29,0,32
Baseline,0.0,True,2027-02-25,0,29
Baseline,0.0,True,2027-02-08,0,23
Baseline,0.0,False,,3,34
Baseline,0.0,True,2027-02-25,0,24
Baseline,0.0,True,2027-03-18,0,25
Baseline,0.0,True,2026-11-05,0,15
Baseline,0.0,True,2027-02-25,0,28
Baseline,0.0,True,2027-04-15,0,33
Baseline,0.0,True,2027-05-12,0,34
Baseline,0.0,True,2027-02-15,0,28
Baseline,0.0,True,2027-05-20,0,29
Baseline,0.0,True,2027-04-08,0,30
Baseline,0.0,True,2026-12-10,0,24
Baseline,0.0,True,2027-02-18,0,21
Baseline,0.0,True,2027-02-25,0,26
Baseline,0.0,True,2026-12-03,0,19
Baseline,0.0,True,2027-02-08,0,23
Baseline,0.0,True,2027-05-06,0,33
Baseline,0.0,True,2027-04-22,0,29
Baseline,0.0,True,2027-02-18,0,28
Baseline,0.0,True,2027-05-12,0,34
Baseline,0.0,False,,1,33
Baseline,0.0,True,2027-03-11,0,27
Baseline,0.0,True,2027-03-18,0,31
Baseline,0.0,True,2027-04-18,0,31
Baseline,0.0,True,2027-04-18,0,35
Baseline,0.0,True,2027-02-25,0,25
Baseline,0.0,True,2026-11-20,0,17
Baseline,0.0,True,2026-12-14,0,21
Baseline,0.0,True,2027-02-08,0,23
Baseline,0.0,True,2026-12-08,0,23
Baseline,0.0,True,2027-03-18,0,29
Baseline,0.0,True,2026-12-10,0,25
Baseline,0.0,True,2026-12-10,0,20
Baseline,0.0,True,2027-04-18,0,34
Baseline,0.0,True,2026-12-08,0,23
Baseline,0.0,True,2027-05-06,0,35
Baseline,0.0,True,2027-02-11,0,23
Baseline,0.0,True,2026-12-03,0,21
Baseline,0.0,True,2027-04-08,0,32
Baseline,0.0,True,2026-12-08,0,24
Baseline,0.0,True,2027-04-18,0,35
Baseline,0.0,True,2027-04-15,0,32
Baseline,0.0,True,2027-04-02,0,30
Baseline,0.0,True,2027-04-02,0,26
Baseline,0.0,True,2027-02-18,0,28
Baseline,0.0,True,2027-05-20,0,39
Baseline,0.0,False,,1,36
Baseline,0.0,True,2027-04-02,0,27
Baseline,0.0,True,2026-12-08,0,21
Baseline,0.0,True,2027-04-29,0,32
Baseline,0.0,True,2027-04-08,0,29
Baseline,0.0,True,2027-02-18,0,26
Baseline,0.0,True,2026-11-26,0,19
Baseline,0.0,True,2027-04-08,0,31
Baseline,0.0,True,2027-02-18,0,26
Baseline,0.0,True,2026-12-10,0,23
Baseline,0.0,True,2027-02-15,0,27
Baseline,0.0,False,,1,34
Baseline,0.0,True,2027-04-15,0,27
Baseline,0.0,True,2027-04-02,0,30
Baseline,0.0,True,2027-02-15,0,22
Baseline,0.0,True,2026-12-03,0,21
Baseline,0.0,True,2027-04-02,0,28
Baseline,0.0,False,,4,38
Baseline,0.0,True,2027-02-25,0,26
Baseline,0.0,True,2027-04-18,0,36
Baseline,0.0,True,2027-02-11,0,23
Baseline,0.0,True,2027-03-11,0,27
Baseline,0.0,True,2027-04-15,0,27
Baseline,0.0,True,2026-11-26,0,16
Baseline,0.0,True,2026-12-14,0,22
Baseline,0.0,True,2026-11-20,0,17
Baseline,0.0,False,,1,38
Baseline,0.0,True,2026-12-03,0,20
Baseline,0.0,True,2026-12-14,0,23
Baseline,0.0,True,2027-05-12,0,35
Baseline,0.0,True,2026-12-14,0,24
Baseline,0.0,True,2027-05-20,0,32
Baseline,0.0,True,2027-04-15,0,32
Baseline,0.0,True,2027-02-25,0,23
Baseline,0.0,True,2027-04-18,0,27
Baseline,0.0,True,2026-12-14,0,25
Baseline,0.0,True,2027-02-25,0,25
Baseline,0.0,True,2027-04-15,0,32
Baseline,0.0,True,2027-04-18,0,32
Baseline,0.0,True,2026-12-03,0,23
Baseline,0.0,True,2026-12-03,0,22
Baseline,0.0,True,2027-03-18,0,22
Baseline,0.0,True,2027-03-11,0,27
Baseline,0.0,True,2027-03-18,0,26
Baseline,0.0,True,2027-02-11,0,22
Baseline,0.0,True,2027-02-25,0,30
Baseline,0.0,True,2027-05-12,0,30
Baseline,0.0,True,2026-12-03,0,21
Baseline,0.0,True,2027-03-18,0,18
Baseline,0.0,False,,3,32
Baseline,0.0,True,2027-02-15,0,21
Baseline,0.0,False,,1,35
Baseline,0.0,True,2026-12-14,0,21
Baseline,0.0,True,2027-04-08,0,31
Baseline,0.0,True,2027-04-29,0,26
Baseline,0.0,True,2027-02-25,0,26
Baseline,0.0,True,2027-02-18,0,27
Baseline,0.0,True,2027-04-02,0,27
Baseline,0.0,True,2027-04-08,0,27
Baseline,0.0,True,2026-11-26,0,15
Baseline,0.0,True,2026-12-03,0,18
Baseline,0.0,True,2026-12-01,0,19
Baseline,0.0,True,2027-04-02,0,27
Baseline,0.0,True,2027-02-15,0,27
Baseline,0.0,True,2026-12-10,0,20
Baseline,0.0,True,2027-02-11,0,22
Baseline,0.0,True,2027-03-11,0,24
Baseline,0.0,True,2027-02-25,0,28
Baseline,0.0,True,2026-12-08,0,23
Baseline,0.0,True,2027-02-18,0,25
Baseline,0.0,True,2027-04-02,0,29
Baseline,0.0,True,2026-11-26,0,21
Baseline,0.0,True,2027-03-18,0,29
Baseline,0.0,True,2027-04-08,0,28
Baseline,0.0,True,2027-02-25,0,29
Baseline,0.0,True,2026-12-08,0,22
Baseline,0.0,True,2026-12-14,0,21
Baseline,0.0,True,2027-04-15,0,26
Baseline,0.0,True,2027-02-15,0,24
Baseline,0.0,True,2026-12-03,0,18
Baseline,0.0,True,2027-03-11,0,27
Baseline,0.0,True,2027-02-25,0,28
Baseline,0.0,True,2027-05-06,0,30
Baseline,0.0,True,2027-04-18,0,32
Baseline,0.0,True,2026-12-03,0,22
Baseline,0.0,True,2027-02-18,0,27
Baseline,0.0,True,2027-03-11,0,27
Baseline,0.0,True,2027-04-02,0,23
Baseline,0.0,True,2027-02-18,0,27
Baseline,0.0,True,2027-04-02,0,26
Baseline,0.0,True,2027-02-25,0,28
Baseline,0.0,True,2027-04-15,0,35
Baseline,0.0,True,2027-04-15,0,32
Baseline,0.0,True,2027-02-08,0,22
Baseline,0.0,True,2027-04-18,0,33
Baseline,0.0,True,2026-12-14,0,21
Baseline,0.0,True,2027-05-12,0,31
Baseline,0.0,True,2026-11-26,0,20
Baseline,0.0,True,2027-02-08,0,20
Baseline,0.0,True,2027-04-29,0,28
Baseline,0.0,True,2026-12-14,0,25
Baseline,0.0,True,2027-03-18,0,27
Baseline,0.0,True,2027-02-25,0,27
Baseline,0.0,False,,2,36
Baseline,0.0,True,2027-04-29,0,36
Baseline,0.0,True,2027-02-25,0,27
Baseline,0.0,True,2027-03-11,0,33
Baseline,0.0,False,,2,36
Baseline,0.0,True,2027-04-08,0,31
Baseline,0.0,True,2027-03-18,0,27
Baseline,0.0,True,2026-12-08,0,22
Baseline,0.0,True,2027-04-22,0,28
Baseline,0.0,True,2026-12-03,0,21
Baseline,0.0,True,2027-04-15,0,29
Baseline,0.0,True,2027-03-11,0,21
Baseline,0.0,True,2027-04-18,0,25
Baseline,0.0,False,,4,38
Baseline,0.0,True,2027-03-18,0,27
Baseline,0.0,True,2027-02-08,0,25
Baseline,0.0,True,2026-11-26,0,20
Baseline,0.0,True,2027-04-08,0,32
Baseline,0.0,True,2026-12-08,0,23
Baseline,0.0,True,2026-11-24,0,18
Baseline,0.0,True,2027-05-24,0,38
Baseline,0.0,True,2026-12-08,0,21
Baseline,0.0,True,2027-02-11,0,25
Baseline,0.0,True,2027-04-08,0,32
Baseline,0.0,True,2027-02-25,0,20
Baseline,0.0,True,2027-05-24,0,36
Baseline,0.0,True,2027-04-08,0,33
Baseline,0.0,False,,3,34
Baseline,0.0,True,2027-04-15,0,26
Baseline,0.0,True,2027-04-22,0,29
Baseline,0.0,True,2027-02-25,0,28
Baseline,0.0,True,2027-05-24,0,32
Baseline,0.0,True,2027-05-12,0,37
Baseline,0.0,True,2027-02-15,0,24
Baseline,0.0,True,2027-04-18,0,27
Baseline,0.0,True,2027-03-11,0,24
Baseline,0.0,True,2027-05-06,0,27
Baseline,0.0,True,2027-03-18,0,24
Baseline,0.0,True,2027-02-18,0,23
Baseline,0.0,True,2026-12-03,0,22
Baseline,0.0,True,2026-12-01,0,19
Baseline,0.0,True,2027-05-20,0,38
Baseline,0.0,True,2027-02-18,0,22
Baseline,0.0,False,,2,34
Baseline,0.0,False,,3,36
Baseline,0.0,True,2026-11-20,0,15
Baseline,0.0,True,2026-12-10,0,18
Baseline,0.0,False,,1,32
Baseline,0.0,True,2027-04-08,0,31
Baseline,0.0,True,2027-04-29,0,34
Baseline,0.0,True,2027-02-25,0,28
Baseline,0.0,True,2027-05-28,0,38
Baseline,0.0,True,2026-12-14,0,23
Baseline,0.0,True,2026-11-26,0,21
Baseline,0.0,True,2027-02-18,0,26
Baseline,0.0,True,2027-03-11,0,27
Baseline,0.0,True,2027-04-22,0,31
Baseline,0.0,True,2027-02-08,0,22
Baseline,0.0,True,2027-03-18,0,29
Baseline,0.0,True,2027-02-08,0,23
Baseline,0.0,True,2027-05-12,0,33
Baseline,0.0,True,2026-11-20,0,19
Baseline,0.0,True,2027-03-18,0,30
Baseline,0.0,True,2027-03-18,0,27
Baseline,0.0,True,2027-04-02,0,29
Baseline,0.0,True,2027-04-02,0,31
Baseline,0.0,True,2027-03-18,0,26
Baseline,0.0,True,2027-03-18,0,31
Baseline,0.0,True,2027-03-11,0,24
Baseline,0.0,True,2027-05-12,0,28
Baseline,0.0,True,2027-04-02,0,25
Baseline,0.0,True,2027-05-20,0,35
Baseline,0.0,False,,2,37
Baseline,0.0,True,2027-02-18,0,23
Baseline,0.0,True,2026-12-01,0,23
Baseline,0.0,True,2027-05-24,0,38
Baseline,0.0,True,2026-11-14,0,16
Baseline,0.0,True,2027-02-15,0,26
Baseline,0.0,True,2026-11-24,0,18
Baseline,0.0,True,2027-02-25,0,28
Baseline,0.0,True,2027-04-08,0,32
Baseline,0.0,True,2026-11-02,0,14
Baseline,0.0,True,2026-12-10,0,23
Baseline,0.0,True,2027-04-08,0,31
Baseline,0.0,True,2027-04-29,0,34
Baseline,0.0,True,2027-04-15,0,28
Baseline,0.0,True,2027-04-08,0,29
Baseline,0.0,True,2026-11-20,0,16
Baseline,0.0,True,2027-02-18,0,28
Baseline,0.0,True,2027-02-11,0,23
Baseline,0.0,True,2027-04-18,0,34
Baseline,0.0,True,2027-04-08,0,30
Baseline,0.0,True,2027-02-18,0,26
Baseline,0.0,True,2027-05-24,0,35
Baseline,0.0,True,2027-04-29,0,32
Baseline,0.0,True,2027-02-08,0,25
Baseline,0.0,True,2027-02-08,0,18
Baseline,0.0,True,2027-02-18,0,28
Baseline,0.0,True,2027-04-02,0,30
Baseline,0.0,True,2027-05-06,0,29
Baseline,0.0,False,,4,35
Baseline,0.0,True,2027-04-08,0,31
Baseline,0.0,True,2026-11-24,0,17
Baseline,0.0,True,2027-02-08,0,25
Baseline,0.0,True,2027-05-20,0,38
Baseline,0.0,True,2027-05-20,0,37
Baseline,0.0,True,2027-03-18,0,31
Baseline,0.0,True,2027-04-22,0,32
Baseline,0.0,True,2027-04-22,0,37
Baseline,0.0,True,2027-03-18,0,28
Baseline,0.0,True,2027-02-15,0,27
Baseline,0.0,True,2026-12-03,0,21
Baseline,0.0,True,2027-04-08,0,28
Baseline,0.0,True,2027-05-20,0,33
Baseline,0.0,True,2027-04-22,0,31
Baseline,0.0,True,2027-02-08,0,23
Baseline,0.0,True,2027-04-02,0,28
Baseline,0.0,True,2026-11-17,0,16
Baseline,0.0,True,2026-11-20,0,18
Baseline,0.0,True,2026-11-24,0,20
Baseline,0.0,True,2027-02-18,0,29
Baseline,0.0,True,2027-02-11,0,25
Baseline,0.0,True,2027-04-15,0,28
Baseline,0.0,True,2027-04-18,0,31
Baseline,0.0,True,2027-05-20,0,36
Baseline,0.0,True,2026-12-01,0,18
Baseline,0.0,True,2027-04-02,0,31
Baseline,0.0,True,2026-11-20,0,17
Baseline,0.0,True,2027-03-11,0,29
Baseline,0.0,True,2027-05-06,0,30
Baseline,0.0,True,2027-02-08,0,26
Baseline,0.0,True,2027-02-18,0,25
Baseline,0.0,True,2027-02-18,0,21
Baseline,0.0,True,2027-03-11,0,28
Baseline,0.0,True,2027-04-15,0,31
Baseline,0.0,True,2027-02-11,0,23
Baseline,0.0,False,,5,32
Baseline,0.0,True,2027-02-18,0,25
Baseline,0.0,True,2027-04-08,0,23
Baseline,0.0,True,2026-11-26,0,18
Baseline,0.0,True,2027-04-08,0,31
Baseline,0.0,True,2027-04-29,0,33
Baseline,0.0,True,2027-05-20,0,39
Baseline,0.0,True,2027-02-08,0,24
Baseline,0.0,True,2027-02-18,0,26
Baseline,0.0,True,2027-02-08,0,20
Baseline,0.0,False,,1,32
Baseline,0.0,False,,5,27
Baseline,0.0,True,2027-02-25,0,25
Baseline,0.0,True,2027-02-18,0,24
Baseline,0.0,True,2027-02-15,0,26
Baseline,0.0,True,2027-03-18,0,29
Baseline,0.0,True,2027-04-15,0,33
Baseline,0.0,True,2027-04-22,0,32
Baseline,0.0,True,2027-05-06,0,33
Baseline,0.0,True,2027-04-02,0,27
Baseline,0.0,True,2027-02-08,0,24
Baseline,0.0,True,2026-12-10,0,23
Baseline,0.0,True,2026-12-14,0,21
Baseline,0.0,True,2027-04-18,0,31
Baseline,0.0,True,2027-02-25,0,25
Baseline,0.0,True,2027-04-29,0,29
Baseline,0.0,True,2027-04-22,0,31
Baseline,0.0,True,2027-03-18,0,27
Baseline,0.0,True,2026-11-26,0,19
Baseline,0.0,True,2027-02-15,0,27
Baseline,0.0,True,2027-04-02,0,29
Baseline,0.0,True,2027-05-28,0,34
Baseline,0.0,True,2027-02-25,0,27
Baseline,0.0,True,2027-04-29,0,31
Baseline,0.0,True,2027-03-11,0,29
Baseline,0.0,True,2026-12-14,0,24
Baseline,0.0,True,2027-04-15,0,31
Baseline,0.0,True,2026-11-17,0,18
Baseline,0.0,True,2027-05-06,0,35
Baseline,0.0,True,2026-12-10,0,21
Baseline,0.0,True,2027-04-15,0,30
Baseline,0.0,True,2027-02-15,0,26
Baseline,0.0,True,2027-04-08,0,28
Baseline,0.0,True,2027-02-11,0,22
Baseline,0.0,True,2027-05-20,0,32
Baseline,0.0,True,2026-12-10,0,20
Baseline,0.0,True,2027-02-11,0,26
Baseline,0.0,True,2027-05-12,0,35
Baseline,0.0,True,2027-04-02,0,32
Baseline,0.0,True,2027-03-18,0,26
Baseline,0.0,True,2027-02-18,0,24
Baseline,0.0,True,2027-02-15,0,25
Baseline,0.0,True,2027-04-15,0,32
Baseline,0.0,False,,4,30
Baseline,0.0,True,2027-02-11,0,26
Baseline,0.0,True,2027-04-02,0,29
Baseline,0.0,True,2026-12-08,0,20
Baseline,0.0,True,2026-12-14,0,21
Baseline,0.0,True,2027-02-18,0,26
Baseline,0.0,True,2026-11-24,0,18
Baseline,0.0,True,2027-05-06,0,35
Baseline,0.0,True,2027-04-29,0,31
Baseline,0.0,False,,2,38
Baseline,0.0,True,2027-04-15,0,32
Baseline,0.0,True,2027-04-22,0,33
Baseline,0.0,True,2026-12-03,0,17
Baseline,0.0,True,2027-03-18,0,30
Baseline,0.0,True,2027-02-08,0,27
Baseline,0.0,True,2027-02-18,0,22
Baseline,0.0,True,2027-03-11,0,27
Baseline,0.0,True,2027-04-22,0,34
Baseline,0.0,True,2027-03-18,0,29
Baseline,0.0,True,2027-04-15,0,32
Baseline,0.0,True,2026-11-26,0,21
Baseline,0.0,True,2027-02-25,0,22
Baseline,0.0,True,2027-02-15,0,24
Baseline,0.0,True,2027-04-29,0,28
Baseline,0.0,True,2027-02-25,0,25
Baseline,0.0,True,2027-04-02,0,30
Baseline,0.0,True,2027-02-18,0,28
Baseline,0.0,True,2027-03-11,0,25
Baseline,0.0,True,2027-02-11,0,26
Baseline,0.0,True,2027-03-18,0,25
Baseline,0.0,True,2027-02-08,0,22
Baseline,0.0,True,2027-02-18,0,26
Baseline,0.0,True,2026-12-01,0,21
Baseline,0.0,True,2027-04-08,0,31
Baseline,0.0,True,2027-03-18,0,26
Baseline,0.0,True,2027-02-15,0,23
Baseline,0.0,True,2027-02-18,0,25
Baseline,0.0,True,2027-04-02,0,26
Baseline,0.0,True,2026-12-03,0,20
Baseline,0.0,True,2027-02-18,0,25
Baseline,0.0,True,2026-12-10,0,18
Baseline,0.0,False,,2,30
Baseline,0.0,True,2027-04-02,0,28
Baseline,0.0,True,2026-12-03,0,21
Baseline,0.0,True,2026-11-20,0,18
Baseline,0.0,True,2027-04-02,0,28
Baseline,0.0,True,2027-04-29,0,29
Baseline,0.0,True,2027-05-20,0,36
Baseline,0.0,True,2027-04-02,0,32
Baseline,0.0,True,2027-05-20,0,39
Baseline,0.0,True,2027-03-18,0,30
Baseline,0.0,True,2027-05-24,0,39
Baseline,0.0,True,2027-04-15,0,29
Baseline,0.0,True,2027-02-15,0,20
Baseline,0.0,True,2027-04-29,0,29
Baseline,0.0,True,2027-04-02,0,30
Baseline,0.0,True,2027-04-29,0,28
Baseline,0.0,False,,3,34
Baseline,0.0,True,2027-03-11,0,23
Baseline,0.0,True,2027-02-08,0,22
Baseline,0.0,True,2027-04-02,0,30
Baseline,0.0,True,2027-04-18,0,35
Baseline,0.0,True,2027-04-15,0,31
Baseline,0.0,True,2027-04-22,0,32
Baseline,0.0,True,2027-02-11,0,27
Baseline,0.0,True,2027-02-11,0,22
Baseline,0.0,True,2027-02-08,0,22
Baseline,0.0,True,2027-04-08,0,25
Baseline,0.0,True,2027-05-12,0,35
Baseline,0.0,True,2027-05-24,0,35
Baseline,0.0,True,2026-11-20,0,18
Baseline,0.0,True,2027-02-15,0,26
Baseline,0.0,False,,4,37
Baseline,0.0,True,2027-05-24,0,42
Baseline,0.0,True,2026-11-20,0,18
Baseline,0.0,True,2027-05-20,0,33
Baseline,0.0,True,2027-05-28,0,35
Baseline,0.0,False,,2,32
Baseline,0.0,True,2026-11-20,0,18
Baseline,0.0,True,2026-11-20,0,19
Baseline,0.0,True,2027-04-29,0,27
Baseline,0.0,True,2027-05-24,0,37
Baseline,0.0,False,,1,33
Baseline,0.0,True,2027-03-18,0,25
Baseline,0.0,True,2027-02-25,0,24
Baseline,0.0,True,2027-03-18,0,24
Baseline,0.0,True,2027-02-18,0,24
Baseline,0.0,True,2026-12-03,0,18
Baseline,0.0,True,2027-02-25,0,29
Baseline,0.0,False,,5,32
Baseline,0.0,True,2027-04-29,0,32
Baseline,0.0,True,2027-02-08,0,25
Baseline,0.0,True,2027-02-18,0,24
Baseline,0.0,True,2027-02-25,0,26
Baseline,0.0,True,2027-04-08,0,32
Baseline,0.0,True,2027-02-25,0,24
Baseline,0.0,True,2026-11-02,0,14
Baseline,0.0,True,2027-04-18,0,28
Baseline,0.0,True,2027-05-06,0,27
Baseline,0.0,True,2026-12-03,0,22
Baseline,0.0,True,2027-04-02,0,30
Baseline,0.0,True,2026-11-26,0,18
Baseline,0.0,True,2027-04-15,0,28
Baseline,0.0,True,2027-05-06,0,35
Baseline,0.0,True,2027-02-15,0,25
Baseline,0.0,True,2026-11-14,0,16
Baseline,0.0,True,2027-04-02,0,29
Baseline,0.0,True,2027-04-15,0,32
Baseline,0.0,True,2027-05-20,0,37
Baseline,0.0,False,,2,33
Baseline,0.0,True,2027-04-02,0,29
Baseline,0.0,True,2027-04-22,0,34
Baseline,0.0,True,2027-02-08,0,24
Baseline,0.0,True,2027-03-18,0,26
Baseline,0.0,True,2026-12-10,0,23
Baseline,0.0,True,2027-04-15,0,33
Baseline,0.0,True,2026-11-17,0,16
Baseline,0.0,True,2027-02-18,0,26
Baseline,0.0,True,2027-02-08,0,22
Baseline,0.0,True,2027-02-18,0,23
Baseline,0.0,True,2027-04-02,0,31
Baseline,0.0,True,2026-12-03,0,20
Baseline,0.0,True,2027-04-15,0,30
Baseline,0.0,True,2027-05-24,0,33
Baseline,0.0,True,2027-04-18,0,34
Baseline,0.0,True,2026-12-10,0,22
Baseline,0.0,True,2027-04-22,0,33
Baseline,0.0,True,2027-04-29,0,31
Baseline,0.0,True,2027-04-18,0,36
Baseline,0.0,True,2027-05-12,0,33
Baseline,0.0,True,2027-02-18,0,24
Baseline,0.0,True,2027-02-11,0,24
Baseline,0.0,True,2027-03-11,0,26
Baseline,0.0,True,2026-12-03,0,21
Baseline,0.0,True,2027-05-12,0,34
Baseline,0.0,True,2027-05-20,0,29
Baseline,0.0,True,2027-02-11,0,26
Baseline,0.0,True,2027-04-18,0,33
Baseline,0.0,True,2026-12-10,0,21
Baseline,0.0,True,2027-04-02,0,26
Baseline,0.0,True,2027-05-12,0,31
Baseline,0.0,True,2027-03-18,0,28
Baseline,0.0,True,2026-12-03,0,18
Baseline,0.0,True,2027-04-18,0,30
Baseline,0.0,True,2027-04-29,0,32
Baseline,0.0,True,2027-02-18,0,21
Baseline,0.0,True,2027-04-02,0,31
Baseline,0.0,True,2027-02-15,0,24
Baseline,0.0,False,,1,38
Baseline,0.0,True,2027-02-11,0,25
Baseline,0.0,True,2027-03-11,0,26
Baseline,0.0,True,2027-02-25,0,24
Baseline,0.0,True,2027-05-28,0,37
Baseline,0.0,True,2027-02-18,0,28
Baseline,0.0,False,,2,30
Baseline,0.0,True,2027-02-25,0,27
Baseline,0.0,True,2027-02-08,0,25
Baseline,0.0,True,2027-02-11,0,24
Baseline,0.0,True,2027-04-18,0,25
Baseline,0.0,True,2027-04-15,0,28
Baseline,0.0,True,2027-04-02,0,30
Baseline,0.0,True,2027-02-18,0,24
Baseline,0.0,True,2027-02-25,0,23
Baseline,0.0,True,2027-02-25,0,23
Baseline,0.0,False,,4,33
Baseline,0.0,True,2027-03-18,0,28
Baseline,0.0,True,2026-12-10,0,23
Baseline,0.0,True,2027-02-15,0,24
Baseline,0.0,True,2027-04-18,0,32
Baseline,0.0,True,2027-05-06,0,30
Baseline,0.0,True,2026-11-26,0,19
Baseline,0.0,True,2027-02-18,0,22
Baseline,0.0,True,2026-12-10,0,21
Baseline,0.0,True,2027-02-18,0,23
Baseline,0.0,True,2027-04-22,0,31
Baseline,0.0,True,2026-12-10,0,22
Baseline,0.0,True,2027-02-11,0,24
Baseline,0.0,True,2027-03-11,0,24
Baseline,0.0,True,2026-12-08,0,20
Baseline,0.0,True,2027-04-08,0,26
Baseline,0.0,False,,2,35
Baseline,0.0,True,2026-12-10,0,20
Baseline,0.0,True,2027-04-29,0,34
Baseline,0.0,True,2026-12-10,0,23
Baseline,0.0,True,2026-11-14,0,17
Baseline,0.0,True,2026-11-17,0,16
Baseline,0.0,True,2027-03-11,0,24
Baseline,0.0,True,2027-04-15,0,28
Baseline,0.0,True,2027-05-12,0,32
Baseline,0.0,True,2027-04-29,0,33
Baseline,0.0,True,2027-04-08,0,33
Baseline,0.0,True,2027-04-18,0,32
Baseline,0.0,True,2027-02-11,0,24
Baseline,0.0,True,2027-02-25,0,29
Baseline,0.0,True,2027-05-24,0,33
Baseline,0.0,True,2026-12-14,0,22
Baseline,0.0,True,2026-11-26,0,21
Baseline,0.0,True,2026-12-14,0,24
Baseline,0.0,True,2027-04-22,0,36
Baseline,0.0,True,2027-02-08,0,26
Baseline,0.0,True,2027-04-02,0,30
Baseline,0.0,True,2027-03-11,0,25
Baseline,0.0,True,2027-05-12,0,34
Baseline,0.0,True,2027-02-11,0,26
Baseline,0.0,True,2027-04-22,0,31
Baseline,0.0,True,2026-12-03,0,16
Baseline,0.0,True,2027-02-25,0,28
Baseline,0.0,True,2027-03-18,0,29
Baseline,0.0,True,2026-12-14,0,20
Baseline,0.0,True,2026-12-03,0,19
Baseline,0.0,True,2027-02-25,0,28
Baseline,0.0,True,2027-02-08,0,25
Baseline,0.0,True,2026-11-02,0,14
Baseline,0.0,True,2027-02-15,0,26
Baseline,0.0,True,2026-12-01,0,21
Baseline,0.0,True,2027-03-18,0,29
Baseline,0.0,True,2027-04-08,0,23
Baseline,0.0,True,2027-02-18,0,27
Baseline,0.0,True,2027-02-11,0,22
Baseline,0.0,True,2027-05-12,0,38
Baseline,0.0,True,2026-12-14,0,21
Baseline,0.0,False,,1,39
Baseline,0.0,True,2027-02-25,0,26
Baseline,0.0,True,2027-04-02,0,27
Baseline,0.0,True,2027-02-25,0,22
Baseline,0.0,True,2027-04-02,0,28
Baseline,0.0,True,2027-04-18,0,32
Baseline,0.0,True,2027-03-18,0,28
Baseline,0.0,True,2027-04-15,0,29
Baseline,0.0,True,2027-02-18,0,26
Baseline,0.0,True,2027-04-08,0,26
Baseline,0.0,True,2027-04-22,0,33
Baseline,0.0,True,2026-12-08,0,23
Baseline,0.0,True,2027-02-25,0,25
Baseline,0.0,True,2026-12-14,0,22
Baseline,0.0,True,2026-12-03,0,21
Baseline,0.0,True,2026-11-20,0,18
Baseline,0.0,True,2027-04-18,0,30
Baseline,0.0,True,2027-04-15,0,32
Baseline,0.0,True,2027-04-18,0,28
Baseline,0.0,True,2027-03-18,0,26
Baseline,0.0,True,2027-02-18,0,25
Baseline,0.0,True,2026-11-24,0,19
Baseline,0.0,True,2027-05-12,0,32
Baseline,0.0,False,,3,34
Baseline,0.0,True,2027-03-18,0,28
Baseline,0.0,True,2027-05-06,0,34
Baseline,0.0,True,2027-04-08,0,32
Baseline,0.0,True,2027-02-08,0,22
Baseline,0.0,True,2026-11-26,0,19
Baseline,0.0,True,2026-12-14,0,24
Baseline,0.0,True,2027-04-15,0,33
Baseline,0.0,True,2026-12-01,0,19
Baseline,0.0,True,2027-04-15,0,30
Baseline,0.0,True,2027-02-11,0,25
Baseline,0.0,True,2027-02-25,0,24
Baseline,0.0,True,2027-02-15,0,25
Baseline,0.0,True,2026-12-10,0,20
Baseline,0.0,True,2027-02-15,0,23
Baseline,0.0,True,2027-04-18,0,30
Baseline,0.0,True,2026-11-17,0,15
Baseline,0.0,True,2027-02-15,0,24
Baseline,0.0,True,2027-05-06,0,28
Baseline,0.0,True,2027-02-18,0,25
Baseline,0.0,True,2027-04-22,0,28
Baseline,0.0,True,2027-03-18,0,29
Baseline,0.0,True,2027-04-22,0,28
Baseline,0.0,True,2027-04-08,0,31
Baseline,0.0,True,2026-12-03,0,21
Baseline,0.0,True,2027-02-11,0,26
Baseline,0.0,False,,9,32
Baseline,0.0,True,2027-02-18,0,27
Baseline,0.0,True,2027-04-18,0,30
Baseline,0.0,True,2027-03-11,0,26
Baseline,0.0,True,2027-03-18,0,28
Baseline,0.0,True,2027-04-08,0,30
Baseline,0.0,True,2027-03-11,0,28
Baseline,0.0,True,2027-02-11,0,23
Baseline,0.0,True,2027-02-18,0,28
Baseline,0.0,True,2027-03-11,0,22
Baseline,0.0,True,2027-02-18,0,27
Baseline,0.0,True,2027-03-18,0,32
Baseline,0.0,False,,1,35
Baseline,0.0,True,2026-12-14,0,26
Baseline,0.0,True,2027-05-24,0,35
Baseline,0.0,True,2027-02-11,0,25
Baseline,0.0,True,2027-02-25,0,26
Baseline,0.0,True,2027-02-11,0,21
Baseline,0.0,True,2026-12-10,0,23
Baseline,0.0,True,2027-02-11,0,26
Baseline,0.0,True,2027-05-24,0,34
Baseline,0.0,False,,5,30
Baseline,0.0,True,2027-04-29,0,29
Baseline,0.0,True,2027-02-25,0,25
Baseline,0.0,True,2027-04-02,0,28
Baseline,0.0,True,2027-04-29,0,29
Baseline,0.0,True,2027-02-25,0,30
Baseline,0.0,True,2027-05-12,0,38
Baseline,0.0,True,2026-12-08,0,19
Baseline,0.0,True,2027-02-18,0,25
Baseline,0.0,True,2027-02-15,0,25
Baseline,0.0,True,2027-03-11,0,23
Baseline,0.0,True,2027-02-11,0,28
Baseline,0.0,True,2026-11-24,0,18
Baseline,0.0,True,2027-05-12,0,33
Baseline,0.0,True,2026-12-14,0,21
Baseline,0.0,True,2027-04-15,0,30
Baseline,0.0,False,,6,34
Baseline,0.0,True,2027-04-08,0,33
Baseline,0.0,True,2027-05-24,0,39
Baseline,0.0,True,2027-04-15,0,28
Optimistic,0.05,True,2027-04-02,0,28
Optimistic,0.05,True,2027-03-11,0,31
Optimistic,0.05,True,2027-04-18,0,35
Optimistic,0.05,True,2026-11-20,0,19
Optimistic,0.05,True,2026-12-10,0,26
Optimistic,0.05,True,2026-12-14,0,23
Optimistic,0.05,True,2026-12-03,0,23
Optimistic,0.05,True,2027-02-11,0,26
Optimistic,0.05,True,2026-12-14,0,24
Optimistic,0.05,True,2026-12-14,0,25
Optimistic,0.05,True,2027-02-11,0,25
Optimistic,0.05,True,2026-12-14,0,26
Optimistic,0.05,True,2026-12-10,0,21
Optimistic,0.05,True,2027-02-25,0,27
Optimistic,0.05,True,2027-02-15,0,27
Optimistic,0.05,True,2027-02-18,0,25
Optimistic,0.05,True,2027-04-02,0,32
Optimistic,0.05,True,2027-04-15,0,30
Optimistic,0.05,True,2027-03-11,0,29
Optimistic,0.05,True,2027-02-11,0,26
Optimistic,0.05,True,2027-02-25,0,31
Optimistic,0.05,False,,3,40
Optimistic,0.05,True,2027-04-22,0,30
Optimistic,0.05,True,2027-04-29,0,31
Optimistic,0.05,True,2027-05-28,0,36
Optimistic,0.05,True,2026-11-26,0,17
Optimistic,0.05,True,2027-02-11,0,27
Optimistic,0.05,True,2026-12-14,0,22
Optimistic,0.05,True,2027-05-12,0,34
Optimistic,0.05,True,2027-04-15,0,32
Optimistic,0.05,True,2027-04-02,0,33
Optimistic,0.05,True,2027-02-11,0,27
Optimistic,0.05,True,2026-11-26,0,20
Optimistic,0.05,True,2027-04-15,0,32
Optimistic,0.05,True,2027-02-11,0,28
Optimistic,0.05,True,2026-12-14,0,23
Optimistic,0.05,True,2027-02-18,0,26
Optimistic,0.05,True,2026-11-26,0,19
Optimistic,0.05,True,2027-02-18,0,26
Optimistic,0.05,True,2027-04-15,0,31
Optimistic,0.05,True,2027-04-29,0,35
Optimistic,0.05,True,2026-12-08,0,22
Optimistic,0.05,True,2026-12-03,0,22
Optimistic,0.05,True,2027-04-15,0,33
Optimistic,0.05,True,2026-12-10,0,23
Optimistic,0.05,True,2027-02-18,0,28
Optimistic,0.05,True,2027-02-25,0,30
Optimistic,0.05,True,2027-02-11,0,28
Optimistic,0.05,True,2027-02-08,0,23
Optimistic,0.05,True,2027-02-08,0,26
Optimistic,0.05,True,2027-02-18,0,25
Optimistic,0.05,True,2027-04-15,0,34
Optimistic,0.05,True,2026-12-10,0,24
Optimistic,0.05,True,2027-05-24,0,38
Optimistic,0.05,True,2026-12-01,0,19
Optimistic,0.05,True,2026-12-01,0,20
Optimistic,0.05,True,2027-04-15,0,28
Optimistic,0.05,True,2027-02-15,0,26
Optimistic,0.05,True,2027-04-02,0,33
Optimistic,0.05,True,2027-02-15,0,26
Optimistic,0.05,True,2027-03-18,0,29
Optimistic,0.05,True,2026-11-24,0,20
Optimistic,0.05,True,2027-04-18,0,36
Optimistic,0.05,True,2026-12-01,0,21
Optimistic,0.05,True,2027-02-15,0,26
Optimistic,0.05,True,2026-12-08,0,21
Optimistic,0.05,True,2027-03-18,0,27
Optimistic,0.05,True,2027-03-11,0,30
Optimistic,0.05,True,2026-12-14,0,25
Optimistic,0.05,True,2026-12-10,0,22
Optimistic,0.05,True,2026-12-10,0,25
Optimistic,0.05,True,2027-02-15,0,26
Optimistic,0.05,True,2027-02-18,0,27
Optimistic,0.05,True,2027-02-18,0,29
Optimistic,0.05,True,2027-02-18,0,27
Optimistic,0.05,True,2026-12-10,0,22
Optimistic,0.05,True,2027-04-08,0,32
Optimistic,0.05,True,2027-02-18,0,29
Optimistic,0.05,False,,1,33
Optimistic,0.05,True,2026-12-08,0,23
Optimistic,0.05,True,2027-02-25,0,30
Optimistic,0.05,True,2026-12-08,0,22
Optimistic,0.05,True,2026-11-26,0,20
Optimistic,0.05,True,2027-02-18,0,30
Optimistic,0.05,True,2027-04-15,0,31
Optimistic,0.05,True,2026-11-24,0,20
Optimistic,0.05,True,2026-12-08,0,21
Optimistic,0.05,True,2027-02-15,0,27
Optimistic,0.05,True,2027-04-15,0,27
Optimistic,0.05,True,2027-03-18,0,29
Optimistic,0.05,True,2027-03-11,0,30
Optimistic,0.05,True,2027-02-25,0,30
Optimistic,0.05,True,2027-02-25,0,29
Optimistic,0.05,True,2027-04-15,0,32
Optimistic,0.05,True,2027-02-08,0,25
Optimistic,0.05,True,2027-02-15,0,29
Optimistic,0.05,True,2027-02-15,0,28
Optimistic,0.05,True,2027-02-08,0,22
Optimistic,0.05,False,,2,38
Optimistic,0.05,True,2026-11-14,0,15
Optimistic,0.05,True,2026-11-26,0,14
Optimistic,0.05,True,2027-02-18,0,27
Optimistic,0.05,True,2027-04-08,0,31
Optimistic,0.05,True,2027-02-18,0,26
Optimistic,0.05,True,2027-05-20,0,34
Optimistic,0.05,True,2027-02-18,0,26
Optimistic,0.05,True,2027-03-11,0,28
Optimistic,0.05,True,2026-12-03,0,20
Optimistic,0.05,True,2026-12-14,0,24
Optimistic,0.05,True,2026-12-03,0,20
Optimistic,0.05,True,2027-02-25,0,27
Optimistic,0.05,True,2027-02-11,0,21
Optimistic,0.05,True,2026-11-17,0,19
Optimistic,0.05,True,2027-02-25,0,29
Optimistic,0.05,True,2026-12-10,0,25
Optimistic,0.05,True,2027-05-12,0,39
Optimistic,0.05,True,2027-02-18,0,29
Optimistic,0.05,True,2026-12-14,0,25
Optimistic,0.05,True,2027-04-02,0,32
Optimistic,0.05,True,2027-03-18,0,32
Optimistic,0.05,True,2027-04-02,0,31
Optimistic,0.05,True,2027-02-15,0,28
Optimistic,0.05,True,2027-02-11,0,27
Optimistic,0.05,True,2026-12-14,0,27
Optimistic,0.05,True,2026-12-08,0,23
Optimistic,0.05,False,,1,41
Optimistic,0.05,True,2027-04-18,0,33
Optimistic,0.05,True,2026-11-26,0,20
Optimistic,0.05,True,2026-12-08,0,21
Optimistic,0.05,True,2027-04-15,0,29
Optimistic,0.05,True,2026-12-14,0,22
Optimistic,0.05,True,2027-03-18,0,31
Optimistic,0.05,True,2027-04-22,0,31
Optimistic,0.05,True,2027-04-18,0,28
Optimistic,0.05,True,2026-11-26,0,19
Optimistic,0.05,True,2027-03-11,0,29
Optimistic,0.05,True,2027-04-02,0,28
Optimistic,0.05,True,2026-12-10,0,19
Optimistic,0.05,True,2027-04-18,0,32
Optimistic,0.05,True,2027-02-25,0,30
Optimistic,0.05,True,2027-04-18,0,32
Optimistic,0.05,True,2027-03-18,0,25
Optimistic,0.05,True,2027-04-29,0,33
Optimistic,0.05,True,2027-05-28,0,40
Optimistic,0.05,True,2027-04-02,0,28
Optimistic,0.05,True,2027-05-12,0,39
Optimistic,0.05,False,,2,36
Optimistic,0.05,True,2027-02-18,0,25
Optimistic,0.05,True,2027-02-15,0,26
Optimistic,0.05,True,2027-02-15,0,27
Optimistic,0.05,True,2027-02-18,0,26
Optimistic,0.05,True,2027-02-11,0,22
Optimistic,0.05,True,2026-11-05,0,16
Optimistic,0.05,True,2027-02-15,0,25
Optimistic,0.05,True,2027-02-15,0,27
Optimistic,0.05,True,2027-02-15,0,29
Optimistic,0.05,True,2027-02-15,0,26
Optimistic,0.05,True,2027-02-11,0,26
Optimistic,0.05,True,2027-03-18,0,28
Optimistic,0.05,False,,1,37
Optimistic,0.05,True,2027-02-15,0,26
Optimistic,0.05,True,2027-02-11,0,25
Optimistic,0.05,True,2027-04-02,0,29
Optimistic,0.05,True,2027-02-08,0,26
Optimistic,0.05,True,2026-11-20,0,17
Optimistic,0.05,True,2026-12-01,0,22
Optimistic,0.05,True,2026-11-26,0,21
Optimistic,0.05,True,2026-12-10,0,23
Optimistic,0.05,True,2026-12-10,0,23
Optimistic,0.05,True,2027-02-15,0,25
Optimistic,0.05,True,2027-02-08,0,24
Optimistic,0.05,True,2026-12-08,0,23
Optimistic,0.05,True,2026-12-10,0,22
Optimistic,0.05,True,2027-02-18,0,28
Optimistic,0.05,True,2026-12-08,0,22
Optimistic,0.05,True,2026-12-14,0,21
Optimistic,0.05,True,2027-02-25,0,30
Optimistic,0.05,True,2026-12-03,0,16
Optimistic,0.05,True,2027-04-22,0,33
Optimistic,0.05,True,2026-12-08,0,24
Optimistic,0.05,True,2027-02-11,0,27
Optimistic,0.05,True,2026-12-10,0,21
Optimistic,0.05,True,2026-12-08,0,20
Optimistic,0.05,True,2027-02-08,0,26
Optimistic,0.05,True,2027-02-08,0,24
Optimistic,0.05,True,2026-12-10,0,24
Optimistic,0.05,True,2027-04-18,0,33
Optimistic,0.05,True,2026-11-26,0,20
Optimistic,0.05,True,2027-02-25,0,26
Optimistic,0.05,True,2027-03-18,0,31
Optimistic,0.05,True,2027-02-25,0,27
Optimistic,0.05,True,2027-02-08,0,26
Optimistic,0.05,True,2027-02-08,0,24
Optimistic,0.05,False,,4,35
Optimistic,0.05,True,2027-04-18,0,26
Optimistic,0.05,True,2026-12-08,0,24
Optimistic,0.05,True,2027-02-08,0,22
Optimistic,0.05,True,2027-05-20,0,40
Optimistic,0.05,True,2027-04-29,0,37
Optimistic,0.05,True,2027-02-11,0,27
Optimistic,0.05,True,2027-02-25,0,29
Optimistic,0.05,False,,4,39
Optimistic,0.05,True,2027-03-18,0,24
Optimistic,0.05,True,2026-12-08,0,23
Optimistic,0.05,True,2026-11-20,0,15
Optimistic,0.05,True,2027-04-02,0,29
Optimistic,0.05,True,2027-02-11,0,26
Optimistic,0.05,True,2027-02-25,0,27
Optimistic,0.05,True,2027-02-15,0,26
Optimistic,0.05,True,2026-12-03,0,21
Optimistic,0.05,True,2027-02-15,0,25
Optimistic,0.05,True,2027-02-15,0,21
Optimistic,0.05,True,2027-02-11,0,27
Optimistic,0.05,True,2026-12-01,0,21
Optimistic,0.05,False,,5,40
Optimistic,0.05,True,2027-03-18,0,31
Optimistic,0.05,True,2027-04-02,0,31
Optimistic,0.05,True,2027-04-22,0,34
Optimistic,0.05,True,2027-04-08,0,32
Optimistic,0.05,True,2027-03-18,0,26
Optimistic,0.05,True,2026-12-03,0,23
Optimistic,0.05,True,2026-12-14,0,26
Optimistic,0.05,True,2027-02-08,0,25
Optimistic,0.05,True,2027-03-18,0,28
Optimistic,0.05,True,2027-05-06,0,37
Optimistic,0.05,True,2027-04-18,0,30
Optimistic,0.05,True,2027-04-15,0,34
Optimistic,0.05,True,2027-02-11,0,22
Optimistic,0.05,True,2027-05-06,0,35
Optimistic,0.05,True,2027-05-12,0,35
Optimistic,0.05,True,2027-05-12,0,38
Optimistic,0.05,True,2027-02-15,0,23
Optimistic,0.05,True,2027-04-08,0,28
Optimistic,0.05,True,2027-04-08,0,28
Optimistic,0.05,True,2027-04-29,0,30
Optimistic,0.05,True,2026-12-08,0,19
Optimistic,0.05,True,2026-12-14,0,25
Optimistic,0.05,True,2026-11-26,0,19
Optimistic,0.05,True,2027-05-06,0,35
Optimistic,0.05,True,2027-04-02,0,25
Optimistic,0.05,True,2027-04-22,0,32
Optimistic,0.05,True,2027-02-15,0,26
Optimistic,0.05,True,2027-02-18,0,20
Optimistic,0.05,True,2027-02-15,0,27
Optimistic,0.05,True,2027-03-11,0,29
Optimistic,0.05,True,2027-03-18,0,32
Optimistic,0.05,True,2027-04-15,0,34
Optimistic,0.05,True,2027-02-08,0,22
Optimistic,0.05,True,2026-12-03,0,22
Optimistic,0.05,True,2027-02-08,0,25
Optimistic,0.05,True,2026-12-01,0,22
Optimistic,0.05,True,2027-05-06,0,32
Optimistic,0.05,True,2026-12-10,0,21
Optimistic,0.05,True,2027-02-08,0,19
Optimistic,0.05,True,2026-12-08,0,20
Optimistic,0.05,True,2027-05-12,0,38
Optimistic,0.05,True,2026-11-24,0,18
Optimistic,0.05,True,2027-04-02,0,32
Optimistic,0.05,True,2027-04-22,0,31
Optimistic,0.05,True,2027-02-15,0,29
Optimistic,0.05,True,2026-12-03,0,20
Optimistic,0.05,True,2026-12-10,0,25
Optimistic,0.05,True,2027-03-18,0,29
Optimistic,0.05,True,2027-02-25,0,31
Optimistic,0.05,True,2027-04-08,0,32
Optimistic,0.05,True,2027-03-18,0,24
Optimistic,0.05,True,2026-12-01,0,21
Optimistic,0.05,True,2027-03-18,0,31
Optimistic,0.05,True,2026-12-08,0,20
Optimistic,0.05,True,2026-12-03,0,20
Optimistic,0.05,True,2027-04-08,0,32
Optimistic,0.05,True,2027-04-08,0,35
Optimistic,0.05,True,2027-04-18,0,31
Optimistic,0.05,True,2026-11-26,0,20
Optimistic,0.05,True,2027-03-11,0,31
Optimistic,0.05,True,2027-02-25,0,28
Optimistic,0.05,True,2027-02-18,0,22
Optimistic,0.05,True,2026-12-08,0,24
Optimistic,0.05,True,2027-02-15,0,26
Optimistic,0.05,True,2027-05-12,0,33
Optimistic,0.05,True,2027-02-08,0,23
Optimistic,0.05,True,2026-12-10,0,20
Optimistic,0.05,True,2027-03-11,0,30
Optimistic,0.05,True,2027-04-08,0,30
Optimistic,0.05,True,2027-04-08,0,31
Optimistic,0.05,True,2026-12-08,0,22
Optimistic,0.05,True,2027-04-08,0,27
Optimistic,0.05,True,2027-02-11,0,29
Optimistic,0.05,True,2027-02-15,0,23
Optimistic,0.05,True,2026-12-14,0,24
Optimistic,0.05,True,2027-02-15,0,25
Optimistic,0.05,True,2027-02-18,0,27
Optimistic,0.05,True,2027-02-18,0,26
Optimistic,0.05,True,2027-04-29,0,37
Optimistic,0.05,True,2027-05-06,0,36
Optimistic,0.05,True,2027-02-18,0,26
Optimistic,0.05,True,2027-02-18,0,30
Optimistic,0.05,True,2026-12-10,0,23
Optimistic,0.05,True,2027-04-02,0,27
Optimistic,0.05,True,2026-11-26,0,20
Optimistic,0.05,True,2026-11-20,0,18
Optimistic,0.05,True,2026-12-01,0,20
Optimistic,0.05,True,2027-03-18,0,32
Optimistic,0.05,True,2027-04-08,0,33
Optimistic,0.05,True,2026-12-08,0,21
Optimistic,0.05,True,2027-04-22,0,35
Optimistic,0.05,True,2027-02-15,0,25
Optimistic,0.05,True,2027-04-18,0,34
Optimistic,0.05,False,,4,35
Optimistic,0.05,True,2027-02-25,0,25
Optimistic,0.05,True,2027-03-18,0,27
Optimistic,0.05,True,2027-05-06,0,36
Optimistic,0.05,True,2027-04-08,0,32
Optimistic,0.05,True,2026-12-10,0,25
Optimistic,0.05,True,2027-02-18,0,29
Optimistic,0.05,True,2027-05-06,0,38
Optimistic,0.05,True,2027-02-11,0,23
Optimistic,0.05,True,2027-02-11,0,27
Optimistic,0.05,True,2026-12-14,0,21
Optimistic,0.05,True,2027-02-18,0,27
Optimistic,0.05,True,2027-02-18,0,28
Optimistic,0.05,True,2027-02-15,0,26
Optimistic,0.05,True,2027-02-08,0,24
Optimistic,0.05,True,2027-04-08,0,31
Optimistic,0.05,True,2027-03-11,0,28
Optimistic,0.05,True,2026-12-10,0,22
Optimistic,0.05,True,2026-12-01,0,22
Optimistic,0.05,True,2026-11-20,0,17
Optimistic,0.05,True,2027-03-18,0,31
Optimistic,0.05,True,2027-04-08,0,30
Optimistic,0.05,True,2027-04-18,0,33
Optimistic,0.05,True,2027-03-11,0,29
Optimistic,0.05,True,2026-12-10,0,25
Optimistic,0.05,True,2026-12-01,0,20
Optimistic,0.05,True,2027-02-25,0,30
Optimistic,0.05,True,2027-04-18,0,31
Optimistic,0.05,True,2026-12-10,0,17
Optimistic,0.05,True,2026-12-14,0,25
Optimistic,0.05,True,2027-03-11,0,26
Optimistic,0.05,True,2026-11-20,0,17
Optimistic,0.05,False,,5,42
Optimistic,0.05,True,2027-05-28,0,40
Optimistic,0.05,True,2027-03-18,0,26
Optimistic,0.05,True,2027-03-18,0,31
Optimistic,0.05,True,2026-12-14,0,22
Optimistic,0.05,True,2026-12-14,0,23
Optimistic,0.05,True,2027-04-08,0,30
Optimistic,0.05,True,2027-02-15,0,27
Optimistic,0.05,True,2027-02-18,0,28
Optimistic,0.05,True,2027-05-12,0,35
Optimistic,0.05,True,2027-03-11,0,31
Optimistic,0.05,True,2027-02-18,0,26
Optimistic,0.05,False,,1,38
Optimistic,0.05,True,2027-04-18,0,29
Optimistic,0.05,True,2027-02-08,0,21
Optimistic,0.05,True,2026-11-24,0,19
Optimistic,0.05,True,2027-02-18,0,28
Optimistic,0.05,True,2027-04-08,0,33
Optimistic,0.05,True,2027-04-02,0,31
Optimistic,0.05,True,2027-03-18,0,33
Optimistic,0.05,True,2027-05-06,0,32
Optimistic,0.05,True,2027-04-29,0,34
Optimistic,0.05,True,2026-12-10,0,24
Optimistic,0.05,True,2026-12-08,0,20
Optimistic,0.05,True,2027-04-29,0,34
Optimistic,0.05,True,2026-12-08,0,21
Optimistic,0.05,True,2026-12-10,0,23
Optimistic,0.05,True,2027-02-18,0,27
Optimistic,0.05,True,2027-05-12,0,36
Optimistic,0.05,True,2026-12-10,0,26
Optimistic,0.05,True,2027-04-08,0,32
Optimistic,0.05,False,,3,38
Optimistic,0.05,True,2027-02-25,0,28
Optimistic,0.05,True,2027-04-18,0,37
Optimistic,0.05,True,2027-04-29,0,34
Optimistic,0.05,True,2027-04-18,0,35
Optimistic,0.05,True,2027-04-15,0,30
Optimistic,0.05,True,2026-11-20,0,17
Optimistic,0.05,True,2026-11-05,0,17
Optimistic,0.05,True,2026-12-14,0,24
Optimistic,0.05,True,2027-02-25,0,28
Optimistic,0.05,True,2027-04-02,0,31
Optimistic,0.05,True,2026-12-10,0,25
Optimistic,0.05,True,2026-11-24,0,20
Optimistic,0.05,True,2027-04-29,0,36
Optimistic,0.05,True,2026-12-08,0,23
Optimistic,0.05,True,2027-04-18,0,32
Optimistic,0.05,True,2026-12-03,0,21
Optimistic,0.05,True,2027-02-08,0,26
Optimistic,0.05,True,2027-04-15,0,34
Optimistic,0.05,True,2026-12-08,0,24
Optimistic,0.05,True,2027-04-15,0,35
Optimistic,0.05,True,2026-12-14,0,24
Optimistic,0.05,True,2027-04-15,0,34
Optimistic,0.05,True,2027-02-11,0,26
Optimistic,0.05,True,2027-02-18,0,28
Optimistic,0.05,False,,2,42
Optimistic,0.05,True,2027-04-02,0,30
Optimistic,0.05,True,2027-04-02,0,27
Optimistic,0.05,True,2026-12-14,0,23
Optimistic,0.05,True,2027-04-02,0,31
Optimistic,0.05,True,2027-04-02,0,31
Optimistic,0.05,True,2027-03-18,0,30
Optimistic,0.05,True,2026-12-01,0,21
Optimistic,0.05,True,2027-02-25,0,32
Optimistic,0.05,True,2027-02-15,0,27
Optimistic,0.05,True,2026-12-10,0,26
Optimistic,0.05,True,2027-02-25,0,30
Optimistic,0.05,False,,3,33
Optimistic,0.05,True,2027-03-18,0,26
Optimistic,0.05,True,2027-04-02,0,30
Optimistic,0.05,True,2027-04-22,0,29
Optimistic,0.05,True,2026-12-03,0,21
Optimistic,0.05,True,2027-02-11,0,26
Optimistic,0.05,False,,2,42
Optimistic,0.05,True,2027-02-18,0,28
Optimistic,0.05,True,2027-05-06,0,41
Optimistic,0.05,True,2027-02-15,0,25
Optimistic,0.05,True,2026-12-01,0,23
Optimistic,0.05,True,2026-12-10,0,21
Optimistic,0.05,True,2026-11-26,0,16
Optimistic,0.05,True,2026-12-01,0,21
Optimistic,0.05,True,2026-11-20,0,17
Optimistic,0.05,True,2027-04-08,0,33
Optimistic,0.05,True,2026-11-17,0,16
Optimistic,0.05,True,2026-12-14,0,23
Optimistic,0.05,True,2027-05-06,0,35
Optimistic,0.05,True,2026-12-14,0,24
Optimistic,0.05,True,2027-02-25,0,27
Optimistic,0.05,True,2027-02-25,0,29
Optimistic,0.05,True,2027-02-11,0,22
Optimistic,0.05,True,2027-04-02,0,27
Optimistic,0.05,True,2026-12-14,0,25
Optimistic,0.05,True,2026-12-08,0,21
Optimistic,0.05,True,2027-03-11,0,30
Optimistic,0.05,True,2027-04-08,0,31
Optimistic,0.05,True,2026-12-03,0,23
Optimistic,0.05,True,2026-12-01,0,23
Optimistic,0.05,True,2026-12-10,0,20
Optimistic,0.05,True,2027-02-25,0,28
Optimistic,0.05,True,2027-02-11,0,24
Optimistic,0.05,True,2026-11-24,0,19
Optimistic,0.05,True,2027-02-25,0,30
Optimistic,0.05,True,2027-04-15,0,29
Optimistic,0.05,True,2027-02-11,0,25
Optimistic,0.05,True,2027-03-11,0,20
Optimistic,0.05,True,2027-04-15,0,30
Optimistic,0.05,True,2026-11-24,0,18
Optimistic,0.05,True,2027-04-15,0,29
Optimistic,0.05,True,2026-12-14,0,21
Optimistic,0.05,True,2027-04-15,0,33
Optimistic,0.05,True,2027-02-11,0,22
Optimistic,0.05,True,2027-02-08,0,24
Optimistic,0.05,True,2027-04-08,0,33
Optimistic,0.05,True,2026-12-10,0,24
Optimistic,0.05,True,2027-04-08,0,27
Optimistic,0.05,True,2026-12-01,0,17
Optimistic,0.05,True,2026-12-14,0,19
Optimistic,0.05,True,2026-11-14,0,16
Optimistic,0.05,True,2027-04-02,0,27
Optimistic,0.05,True,2027-02-11,0,27
Optimistic,0.05,True,2026-12-14,0,22
Optimistic,0.05,True,2027-02-11,0,22
Optimistic,0.05,True,2027-03-11,0,27
Optimistic,0.05,True,2027-02-18,0,29
Optimistic,0.05,True,2026-12-08,0,24
Optimistic,0.05,True,2027-02-18,0,27
Optimistic,0.05,True,2027-04-08,0,31
Optimistic,0.05,True,2026-12-03,0,23
Optimistic,0.05,True,2027-02-25,0,28
Optimistic,0.05,True,2027-02-25,0,27
Optimistic,0.05,True,2027-02-25,0,29
Optimistic,0.05,True,2026-12-08,0,22
Optimistic,0.05,True,2026-12-14,0,21
Optimistic,0.05,True,2027-04-08,0,27
Optimistic,0.05,True,2026-12-08,0,23
Optimistic,0.05,True,2026-11-26,0,19
Optimistic,0.05,True,2027-04-02,0,30
Optimistic,0.05,True,2027-02-18,0,28
Optimistic,0.05,True,2027-04-02,0,30
Optimistic,0.05,True,2027-04-08,0,34
Optimistic,0.05,True,2026-11-05,0,15
Optimistic,0.05,True,2027-02-18,0,27
Optimistic,0.05,True,2027-03-11,0,27
Optimistic,0.05,True,2026-12-14,0,23
Optimistic,0.05,True,2027-02-18,0,27
Optimistic,0.05,True,2027-02-11,0,25
Optimistic,0.05,True,2027-02-15,0,29
Optimistic,0.05,True,2027-04-15,0,35
Optimistic,0.05,True,2027-04-15,0,32
Optimistic,0.05,True,2027-02-18,0,25
Optimistic,0.05,True,2027-03-18,0,32
Optimistic,0.05,True,2026-12-01,0,21
Optimistic,0.05,True,2027-04-08,0,30
Optimistic,0.05,True,2026-11-26,0,20
Optimistic,0.05,True,2026-12-01,0,22
Optimistic,0.05,True,2027-02-11,0,24
Optimistic,0.05,True,2026-12-14,0,25
Optimistic,0.05,True,2026-12-08,0,21
Optimistic,0.05,True,2027-04-08,0,32
Optimistic,0.05,False,,1,39
Optimistic,0.05,True,2027-02-25,0,31
Optimistic,0.05,True,2026-12-08,0,23
Optimistic,0.05,True,2027-03-11,0,33
Optimistic,0.05,False,,2,36
Optimistic,0.05,True,2027-04-02,0,31
Optimistic,0.05,True,2027-04-18,0,32
Optimistic,0.05,True,2026-12-08,0,22
Optimistic,0.05,True,2027-03-18,0,26
Optimistic,0.05,True,2026-12-03,0,21
Optimistic,0.05,True,2027-02-11,0,23
Optimistic,0.05,True,2027-02-25,0,22
Optimistic,0.05,True,2027-02-08,0,20
Optimistic,0.05,False,,3,39
Optimistic,0.05,True,2027-03-18,0,27
Optimistic,0.05,True,2026-12-14,0,25
Optimistic,0.05,True,2027-02-08,0,25
Optimistic,0.05,True,2027-04-08,0,32
Optimistic,0.05,True,2026-12-01,0,22
Optimistic,0.05,True,2026-11-24,0,18
Optimistic,0.05,True,2027-04-22,0,35
Optimistic,0.05,True,2026-12-08,0,21
Optimistic,0.05,True,2027-03-11,0,28
Optimistic,0.05,True,2027-04-08,0,32
Optimistic,0.05,True,2027-03-11,0,23
Optimistic,0.05,True,2027-05-06,0,34
Optimistic,0.05,True,2027-04-08,0,34
Optimistic,0.05,True,2027-05-20,0,36
Optimistic,0.05,True,2027-04-02,0,29
Optimistic,0.05,True,2026-12-03,0,23
Optimistic,0.05,True,2027-03-11,0,30
Optimistic,0.05,True,2027-04-29,0,31
Optimistic,0.05,True,2027-04-22,0,37
Optimistic,0.05,True,2026-12-10,0,24
Optimistic,0.05,True,2027-04-08,0,27
Optimistic,0.05,True,2026-12-14,0,21
Optimistic,0.05,True,2027-04-22,0,29
Optimistic,0.05,True,2027-03-18,0,27
Optimistic,0.05,True,2027-02-15,0,24
Optimistic,0.05,True,2026-12-03,0,22
Optimistic,0.05,True,2027-02-11,0,24
Optimistic,0.05,True,2027-04-08,0,33
Optimistic,0.05,True,2027-04-15,0,29
Optimistic,0.05,False,,1,36
Optimistic,0.05,True,2027-05-12,0,37
Optimistic,0.05,True,2026-11-26,0,18
Optimistic,0.05,True,2026-12-01,0,20
Optimistic,0.05,False,,2,33
Optimistic,0.05,True,2027-04-08,0,31
Optimistic,0.05,True,2027-04-29,0,35
Optimistic,0.05,True,2027-02-25,0,28
Optimistic,0.05,True,2027-05-28,0,38
Optimistic,0.05,True,2026-12-14,0,23
Optimistic,0.05,True,2026-11-26,0,21
Optimistic,0.05,True,2027-02-11,0,25
Optimistic,0.05,True,2027-03-18,0,26
Optimistic,0.05,True,2027-05-28,0,38
Optimistic,0.05,True,2026-12-14,0,22
Optimistic,0.05,True,2027-04-08,0,32
Optimistic,0.05,True,2027-02-08,0,23
Optimistic,0.05,True,2027-04-02,0,33
Optimistic,0.05,True,2026-11-20,0,19
Optimistic,0.05,True,2027-02-15,0,27
Optimistic,0.05,True,2026-12-14,0,23
Optimistic,0.05,True,2027-04-08,0,33
Optimistic,0.05,True,2027-04-02,0,32
Optimistic,0.05,True,2027-04-02,0,29
Optimistic,0.05,True,2027-03-18,0,31
Optimistic,0.05,True,2027-04-18,0,29
Optimistic,0.05,True,2027-03-11,0,27
Optimistic,0.05,True,2027-02-15,0,26
Optimistic,0.05,True,2027-03-11,0,30
Optimistic,0.05,False,,3,38
Optimistic,0.05,True,2027-02-15,0,25
Optimistic,0.05,True,2026-12-01,0,23
Optimistic,0.05,True,2027-04-15,0,35
Optimistic,0.05,True,2026-11-14,0,16
Optimistic,0.05,True,2027-04-15,0,34
Optimistic,0.05,True,2026-11-24,0,19
Optimistic,0.05,True,2027-02-25,0,28
Optimistic,0.05,True,2026-12-10,0,25
Optimistic,0.05,True,2027-02-11,0,23
Optimistic,0.05,True,2026-12-10,0,23
Optimistic,0.05,True,2027-04-08,0,31
Optimistic,0.05,True,2027-04-29,0,34
Optimistic,0.05,True,2027-05-20,0,33
Optimistic,0.05,True,2027-04-15,0,31
Optimistic,0.05,True,2026-11-20,0,16
Optimistic,0.05,True,2027-02-18,0,28
Optimistic,0.05,True,2027-02-11,0,24
Optimistic,0.05,True,2027-04-18,0,34
Optimistic,0.05,True,2026-12-10,0,24
Optimistic,0.05,True,2027-03-11,0,29
Optimistic,0.05,True,2027-05-28,0,42
Optimistic,0.05,True,2027-04-08,0,30
Optimistic,0.05,True,2026-12-14,0,24
Optimistic,0.05,True,2026-11-14,0,14
Optimistic,0.05,True,2026-12-14,0,27
Optimistic,0.05,True,2027-04-02,0,31
Optimistic,0.05,True,2027-03-18,0,26
Optimistic,0.05,True,2027-04-22,0,35
Optimistic,0.05,True,2027-03-18,0,30
Optimistic,0.05,True,2026-11-24,0,17
Optimistic,0.05,True,2026-12-10,0,25
Optimistic,0.05,False,,3,39
Optimistic,0.05,True,2027-05-12,0,37
Optimistic,0.05,True,2027-04-08,0,34
Optimistic,0.05,True,2027-04-29,0,34
Optimistic,0.05,True,2027-04-22,0,37
Optimistic,0.05,True,2027-02-15,0,25
Optimistic,0.05,True,2027-02-15,0,27
Optimistic,0.05,True,2026-12-08,0,23
Optimistic,0.05,True,2027-03-18,0,27
Optimistic,0.05,True,2027-05-24,0,36
Optimistic,0.05,True,2027-04-18,0,32
Optimistic,0.05,True,2026-12-14,0,24
Optimistic,0.05,True,2027-02-25,0,28
Optimistic,0.05,True,2026-11-17,0,16
Optimistic,0.05,True,2026-11-20,0,18
Optimistic,0.05,True,2026-11-24,0,20
Optimistic,0.05,True,2027-02-18,0,29
Optimistic,0.05,True,2027-02-11,0,25
Optimistic,0.05,True,2027-04-02,0,29
Optimistic,0.05,True,2027-04-15,0,32
Optimistic,0.05,True,2027-04-29,0,34
Optimistic,0.05,True,2027-02-18,0,28
Optimistic,0.05,True,2027-04-18,0,35
Optimistic,0.05,True,2026-11-17,0,18
Optimistic,0.05,True,2027-02-18,0,30
Optimistic,0.05,True,2026-11-24,0,18
Optimistic,0.05,True,2027-02-08,0,26
Optimistic,0.05,True,2027-02-18,0,25
Optimistic,0.05,True,2026-12-10,0,20
Optimistic,0.05,True,2027-04-15,0,31
Optimistic,0.05,True,2027-02-11,0,26
Optimistic,0.05,True,2027-02-08,0,24
Optimistic,0.05,True,2027-02-18,0,27
Optimistic,0.05,True,2026-11-24,0,21
Optimistic,0.05,True,2026-11-24,0,17
Optimistic,0.05,True,2026-11-26,0,18
Optimistic,0.05,True,2027-04-15,0,33
Optimistic,0.05,True,2027-04-08,0,31
Optimistic,0.05,True,2027-05-24,0,41
Optimistic,0.05,True,2026-12-14,0,25
Optimistic,0.05,True,2026-12-10,0,26
Optimistic,0.05,True,2026-12-08,0,18
Optimistic,0.05,True,2027-02-18,0,25
Optimistic,0.05,True,2027-03-18,0,28
Optimistic,0.05,True,2027-02-11,0,25
Optimistic,0.05,True,2027-02-08,0,23
Optimistic,0.05,True,2027-02-15,0,26
Optimistic,0.05,True,2027-03-18,0,29
Optimistic,0.05,True,2027-04-18,0,35
Optimistic,0.05,True,2027-04-22,0,33
Optimistic,0.05,True,2027-05-20,0,36
Optimistic,0.05,True,2027-04-22,0,33
Optimistic,0.05,True,2027-02-11,0,26
Optimistic,0.05,True,2026-12-03,0,23
Optimistic,0.05,True,2027-02-15,0,26
Optimistic,0.05,True,2027-04-02,0,31
Optimistic,0.05,True,2026-11-26,0,19
Optimistic,0.05,True,2027-03-11,0,29
Optimistic,0.05,True,2027-04-18,0,32
Optimistic,0.05,True,2026-12-08,0,21
Optimistic,0.05,True,2026-11-26,0,19
Optimistic,0.05,True,2027-02-15,0,28
Optimistic,0.05,True,2027-05-28,0,39
Optimistic,0.05,True,2027-02-25,0,28
Optimistic,0.05,True,2027-02-18,0,27
Optimistic,0.05,True,2027-03-11,0,29
Optimistic,0.05,True,2027-03-11,0,29
Optimistic,0.05,True,2026-12-01,0,21
Optimistic,0.05,True,2027-04-15,0,31
Optimistic,0.05,True,2026-11-17,0,18
Optimistic,0.05,True,2027-02-18,0,29
Optimistic,0.05,True,2026-11-17,0,18
Optimistic,0.05,True,2027-05-12,0,37
Optimistic,0.05,True,2027-02-15,0,26
Optimistic,0.05,True,2027-04-15,0,30
Optimistic,0.05,True,2027-02-08,0,23
Optimistic,0.05,True,2026-12-08,0,23
Optimistic,0.05,True,2026-12-10,0,20
Optimistic,0.05,True,2027-02-11,0,26
Optimistic,0.05,True,2027-04-22,0,34
Optimistic,0.05,True,2027-03-11,0,31
Optimistic,0.05,True,2027-02-11,0,24
Optimistic,0.05,True,2027-02-18,0,24
Optimistic,0.05,True,2026-12-14,0,24
Optimistic,0.05,True,2027-04-02,0,31
Optimistic,0.05,True,2027-05-06,0,36
Optimistic,0.05,True,2027-02-11,0,26
Optimistic,0.05,True,2027-03-18,0,30
Optimistic,0.05,True,2026-12-01,0,22
Optimistic,0.05,True,2026-12-14,0,21
Optimistic,0.05,True,2027-02-15,0,28
Optimistic,0.05,True,2026-11-24,0,18
Optimistic,0.05,True,2027-05-06,0,35
Optimistic,0.05,True,2027-02-25,0,29
Optimistic,0.05,False,,2,38
Optimistic,0.05,True,2027-03-18,0,32
Optimistic,0.05,False,,2,39
Optimistic,0.05,True,2027-02-15,0,26
Optimistic,0.05,True,2027-02-25,0,29
Optimistic,0.05,True,2026-12-14,0,25
Optimistic,0.05,True,2027-02-11,0,23
Optimistic,0.05,True,2027-03-11,0,28
Optimistic,0.05,True,2027-04-18,0,34
Optimistic,0.05,True,2026-12-08,0,25
Optimistic,0.05,True,2027-04-08,0,32
Optimistic,0.05,True,2026-11-26,0,21
Optimistic,0.05,True,2026-12-10,0,20
Optimistic,0.05,True,2027-02-11,0,24
Optimistic,0.05,False,,1,33
Optimistic,0.05,True,2026-12-10,0,22
Optimistic,0.05,True,2027-02-18,0,28
Optimistic,0.05,True,2027-02-18,0,28
Optimistic,0.05,True,2027-02-25,0,26
Optimistic,0.05,True,2027-02-11,0,26
Optimistic,0.05,True,2027-02-25,0,27
Optimistic,0.05,True,2026-12-08,0,20
Optimistic,0.05,True,2027-02-18,0,26
Optimistic,0.05,True,2026-12-01,0,21
Optimistic,0.05,True,2026-12-14,0,25
Optimistic,0.05,True,2026-12-14,0,25
Optimistic,0.05,True,2027-02-18,0,25
Optimistic,0.05,True,2027-03-11,0,27
Optimistic,0.05,True,2027-03-11,0,27
Optimistic,0.05,True,2026-12-03,0,20
Optimistic,0.05,True,2027-03-18,0,28
Optimistic,0.05,True,2027-02-11,0,25
Optimistic,0.05,True,2026-12-10,0,24
Optimistic,0.05,True,2027-04-22,0,33
Optimistic,0.05,True,2026-11-24,0,20
Optimistic,0.05,True,2027-02-08,0,22
Optimistic,0.05,True,2026-12-10,0,23
Optimistic,0.05,True,2027-05-06,0,31
Optimistic,0.05,True,2027-05-12,0,37
Optimistic,0.05,True,2027-03-18,0,33
Optimistic,0.05,True,2027-05-06,0,40
Optimistic,0.05,True,2026-12-10,0,24
Optimistic,0.05,True,2027-05-24,0,39
Optimistic,0.05,True,2027-04-15,0,29
Optimistic,0.05,True,2027-03-18,0,28
Optimistic,0.05,True,2027-04-22,0,30
Optimistic,0.05,True,2027-04-02,0,31
Optimistic,0.05,True,2027-04-02,0,26
Optimistic,0.05,False,,4,40
Optimistic,0.05,True,2027-02-11,0,21
Optimistic,0.05,True,2026-12-01,0,21
Optimistic,0.05,True,2027-03-18,0,31
Optimistic,0.05,True,2027-03-18,0,32
Optimistic,0.05,True,2027-04-08,0,31
Optimistic,0.05,True,2027-02-25,0,28
Optimistic,0.05,True,2027-02-11,0,27
Optimistic,0.05,True,2027-04-18,0,29
Optimistic,0.05,True,2026-12-03,0,21
Optimistic,0.05,True,2027-04-08,0,25
Optimistic,0.05,False,,1,38
Optimistic,0.05,True,2027-04-02,0,33
Optimistic,0.05,True,2026-11-20,0,18
Optimistic,0.05,True,2027-02-15,0,26
Optimistic,0.05,False,,2,40
Optimistic,0.05,True,2027-05-24,0,42
Optimistic,0.05,True,2026-11-20,0,18
Optimistic,0.05,True,2027-04-22,0,33
Optimistic,0.05,True,2027-04-18,0,32
Optimistic,0.05,True,2027-03-11,0,29
Optimistic,0.05,True,2026-11-17,0,19
Optimistic,0.05,True,2026-11-20,0,19
Optimistic,0.05,True,2027-04-15,0,27
Optimistic,0.05,True,2027-05-12,0,37
Optimistic,0.05,True,2027-05-06,0,32
Optimistic,0.05,True,2027-02-25,0,26
Optimistic,0.05,True,2027-03-11,0,26
Optimistic,0.05,True,2027-02-18,0,22
Optimistic,0.05,True,2027-02-08,0,25
Optimistic,0.05,True,2026-12-01,0,22
Optimistic,0.05,True,2027-02-08,0,28
Optimistic,0.05,True,2027-05-24,0,34
Optimistic,0.05,True,2026-12-14,0,26
Optimistic,0.05,True,2027-02-18,0,28
Optimistic,0.05,True,2026-12-14,0,24
Optimistic,0.05,True,2027-03-11,0,28
Optimistic,0.05,True,2027-02-11,0,27
Optimistic,0.05,True,2027-02-18,0,23
Optimistic,0.05,True,2026-11-05,0,17
Optimistic,0.05,False,,3,37
Optimistic,0.05,True,2027-03-18,0,26
Optimistic,0.05,True,2026-12-03,0,22
Optimistic,0.05,True,2027-02-15,0,28
Optimistic,0.05,True,2026-10-29,0,15
Optimistic,0.05,True,2027-03-18,0,31
Optimistic,0.05,True,2027-05-06,0,35
Optimistic,0.05,True,2027-02-25,0,28
Optimistic,0.05,True,2026-11-14,0,16
Optimistic,0.05,True,2027-04-02,0,29
Optimistic,0.05,True,2027-04-15,0,32
Optimistic,0.05,True,2027-04-15,0,33
Optimistic,0.05,True,2027-04-08,0,31
Optimistic,0.05,True,2026-12-08,0,21
Optimistic,0.05,True,2027-03-11,0,29
Optimistic,0.05,True,2027-02-08,0,25
Optimistic,0.05,True,2027-03-11,0,28
Optimistic,0.05,True,2026-11-26,0,21
Optimistic,0.05,True,2027-02-25,0,30
Optimistic,0.05,True,2026-11-26,0,19
Optimistic,0.05,True,2027-02-25,0,28
Optimistic,0.05,True,2026-12-10,0,21
Optimistic,0.05,True,2026-12-01,0,17
Optimistic,0.05,True,2027-02-11,0,28
Optimistic,0.05,True,2027-02-11,0,26
Optimistic,0.05,True,2027-02-18,0,26
Optimistic,0.05,True,2027-02-25,0,29
Optimistic,0.05,True,2027-04-18,0,34
Optimistic,0.05,True,2027-02-08,0,26
Optimistic,0.05,True,2027-03-18,0,31
Optimistic,0.05,True,2027-02-15,0,27
Optimistic,0.05,True,2027-04-18,0,36
Optimistic,0.05,True,2027-04-29,0,34
Optimistic,0.05,True,2026-12-14,0,23
Optimistic,0.05,True,2027-02-11,0,24
Optimistic,0.05,True,2027-03-11,0,26
Optimistic,0.05,True,2026-12-10,0,23
Optimistic,0.05,True,2027-04-02,0,30
Optimistic,0.05,True,2027-04-18,0,28
Optimistic,0.05,True,2026-12-01,0,22
Optimistic,0.05,True,2027-04-22,0,35
Optimistic,0.05,True,2026-11-17,0,16
Optimistic,0.05,True,2027-04-02,0,29
Optimistic,0.05,False,,2,33
Optimistic,0.05,True,2027-02-18,0,27
Optimistic,0.05,True,2026-11-20,0,17
Optimistic,0.05,True,2027-04-02,0,28
Optimistic,0.05,True,2027-03-11,0,29
Optimistic,0.05,True,2027-02-25,0,23
Optimistic,0.05,True,2027-02-25,0,29
Optimistic,0.05,True,2027-02-11,0,25
Optimistic,0.05,False,,1,38
Optimistic,0.05,True,2027-02-11,0,25
Optimistic,0.05,True,2027-04-15,0,28
Optimistic,0.05,True,2027-02-15,0,23
Optimistic,0.05,True,2027-05-28,0,37
Optimistic,0.05,True,2027-03-11,0,32
Optimistic,0.05,False,,1,34
Optimistic,0.05,True,2027-03-11,0,30
Optimistic,0.05,True,2027-02-08,0,25
Optimistic,0.05,True,2026-12-14,0,23
Optimistic,0.05,True,2027-02-11,0,23
Optimistic,0.05,True,2026-12-14,0,25
Optimistic,0.05,True,2027-03-18,0,30
Optimistic,0.05,True,2027-03-11,0,28
Optimistic,0.05,True,2027-02-15,0,24
Optimistic,0.05,True,2026-12-14,0,23
Optimistic,0.05,True,2027-04-08,0,35
Optimistic,0.05,True,2027-03-18,0,28
Optimistic,0.05,True,2026-12-10,0,23
Optimistic,0.05,True,2027-02-25,0,27
Optimistic,0.05,True,2027-04-22,0,34
Optimistic,0.05,True,2027-02-25,0,24
Optimistic,0.05,True,2026-11-26,0,19
Optimistic,0.05,True,2027-02-18,0,22
Optimistic,0.05,True,2027-02-25,0,27
Optimistic,0.05,True,2027-04-08,0,30
Optimistic,0.05,True,2027-03-18,0,32
Optimistic,0.05,True,2027-04-02,0,32
Optimistic,0.05,True,2027-02-08,0,25
Optimistic,0.05,True,2027-02-25,0,25
Optimistic,0.05,True,2026-11-26,0,19
Optimistic,0.05,True,2027-02-18,0,25
Optimistic,0.05,True,2027-05-20,0,35
Optimistic,0.05,True,2026-11-20,0,18
Optimistic,0.05,True,2027-04-29,0,34
Optimistic,0.05,True,2026-12-10,0,23
Optimistic,0.05,True,2026-11-14,0,17
Optimistic,0.05,True,2026-11-02,0,15
Optimistic,0.05,True,2026-12-10,0,20
Optimistic,0.05,True,2027-02-25,0,25
Optimistic,0.05,True,2026-12-03,0,21
Optimistic,0.05,True,2027-04-29,0,33
Optimistic,0.05,True,2027-04-08,0,33
Optimistic,0.05,True,2027-04-18,0,32
Optimistic,0.05,True,2026-12-01,0,21
Optimistic,0.05,True,2027-03-11,0,31
Optimistic,0.05,True,2026-12-14,0,24
Optimistic,0.05,True,2026-12-08,0,23
Optimistic,0.05,True,2026-12-03,0,23
Optimistic,0.05,True,2027-02-18,0,27
Optimistic,0.05,True,2027-04-22,0,36
Optimistic,0.05,True,2027-02-08,0,26
Optimistic,0.05,True,2027-02-08,0,25
Optimistic,0.05,True,2027-04-15,0,32
Optimistic,0.05,True,2027-03-18,0,32
Optimistic,0.05,True,2027-02-11,0,27
Optimistic,0.05,True,2027-04-02,0,28
Optimistic,0.05,True,2026-11-20,0,15
Optimistic,0.05,True,2027-02-25,0,28
Optimistic,0.05,True,2026-12-08,0,23
Optimistic,0.05,True,2026-12-03,0,20
Optimistic,0.05,True,2026-12-01,0,21
Optimistic,0.05,True,2027-02-25,0,29
Optimistic,0.05,True,2027-02-08,0,25
Optimistic,0.05,True,2026-11-02,0,14
Optimistic,0.05,True,2026-12-08,0,24
Optimistic,0.05,True,2026-12-01,0,21
Optimistic,0.05,True,2027-03-11,0,30
Optimistic,0.05,True,2026-11-24,0,18
Optimistic,0.05,True,2027-04-18,0,33
Optimistic,0.05,True,2026-11-26,0,17
Optimistic,0.05,True,2027-04-02,0,33
Optimistic,0.05,True,2026-12-10,0,21
Optimistic,0.05,False,,2,40
Optimistic,0.05,True,2027-02-08,0,27
Optimistic,0.05,True,2027-05-28,0,36
Optimistic,0.05,True,2026-12-14,0,21
Optimistic,0.05,True,2027-03-18,0,28
Optimistic,0.05,True,2027-02-08,0,24
Optimistic,0.05,True,2027-03-18,0,28
Optimistic,0.05,True,2027-03-18,0,27
Optimistic,0.05,True,2027-02-18,0,26
Optimistic,0.05,True,2027-03-11,0,28
Optimistic,0.05,True,2027-04-08,0,33
Optimistic,0.05,True,2026-12-08,0,23
Optimistic,0.05,True,2027-02-25,0,25
Optimistic,0.05,True,2026-11-26,0,18
Optimistic,0.05,True,2026-12-10,0,24
Optimistic,0.05,True,2026-11-20,0,18
Optimistic,0.05,True,2027-02-08,0,26
Optimistic,0.05,True,2027-04-18,0,32
Optimistic,0.05,True,2027-02-11,0,25
Optimistic,0.05,True,2027-03-11,0,27
Optimistic,0.05,True,2027-02-11,0,26
Optimistic,0.05,True,2026-11-24,0,19
Optimistic,0.05,True,2027-02-11,0,22
Optimistic,0.05,True,2027-04-22,0,34
Optimistic,0.05,True,2027-02-11,0,26
Optimistic,0.05,True,2027-05-06,0,36
Optimistic,0.05,True,2027-04-18,0,34
Optimistic,0.05,True,2026-12-14,0,24
Optimistic,0.05,True,2026-11-26,0,19
Optimistic,0.05,True,2026-12-03,0,23
Optimistic,0.05,True,2027-04-15,0,33
Optimistic,0.05,True,2026-11-17,0,17
Optimistic,0.05,True,2027-04-22,0,35
Optimistic,0.05,True,2027-02-08,0,26
Optimistic,0.05,True,2027-02-11,0,26
Optimistic,0.05,True,2027-02-15,0,25
Optimistic,0.05,True,2026-12-01,0,20
Optimistic,0.05,True,2027-02-25,0,25
Optimistic,0.05,True,2027-02-15,0,26
Optimistic,0.05,True,2026-12-03,0,20
Optimistic,0.05,True,2027-02-25,0,27
Optimistic,0.05,True,2027-04-08,0,28
Optimistic,0.05,True,2027-02-25,0,28
Optimistic,0.05,True,2027-04-15,0,30
Optimistic,0.05,True,2027-03-18,0,29
Optimistic,0.05,True,2027-04-29,0,30
Optimistic,0.05,True,2027-04-15,0,33
Optimistic,0.05,True,2026-12-08,0,23
Optimistic,0.05,True,2027-02-11,0,26
Optimistic,0.05,False,,1,40
Optimistic,0.05,True,2027-02-15,0,29
Optimistic,0.05,True,2027-03-18,0,30
Optimistic,0.05,True,2027-02-18,0,27
Optimistic,0.05,True,2027-03-11,0,29
Optimistic,0.05,True,2027-04-02,0,30
Optimistic,0.05,True,2027-02-18,0,28
Optimistic,0.05,True,2026-12-08,0,22
Optimistic,0.05,True,2027-03-18,0,31
Optimistic,0.05,True,2027-03-11,0,23
Optimistic,0.05,True,2027-02-18,0,27
Optimistic,0.05,True,2026-12-10,0,26
Optimistic,0.05,False,,1,40
Optimistic,0.05,True,2026-12-14,0,26
Optimistic,0.05,True,2027-04-22,0,37
Optimistic,0.05,True,2027-03-18,0,30
Optimistic,0.05,True,2027-02-25,0,27
Optimistic,0.05,True,2026-11-20,0,18
Optimistic,0.05,True,2026-12-10,0,23
Optimistic,0.05,True,2027-02-08,0,26
Optimistic,0.05,True,2026-11-26,0,21
Optimistic,0.05,True,2027-05-12,0,31
Optimistic,0.05,True,2027-04-15,0,31
Optimistic,0.05,True,2027-04-02,0,29
Optimistic,0.05,True,2027-03-18,0,29
Optimistic,0.05,True,2026-12-03,0,21
Optimistic,0.05,True,2027-02-25,0,30
Optimistic,0.05,True,2027-04-18,0,35
Optimistic,0.05,True,2026-11-26,0,18
Optimistic,0.05,True,2026-11-26,0,20
Optimistic,0.05,True,2026-12-14,0,24
Optimistic,0.05,True,2026-12-08,0,23
Optimistic,0.05,True,2027-02-11,0,28
Optimistic,0.05,True,2026-11-24,0,18
Optimistic,0.05,True,2027-05-12,0,33
Optimistic,0.05,True,2026-11-24,0,19
Optimistic,0.05,True,2027-05-12,0,36
Optimistic,0.05,True,2027-05-06,0,34
Optimistic,0.05,True,2027-04-08,0,33
Optimistic,0.05,True,2027-05-24,0,39
Optimistic,0.05,True,2027-02-18,0,24
